1777470376,722749386,map,
1777470376,822848945,map,
1777470376,922730897,map,
1777470377,22717463,map,
1777470377,122690829,map,
1777470377,222676041,map,
1777470377,322756538,map,
1777470377,422733204,map,
1777470377,522767043,map,
1777470377,622861026,map,
1777470377,722470399,map,
1777470377,822639406,map,
1777470377,922594352,map,
1777470378,22801033,map,
1777470378,122706529,map,
1777470378,222877114,map,
1777470378,322720957,map,
1777470378,422690105,map,
1777470378,522695134,map,
1777470378,623858345,map,
1777470378,722585982,map,
1777470378,822649211,map,
1777470378,922789570,map,
1777470379,22756818,map,
1777470379,122805246,map,
1777470379,222677757,map,
1777470379,322881839,map,
1777470379,422878551,map,
1777470379,522714389,map,
1777470379,624020976,map,
1777470379,722487174,map,
1777470379,822681253,map,
1777470379,922441382,map,
1777470380,22813539,map,
1777470380,122604266,map,
1777470380,222629528,map,
1777470380,322746137,map,
1777470380,422717924,map,
1777470380,522745176,map,
1777470380,622929072,map,
1777470380,722778270,map,
1777470380,822814207,map,
1777470380,922617238,map,
1777470381,22778171,map,
1777470381,122750089,map,
1777470381,222718781,map,
1777470381,322567213,map,
1777470381,422751421,map,
1777470381,522781846,map,
1777470381,623727243,map,
1777470381,722833371,map,
1777470381,822555467,map,
1777470381,922687626,map,
1777470382,22790982,map,
1777470382,122824658,map,
1777470382,222641918,map,
1777470382,322799171,map,
1777470382,422768721,map,
1777470382,522921335,map,
1777470382,623276746,map,
1777470382,722674122,map,
1777470382,822665023,map,
1777470382,922730877,map,
1777470383,22704521,map,
1777470383,122436912,map,
1777470383,222453737,map,
1777470383,322946695,map,
1777470383,422545291,map,
1777470383,522607595,map,
1777470383,623222229,map,
1777470383,722558429,map,
1777470383,822563286,map,
1777470383,922459094,map,
1777470384,22924107,map,
1777470384,122676229,map,
1777470384,222903092,map,
1777470384,322661728,map,
1777470384,422747832,map,
1777470384,522788286,map,
1777470384,623177616,map,
1777470384,722615866,map,
1777470384,822496183,map,
1777470384,922485152,map,
1777470385,22795119,map,
1777470385,122570185,map,
1777470385,222708590,map,
1777470385,322724104,map,
1777470385,422830128,map,
1777470385,522662866,map,
1777470385,623157497,map,
1777470385,722611666,map,
1777470385,822656425,map,
1777470385,922739238,map,
1777470386,22598740,map,
1777470386,122863540,map,
1777470386,222497228,map,
1777470386,322765149,map,
1777470386,422768248,map,
1777470386,522514390,map,
1777470386,623531258,map,
1777470386,722702015,map,
1777470386,822859718,map,
1777470386,922746406,map,
1777470387,22776545,map,
1777470387,122818193,map,
1777470387,222657725,map,
1777470387,322774450,map,
1777470387,422830183,map,
1777470387,522545974,map,
1777470387,623223414,map,
1777470387,722313578,map,
1777470387,825074787,map,2.79235893557273,1.5119296356087086,0.0,0,0,0.8762407302856445,2.8686779676755467,-1.478794940725523,0.0,1,1,0.8728929162025452
1777470387,922285257,map,2.793925339404557,1.5084901607346177,0.0,0,0,0.9202307462692261,2.868391726920461,-1.4814132181802482,0.0,1,1,0.9179458022117615
1777470388,22600614,map,2.7953406286329328,1.5057531144100225,0.0,0,0,0.9316892027854919,2.8678382906352184,-1.4838326924104708,0.0,1,1,0.9297075271606445,7.876708832560625,1.6173854646679107,0.0,0,3,0.7001075744628906
1777470388,122643766,map,2.7981613582117624,1.5000063748354462,0.0,0,0,0.9460337162017822,2.8672003554889782,-1.4890447981952935,0.0,1,1,0.9444330334663391,7.797088384849346,5.41730673952721,0.0,0,2,0.6907690167427063,7.895003037322843,1.6111855694050092,0.0,0,3,0.7539249658584595
1777470388,222374127,map,2.799802488426747,1.4943609237188105,0.0,0,0,0.954462468624115,2.8675733473220837,-1.493477687124983,0.0,1,1,0.9530620574951172,7.7936347809377216,5.42085600021891,0.0,0,2,0.7342930436134338,7.914747657604945,1.6102249505123858,0.0,0,3,0.7902767658233643
1777470388,322347925,map,2.8002162079053345,1.492626103624873,0.0,0,0,0.957423985004425,2.868408019542927,-1.4947625243509768,0.0,1,1,0.9560970664024353,7.796685983060363,5.424238163888991,0.0,0,2,0.7513301372528076,7.921659284705631,1.6084306567262046,0.0,0,3,0.8044503927230835
1777470388,422613957,map,2.7990807545083105,1.496146835604422,0.0,0,0,0.9617608189582825,2.8731290874358355,-1.4909180740134227,0.0,1,1,0.9605849385261536,7.799805158931339,5.435207641896983,0.0,0,2,0.7790812849998474,7.944022459362238,1.6138036233393864,0.0,0,3,0.8267837762832642
1777470388,525386087,map,2.7939836526504673,1.5042373830211968,0.0,0,0,0.964751124382019,2.8784997796610616,-1.482958789207481,0.0,1,1,0.96368408203125,7.79466324538221,5.437469237888501,0.0,0,2,0.8010414838790894,7.955449509808805,1.619846866693051,0.0,0,3,0.8441175222396851
1777470388,623316752,map,2.7925411377804643,1.5076694482782758,0.0,0,0,0.9658797979354858,2.8801456563318735,-1.4795147797480301,0.0,1,1,0.9648827910423279,7.791395481151214,5.43594112609061,0.0,0,2,0.8103345632553101,7.961143689613095,1.6221847851477076,0.0,0,3,0.8513008952140808
1777470388,722843766,map,2.7921423441692355,1.510385556090861,0.0,0,0,0.9668209552764893,2.881164201301933,-1.476867065376659,0.0,1,1,0.9659001231193542,7.78789975545137,5.434450347419298,0.0,0,2,0.818683385848999,7.966429322467648,1.62435306290589,0.0,0,3,0.8577068448066711
1777470388,822634230,map,2.794770953977395,1.5140647164847443,0.0,0,0,0.9682559370994568,2.8811992459276308,-1.4734716950073983,0.0,1,1,0.9675188064575195,7.786792397358298,5.432881535174511,0.0,0,2,0.8328688740730286,7.975512822829031,1.6275065694153494,0.0,0,3,0.8686302900314331
1777470388,922542500,map,2.796683400171279,1.5158345125211528,0.0,0,0,0.9688072204589844,2.881395699565673,-1.4716596104291266,0.0,1,1,0.9681551456451416,7.787790153897324,5.433312044235866,0.0,0,2,0.838937520980835,7.9824850107324705,1.629339058025894,0.0,0,3,0.8732268214225769
1777470389,22650505,map,2.798556572621507,1.5168384982793273,0.0,0,0,0.9692838191986084,2.8816361132084403,-1.4705266849344056,0.0,1,1,0.9686955809593201,7.791288935157902,5.432913678110295,0.0,0,2,0.8444251418113708,7.989411731701555,1.630117887241779,0.0,0,3,0.8773927688598633
1777470389,122587463,map,2.8012475299262913,1.5192229018806143,0.0,0,0,0.9700509905815125,2.882451644192192,-1.4676654886046658,0.0,1,1,0.9695612788200378,7.795727399929785,5.4327594457332955,0.0,0,2,0.8540837168693542,8.003555252854166,1.6325955596189956,0.0,0,3,0.8846056461334229
1777470389,222601962,map,2.8020148451108904,1.5218237992828885,0.0,0,0,0.9703510403633118,2.88329993970788,-1.4646198419750251,0.0,1,1,0.9699132442474365,7.795644733216627,5.436446913094842,0.0,0,2,0.8583223223686218,8.007110216915818,1.6347822948522082,0.0,0,3,0.8878231048583984
1777470389,322807126,map,2.8035284167835726,1.526773259321828,0.0,0,0,0.9708303213119507,2.884428612264547,-1.4581461734949004,0.0,1,1,0.9704940319061279,7.7942204812765725,5.44232984822113,0.0,0,2,0.8658767938613892,8.013936776316026,1.6399238469925421,0.0,0,3,0.893474817276001
1777470389,422640663,map,2.8045935603179313,1.5289838113894856,0.0,0,0,0.9710173010826111,2.8848095115008943,-1.4548560404607214,0.0,1,1,0.9707320928573608,7.793773427327815,5.4449999017232695,0.0,0,2,0.869230329990387,8.016071801588192,1.6421467454039784,0.0,0,3,0.8959913849830627
1777470389,522539719,map,2.807782459220684,1.5318981365235615,0.0,0,0,0.9713103771209717,2.8869042625529664,-1.448923790604213,0.0,1,1,0.9710973501205444,7.796631606024974,5.4497733508311805,0.0,0,2,0.8751609325408936,8.016804457058914,1.6452797756584319,0.0,0,3,0.9005315899848938
1777470389,623427396,map,2.810806756403859,1.5343104353220398,0.0,0,0,0.971528947353363,2.892295225860017,-1.4423953077006968,0.0,1,1,0.9713311791419983,7.803010086122734,5.4558438871839385,0.0,0,2,0.8802060484886169,8.015285889410128,1.6477740358582222,0.0,0,3,0.9044632315635681
1777470389,722573517,map,2.8132583744331123,1.5363775518756195,0.0,0,0,0.9716970920562744,2.900050664305877,-1.4330396412801292,0.0,1,1,0.9714893102645874,7.805887854741448,5.461221025174324,0.0,0,2,0.8846571445465088,8.013776899210903,1.650414122015405,0.0,0,3,0.9078468680381775
1777470389,822649837,map,2.8144658594328935,1.5374390414475976,0.0,0,0,0.9717626571655273,2.905414572637659,-1.4266466539518827,0.0,1,1,0.9715405106544495,7.806795150119806,5.4636975276402735,0.0,0,2,0.8866769671440125,8.012703007204786,1.6521623115407766,0.0,0,3,0.9093669652938843
1777470389,922742227,map,2.8168401539594354,1.5392107691755945,0.0,0,0,0.9718679189682007,2.9130171132697154,-1.4211973994343716,0.0,1,1,0.969658374786377,7.809803459054878,5.468811926921792,0.0,0,2,0.8903149366378784,8.009575437518626,1.6558421756758244,0.0,0,3,0.9121199250221252,8.071928839798558,-1.443686111223645,0.0,2,8,0.7209081649780273
1777470390,22389552,map,2.817717996136965,1.540083054065976,0.0,0,0,0.9719128012657166,2.9130171132697154,-1.4211973994343716,0.0,1,1,0.9677814841270447,7.81245380472142,5.471791146927034,0.0,0,2,0.8919402360916138,8.008296407039456,1.6578866625548518,0.0,0,3,0.913353443145752,17.543449486690747,4.533167294184738,0.0,0,6,0.669937789440155,8.067175948672672,-1.4410557782010416,0.0,2,8,0.7463527917861938
1777470390,122438026,map,2.8192860882962245,1.5415910461593634,0.0,0,0,0.9719868302345276,2.9130171132697154,-1.4211973994343716,0.0,1,1,0.9640495777130127,7.819040707765525,5.478192024074971,0.0,0,2,0.894869863986969,8.00480206260387,1.6617155778539427,0.0,0,3,0.9156006574630737,17.5557161732092,4.539146773983267,0.0,0,6,0.6837067604064941,8.065036781509873,-1.4356415212601656,0.0,2,8,0.7847335338592529
1777470390,222417543,map,2.8201274196976884,1.542144440218797,0.0,0,0,0.9720159769058228,2.9130171132697154,-1.4211973994343716,0.0,1,1,0.9621943235397339,7.822776633706498,5.48147109957781,0.0,0,2,0.8961939811706543,8.004043534872908,1.6633977499954269,0.0,0,3,0.916599690914154,17.562088847790704,4.541801424371768,0.0,0,6,0.6900714039802551,8.063714407195045,-1.4339834191526872,0.0,2,8,0.7996131777763367
1777470390,322625003,map,2.821753104404455,1.5432577085965178,0.0,0,0,0.9720611572265625,2.9130171132697154,-1.4211973994343716,0.0,1,1,0.9585052728652954,7.831966953585834,5.488249667913462,0.0,0,2,0.8985792398452759,8.003870458957838,1.6667178593729122,0.0,0,3,0.9183873534202576,17.623806012246874,1.6685331406957276,0.0,0,5,0.6784494519233704,17.575157360192854,4.546997380308992,0.0,0,6,0.7018755674362183,8.066708961236177,-1.4309994805519481,0.0,2,8,0.8232813477516174
1777470390,422516715,map,2.8225371929382423,1.5435343062615676,0.0,0,0,0.9720805883407593,2.9130171132697154,-1.4211973994343716,0.0,1,1,0.9566712975502014,7.835445771693327,5.4910799751797414,0.0,0,2,0.8996900320053101,8.002548490143392,1.6678501673813295,0.0,0,3,0.9192212224006653,17.62400647146874,1.6707251714422529,0.0,0,5,0.6855950355529785,17.5819438217956,4.54908604306527,0.0,0,6,0.7073555588722229,8.071937488382634,-1.429620902354404,0.0,2,8,0.8327611088752747
1777470390,522584547,map,2.823975215375617,1.54385509523975,0.0,0,0,0.9721134901046753,2.9130171132697154,-1.4211973994343716,0.0,1,1,0.9530243873596191,7.839264776014035,5.496096263634083,0.0,0,2,0.9017758369445801,8.001218103143884,1.6697406437410318,0.0,0,3,0.9207170605659485,17.624384917458496,1.674988809194567,0.0,0,5,0.6988077163696289,17.595741507927773,4.553371224999756,0.0,0,6,0.7175583839416504,8.074584521070998,-1.4293885385016163,0.0,2,8,0.8487107157707214
1777470390,623044026,map,2.824578219617751,1.5436739474774361,0.0,0,0,0.9721300005912781,2.9130171132697154,-1.4211973994343716,0.0,1,1,0.9512113332748413,7.83921752597379,5.497844157445292,0.0,0,2,0.9027677774429321,8.000055981948544,1.6703546356754366,0.0,0,3,0.9214068651199341,17.624566084494393,1.676508258545682,0.0,0,5,0.7049251794815063,17.602795028106335,4.555151284647321,0.0,0,6,0.722313404083252,8.073748879560515,-1.4287790557050812,0.0,2,8,0.8554492592811584
1777470390,722428818,map,2.825853014487214,1.5425525751677074,0.0,0,0,0.9721603989601135,2.9130171132697154,-1.4211973994343716,0.0,1,1,0.9476058483123779,7.8392014436055275,5.499667101293928,0.0,0,2,0.9046058058738708,7.997544517601682,1.670567989720205,0.0,0,3,0.9226714372634888,17.625291745412916,1.6786654033146007,0.0,0,5,0.7162796854972839,17.61619982018486,4.558114297053464,0.0,0,6,0.7312189340591431,8.073893101426805,-1.4297551515007278,0.0,2,8,0.8601359724998474
1777470390,822436679,map,2.826557884555149,1.541498702350108,0.0,0,0,0.9721750617027283,2.9130171132697154,-1.4211973994343716,0.0,1,1,0.9458133578300476,7.8395346650761155,5.499950259191366,0.0,0,2,0.9054517149925232,7.996353404043892,1.6703728968564544,0.0,0,3,0.9232480525970459,17.62595311687971,1.6796798898785803,0.0,0,5,0.7215508222579956,17.62253067638473,4.559539777542572,0.0,0,6,0.735392153263092,8.070869436698944,-1.4299936411702405,0.0,2,8,0.8657492995262146
1777470390,922488463,map,2.828769375802962,1.5368927183927308,0.0,0,0,0.9722058773040771,2.9130171132697154,-1.4211973994343716,0.0,1,1,0.9422485828399658,7.838538397462478,5.499980413299494,0.0,0,2,0.9070382714271545,7.993650706788238,1.6691491658471216,0.0,0,3,0.9243101477622986,17.627352213597657,1.6810181823483177,0.0,0,5,0.7313763499259949,17.653463386758897,4.55123589688998,0.0,0,6,0.7428947687149048,8.070869436698944,-1.4299936411702405,0.0,2,8,0.8627615571022034,8.213989223370827,-1.5008218008191427,0.0,2,11,0.6846199035644531
1777470391,22520861,map,2.831376097439212,1.5320552531098472,0.0,0,0,0.9722159504890442,2.9130171132697154,-1.4211973994343716,0.0,1,1,0.9404762387275696,7.8374644262007465,5.499840820264662,0.0,0,2,0.9077787399291992,7.992196426161556,1.6677215338680225,0.0,0,3,0.9248000383377075,17.627976366463983,1.681497523754824,0.0,0,5,0.7359617352485657,17.671793842060605,4.536008591027011,0.0,0,6,0.7464024424552917,8.070869436698944,-1.4299936411702405,0.0,2,8,0.8612753748893738,8.222030594485393,-1.5419951215198913,0.0,2,11,0.7149226665496826
1777470391,122361969,map,2.8446049055631972,1.5206667418235478,0.0,0,0,0.9721304178237915,2.9130171132697154,-1.4211973994343716,0.0,1,1,0.9369515180587769,7.837711573525504,5.500105632206585,0.0,0,2,0.9091072678565979,7.9886545581775215,1.6650381928166744,0.0,0,3,0.9257072806358337,17.628695537697137,1.6829069735129625,0.0,0,5,0.7445479035377502,17.712124534399177,4.490681224470428,0.0,0,6,0.7529723048210144,8.079880957620935,-1.441339628316392,0.0,2,8,0.8712956309318542,8.235514393792394,-1.6295810831857627,0.0,2,11,0.759898841381073
1777470391,225225665,map,2.8446049055631972,1.5206667418235478,0.0,0,0,0.968364953994751,2.9130171132697154,-1.4211973994343716,0.0,1,1,0.9334531426429749,7.839037669299846,5.5020002810702975,0.0,0,2,0.9102705717086792,7.98597763138728,1.6628743709422593,0.0,0,3,0.9265002012252808,17.63002884515323,1.6843000774333048,0.0,0,5,0.7524015307426453,17.753993459672927,4.441432496662201,0.0,0,6,0.758999228477478,8.079386204807605,-1.4419472235778152,0.0,2,8,0.8743764758110046,17.786348275309674,4.656855292205711,0.0,0,9,0.6707795858383179,8.254119367545918,-1.6982805161672927,0.0,2,11,0.7914644479751587
1777470391,322403381,map,2.8446049055631972,1.5206667418235478,0.0,0,0,0.9664930701255798,2.9130171132697154,-1.4211973994343716,0.0,1,1,0.9317137002944946,7.840023899207601,5.502575845085262,0.0,0,2,0.9108062386512756,7.984896377164026,1.6617975774702611,0.0,0,3,0.9268595576286316,17.63067183075774,1.6850515394771544,0.0,0,5,0.7560838460922241,17.77506643793082,4.417354193308335,0.0,0,6,0.761827290058136,8.08751005898986,-1.4686193048305614,0.0,2,8,0.8781871795654297,17.791786481646685,4.65628397664569,0.0,0,9,0.6776151657104492,8.265470618122245,-1.7258576128893544,0.0,2,11,0.8039059042930603
1777470391,422257370,map,2.8446049055631972,1.5206667418235478,0.0,0,0,0.9627710580825806,2.9130171132697154,-1.4211973994343716,0.0,1,1,0.928254246711731,7.841417832287032,5.502836935296788,0.0,0,2,0.9118121266365051,7.983350503582097,1.6596474271646806,0.0,0,3,0.9275097250938416,17.632049967989676,1.6864216099084115,0.0,0,5,0.7630007266998291,17.796301545741965,4.39299927399628,0.0,0,6,0.7633735537528992,8.08689574802248,-1.4688287035309975,0.0,2,8,0.8804550766944885,17.80197028898343,4.655262750899568,0.0,0,9,0.6903082132339478,8.290539305814534,-1.7721544510077611,0.0,2,11,0.8241114020347595
1777470391,522702524,map,2.8446049055631972,1.5206667418235478,0.0,0,0,0.9609207510948181,2.9130171132697154,-1.4211973994343716,0.0,1,1,0.926534116268158,7.841698877809171,5.503146201888477,0.0,0,2,0.9122808575630188,7.982462670459468,1.6590781566143487,0.0,0,3,0.9278081059455872,17.632750183140864,1.6874086906450692,0.0,0,5,0.7662508487701416,17.796301545741965,4.39299927399628,0.0,0,6,0.7622098922729492,8.08689574802248,-1.4688287035309975,0.0,2,8,0.8789073824882507,17.806667025043637,4.655253824462564,0.0,0,9,0.6962072849273682,8.304928414678976,-1.789556821551827,0.0,2,11,0.8323893547058105
1777470391,624791291,map,2.8446049055631972,1.5206667418235478,0.0,0,0,0.957241415977478,2.9130171132697154,-1.4211973994343716,0.0,1,1,0.9231129288673401,7.842310037210331,5.504147241558459,0.0,0,2,0.9131441712379456,7.981095858700222,1.6591087826475428,0.0,0,3,0.9283462166786194,17.634025149742854,1.6912129412968444,0.0,0,5,0.772370457649231,17.804557476728082,4.507603971759178,0.0,0,16,0.8480252027511597,8.08689574802248,-1.4688287035309975,0.0,2,8,0.8758282661437988,8.337423235429158,-1.8138022698223282,0.0,2,11,0.8462082147598267,12.836927008259082,1.6464989819860922,0.0,0,13,0.6769054532051086
1777470391,722383298,map,2.8446049055631972,1.5206667418235478,0.0,0,0,0.9554123282432556,2.9130171132697154,-1.4211973994343716,0.0,1,1,0.9214118123054504,7.842869412506254,5.504309944447771,0.0,0,2,0.9135432839393616,7.981034650155298,1.6588641797606418,0.0,0,3,0.9285842776298523,17.634715931882,1.6925587719432618,0.0,0,5,0.7752531170845032,17.80656100316658,4.509798105675444,0.0,0,16,0.8482764959335327,8.086338423554215,-1.4675124675696793,0.0,2,8,0.8798651099205017,8.354736813773243,-1.8234218781955152,0.0,2,11,0.8520157933235168,12.837127806375763,1.648515118784634,0.0,0,13,0.6908791661262512
1777470391,822384853,map,2.8446049055631972,1.5206667418235478,0.0,0,0,0.9517749547958374,2.9130171132697154,-1.4211973994343716,0.0,1,1,0.9180282950401306,7.845344908814278,5.505285654035553,0.0,0,2,0.9142583012580872,7.980966685693071,1.658277618272042,0.0,0,3,0.9290207624435425,17.63579943059539,1.6943721241347822,0.0,0,5,0.7807002663612366,17.810521324069157,4.513978060124937,0.0,0,16,0.8487600684165955,8.08675085728633,-1.4677094528865318,0.0,2,8,0.8821052312850952,8.372424498104998,-1.8319162947761434,0.0,2,11,0.8557624816894531,12.837896472571089,1.651356589880147,0.0,0,13,0.7151796817779541,12.752332357368935,5.508075905653929,0.0,0,14,0.6747023463249207
1777470391,922696925,map,2.8446049055631972,1.5206667418235478,0.0,0,0,0.9499666690826416,2.9130171132697154,-1.4211973994343716,0.0,1,1,0.9163458347320557,7.847446419606579,5.506547629243422,0.0,0,2,0.9145702123641968,7.9807926848257,1.6580819891111938,0.0,0,3,0.9292228817939758,17.6364316197816,1.6955786600963645,0.0,0,5,0.7832690477371216,17.812453128990867,4.516067628711929,0.0,0,16,0.8489927053451538,8.088662720763049,-1.4666716671967461,0.0,2,8,0.885531485080719,8.372424498104998,-1.8319162947761434,0.0,2,11,0.854300320148468,12.838229023437613,1.65272515476192,0.0,0,13,0.7258026003837585,12.61039972604324,8.648653380226152,0.0,1,12,0.669622004032135,12.752974934335466,5.5109687080392185,0.0,0,14,0.6869340538978577
1777470392,22609163,map,2.8446049055631972,1.5206667418235478,0.0,0,0,0.9481651782989502,2.9130171132697154,-1.4211973994343716,0.0,1,1,0.9146695137023926,7.8500233412028395,5.5074644471256775,0.0,0,2,0.9148627519607544,7.980785298054573,1.6574361598666136,0.0,0,3,0.9294126033782959,17.637066284519587,1.6961568430678993,0.0,0,5,0.7857437133789062,17.814459836012396,4.517775923276643,0.0,0,16,0.8492193222045898,8.08803817961892,-1.4655739135609063,0.0,2,8,0.8887274861335754,8.372424498104998,-1.8319162947761434,0.0,2,11,0.852843165397644,12.838587959496266,1.652709634884451,0.0,0,13,0.7355672717094421,12.611329486308168,8.649214905873793,0.0,1,12,0.6800044178962708,12.753794993749691,5.512230205891084,0.0,0,14,0.6981956362724304
1777470392,122674101,map,2.8446049055631972,1.5206667418235478,0.0,0,0,0.9445827007293701,2.9130171132697154,-1.4211973994343716,0.0,1,1,0.9113352298736572,7.855677494155081,5.509055207108448,0.0,0,2,0.9153985977172852,7.981683603519248,1.6555696202397778,0.0,0,3,0.9297491908073425,17.637997658388525,1.6967901056498478,0.0,0,5,0.7904321551322937,17.81844372086601,4.520530299348756,0.0,0,16,0.8496569991111755,8.08803817961892,-1.4655739135609063,0.0,2,8,0.8855793476104736,8.372424498104998,-1.8319162947761434,0.0,2,11,0.8499436974525452,12.839486125905001,1.651052845865171,0.0,0,13,0.7528781294822693,12.613415301866333,8.648425715309594,0.0,1,12,0.6987206935882568,12.755348878254702,5.512839311390877,0.0,0,14,0.7182073593139648
1777470392,222335913,map,2.8446049055631972,1.5206667418235478,0.0,0,0,0.9428015947341919,2.9130171132697154,-1.4211973994343716,0.0,1,1,0.9096771478652954,7.85825933262714,5.510294133883869,0.0,0,2,0.9156448245048523,7.982403416605366,1.655136156479401,0.0,0,3,0.9298976063728333,17.63859539472629,1.6973787010771821,0.0,0,5,0.7926473617553711,17.820353462467864,4.522225142100497,0.0,0,16,0.8498669862747192,8.087733958003994,-1.4648648516517035,0.0,2,8,0.8887630701065063,8.372424498104998,-1.8319162947761434,0.0,2,11,0.8485013246536255,12.83991308603348,1.6511541588552154,0.0,0,13,0.7605743408203125,12.613997156145269,8.648575081253696,0.0,1,12,0.7071701288223267,12.755874588965195,5.513940526076936,0.0,0,14,0.7271166443824768
1777470392,322636972,map,2.8446049055631972,1.5206667418235478,0.0,0,0,0.9392594695091248,2.9130171132697154,-1.4211973994343716,0.0,1,1,0.9063791036605835,7.861655625901227,5.513528287443805,0.0,0,2,0.9161154627799988,7.982227117823787,1.6549083427527402,0.0,0,3,0.9301924109458923,17.63859539472629,1.6973787010771821,0.0,0,5,0.7901421189308167,17.822206307902345,4.524134493841797,0.0,0,16,0.8486285209655762,8.087556289151953,-1.4623271956700148,0.0,2,8,0.8943672776222229,8.372424498104998,-1.8319162947761434,0.0,2,11,0.8456312417984009,12.841308144818093,1.6531540229513768,0.0,0,13,0.7743424773216248,12.613337638825515,8.650024740989453,0.0,1,12,0.7225316166877747,12.755866397808415,5.517608054918579,0.0,0,14,0.7431102395057678
1777470392,425144353,map,2.8446049055631972,1.5206667418235478,0.0,0,0,0.9357438087463379,2.9130171132697154,-1.4211973994343716,0.0,1,1,0.9031049013137817,7.861331042414247,5.515994763770108,0.0,0,2,0.916593611240387,7.981246785555797,1.6571559907891065,0.0,0,3,0.9304604530334473,17.63859539472629,1.6973787010771821,0.0,0,5,0.7876526713371277,17.825435720614905,4.528295266177562,0.0,0,16,0.849097728729248,8.085407347426104,-1.460132482197679,0.0,2,8,0.8991664052009583,8.372424498104998,-1.8319162947761434,0.0,2,11,0.8427805304527283,12.842282631004329,1.6558762091615085,0.0,0,13,0.7863075733184814,12.610478279213716,8.652106202235833,0.0,1,12,0.7361317873001099,12.753108652351598,5.521441187604148,0.0,0,14,0.75709068775177
1777470392,522453399,map,2.8446049055631972,1.5206667418235478,0.0,0,0,0.9339959025382996,2.9130171132697154,-1.4211973994343716,0.0,1,1,0.9014766216278076,7.860089168386438,5.516426356846258,0.0,0,2,0.9168364405632019,7.980189908748941,1.6573738667165105,0.0,0,3,0.9305952191352844,17.63859539472629,1.6973787010771821,0.0,0,5,0.786413848400116,17.827168721797538,4.530236715496192,0.0,0,16,0.8493217825889587,8.08407713668489,-1.4593765463971553,0.0,2,8,0.9013015627861023,8.372424498104998,-1.8319162947761434,0.0,2,11,0.8413623571395874,12.843133585193135,1.6568711011987196,0.0,0,13,0.7917028665542603,12.610109519815953,8.652882942203027,0.0,1,12,0.7423280477523804,12.752147820765586,5.522870515020823,0.0,0,14,0.7634094953536987
1777470392,623213822,map,2.8446049055631972,1.5206667418235478,0.0,0,0,0.9305194616317749,2.9130171132697154,-1.4211973994343716,0.0,1,1,0.8982377052307129,7.8559473955599,5.515877353095616,0.0,0,2,0.9173223972320557,7.9803185395264205,1.6578684054763309,0.0,0,3,0.9308099746704102,17.639312898865445,1.6983641055743597,0.0,0,5,0.7875804305076599,17.830947880112788,4.533819282156888,0.0,0,16,0.8497487306594849,8.082679461717223,-1.4574399426814568,0.0,2,8,0.9050906300544739,8.372424498104998,-1.8319162947761434,0.0,2,11,0.8385403156280518,12.844904091333534,1.657977657115023,0.0,0,13,0.8014989495277405,12.611759800724002,8.6537643131201,0.0,1,12,0.7536599636077881,12.75253878970017,5.524791539487226,0.0,0,14,0.7748563289642334
1777470392,722340921,map,2.8446049055631972,1.5206667418235478,0.0,0,0,0.9287909269332886,2.9130171132697154,-1.4211973994343716,0.0,1,1,0.896626889705658,7.853901563954759,5.514735547024469,0.0,0,2,0.9175565242767334,7.979463583480391,1.657732416049123,0.0,0,3,0.9309239983558655,17.640154307866908,1.6986682072492865,0.0,0,5,0.789893388748169,17.83294801360398,4.535086406699986,0.0,0,16,0.8499538898468018,8.08191419556791,-1.4576547534473796,0.0,2,8,0.9067813158035278,8.372424498104998,-1.8319162947761434,0.0,2,11,0.8371363282203674,12.845945959223679,1.6572541041402136,0.0,0,13,0.8059535622596741,12.613450730858101,8.65304843559705,0.0,1,12,0.7588647603988647,12.753359238633086,5.524458594093573,0.0,0,14,0.7800681591033936
1777470392,822621241,map,2.8446049055631972,1.5206667418235478,0.0,0,0,0.9253531098365784,2.9130171132697154,-1.4211973994343716,0.0,1,1,0.8934226632118225,7.85316418156401,5.509790914452456,0.0,0,2,0.9179751873016357,7.979154165555474,1.6555738658641308,0.0,0,3,0.931119441986084,17.642155058477638,1.6981457764079209,0.0,0,5,0.7942689657211304,17.837055635274503,4.537091655638385,0.0,0,16,0.8503481149673462,8.080308503926197,-1.4598229182615425,0.0,2,8,0.9098126888275146,8.372424498104998,-1.8319162947761434,0.0,2,11,0.8343425393104553,12.848090687576386,1.6543814200331801,0.0,0,13,0.8140929937362671,12.615842025311693,8.650054202480852,0.0,1,12,0.7685026526451111,12.755060155482335,5.52244223820831,0.0,0,14,0.7896144390106201
1777470392,922511034,map,2.8446049055631972,1.5206667418235478,0.0,0,0,0.9236437082290649,2.9130171132697154,-1.4211973994343716,0.0,1,1,0.8918290734291077,7.856638395617165,5.504549157104006,0.0,0,2,0.918145477771759,7.979154114517035,1.6546616400528702,0.0,0,3,0.9312067031860352,17.643120217903196,1.6982384538352837,0.0,0,5,0.796340823173523,17.839113435272807,4.538294420283245,0.0,0,16,0.8505365252494812,8.079365293350527,-1.4606732091697585,0.0,2,8,0.9111782908439636,8.372424498104998,-1.8319162947761434,0.0,2,11,0.8329525589942932,12.84900188861932,1.6534397224545532,0.0,0,13,0.8178176879882812,12.615679100764243,8.649844152307715,0.0,1,12,0.772961437702179,12.755598055374772,5.5218946935142394,0.0,0,14,0.7939900755882263
1777470393,22420343,map,2.8446049055631972,1.5206667418235478,0.0,0,0,0.9202437996864319,2.9130171132697154,-1.4211973994343716,0.0,1,1,0.8886589407920837,7.856638395617165,5.504549157104006,0.0,0,2,0.9147858619689941,7.978797639812151,1.652988362399774,0.0,0,3,0.9313722848892212,17.644943011126323,1.6984722340069258,0.0,0,5,0.800271213054657,17.843306644285608,4.540751477930925,0.0,0,16,0.8508968353271484,8.076819911058417,-1.4607800893983418,0.0,2,8,0.9136597514152527,8.372424498104998,-1.8319162947761434,0.0,2,11,0.8301865458488464,12.850608044773288,1.6517798474265897,0.0,0,13,0.8246601223945618,12.616746425516403,8.647958827294753,0.0,1,12,0.7812139391899109,12.756204948481077,5.520871599028932,0.0,0,14,0.8020461797714233
1777470393,122564994,map,2.8446049055631972,1.5206667418235478,0.0,0,0,0.9185532331466675,2.9130171132697154,-1.4211973994343716,0.0,1,1,0.8870823383331299,7.856638395617165,5.504549157104006,0.0,0,2,0.9131152033805847,7.978679846533001,1.6521554443428599,0.0,0,3,0.9314477443695068,17.645840294596525,1.6985487700480892,0.0,0,5,0.8021352887153625,17.84512721999867,4.542141470614637,0.0,0,16,0.8510727882385254,8.076048580919993,-1.4616659793040228,0.0,2,8,0.9147679805755615,8.372424498104998,-1.8319162947761434,0.0,2,11,0.828810453414917,12.851403726390242,1.6509696313696594,0.0,0,13,0.8278046250343323,12.617199844253461,8.647044127417999,0.0,1,12,0.7850409150123596,12.756436920000176,5.520345558338151,0.0,0,14,0.8057565093040466
1777470393,222388482,map,2.8446049055631972,1.5206667418235478,0.0,0,0,0.9151906371116638,2.9130171132697154,-1.4211973994343716,0.0,1,1,0.8839458227157593,7.856638395617165,5.504549157104006,0.0,0,2,0.9097922444343567,7.977677449615977,1.6503618276457503,0.0,0,3,0.9315987825393677,17.647613799065226,1.6986120839460135,0.0,0,5,0.8056750893592834,17.84895071585113,4.5445823541934125,0.0,0,16,0.851409375667572,8.074654595292532,-1.463469048455019,0.0,2,8,0.9167720675468445,8.372424498104998,-1.8319162947761434,0.0,2,11,0.8260717988014221,12.852791355242799,1.649320999753107,0.0,0,13,0.8336070775985718,12.617273988064692,8.645587983834439,0.0,1,12,0.7921664118766785,12.756499545678501,5.519154655651386,0.0,0,14,0.8126192688941956
1777470393,322421327,map,2.8446049055631972,1.5206667418235478,0.0,0,0,0.9135185480117798,2.9130171132697154,-1.4211973994343716,0.0,1,1,0.8823858499526978,7.856638395617165,5.504549157104006,0.0,0,2,0.9081398248672485,7.976983212837715,1.6494284101847845,0.0,0,3,0.9316717386245728,17.64854002204819,1.6986039631313574,0.0,0,5,0.8073551058769226,17.850700493638058,4.545809505325556,0.0,0,16,0.8515729308128357,8.07402610344928,-1.4644019818787624,0.0,2,8,0.9176783561706543,8.372424498104998,-1.8319162947761434,0.0,2,11,0.8247092366218567,12.853359042961918,1.6484690294835205,0.0,0,13,0.8362871408462524,12.617063096660448,8.644962429562629,0.0,1,12,0.795484721660614,12.756473930111184,5.518542722554824,0.0,0,14,0.8157930970191956
1777470393,422791011,map,2.8446049055631972,1.5206667418235478,0.0,0,0,0.910192608833313,2.9130171132697154,-1.4211973994343716,0.0,1,1,0.8792823553085327,7.856638395617165,5.504549157104006,0.0,0,2,0.9048528671264648,7.975327523207862,1.648045191738809,0.0,0,3,0.9318095445632935,17.650152620200828,1.6990215916290656,0.0,0,5,0.810552179813385,17.854043220020742,4.548176685511397,0.0,0,16,0.8518893718719482,8.07294224110776,-1.4655523124940908,0.0,2,8,0.9193239212036133,8.372424498104998,-1.8319162947761434,0.0,2,11,0.8219976425170898,12.854318895227243,1.6475237049987044,0.0,0,13,0.841248631477356,12.616419801642778,8.643709785657352,0.0,1,12,0.8016781806945801,12.756022633532583,5.518034012078638,0.0,0,14,0.8216795921325684
1777470393,522356462,map,2.8446049055631972,1.5206667418235478,0.0,0,0,0.9085387587547302,2.9130171132697154,-1.4211973994343716,0.0,1,1,0.8777388334274292,7.856638395617165,5.504549157104006,0.0,0,2,0.9032183289527893,7.974619097132972,1.6480991840940968,0.0,0,3,0.9318694472312927,17.65088601205424,1.6999875103371092,0.0,0,5,0.8120718598365784,17.85567681889924,4.54938689280287,0.0,0,16,0.8520416021347046,8.072454114972366,-1.4652231137968836,0.0,2,8,0.9200732111930847,8.372424498104998,-1.8319162947761434,0.0,2,11,0.8206484913825989,12.85478681205321,1.6480796873249446,0.0,0,13,0.843543529510498,12.616131847822365,8.643249580230526,0.0,1,12,0.8045660853385925,12.755727650783866,5.518774223202259,0.0,0,14,0.8244036436080933
1777470393,623350059,map,2.8446049055631972,1.5206667418235478,0.0,0,0,0.9052489399909973,2.9130171132697154,-1.4211973994343716,0.0,1,1,0.8746678829193115,7.856638395617165,5.504549157104006,0.0,0,2,0.899966835975647,7.9740650222382445,1.6482895068319052,0.0,0,3,0.9319673180580139,17.65244378635294,1.7022144105378771,0.0,0,5,0.814961850643158,17.858921664509733,4.55180428882898,0.0,0,16,0.852334201335907,8.071431379076193,-1.4644733458714323,0.0,2,8,0.921438992023468,8.372424498104998,-1.8319162947761434,0.0,2,11,0.8179634213447571,12.856145991462888,1.6494251709330703,0.0,0,13,0.8477948307991028,12.615668482020038,8.642465442108882,0.0,1,12,0.8099644780158997,12.755762191714334,5.5204207547718935,0.0,0,14,0.8294572830200195
1777470393,722389694,map,2.8446049055631972,1.5206667418235478,0.0,0,0,0.9036129117012024,2.9130171132697154,-1.4211973994343716,0.0,1,1,0.8731404542922974,7.856638395617165,5.504549157104006,0.0,0,2,0.8983498811721802,7.9738826251334265,1.647613591531957,0.0,0,3,0.9320134520530701,17.653159627249355,1.7022522933717597,0.0,0,5,0.8163397908210754,17.860756521996883,4.552914686044907,0.0,0,16,0.8524721264839172,8.07070398531472,-1.4649976810989127,0.0,2,8,0.9220618009567261,8.372424498104998,-1.8319162947761434,0.0,2,11,0.8166275024414062,12.857112033205023,1.6489067455727602,0.0,0,13,0.8497664332389832,12.615303018866355,8.6420487750473,0.0,1,12,0.8124929070472717,12.75589297417513,5.5200713831415955,0.0,0,14,0.8318160176277161
1777470393,822730924,map,2.8446049055631972,1.5206667418235478,0.0,0,0,0.9003586173057556,2.9130171132697154,-1.4211973994343716,0.0,1,1,0.8701015710830688,7.856638395617165,5.504549157104006,0.0,0,2,0.8951333165168762,7.973819082783517,1.6453286525824582,0.0,0,3,0.9320971965789795,17.654542318711904,1.7018102795276242,0.0,0,5,0.8189663887023926,17.864456296106518,4.554846034914227,0.0,0,16,0.8527373671531677,8.068901140300955,-1.4664923213718304,0.0,2,8,0.92320317029953,8.372424498104998,-1.8319162947761434,0.0,2,11,0.8139686584472656,12.85913740002762,1.6471801695651676,0.0,0,13,0.853435754776001,12.614688218582089,8.641070807978627,0.0,1,12,0.8172335028648376,12.756076220937494,5.518586195397135,0.0,0,14,0.836222767829895
1777470393,922379467,map,2.8446049055631972,1.5206667418235478,0.0,0,0,0.8987402319908142,2.9130171132697154,-1.4211973994343716,0.0,1,1,0.8685900568962097,7.856638395617165,5.504549157104006,0.0,0,2,0.8935336470603943,7.973839805453671,1.6444429661133793,0.0,0,3,0.9321342706680298,17.655293829493246,1.7018708522268224,0.0,0,5,0.8202160000801086,17.86634182837072,4.555926594456961,0.0,0,16,0.8528636693954468,8.068505371990529,-1.4672151434971101,0.0,2,8,0.9237156510353088,8.372424498104998,-1.8319162947761434,0.0,2,11,0.8126457333564758,12.860222305794313,1.6467034706620252,0.0,0,13,0.8551416397094727,12.614599496613057,8.640578286921635,0.0,1,12,0.8194534778594971,12.756313724284354,5.5182396900070145,0.0,0,14,0.8382732272148132
1777470394,22468655,map,2.8446049055631972,1.5206667418235478,0.0,0,0,0.8955208659172058,2.9130171132697154,-1.4211973994343716,0.0,1,1,0.8655827045440674,7.856638395617165,5.504549157104006,0.0,0,2,0.890351414680481,7.973435257557861,1.6426342023624314,0.0,0,3,0.9322096109390259,17.656737542898796,1.7017943287844473,0.0,0,5,0.8225998282432556,17.87009216366514,4.557907470826413,0.0,0,16,0.8531069159507751,8.067599726574226,-1.4685697238397888,0.0,2,8,0.9246546030044556,8.372424498104998,-1.8319162947761434,0.0,2,11,0.810012698173523,12.862371743031526,1.6456440277639108,0.0,0,13,0.8583244681358337,12.614399503343849,8.639772136857,0.0,1,12,0.8236232399940491,12.756948738759565,5.517452480190475,0.0,0,14,0.8421044945716858
1777470394,122459413,map,2.8446049055631972,1.5206667418235478,0.0,0,0,0.893919825553894,2.9130171132697154,-1.4211973994343716,0.0,1,1,0.8640868663787842,7.856638395617165,5.504549157104006,0.0,0,2,0.8887687921524048,7.9727061908982435,1.6416408456027198,0.0,0,3,0.9322527050971985,17.65739338846824,1.7017066318867307,0.0,0,5,0.8237373232841492,17.871923199604684,4.558843429955368,0.0,0,16,0.8532243371009827,8.06703487603555,-1.4692742237086542,0.0,2,8,0.9250854253768921,8.372424498104998,-1.8319162947761434,0.0,2,11,0.8087025880813599,12.863304556500177,1.6450727907873761,0.0,0,13,0.8598121404647827,12.614222181785538,8.63936414473613,0.0,1,12,0.8255840539932251,12.757192890651593,5.517013240972892,0.0,0,14,0.8438976407051086
1777470394,222469078,map,2.8446049055631972,1.5206667418235478,0.0,0,0,0.890734851360321,2.9130171132697154,-1.4211973994343716,0.0,1,1,0.8611105680465698,7.856638395617165,5.504549157104006,0.0,0,2,0.8856203556060791,7.970946135383572,1.6393272159731513,0.0,0,3,0.9323385953903198,17.658706860618313,1.701252403823269,0.0,0,5,0.8259083032608032,17.875700597239792,4.560480497416025,0.0,0,16,0.8534488081932068,8.065206610047095,-1.4700741484656354,0.0,2,8,0.9258873462677002,8.372424498104998,-1.8319162947761434,0.0,2,11,0.8060950040817261,12.865175237147897,1.6436099815124199,0.0,0,13,0.8625935316085815,12.614019703516107,8.638529921142979,0.0,1,12,0.8292732238769531,12.758413441725372,5.515936063293513,0.0,0,14,0.8472461700439453
1777470394,322498808,map,2.8446049055631972,1.5206667418235478,0.0,0,0,0.889150857925415,2.9130171132697154,-1.4211973994343716,0.0,1,1,0.8596301078796387,7.856638395617165,5.504549157104006,0.0,0,2,0.8840544819831848,7.969980439763709,1.6382573885343343,0.0,0,3,0.9323798418045044,17.659357543023532,1.7010532122618771,0.0,0,5,0.82694411277771,17.87759461744335,4.561300955959396,0.0,0,16,0.8535563349723816,8.06478540052183,-1.4709560903651138,0.0,2,8,0.9262451529502869,8.372424498104998,-1.8319162947761434,0.0,2,11,0.8047975301742554,12.866082476103198,1.642918593778332,0.0,0,13,0.8638941049575806,12.613950704864694,8.638096113225545,0.0,1,12,0.8310097455978394,12.759138803052366,5.515483640758143,0.0,0,14,0.8488124012947083
1777470394,422394023,map,2.8446049055631972,1.5206667418235478,0.0,0,0,0.8859997391700745,2.9130171132697154,-1.4211973994343716,0.0,1,1,0.8566843271255493,7.856638395617165,5.504549157104006,0.0,0,2,0.880939245223999,7.968427999472918,1.636056177741099,0.0,0,3,0.9324516654014587,17.66065542265714,1.7005314829115654,0.0,0,5,0.8289222717285156,17.88135093842266,4.562802620892655,0.0,0,16,0.8537634015083313,8.063713632984618,-1.472396825168891,0.0,2,8,0.9269055724143982,8.372424498104998,-1.8319162947761434,0.0,2,11,0.802215039730072,12.867821234053505,1.6413902959938527,0.0,0,13,0.866331160068512,12.61393364084672,8.637150230297799,0.0,1,12,0.8342832922935486,12.761070971169847,5.514601030230443,0.0,0,14,0.8517436385154724
1777470394,522326593,map,2.8446049055631972,1.5206667418235478,0.0,0,0,0.8844324946403503,2.9130171132697154,-1.4211973994343716,0.0,1,1,0.8552190661430359,7.856638395617165,5.504549157104006,0.0,0,2,0.8793898820877075,7.9680962444107095,1.635817701207621,0.0,0,3,0.9324760437011719,17.661282019913724,1.7011219861624147,0.0,0,5,0.8298656940460205,17.883133799056758,4.564168624601758,0.0,0,16,0.8538617491722107,8.063545623442977,-1.472486302572479,0.0,2,8,0.9272041916847229,8.372424498104998,-1.8319162947761434,0.0,2,11,0.8009300231933594,12.868679534250617,1.6416457175909671,0.0,0,13,0.8674702048301697,12.613989106029964,8.636665973616577,0.0,1,12,0.83582603931427,12.761920467620538,5.515115270145505,0.0,0,14,0.8531144261360168,17.562730197148127,7.137339462922101,0.0,1,4,0.6725918650627136
1777470394,624072944,map,2.8446049055631972,1.5206667418235478,0.0,0,0,0.8813146352767944,2.9130171132697154,-1.4211973994343716,0.0,1,1,0.8523034453392029,7.856638395617165,5.504549157104006,0.0,0,2,0.8763074278831482,7.967894474858511,1.6369371069076692,0.0,0,3,0.93250972032547,17.662355629307775,1.7028176629369016,0.0,0,5,0.8316705226898193,17.88628613724289,4.567282163035086,0.0,0,16,0.8540545105934143,8.063215979426557,-1.4712783865391192,0.0,2,8,0.9277560114860535,8.372424498104998,-1.8319162947761434,0.0,2,11,0.7983722686767578,12.870202298313009,1.6430280787737197,0.0,0,13,0.8696077466011047,12.61402208663843,8.636035291994231,0.0,1,12,0.8387373089790344,12.762763089516609,5.517070121102945,0.0,0,14,0.8556980490684509,17.567275626139168,7.144624262933602,0.0,1,4,0.6849707365036011
1777470394,722435216,map,2.8446049055631972,1.5206667418235478,0.0,0,0,0.8797639608383179,2.9130171132697154,-1.4211973994343716,0.0,1,1,0.8508530259132385,7.856638395617165,5.504549157104006,0.0,0,2,0.8747742772102356,7.967952140733777,1.6375188843855915,0.0,0,3,0.9325227737426758,17.66285449503745,1.703471389061818,0.0,0,5,0.832533597946167,17.887730720787584,4.5686729669766155,0.0,0,16,0.8541491627693176,8.062936118686133,-1.470638742625782,0.0,2,8,0.9280109405517578,8.372424498104998,-1.8319162947761434,0.0,2,11,0.7970994710922241,12.870902010217337,1.6435593110247897,0.0,0,13,0.8706114888191223,12.613979630761092,8.635905600142042,0.0,1,12,0.8401110172271729,12.762748272572992,5.517921095818654,0.0,0,14,0.8569203019142151,17.568617122418065,7.1489035623252954,0.0,1,4,0.6907503008842468
1777470394,822605042,map,2.8446049055631972,1.5206667418235478,0.0,0,0,0.8766788840293884,2.9130171132697154,-1.4211973994343716,0.0,1,1,0.8479670882225037,7.856638395617165,5.504549157104006,0.0,0,2,0.871724009513855,7.968291754501794,1.6382938588205163,0.0,0,3,0.9325444102287292,17.6639725564384,1.7045521376503665,0.0,0,5,0.8341823220252991,17.890847045068973,4.571251460320489,0.0,0,16,0.854328453540802,8.062385262545815,-1.4696857907357948,0.0,2,8,0.9284784197807312,8.372424498104998,-1.8319162947761434,0.0,2,11,0.7945660948753357,12.872398715985344,1.6443067905563982,0.0,0,13,0.8724955320358276,12.613959449696875,8.63572857621354,0.0,1,12,0.8427067995071411,12.763420112528634,5.519386793261202,0.0,0,14,0.8592117428779602,17.572093066854645,7.154853314904498,0.0,1,4,0.7015516757965088
1777470394,922689941,map,2.8446049055631972,1.5206667418235478,0.0,0,0,0.8751444220542908,2.9130171132697154,-1.4211973994343716,0.0,1,1,0.8465313911437988,7.856638395617165,5.504549157104006,0.0,0,2,0.870206892490387,7.968553133140447,1.6384861103421946,0.0,0,3,0.9325534701347351,17.664564948238915,1.7050501601930703,0.0,0,5,0.8349699974060059,17.89254490497408,4.572494399617726,0.0,0,16,0.8544126749038696,8.062108932767302,-1.4692772069062945,0.0,2,8,0.9286928176879883,8.372424498104998,-1.8319162947761434,0.0,2,11,0.7933054566383362,12.873180263435884,1.6446142267921513,0.0,0,13,0.873379647731781,12.613973596848638,8.635715546512328,0.0,1,12,0.8439329862594604,12.764256887730225,5.520070723792637,0.0,0,14,0.8602826595306396,17.57374123692215,7.157708838809779,0.0,1,4,0.7066034078598022
1777470395,22303045,map,2.8446049055631972,1.5206667418235478,0.0,0,0,0.8720915913581848,2.9130171132697154,-1.4211973994343716,0.0,1,1,0.8436746001243591,7.856638395617165,5.504549157104006,0.0,0,2,0.8671883344650269,7.968456764581552,1.6386404434886561,0.0,0,3,0.9325796961784363,17.665744755718197,1.7060167523484069,0.0,0,5,0.8364769220352173,17.896013771176484,4.5749349167636,0.0,0,16,0.8545733094215393,8.061537606814184,-1.4684452919997262,0.0,2,8,0.9290874600410461,8.372424498104998,-1.8319162947761434,0.0,2,11,0.7907960414886475,12.874685723585742,1.6452091879248012,0.0,0,13,0.8750429749488831,12.614045236326083,8.635774489516084,0.0,1,12,0.8462527990341187,12.766809169045668,5.521531676804442,0.0,0,14,0.8622862696647644,17.576780122237768,7.163496025157958,0.0,1,4,0.7160742282867432
1777470395,122465503,map,2.8446049055631972,1.5206667418235478,0.0,0,0,0.8705731630325317,2.9130171132697154,-1.4211973994343716,0.0,1,1,0.8422534465789795,7.856638395617165,5.504549157104006,0.0,0,2,0.8656868934631348,7.968099192609865,1.638692724463895,0.0,0,3,0.9325965046882629,17.666307760120805,1.7065087780965853,0.0,0,5,0.8371979594230652,17.89772067013321,4.576146984846867,0.0,0,16,0.8546505570411682,8.061230208268254,-1.467998819720751,0.0,2,8,0.9292692542076111,8.372424498104998,-1.8319162947761434,0.0,2,11,0.789547324180603,12.875393546258541,1.645519517038931,0.0,0,13,0.8758255243301392,12.614057312986128,8.635829680053947,0.0,1,12,0.8473508954048157,12.768389285500998,5.522336637657957,0.0,0,14,0.8632249236106873,17.578438973418255,7.166305460971509,0.0,1,4,0.7205128073692322
1777470395,222330047,map,2.8446049055631972,1.5206667418235478,0.0,0,0,0.8675521016120911,2.9130171132697154,-1.4211973994343716,0.0,1,1,0.8394253849983215,7.856638395617165,5.504549157104006,0.0,0,2,0.8626996278762817,7.967124247396174,1.6388840733681602,0.0,0,3,0.9326314926147461,17.66740145093423,1.707486836076655,0.0,0,5,0.8385786414146423,17.901058905203225,4.578530172644868,0.0,0,16,0.8547996878623962,8.060614380315593,-1.4670737681770178,0.0,2,8,0.9296039342880249,8.372424498104998,-1.8319162947761434,0.0,2,11,0.7870616316795349,12.876779311781357,1.6461525528284982,0.0,0,13,0.8772987723350525,12.630824504137765,8.642025467913223,0.0,1,12,0.8491333723068237,12.771838127680079,5.524035350854775,0.0,0,14,0.8649899959564209,17.581985312873538,7.171489974318882,0.0,1,4,0.728852391242981
1777470395,322447884,map,2.8446049055631972,1.5206667418235478,0.0,0,0,0.8660494089126587,2.9130171132697154,-1.4211973994343716,0.0,1,1,0.8380184769630432,7.856638395617165,5.504549157104006,0.0,0,2,0.8612136840820312,7.966456940218233,1.6389793845431415,0.0,0,3,0.9326505064964294,17.667876213177255,1.7079116972665136,0.0,0,5,0.8392404913902283,17.902656687354714,4.5796561227911035,0.0,0,16,0.8548722267150879,8.060172842251697,-1.4666905555660417,0.0,2,8,0.929759681224823,8.372424498104998,-1.8319162947761434,0.0,2,11,0.7858246564865112,12.877440398773782,1.6463995353566776,0.0,0,13,0.8779926300048828,12.630824504137765,8.642025467913223,0.0,1,12,0.8476937413215637,12.773502149538116,5.524820206667581,0.0,0,14,0.86582350730896,17.583615647335456,7.173794172169374,0.0,1,4,0.732778012752533
1777470395,422433495,map,2.8446049055631972,1.5206667418235478,0.0,0,0,0.8630595803260803,2.9130171132697154,-1.4211973994343716,0.0,1,1,0.8352187871932983,7.856638395617165,5.504549157104006,0.0,0,2,0.8582571148872375,7.965572031583033,1.6391645501195515,0.0,0,3,0.9326797127723694,17.66879550705315,1.708599839145187,0.0,0,5,0.8405085206031799,17.905773998223633,4.581749260607605,0.0,0,16,0.8550127148628235,8.059290525211244,-1.4661319738949619,0.0,2,8,0.9300461411476135,8.372424498104998,-1.8319162947761434,0.0,2,11,0.7833623290061951,12.878722868693002,1.6467141422361071,0.0,0,13,0.8793007731437683,12.630824504137765,8.642025467913223,0.0,1,12,0.8448291420936584,12.776877664888458,5.526234698019805,0.0,0,14,0.867397129535675,17.586554797891168,7.177767786344379,0.0,1,4,0.7401840686798096
1777470395,522680921,map,2.8446049055631972,1.5206667418235478,0.0,0,0,0.8615724444389343,2.9130171132697154,-1.4211973994343716,0.0,1,1,0.833825945854187,7.856638395617165,5.504549157104006,0.0,0,2,0.8567864298820496,7.965422070430081,1.6387643818142184,0.0,0,3,0.9326906204223633,17.66931613949499,1.7081955606349668,0.0,0,5,0.8411157131195068,17.9073803707123,4.582164259367979,0.0,0,16,0.8550814390182495,8.058916646865299,-1.4664371197635442,0.0,2,8,0.9301753640174866,8.372424498104998,-1.8319162947761434,0.0,2,11,0.7821369171142578,12.87943181492046,1.64613341589701,0.0,0,13,0.879917323589325,12.630824504137765,8.642025467913223,0.0,1,12,0.8434040546417236,12.778764332580463,5.5262801067360865,0.0,0,14,0.8681410551071167,17.587501106016862,7.179533004687997,0.0,1,4,0.7436856627464294
1777470395,623955373,map,2.8446049055631972,1.5206667418235478,0.0,0,0,0.8586133718490601,2.9130171132697154,-1.4211973994343716,0.0,1,1,0.8310540914535522,7.856638395617165,5.504549157104006,0.0,0,2,0.853860080242157,7.965082583521479,1.636981718263307,0.0,0,3,0.9327144622802734,17.670308676356413,1.7073555722232732,0.0,0,5,0.8422797322273254,17.91058577733287,4.582978237016308,0.0,0,16,0.8552133440971375,8.057897405941022,-1.4682285960882575,0.0,2,8,0.9304143190383911,8.372424498104998,-1.8319162947761434,0.0,2,11,0.779697597026825,12.88080401082066,1.6445327527132847,0.0,0,13,0.881081223487854,12.630824504137765,8.642025467913223,0.0,1,12,0.8405683040618896,12.782760223554341,5.526036167765068,0.0,0,14,0.8695452213287354,17.593621686675604,7.183778967342248,0.0,1,4,0.7502145171165466,17.965541785348787,-1.0822983702214966,0.0,1,10,0.6690372228622437
1777470395,722737933,map,2.8446049055631972,1.5206667418235478,0.0,0,0,0.8571414947509766,2.9130171132697154,-1.4211973994343716,0.0,1,1,0.8296750783920288,7.856638395617165,5.504549157104006,0.0,0,2,0.8524044156074524,7.964894610754277,1.6360747759014433,0.0,0,3,0.9327259659767151,17.670760353752584,1.7070454724949187,0.0,0,5,0.8428377509117126,17.9121049255082,4.5834618619415854,0.0,0,16,0.8552772998809814,8.057341537693265,-1.4691780857021774,0.0,2,8,0.9305248856544495,8.372424498104998,-1.8319162947761434,0.0,2,11,0.7784836292266846,12.88146003495847,1.643834183465993,0.0,0,13,0.8816301226615906,12.630824504137765,8.642025467913223,0.0,1,12,0.8391575813293457,12.784814094500778,5.526055135624467,0.0,0,14,0.8702066540718079,17.596261264199992,7.185967564835516,0.0,1,4,0.7533043026924133,17.966617073037952,-1.082664090949297,0.0,1,10,0.6763912439346313
1777470395,822567996,map,2.8446049055631972,1.5206667418235478,0.0,0,0,0.854212760925293,2.9130171132697154,-1.4211973994343716,0.0,1,1,0.8269307613372803,7.856638395617165,5.504549157104006,0.0,0,2,0.8495079278945923,7.964949515717299,1.6343503321117343,0.0,0,3,0.9327409267425537,17.67156048472094,1.706464374254315,0.0,0,5,0.8439086675643921,17.914968954783596,4.584429796917012,0.0,0,16,0.8554021716117859,8.056378448034044,-1.4709629992923139,0.0,2,8,0.930726945400238,8.372424498104998,-1.8319162947761434,0.0,2,11,0.7760670185089111,12.882375384110814,1.6425354217049783,0.0,0,13,0.8826717734336853,12.630824504137765,8.642025467913223,0.0,1,12,0.8363502621650696,12.788866344903704,5.526208873135525,0.0,0,14,0.871457040309906,17.60214596345643,7.188983266344363,0.0,1,4,0.7591472864151001,17.968522700823836,-1.0838675321073388,0.0,1,10,0.6899976134300232
1777470395,922484394,map,2.8446049055631972,1.5206667418235478,0.0,0,0,0.8527559041976929,2.9130171132697154,-1.4211973994343716,0.0,1,1,0.8255653977394104,7.856638395617165,5.504549157104006,0.0,0,2,0.848067045211792,7.964911700583166,1.6334253710779776,0.0,0,3,0.9327490925788879,17.67188828573588,1.7061825496542344,0.0,0,5,0.8444228172302246,17.916308283198315,4.584909386581588,0.0,0,16,0.8554631471633911,8.055926651910134,-1.4717999753719948,0.0,2,8,0.9308197498321533,8.372424498104998,-1.8319162947761434,0.0,2,11,0.7748643159866333,12.882796545933946,1.6419282750233413,0.0,0,13,0.8831636309623718,12.630824504137765,8.642025467913223,0.0,1,12,0.8349536061286926,12.790891547438697,5.526352727357007,0.0,0,14,0.8720475435256958,17.604769181799238,7.190507607843883,0.0,1,4,0.7619169354438782,17.969272796069774,-1.0845335125651385,0.0,1,10,0.6963022947311401
1777470396,22303998,map,2.8446049055631972,1.5206667418235478,0.0,0,0,0.8498570322990417,2.9130171132697154,-1.4211973994343716,0.0,1,1,0.8228481411933899,7.856638395617165,5.504549157104006,0.0,0,2,0.8451998829841614,7.964593254157859,1.6322164921664124,0.0,0,3,0.9327660202980042,17.67246153282037,1.706051981580519,0.0,0,5,0.8454091548919678,17.9188166833109,4.586204595175048,0.0,0,16,0.8555811643600464,8.055298841913837,-1.4726640143324055,0.0,2,8,0.9309889674186707,8.372424498104998,-1.8319162947761434,0.0,2,11,0.7724700570106506,12.883678478570083,1.6412956314850786,0.0,0,13,0.8840906620025635,12.630824504137765,8.642025467913223,0.0,1,12,0.8321743011474609,12.794820589365003,5.527200624010598,0.0,0,14,0.8731626868247986,17.609124666238863,7.193925982716333,0.0,1,4,0.767177402973175,17.97069503758691,-1.0858524712922828,0.0,1,10,0.7080163359642029
1777470396,122342202,map,2.8446049055631972,1.5206667418235478,0.0,0,0,0.848414957523346,2.9130171132697154,-1.4211973994343716,0.0,1,1,0.8214961886405945,7.856638395617165,5.504549157104006,0.0,0,2,0.843773603439331,7.96432139781475,1.632948825279521,0.0,0,3,0.9327715635299683,17.672679792916725,1.707142416162928,0.0,0,5,0.8458812832832336,17.91970629161619,4.587830256489555,0.0,0,16,0.8556391596794128,8.055309565019693,-1.4716739975448987,0.0,2,8,0.9310659170150757,8.372424498104998,-1.8319162947761434,0.0,2,11,0.7712785005569458,12.884134464724204,1.642364988196125,0.0,0,13,0.8845252394676208,12.630824504137765,8.642025467913223,0.0,1,12,0.8307915925979614,12.796035279586961,5.528989498991305,0.0,0,14,0.8736922144889832,17.61138693227139,7.198885037100807,0.0,1,4,0.7696453928947449,17.971471504250665,-1.086312017375445,0.0,1,10,0.7134618163108826
1777470396,222537878,map,2.8446049055631972,1.5206667418235478,0.0,0,0,0.8455454707145691,2.9130171132697154,-1.4211973994343716,0.0,1,1,0.8188056349754333,7.856638395617165,5.504549157104006,0.0,0,2,0.8409353494644165,7.963945325784611,1.6325021031824751,0.0,0,3,0.9327852725982666,17.67323877029143,1.7066379335816215,0.0,0,5,0.8467888236045837,17.921972223263495,4.588736016615548,0.0,0,16,0.8557518124580383,8.054503315673962,-1.4716072914055947,0.0,2,8,0.9312151074409485,8.372424498104998,-1.8319162947761434,0.0,2,11,0.7689063549041748,12.885208537048246,1.641798324652058,0.0,0,13,0.8853489756584167,12.630824504137765,8.642025467913223,0.0,1,12,0.8280398845672607,12.799320064437884,5.530000336118915,0.0,0,14,0.8746981024742126,17.615686739096255,7.20368751056646,0.0,1,4,0.7743681073188782,17.971853780125976,-1.0875709150102717,0.0,1,10,0.7236416339874268
1777470396,325903649,map,2.8446049055631972,1.5206667418235478,0.0,0,0,0.8426952958106995,2.9130171132697154,-1.4211973994343716,0.0,1,1,0.8161326050758362,7.856638395617165,5.504549157104006,0.0,0,2,0.8381161689758301,7.964056165164061,1.629003601754853,0.0,0,3,0.9327998161315918,17.67393471700421,1.7051230522498926,0.0,0,5,0.8476465940475464,17.924697021475485,4.588763839102362,0.0,0,16,0.8558553457260132,8.053010620845509,-1.4745414095129787,0.0,2,8,0.9313512444496155,8.372424498104998,-1.8319162947761434,0.0,2,11,0.7665486931800842,12.886526881895048,1.6394554431266493,0.0,0,13,0.8861120939254761,12.630824504137765,8.642025467913223,0.0,1,12,0.8253063559532166,12.803881071602802,5.529222206418861,0.0,0,14,0.8756256699562073,17.61941582688146,7.206551503920338,0.0,1,4,0.7787981629371643,17.971689783793522,-1.0889080886956142,0.0,1,10,0.7329464554786682
1777470396,422787876,map,2.8446049055631972,1.5206667418235478,0.0,0,0,0.8412774205207825,2.9130171132697154,-1.4211973994343716,0.0,1,1,0.8148026466369629,7.856638395617165,5.504549157104006,0.0,0,2,0.8367136120796204,7.964149817276472,1.6275479598230995,0.0,0,3,0.9328052401542664,17.674220670746784,1.7046302599950311,0.0,0,5,0.8480584621429443,17.925936105231614,4.588993149032852,0.0,0,16,0.8559058308601379,8.05245213099922,-1.4757740903940149,0.0,2,8,0.9314119815826416,8.372424498104998,-1.8319162947761434,0.0,2,11,0.7653753161430359,12.887156635262038,1.6386112634193883,0.0,0,13,0.8864724040031433,12.630824504137765,8.642025467913223,0.0,1,12,0.8239462971687317,12.80603483892852,5.529145324629342,0.0,0,14,0.8760644197463989,17.621699817234934,7.20723380864358,0.0,1,4,0.7809008955955505,17.971627421496482,-1.0898176980909173,0.0,1,10,0.7372975945472717
1777470396,522598501,map,2.8446049055631972,1.5206667418235478,0.0,0,0,0.8384559154510498,2.9130171132697154,-1.4211973994343716,0.0,1,1,0.8121556639671326,7.856638395617165,5.504549157104006,0.0,0,2,0.8339226245880127,7.964324408736628,1.6265368258079809,0.0,0,3,0.9328099489212036,17.674606330984602,1.7048102362030593,0.0,0,5,0.848849892616272,17.928092728373766,4.59042870570776,0.0,0,16,0.85600346326828,8.051930920785718,-1.4764295897694368,0.0,2,8,0.931520402431488,8.372424498104998,-1.8319162947761434,0.0,2,11,0.7630392909049988,12.888312013048548,1.6384300669308345,0.0,0,13,0.8871522545814514,12.630824504137765,8.642025467913223,0.0,1,12,0.821239709854126,12.809915084670342,5.530401060859962,0.0,0,14,0.8768928647041321,17.625352899953207,7.209915322573484,0.0,1,4,0.7849065661430359,17.971453136445398,-1.0915175867126872,0.0,1,10,0.7454559206962585
1777470396,623403835,map,2.8446049055631972,1.5206667418235478,0.0,0,0,0.8370522856712341,2.9130171132697154,-1.4211973994343716,0.0,1,1,0.8108385801315308,7.856638395617165,5.504549157104006,0.0,0,2,0.8325340747833252,7.96456625199217,1.6270107431523064,0.0,0,3,0.9328068494796753,17.674811945719064,1.70572041970999,0.0,0,5,0.8492282629013062,17.9290346619843,4.591853364975758,0.0,0,16,0.8560495972633362,8.051861756634901,-1.4757561834789383,0.0,2,8,0.9315702319145203,8.372424498104998,-1.8319162947761434,0.0,2,11,0.7618765830993652,12.88896734796345,1.63931944091427,0.0,0,13,0.8874704241752625,12.630824504137765,8.642025467913223,0.0,1,12,0.8198930025100708,12.811601361471462,5.5319739781002815,0.0,0,14,0.8772827386856079,17.62679969611402,7.212776264005024,0.0,1,4,0.7868078351020813,17.971422867890833,-1.0921297042564084,0.0,1,10,0.749281644821167
1777470396,722716877,map,2.8446049055631972,1.5206667418235478,0.0,0,0,0.8342589735984802,2.9130171132697154,-1.4211973994343716,0.0,1,1,0.8082172870635986,7.856638395617165,5.504549157104006,0.0,0,2,0.8297708034515381,7.965653912054644,1.6273967564184406,0.0,0,3,0.9327934384346008,17.67530934976687,1.7065068336599967,0.0,0,5,0.8499546051025391,17.93096668482173,4.593788532363256,0.0,0,16,0.8561403751373291,8.05154279895909,-1.4749422298783323,0.0,2,8,0.9316636323928833,8.372424498104998,-1.8319162947761434,0.0,2,11,0.7595618367195129,12.89047882138028,1.6401010824310918,0.0,0,13,0.8880708813667297,12.630824504137765,8.642025467913223,0.0,1,12,0.8172129392623901,12.814985261614533,5.534166685973996,0.0,0,14,0.8780267834663391,17.62943992429095,7.215973875681375,0.0,1,4,0.7904493808746338,17.971389822682127,-1.0929813271622377,0.0,1,10,0.7564727067947388
1777470396,822787835,map,2.8446049055631972,1.5206667418235478,0.0,0,0,0.8328693509101868,2.9130171132697154,-1.4211973994343716,0.0,1,1,0.8069129586219788,7.856638395617165,5.504549157104006,0.0,0,2,0.8283960819244385,7.966515430821804,1.6272018245880344,0.0,0,3,0.9327833652496338,17.675649920079085,1.7066133164643817,0.0,0,5,0.8503022193908691,17.932157252643062,4.5944877701754425,0.0,0,16,0.8561818599700928,8.05138719640151,-1.474842641589039,0.0,2,8,0.9317058324813843,8.372424498104998,-1.8319162947761434,0.0,2,11,0.7584096789360046,12.891355869447066,1.6401292660984579,0.0,0,13,0.8883534669876099,12.630824504137765,8.642025467913223,0.0,1,12,0.8158794045448303,12.817121539490767,5.5348772108096425,0.0,0,14,0.8783751726150513,17.631119451482874,7.217225179873368,0.0,1,4,0.7921801805496216,17.97143358779488,-1.093302203226931,0.0,1,10,0.7598530650138855
1777470396,922553100,map,2.8446049055631972,1.5206667418235478,0.0,0,0,0.830103874206543,2.9130171132697154,-1.4211973994343716,0.0,1,1,0.8043168783187866,7.856638395617165,5.504549157104006,0.0,0,2,0.8256601691246033,7.96851645064331,1.6260852047126064,0.0,0,3,0.9327618479728699,17.67633931608259,1.70627371141722,0.0,0,5,0.8509702086448669,17.93466473286243,4.5953717881836145,0.0,0,16,0.8562612533569336,8.050990224019204,-1.4752740249378096,0.0,2,8,0.9317833185195923,8.372424498104998,-1.8319162947761434,0.0,2,11,0.7561159133911133,12.892437736278696,1.6396964212009868,0.0,0,13,0.8888987898826599,12.630824504137765,8.642025467913223,0.0,1,12,0.8132254481315613,12.821746486305601,5.535635371302526,0.0,0,14,0.8790341019630432,17.63462200805591,7.219649057878934,0.0,1,4,0.7954780459403992,17.971529435780003,-1.0940001532983386,0.0,1,10,0.7662215232849121
1777470397,23171916,map,2.8446049055631972,1.5206667418235478,0.0,0,0,0.8287280201911926,2.9130171132697154,-1.4211973994343716,0.0,1,1,0.8030251264572144,7.856638395617165,5.504549157104006,0.0,0,2,0.8242989778518677,7.969543719341277,1.625176685192102,0.0,0,3,0.9327520132064819,17.676649152889755,1.7056839097670962,0.0,0,5,0.851291835308075,17.935865063215882,4.595427382034996,0.0,0,16,0.8563011884689331,8.050769399596003,-1.4758231708352239,0.0,2,8,0.9318185448646545,8.372424498104998,-1.8319162947761434,0.0,2,11,0.7549742460250854,12.893342095443717,1.6391809045619798,0.0,0,13,0.8891517519950867,12.630824504137765,8.642025467913223,0.0,1,12,0.8119049072265625,12.82399921322159,5.535628841611444,0.0,0,14,0.8793491721153259,17.636219811095128,7.220731678455838,0.0,1,4,0.7970533967018127,17.97157178304809,-1.0943742768251847,0.0,1,10,0.7692228555679321
1777470397,122549576,map,2.8446049055631972,1.5206667418235478,0.0,0,0,0.8259899020195007,2.9130171132697154,-1.4211973994343716,0.0,1,1,0.8004539608955383,7.856638395617165,5.504549157104006,0.0,0,2,0.8215900659561157,7.9716023716754885,1.6228027223272825,0.0,0,3,0.9327345490455627,17.67722580741229,1.704478134763002,0.0,0,5,0.8519100546836853,17.938166279579985,4.595511655083228,0.0,0,16,0.856378972530365,8.050315498084297,-1.4774579295082944,0.0,2,8,0.9318822026252747,8.372424498104998,-1.8319162947761434,0.0,2,11,0.7527011632919312,12.895138235261447,1.6375139565815717,0.0,0,13,0.8896315693855286,12.630824504137765,8.642025467913223,0.0,1,12,0.8092767000198364,12.82830851829779,5.535346890227287,0.0,0,14,0.8799505829811096,17.639225793550374,7.222734612821139,0.0,1,4,0.8000637888908386,17.97164689350183,-1.0951699695431192,0.0,1,10,0.7748894095420837
1777470397,222659381,map,2.8446049055631972,1.5206667418235478,0.0,0,0,0.8246276378631592,2.9130171132697154,-1.4211973994343716,0.0,1,1,0.7991745471954346,7.856638395617165,5.504549157104006,0.0,0,2,0.8202422261238098,7.972461280087812,1.622059901717518,0.0,0,3,0.9327272772789001,17.67748633148736,1.7045050601385217,0.0,0,5,0.8522063493728638,17.93922654064658,4.596104104469929,0.0,0,16,0.8564155697822571,8.050175728423715,-1.4778210317053173,0.0,2,8,0.9319114685058594,8.372424498104998,-1.8319162947761434,0.0,2,11,0.7515697479248047,12.895699629433604,1.637269143531208,0.0,0,13,0.8898623585700989,12.630824504137765,8.642025467913223,0.0,1,12,0.8079689741134644,12.830289954247617,5.5357519800042985,0.0,0,14,0.8802345991134644,17.64065863032752,7.223693257430659,0.0,1,4,0.8015016317367554,17.971636145021943,-1.095552637689282,0.0,1,10,0.777566134929657
1777470397,322516038,map,2.8446049055631972,1.5206667418235478,0.0,0,0,0.8232698440551758,2.9130171132697154,-1.4211973994343716,0.0,1,1,0.7978992462158203,7.856638395617165,5.504549157104006,0.0,0,2,0.8188988566398621,7.97325717951597,1.6217490214690176,0.0,0,3,0.9327197074890137,17.67775617528053,1.7049507112492508,0.0,0,5,0.8524940609931946,17.940244266008488,4.59705566814595,0.0,0,16,0.8564503788948059,8.050141378256273,-1.4777225297718037,0.0,2,8,0.9319389462471008,8.372424498104998,-1.8319162947761434,0.0,2,11,0.7504417300224304,12.89655914046713,1.6374088684842998,0.0,0,13,0.8900796175003052,12.630824504137765,8.642025467913223,0.0,1,12,0.8066654205322266,12.832170971492108,5.53661918063741,0.0,0,14,0.8805071711540222,17.642094800020747,7.224657173719398,0.0,1,4,0.802895724773407,17.971689575245847,-1.0958766646336995,0.0,1,10,0.7801433801651001
1777470397,422576650,map,2.8446049055631972,1.5206667418235478,0.0,0,0,0.8205676674842834,2.9130171132697154,-1.4211973994343716,0.0,1,1,0.7953607439994812,7.856638395617165,5.504549157104006,0.0,0,2,0.8162252306938171,7.974951221481109,1.6219036237548206,0.0,0,3,0.932701051235199,17.678216360952618,1.7058608936028063,0.0,0,5,0.8530476689338684,17.941795372852983,4.598957250874672,0.0,0,16,0.8565232753753662,8.050186934978237,-1.4767804238257967,0.0,2,8,0.9319899678230286,8.372424498104998,-1.8319162947761434,0.0,2,11,0.7481958270072937,12.898158878902674,1.6383118921043052,0.0,0,13,0.8904911279678345,12.630824504137765,8.642025467913223,0.0,1,12,0.8040709495544434,12.834822481248157,5.538687213243692,0.0,0,14,0.8810371160507202,17.645189759844797,7.226957352991012,0.0,1,4,0.805553674697876,17.9718406717575,-1.0962315785958254,0.0,1,10,0.7850201725959778
1777470397,522434717,map,2.8446049055631972,1.5206667418235478,0.0,0,0,0.8192232251167297,2.9130171132697154,-1.4211973994343716,0.0,1,1,0.7940976023674011,7.856638395617165,5.504549157104006,0.0,0,2,0.81489497423172,7.975880297598292,1.6219948118966478,0.0,0,3,0.9326906800270081,17.678493265247315,1.706196976194914,0.0,0,5,0.8533130288124084,17.942504993410015,4.5997803904745265,0.0,0,16,0.8565593957901001,8.050208855640221,-1.4763385047951016,0.0,2,8,0.9320133924484253,8.372424498104998,-1.8319162947761434,0.0,2,11,0.7470778822898865,12.899065712889396,1.6386598432459378,0.0,0,13,0.8906843662261963,12.630824504137765,8.642025467913223,0.0,1,12,0.8027799725532532,12.835975409959289,5.539599141879629,0.0,0,14,0.881291389465332,17.646411082424112,7.2284655393354225,0.0,1,4,0.806826114654541,17.971942748098858,-1.0962832733561445,0.0,1,10,0.7873280644416809,21.610895578035038,1.8177418625039856,0.0,0,17,0.6678552627563477
1777470397,624343510,map,2.8446049055631972,1.5206667418235478,0.0,0,0,0.8165474534034729,2.9130171132697154,-1.4211973994343716,0.0,1,1,0.7915831804275513,7.856638395617165,5.504549157104006,0.0,0,2,0.8122473359107971,7.97770494135589,1.6223022900840178,0.0,0,3,0.932670533657074,17.67905073836237,1.7069085411229588,0.0,0,5,0.853822648525238,17.943809797162043,4.601428923417279,0.0,0,16,0.8566301465034485,8.050160418178711,-1.4753795756405559,0.0,2,8,0.9320582747459412,8.372424498104998,-1.8319162947761434,0.0,2,11,0.7448520064353943,12.900815858054925,1.6393879546867554,0.0,0,13,0.8910506367683411,12.630824504137765,8.642025467913223,0.0,1,12,0.8002104163169861,12.838459310969462,5.541383716265776,0.0,0,14,0.8817715644836426,17.648142250627306,7.231310870457991,0.0,1,4,0.8092707991600037,17.972724666307837,-1.095950479842109,0.0,1,10,0.7916925549507141,21.619707747765386,1.819528365984416,0.0,0,17,0.6772869229316711
1777470397,722670902,map,2.8446049055631972,1.5206667418235478,0.0,0,0,0.8152161240577698,2.9130171132697154,-1.4211973994343716,0.0,1,1,0.7903319597244263,7.856638395617165,5.504549157104006,0.0,0,2,0.8109300136566162,7.978710485929565,1.6225758708867613,0.0,0,3,0.9326589107513428,17.679347755307884,1.7072977830948386,0.0,0,5,0.8540670275688171,17.944480449094247,4.602263868137405,0.0,0,16,0.8566637635231018,8.050137960624905,-1.47483234276907,0.0,2,8,0.9320791959762573,8.372424498104998,-1.8319162947761434,0.0,2,11,0.7437440752983093,12.901732579635102,1.63981023965612,0.0,0,13,0.891223132610321,12.630824504137765,8.642025467913223,0.0,1,12,0.7989317774772644,12.839838621944203,5.542309466083336,0.0,0,14,0.8819971084594727,17.649505107996063,7.232390297637268,0.0,1,4,0.8104342818260193,17.973070623171104,-1.095948082916361,0.0,1,10,0.7937620282173157,21.6239049077051,1.820404751775096,0.0,0,17,0.6817481517791748
1777470397,822640718,map,2.8446049055631972,1.5206667418235478,0.0,0,0,0.8125664591789246,2.9130171132697154,-1.4211973994343716,0.0,1,1,0.7878413796424866,7.856638395617165,5.504549157104006,0.0,0,2,0.8083080649375916,7.980817674847724,1.621460046879793,0.0,0,3,0.9326398372650146,17.680056813776204,1.7057976366418681,0.0,0,5,0.8545379638671875,17.946723115778244,4.601844408014586,0.0,0,16,0.8567235469818115,8.049754277456046,-1.4755338410213281,0.0,2,8,0.9321179986000061,8.372424498104998,-1.8319162947761434,0.0,2,11,0.7415379881858826,12.90389621469189,1.6385481205158,0.0,0,13,0.8915483355522156,12.630824504137765,8.642025467913223,0.0,1,12,0.7963867783546448,12.843959192530379,5.542146918092063,0.0,0,14,0.882418155670166,17.65190376636466,7.234607098140245,0.0,1,4,0.8126651048660278,17.973749106580556,-1.0959885013852264,0.0,1,10,0.7976902723312378,21.632206385286825,1.8172224560260621,0.0,0,17,0.6902037858963013
1777470397,924352622,map,2.8446049055631972,1.5206667418235478,0.0,0,0,0.8099339604377747,2.9130171132697154,-1.4211973994343716,0.0,1,1,0.7853663563728333,7.856638395617165,5.504549157104006,0.0,0,2,0.8057030439376831,7.98245736990758,1.6187789781100053,0.0,0,3,0.9326328039169312,17.6806694298641,1.7044790888678454,0.0,0,5,0.8549855351448059,17.948959017182,4.601589874292309,0.0,0,16,0.8567793965339661,8.048878062089917,-1.4779064888515057,0.0,2,8,0.9321556091308594,8.372424498104998,-1.8319162947761434,0.0,2,11,0.7393450140953064,12.906152888699058,1.6367350511890553,0.0,0,13,0.8918498754501343,12.630824504137765,8.642025467913223,0.0,1,12,0.7938578724861145,12.848027996206511,5.541420222797635,0.0,0,14,0.8828140497207642,17.654744914526788,7.235407140262923,0.0,1,4,0.8147709965705872,17.97418503349602,-1.0965719650299706,0.0,1,10,0.8013604879379272,21.640338234059918,1.8155339252380882,0.0,0,17,0.6980736255645752
1777470398,22688735,map,2.8446049055631972,1.5206667418235478,0.0,0,0,0.8086240887641907,2.9130171132697154,-1.4211973994343716,0.0,1,1,0.7841346859931946,7.856638395617165,5.504549157104006,0.0,0,2,0.8044068217277527,7.982958449642131,1.6177374223481094,0.0,0,3,0.9326331615447998,17.68087737007914,1.704137293833021,0.0,0,5,0.8552014231681824,17.94990081821453,4.601740870836008,0.0,0,16,0.8568074107170105,8.048589921112951,-1.478783498478733,0.0,2,8,0.9321717023849487,8.372424498104998,-1.8319162947761434,0.0,2,11,0.7382533550262451,12.907151455573212,1.636198613101083,0.0,0,13,0.8919935822486877,12.630824504137765,8.642025467913223,0.0,1,12,0.7925994396209717,12.849827059448081,5.541415770322101,0.0,0,14,0.883002758026123,17.656163460463038,7.235640241124958,0.0,1,4,0.8157799243927002,17.974353660637025,-1.0969837566271026,0.0,1,10,0.803104817867279,21.64435272267136,1.8153018683507303,0.0,0,17,0.7018052339553833
1777470398,122449425,map,2.8446049055631972,1.5206667418235478,0.0,0,0,0.8060170412063599,2.9130171132697154,-1.4211973994343716,0.0,1,1,0.7816829085350037,7.856638395617165,5.504549157104006,0.0,0,2,0.8018268346786499,7.984347621755829,1.6160566753694108,0.0,0,3,0.9326264262199402,17.681264953527084,1.7037810679856007,0.0,0,5,0.8556163907051086,17.9516986188869,4.6023127469540395,0.0,0,16,0.8568612337112427,8.0485430668733,-1.4799165480613934,0.0,2,8,0.9321953654289246,8.372424498104998,-1.8319162947761434,0.0,2,11,0.7360796928405762,12.909189280429542,1.6356192454498957,0.0,0,13,0.8922640085220337,12.630824504137765,8.642025467913223,0.0,1,12,0.7900945544242859,12.852989684186369,5.541988849884039,0.0,0,14,0.8833631873130798,17.65882332325329,7.236695798329644,0.0,1,4,0.8177117705345154,17.97475200361161,-1.09787350864105,0.0,1,10,0.8064215779304504,21.652605042698454,1.8153164694190902,0.0,0,17,0.7088868618011475
1777470398,222260061,map,2.8446049055631972,1.5206667418235478,0.0,0,0,0.8047198057174683,2.9130171132697154,-1.4211973994343716,0.0,1,1,0.7804628014564514,7.856638395617165,5.504549157104006,0.0,0,2,0.8005430698394775,7.985703957401156,1.6148976693380603,0.0,0,3,0.9326139688491821,17.681460357586484,1.703517064124406,0.0,0,5,0.8558158874511719,17.952596689875854,4.60251016304868,0.0,0,16,0.8568872213363647,8.04848483733668,-1.480580885153504,0.0,2,8,0.9322064518928528,8.372424498104998,-1.8319162947761434,0.0,2,11,0.7349976897239685,12.910238636399797,1.6352236776772588,0.0,0,13,0.892391562461853,12.630824504137765,8.642025467913223,0.0,1,12,0.7888480424880981,12.854496708370101,5.5422615183451835,0.0,0,14,0.8835350871086121,17.66023370010673,7.237137878123266,0.0,1,4,0.8186362385749817,17.974954812741736,-1.0982716090305191,0.0,1,10,0.8079990744590759,21.656925060192417,1.8152269746749279,0.0,0,17,0.7122468948364258
1777470398,322418879,map,2.8446049055631972,1.5206667418235478,0.0,0,0,0.8021378517150879,2.9130171132697154,-1.4211973994343716,0.0,1,1,0.7780338525772095,7.856638395617165,5.504549157104006,0.0,0,2,0.7979877591133118,7.991796242037865,1.6119450197490897,0.0,0,3,0.9325407147407532,17.681832298383362,1.7029855403067982,0.0,0,5,0.8561995625495911,17.954353987658635,4.602869117976412,0.0,0,16,0.8569375872612,8.04837297631041,-1.4819006634399137,0.0,2,8,0.9322267770767212,8.372424498104998,-1.8319162947761434,0.0,2,11,0.7328431010246277,12.912400702166078,1.6344221282153486,0.0,0,13,0.8926318883895874,12.630824504137765,8.642025467913223,0.0,1,12,0.7863667011260986,12.857389294416954,5.542708740275065,0.0,0,14,0.8838634490966797,17.66298952170805,7.237993807919089,0.0,1,4,0.8204092383384705,17.975274239625005,-1.0991275501454485,0.0,1,10,0.8110042214393616,21.665967913447044,1.8151263586016082,0.0,0,17,0.7186301946640015
1777470398,422461957,map,2.8446049055631972,1.5206667418235478,0.0,0,0,0.8008530139923096,2.9130171132697154,-1.4211973994343716,0.0,1,1,0.7768250703811646,7.856638395617165,5.504549157104006,0.0,0,2,0.7967162132263184,7.996697292974774,1.6102035897008777,0.0,0,3,0.9324778318405151,17.68201777568799,1.7026904147255042,0.0,0,5,0.8563839793205261,17.95522327453707,4.603009631994264,0.0,0,16,0.8569619059562683,8.048294679781472,-1.4825594481620668,0.0,2,8,0.9322364330291748,8.372424498104998,-1.8319162947761434,0.0,2,11,0.7317705750465393,12.913527168080604,1.6339994300699727,0.0,0,13,0.8927448391914368,12.630824504137765,8.642025467913223,0.0,1,12,0.7851319313049316,12.85880605793142,5.5429106570890605,0.0,0,14,0.8840196132659912,17.66436042170076,7.238373555395266,0.0,1,4,0.8212591409683228,17.97544443372635,-1.0995545655160728,0.0,1,10,0.8124348521232605,21.670718652910274,1.8150565866819652,0.0,0,17,0.7216624617576599
1777470398,522373434,map,2.8446049055631972,1.5206667418235478,0.0,0,0,0.798295795917511,2.9130171132697154,-1.4211973994343716,0.0,1,1,0.7744187116622925,7.856638395617165,5.504549157104006,0.0,0,2,0.7941852807998657,7.996697292974774,1.6102035897008777,0.0,0,3,0.9290127158164978,17.682383732456195,1.7021877805519008,0.0,0,5,0.8567384481430054,17.956925428015264,4.60335252095339,0.0,0,16,0.8570086359977722,8.048208077135653,-1.483628294131288,0.0,2,8,0.9322538375854492,8.372424498104998,-1.8319162947761434,0.0,2,11,0.7296348810195923,12.915853407463432,1.6332707986361752,0.0,0,13,0.8929570317268372,12.630824504137765,8.642025467913223,0.0,1,12,0.7826738953590393,12.861569991913855,5.54325373840111,0.0,0,14,0.8843172192573547,17.66709148817379,7.239221787747886,0.0,1,4,0.8228886127471924,17.975780749653172,-1.1004112030134783,0.0,1,10,0.8151617050170898,21.679860862893385,1.8150626927368536,0.0,0,17,0.7274443507194519
1777470398,623834432,map,2.8446049055631972,1.5206667418235478,0.0,0,0,0.7970232367515564,2.9130171132697154,-1.4211973994343716,0.0,1,1,0.7732211351394653,7.856638395617165,5.504549157104006,0.0,0,2,0.7929258346557617,7.996697292974774,1.6102035897008777,0.0,0,3,0.9272897839546204,17.68258023921415,1.7026215405843956,0.0,0,5,0.8569077253341675,17.957742807824463,4.604145705082983,0.0,0,16,0.8570293188095093,8.048238582436005,-1.483726889885253,0.0,2,8,0.9322619438171387,8.372424498104998,-1.8319162947761434,0.0,2,11,0.7285717129707336,12.917049807949274,1.6335365996222067,0.0,0,13,0.8930555582046509,12.630824504137765,8.642025467913223,0.0,1,12,0.7814506888389587,12.86294530307629,5.543466536774343,0.0,0,14,0.8844581842422485,17.668287450824796,7.239771140742364,0.0,1,4,0.8236714601516724,17.975940430011047,-1.1008038891807184,0.0,1,10,0.816461443901062,21.684221961779976,1.8162351284429168,0.0,0,17,0.7302005887031555
1777470398,722394522,map,2.8446049055631972,1.5206667418235478,0.0,0,0,0.7944903373718262,2.9130171132697154,-1.4211973994343716,0.0,1,1,0.7708370089530945,7.856638395617165,5.504549157104006,0.0,0,2,0.7904188632965088,7.996697292974774,1.6102035897008777,0.0,0,3,0.9238629937171936,17.683029397368674,1.7034330733728154,0.0,0,5,0.857232391834259,17.959408117272005,4.605654329069555,0.0,0,16,0.857068657875061,8.048490554574878,-1.483635631783634,0.0,2,8,0.9322747588157654,8.372424498104998,-1.8319162947761434,0.0,2,11,0.7264546155929565,12.919598857001132,1.6342428837445895,0.0,0,13,0.8932391405105591,12.630824504137765,8.642025467913223,0.0,1,12,0.7790156006813049,12.865723771197874,5.5439381380114146,0.0,0,14,0.8847249746322632,17.670918603661637,7.241912428895071,0.0,1,4,0.8251640200614929,17.976312115495293,-1.1014774497955788,0.0,1,10,0.8189402222633362,21.688450013951673,1.8174271655658398,0.0,0,17,0.7318002581596375
1777470398,822399443,map,2.8446049055631972,1.5206667418235478,0.0,0,0,0.7932299375534058,2.9130171132697154,-1.4211973994343716,0.0,1,1,0.7696504592895508,7.856638395617165,5.504549157104006,0.0,0,2,0.7891712784767151,7.996697292974774,1.6102035897008777,0.0,0,3,0.9221591353416443,17.683236809359375,1.7037288512711712,0.0,0,5,0.8573888540267944,17.9601905082244,4.606299429096602,0.0,0,16,0.8570883870124817,8.04863039313254,-1.4834481636919876,0.0,2,8,0.9322807788848877,8.372424498104998,-1.8319162947761434,0.0,2,11,0.7254006266593933,12.920863583076176,1.6345561975649778,0.0,0,13,0.8933258652687073,12.630824504137765,8.642025467913223,0.0,1,12,0.7778037786483765,12.867051147031534,5.544170426897651,0.0,0,14,0.8848522305488586,17.672109652168952,7.242909747019312,0.0,1,4,0.8258819580078125,17.976515536575867,-1.1017793577088248,0.0,1,10,0.8201223015785217,21.692563531107464,1.8182227851068882,0.0,0,17,0.734424889087677
1777470398,922311626,map,2.8446049055631972,1.5206667418235478,0.0,0,0,0.7907209992408752,2.9130171132697154,-1.4211973994343716,0.0,1,1,0.767288327217102,7.856638395617165,5.504549157104006,0.0,0,2,0.786687970161438,7.996697292974774,1.6102035897008777,0.0,0,3,0.9187701344490051,17.68365386142412,1.7041621609211828,0.0,0,5,0.8576897382736206,17.96172537155431,4.607425308702251,0.0,0,16,0.8571269512176514,8.048498296871562,-1.4833581302902323,0.0,2,8,0.9322971701622009,8.372424498104998,-1.8319162947761434,0.0,2,11,0.723301887512207,12.923409804969825,1.6350413146369371,0.0,0,13,0.89348965883255,12.630824504137765,8.642025467913223,0.0,1,12,0.7753913402557373,12.869647727094438,5.544774882755317,0.0,0,14,0.8850936889648438,17.674305776080054,7.244693817770029,0.0,1,4,0.8272636532783508,17.976875753205487,-1.1022277648663823,0.0,1,10,0.8223800659179688,21.700448291999415,1.8194882754494603,0.0,0,17,0.73944091796875
1777470399,22666282,map,2.8446049055631972,1.5206667418235478,0.0,0,0,0.7894725203514099,2.9130171132697154,-1.4211973994343716,0.0,1,1,0.7661126255989075,7.856638395617165,5.504549157104006,0.0,0,2,0.785452127456665,7.996697292974774,1.6102035897008777,0.0,0,3,0.9170849323272705,17.683883925727578,1.704300627605439,0.0,0,5,0.8578341603279114,17.962550525754448,4.607905722569221,0.0,0,16,0.857144832611084,8.048212207298626,-1.4835050164837933,0.0,2,8,0.9323074817657471,8.372424498104998,-1.8319162947761434,0.0,2,11,0.7222570776939392,12.924712419251874,1.6351901473748223,0.0,0,13,0.8935665488243103,12.630824504137765,8.642025467913223,0.0,1,12,0.7741907835006714,12.870892944770873,5.545081575300224,0.0,0,14,0.8852088451385498,17.675611534698245,7.2454697392827665,0.0,1,4,0.827924370765686,17.977053431983308,-1.102418442785505,0.0,1,10,0.8234578967094421,21.70425590164662,1.8199892081952713,0.0,0,17,0.7418376207351685
1777470399,122378061,map,2.8446049055631972,1.5206667418235478,0.0,0,0,0.7869873046875,2.9130171132697154,-1.4211973994343716,0.0,1,1,0.7637721300125122,7.856638395617165,5.504549157104006,0.0,0,2,0.7829921245574951,7.996697292974774,1.6102035897008777,0.0,0,3,0.9137330651283264,17.684332494986467,1.704625580921184,0.0,0,5,0.8581119775772095,17.964171268845092,4.608896433934151,0.0,0,16,0.8571792244911194,8.047601349212158,-1.483597563692418,0.0,2,8,0.932327926158905,8.372424498104998,-1.8319162947761434,0.0,2,11,0.7201764583587646,12.927307237543898,1.6355488825005493,0.0,0,13,0.8937116861343384,12.630824504137765,8.642025467913223,0.0,1,12,0.771800696849823,12.873311785711492,5.545771915216917,0.0,0,14,0.885427713394165,17.67843885622901,7.247030888812506,0.0,1,4,0.8291898965835571,17.977365879520505,-1.1027212904576498,0.0,1,10,0.825518012046814,21.71153782687904,1.8210062468329056,0.0,0,17,0.7464231252670288,13.220798702644963,-1.237645887806341,0.0,2,15,0.6844391822814941
1777470399,222766934,map,2.8446049055631972,1.5206667418235478,0.0,0,0,0.7857505679130554,2.9130171132697154,-1.4211973994343716,0.0,1,1,0.762607216835022,7.856638395617165,5.504549157104006,0.0,0,2,0.7817679047584534,7.996697292974774,1.6102035897008777,0.0,0,3,0.9120662808418274,17.684585731116343,1.7046223839403414,0.0,0,5,0.858245313167572,17.96505047673841,4.609229994999114,0.0,0,16,0.857195258140564,8.047344214487334,-1.4836501333945225,0.0,2,8,0.9323368072509766,8.372424498104998,-1.8319162947761434,0.0,2,11,0.7191406488418579,12.928652837407173,1.6355484914910443,0.0,0,13,0.8937796354293823,12.630824504137765,8.642025467913223,0.0,1,12,0.7706111669540405,12.874501569147093,5.546113268188727,0.0,0,14,0.8855317831039429,17.680238693503902,7.24761377163264,0.0,1,4,0.8297930955886841,17.97752737752526,-1.1028556466254043,0.0,1,10,0.8265020847320557,21.715066390170513,1.8212585927977505,0.0,0,17,0.748616635799408,13.220798702644963,-1.237645887806341,0.0,2,15,0.6835035681724548
1777470399,325837522,map,2.8446049055631972,1.5206667418235478,0.0,0,0,0.7832886576652527,2.9130171132697154,-1.4211973994343716,0.0,1,1,0.7602880001068115,7.856638395617165,5.504549157104006,0.0,0,2,0.779330849647522,7.996697292974774,1.6102035897008777,0.0,0,3,0.9087508916854858,17.68507192390342,1.7046826928134697,0.0,0,5,0.8585018515586853,17.966726663807094,4.60994427375332,0.0,0,16,0.857226550579071,8.046793029655953,-1.4837227310328556,0.0,2,8,0.9323540925979614,8.372424498104998,-1.8319162947761434,0.0,2,11,0.7170779705047607,12.931332963315095,1.6355683525181852,0.0,0,13,0.8939078450202942,12.630824504137765,8.642025467913223,0.0,1,12,0.7682430744171143,12.876804243082818,5.5467744116215965,0.0,0,14,0.8857302069664001,17.683442140932282,7.2487675488977485,0.0,1,4,0.8309568166732788,17.977821540254,-1.1031175585584974,0.0,1,10,0.8283839821815491,21.721809126880633,1.821865345866203,0.0,0,17,0.7528178095817566,13.217854225103862,-1.2394555681968606,0.0,2,15,0.6954402923583984
1777470399,422850150,map,2.8446049055631972,1.5206667418235478,0.0,0,0,0.7820634841918945,2.9130171132697154,-1.4211973994343716,0.0,1,1,0.7591336369514465,7.856638395617165,5.504549157104006,0.0,0,2,0.7781180739402771,7.996697292974774,1.6102035897008777,0.0,0,3,0.9071022868156433,17.685335779165065,1.7042488090671226,0.0,0,5,0.8586255311965942,17.967585459344697,4.609859184990371,0.0,0,16,0.8572426438331604,8.046640926696336,-1.4838218008627153,0.0,2,8,0.9323601722717285,8.372424498104998,-1.8319162947761434,0.0,2,11,0.7160510420799255,12.932723465153869,1.6352252248288384,0.0,0,13,0.8939680457115173,12.630824504137765,8.642025467913223,0.0,1,12,0.7670645117759705,12.877981376029224,5.547069637911913,0.0,0,14,0.8858241438865662,17.685236761665003,7.248905233576912,0.0,1,4,0.8315153121948242,17.978013227318304,-1.1032595658406104,0.0,1,10,0.8292828798294067,21.72505582441886,1.821321823008789,0.0,0,17,0.7548307180404663,13.217854225103862,-1.2394555681968606,0.0,2,15,0.6944743394851685
1777470399,522424618,map,2.8446049055631972,1.5206667418235478,0.0,0,0,0.7796246409416199,2.9130171132697154,-1.4211973994343716,0.0,1,1,0.7568355202674866,7.856638395617165,5.504549157104006,0.0,0,2,0.7757036685943604,7.996697292974774,1.6102035897008777,0.0,0,3,0.9038228392601013,17.685794375099384,1.7039677399390196,0.0,0,5,0.8588634729385376,17.96912399989727,4.610227454513157,0.0,0,16,0.8572738170623779,8.046191817409337,-1.483968990229355,0.0,2,8,0.9323738813400269,8.372424498104998,-1.8319162947761434,0.0,2,11,0.7140059471130371,12.935393445665566,1.635056264870528,0.0,0,13,0.8940821290016174,12.630824504137765,8.642025467913223,0.0,1,12,0.7647181749343872,12.880193280085875,5.5476560941595485,0.0,0,14,0.8860040903091431,17.68851878941961,7.249764435411569,0.0,1,4,0.8325891494750977,17.978330773125112,-1.1035467484847064,0.0,1,10,0.8310035467147827,21.73124295012125,1.8212133358643177,0.0,0,17,0.7586888670921326,13.217854225103862,-1.2394555681968606,0.0,2,15,0.6925504803657532
1777470399,624001184,map,2.8446049055631972,1.5206667418235478,0.0,0,0,0.7784109115600586,2.9130171132697154,-1.4211973994343716,0.0,1,1,0.755691647529602,7.856638395617165,5.504549157104006,0.0,0,2,0.7745020985603333,7.996697292974774,1.6102035897008777,0.0,0,3,0.9021919965744019,17.686031824348007,1.7040038181318258,0.0,0,5,0.8589774966239929,17.969892290410417,4.610570895882982,0.0,0,16,0.857288122177124,8.045975550834944,-1.4840055855206313,0.0,2,8,0.9323802590370178,8.372424498104998,-1.8319162947761434,0.0,2,11,0.7129877805709839,12.936742662284756,1.6351061776947606,0.0,0,13,0.8941352963447571,12.630824504137765,8.642025467913223,0.0,1,12,0.763550341129303,12.881280388336641,5.547955018191293,0.0,0,14,0.8860896229743958,17.690139171263915,7.2503575500137805,0.0,1,4,0.8331041932106018,17.97847936600033,-1.1036720470133354,0.0,1,10,0.8318267464637756,21.73423284291873,1.8214810379103517,0.0,0,17,0.7605374455451965,13.217854225103862,-1.2394555681968606,0.0,2,15,0.6915925741195679
1777470399,722385356,map,2.8446049055631972,1.5206667418235478,0.0,0,0,0.7759947180747986,2.9130171132697154,-1.4211973994343716,0.0,1,1,0.7534142136573792,7.856638395617165,5.504549157104006,0.0,0,2,0.772110104560852,7.996697292974774,1.6102035897008777,0.0,0,3,0.8989478945732117,17.686470006482935,1.7043266258643013,0.0,0,5,0.8591969609260559,17.971347780029266,4.611484253217037,0.0,0,16,0.8573156595230103,8.045471548254968,-1.484103743851785,0.0,2,8,0.9323933124542236,8.372424498104998,-1.8319162947761434,0.0,2,11,0.7109602093696594,12.93937197479472,1.6354426223622969,0.0,0,13,0.8942358493804932,12.630824504137765,8.642025467913223,0.0,1,12,0.7612254023551941,12.883325139905802,5.548526545728285,0.0,0,14,0.8862535953521729,17.693215731346925,7.251760885036576,0.0,1,4,0.8340948224067688,17.995911874337363,-1.1108834669712848,0.0,1,10,0.8309583067893982,21.739963710732532,1.822393364796479,0.0,0,17,0.7640838623046875,13.217305888587278,-1.2395406886383402,0.0,2,15,0.7146381139755249,22.460935020163557,4.4754264570455575,0.0,0,20,0.668839693069458
1777470399,822491299,map,2.8446049055631972,1.5206667418235478,0.0,0,0,0.7747922539710999,2.9130171132697154,-1.4211973994343716,0.0,1,1,0.7522807121276855,7.856638395617165,5.504549157104006,0.0,0,2,0.770919680595398,7.996697292974774,1.6102035897008777,0.0,0,3,0.8973345756530762,17.686713531933552,1.7045461663235653,0.0,0,5,0.8593021035194397,17.97208689707329,4.611990474753929,0.0,0,16,0.857328474521637,8.045294924994867,-1.4840821723402047,0.0,2,8,0.9323984980583191,8.372424498104998,-1.8319162947761434,0.0,2,11,0.7099506855010986,12.94070719016526,1.6356846631712012,0.0,0,13,0.8942826390266418,12.630824504137765,8.642025467913223,0.0,1,12,0.7600682377815247,12.884365747270003,5.548844062201336,0.0,0,14,0.8863309025764465,17.694726447286563,7.252498707648873,0.0,1,4,0.8345708250999451,17.995911874337363,-1.1108834669712848,0.0,1,10,0.8295796513557434,21.74276613671806,1.822900478908094,0.0,0,17,0.7657843232154846,13.217305888587278,-1.2395406886383402,0.0,2,15,0.7136181592941284,22.462822680253467,4.476421909237547,0.0,0,20,0.6730753183364868
1777470399,922688053,map,2.8446049055631972,1.5206667418235478,0.0,0,0,0.7723984718322754,2.9130171132697154,-1.4211973994343716,0.0,1,1,0.7500237822532654,7.856638395617165,5.504549157104006,0.0,0,2,0.7685496807098389,7.996697292974774,1.6102035897008777,0.0,0,3,0.89412522315979,17.68713525894548,1.7050025350197024,0.0,0,5,0.8595050573348999,17.973474958211916,4.613012700037691,0.0,0,16,0.8573538064956665,8.044823350755431,-1.484042775023667,0.0,2,8,0.9324100613594055,8.372424498104998,-1.8319162947761434,0.0,2,11,0.7079402804374695,12.943274879265795,1.636222511724714,0.0,0,13,0.8943718671798706,12.630824504137765,8.642025467913223,0.0,1,12,0.757764458656311,12.88630284691626,5.549464888692827,0.0,0,14,0.8864794373512268,17.69767360719513,7.25394496063043,0.0,1,4,0.835486888885498,17.995911874337363,-1.1108834669712848,0.0,1,10,0.8268359303474426,21.748128981053174,1.8238830436006206,0.0,0,17,0.7690500020980835,13.217305888587278,-1.2395406886383402,0.0,2,15,0.7115869522094727,22.466320760597526,4.478306483926097,0.0,0,20,0.681133508682251
1777470400,22722856,map,2.8446049055631972,1.5206667418235478,0.0,0,0,0.7712070941925049,2.9130171132697154,-1.4211973994343716,0.0,1,1,0.7489004135131836,7.856638395617165,5.504549157104006,0.0,0,2,0.7673701643943787,7.996697292974774,1.6102035897008777,0.0,0,3,0.8925291895866394,17.687321569354964,1.7053173099491927,0.0,0,5,0.8596028089523315,17.97411545077675,4.613602962561905,0.0,0,16,0.8573662638664246,8.044537748181483,-1.483885408534898,0.0,2,8,0.9324166774749756,8.372424498104998,-1.8319162947761434,0.0,2,11,0.7069393396377563,12.94451919704223,1.6366026377443734,0.0,0,13,0.8944141268730164,12.630824504137765,8.642025467913223,0.0,1,12,0.7566177845001221,12.887216811148267,5.549848751729568,0.0,0,14,0.8865500688552856,17.69912343680829,7.254748484132303,0.0,1,4,0.83592689037323,17.995911874337363,-1.1108834669712848,0.0,1,10,0.8254708647727966,21.750697726089356,1.8244595416744165,0.0,0,17,0.7706179022789001,13.217305888587278,-1.2395406886383402,0.0,2,15,0.7105756998062134,22.467911848049326,4.479342976022299,0.0,0,20,0.6849678754806519
1777470400,122699886,map,2.8446049055631972,1.5206667418235478,0.0,0,0,0.7688353657722473,2.9130171132697154,-1.4211973994343716,0.0,1,1,0.7466636896133423,7.856638395617165,5.504549157104006,0.0,0,2,0.7650219202041626,7.996697292974774,1.6102035897008777,0.0,0,3,0.8893541097640991,17.687740706086473,1.705828387554831,0.0,0,5,0.8597904443740845,17.9754487215556,4.61466497719163,0.0,0,16,0.8573896884918213,8.044066393071827,-1.4836693185502472,0.0,2,8,0.9324274659156799,8.372424498104998,-1.8319162947761434,0.0,2,11,0.7049459218978882,12.947060068954272,1.637270062488732,0.0,0,13,0.8944928050041199,12.630824504137765,8.642025467913223,0.0,1,12,0.7543348073959351,12.903707703648966,5.554234658270223,0.0,0,14,0.8848119378089905,17.702118251411374,7.256199093353036,0.0,1,4,0.8367724418640137,17.995911874337363,-1.1108834669712848,0.0,1,10,0.8227542042732239,21.755726326996218,1.8254305963856727,0.0,0,17,0.7736295461654663,13.217305888587278,-1.2395406886383402,0.0,2,15,0.7085617780685425,22.471171985330052,4.481115871476945,0.0,0,20,0.6922692656517029
1777470400,222230925,map,2.8446049055631972,1.5206667418235478,0.0,0,0,0.7676550149917603,2.9130171132697154,-1.4211973994343716,0.0,1,1,0.7455503344535828,7.856638395617165,5.504549157104006,0.0,0,2,0.7638531923294067,7.996697292974774,1.6102035897008777,0.0,0,3,0.8877750039100647,17.687961715019753,1.706137595568507,0.0,0,5,0.8598803877830505,17.97610119018352,4.615239153904211,0.0,0,16,0.8574008345603943,8.043895803265018,-1.483426932645555,0.0,2,8,0.9324319958686829,8.372424498104998,-1.8319162947761434,0.0,2,11,0.7039534449577332,12.94834498208271,1.6376609464312273,0.0,0,13,0.894529402256012,12.630824504137765,8.642025467913223,0.0,1,12,0.7531984448432922,12.903707703648966,5.554234658270223,0.0,0,14,0.8832489252090454,17.7035518698769,7.256972416440403,0.0,1,4,0.8371793031692505,17.995911874337363,-1.1108834669712848,0.0,1,10,0.8214026093482971,21.758174628011908,1.825972331227857,0.0,0,17,0.7750759720802307,13.217305888587278,-1.2395406886383402,0.0,2,15,0.7075590491294861,22.472718520301367,4.482047094802136,0.0,0,20,0.6957480311393738
1777470400,322414281,map,2.8446049055631972,1.5206667418235478,0.0,0,0,0.7653050422668457,2.9130171132697154,-1.4211973994343716,0.0,1,1,0.7433335781097412,7.856638395617165,5.504549157104006,0.0,0,2,0.7615264654159546,7.996697292974774,1.6102035897008777,0.0,0,3,0.8846336007118225,17.688482464419817,1.7065836061734316,0.0,0,5,0.8600525259971619,17.97753888728575,4.616212995369837,0.0,0,16,0.8574208617210388,8.043747787938779,-1.483014933406487,0.0,2,8,0.932437539100647,8.372424498104998,-1.8319162947761434,0.0,2,11,0.7019767761230469,12.9510371178484,1.6382560503927102,0.0,0,13,0.8945964574813843,12.630824504137765,8.642025467913223,0.0,1,12,0.7509360313415527,12.903707703648966,5.554234658270223,0.0,0,14,0.8801394104957581,17.7066841543906,7.258300052395023,0.0,1,4,0.8379594087600708,17.995911874337363,-1.1108834669712848,0.0,1,10,0.8187126517295837,21.763005759981528,1.826830752008297,0.0,0,17,0.7778556942939758,13.217305888587278,-1.2395406886383402,0.0,2,15,0.705562174320221,22.47599431487984,4.483534601827009,0.0,0,20,0.7023804187774658
1777470400,422334964,map,2.8446049055631972,1.5206667418235478,0.0,0,0,0.7641354203224182,2.9130171132697154,-1.4211973994343716,0.0,1,1,0.7422301173210144,7.856638395617165,5.504549157104006,0.0,0,2,0.7603683471679688,7.996697292974774,1.6102035897008777,0.0,0,3,0.8830711841583252,17.688742998678535,1.7068358285076535,0.0,0,5,0.8601352572441101,17.97825054585073,4.616720606069674,0.0,0,16,0.8574303388595581,8.04368456585852,-1.48274617814644,0.0,2,8,0.9324401617050171,8.372424498104998,-1.8319162947761434,0.0,2,11,0.7009926438331604,12.952385258452294,1.6385804970735285,0.0,0,13,0.8946277499198914,12.630824504137765,8.642025467913223,0.0,1,12,0.7498099207878113,12.903707703648966,5.554234658270223,0.0,0,14,0.878592848777771,17.70823561073818,7.258977597820814,0.0,1,4,0.8383345007896423,17.995911874337363,-1.1108834669712848,0.0,1,10,0.8173742294311523,21.765352161112574,1.827288720186327,0.0,0,17,0.7791917324066162,13.217305888587278,-1.2395406886383402,0.0,2,15,0.7045679092407227,22.477594964190008,4.484293039123013,0.0,0,20,0.7055442929267883
1777470400,522374678,map,2.8446049055631972,1.5206667418235478,0.0,0,0,0.7618069648742676,2.9130171132697154,-1.4211973994343716,0.0,1,1,0.7400330305099487,7.856638395617165,5.504549157104006,0.0,0,2,0.7580627202987671,7.996697292974774,1.6102035897008777,0.0,0,3,0.8799629211425781,17.689236175247178,1.7071211371713417,0.0,0,5,0.8602949976921082,17.979677816055073,4.617518978896157,0.0,0,16,0.8574488759040833,8.043447894604316,-1.482265850573733,0.0,2,8,0.9324465990066528,8.372424498104998,-1.8319162947761434,0.0,2,11,0.6990325450897217,12.955050714033275,1.6389837618822025,0.0,0,13,0.8946869969367981,12.630824504137765,8.642025467913223,0.0,1,12,0.7475677728652954,12.903707703648966,5.554234658270223,0.0,0,14,0.8755159378051758,17.71134102125221,7.260074244245355,0.0,1,4,0.8390571475028992,17.995911874337363,-1.1108834669712848,0.0,1,10,0.8147105574607849,21.76995979825213,1.8279332455883393,0.0,0,17,0.7817614674568176,13.217305888587278,-1.2395406886383402,0.0,2,15,0.7025878429412842,22.48080695192416,4.485413474662532,0.0,0,20,0.7115873694419861
1777470400,625699152,map,2.8446049055631972,1.5206667418235478,0.0,0,0,0.7594925761222839,2.9130171132697154,-1.4211973994343716,0.0,1,1,0.7378488779067993,7.856638395617165,5.504549157104006,0.0,0,2,0.7557710409164429,7.996697292974774,1.6102035897008777,0.0,0,3,0.8768764138221741,17.689686939676392,1.7072108890732867,0.0,0,5,0.860447347164154,17.98103429651768,4.618123298450442,0.0,0,16,0.8574675917625427,8.043122384279245,-1.481816399622553,0.0,2,8,0.9324539303779602,8.372424498104998,-1.8319162947761434,0.0,2,11,0.6970834136009216,12.957672330372331,1.639210778833667,0.0,0,13,0.894741952419281,12.630824504137765,8.642025467913223,0.0,1,12,0.745339035987854,12.903707703648966,5.554234658270223,0.0,0,14,0.8724605441093445,17.71432247840084,7.2609503116971075,0.0,1,4,0.8397457599639893,17.995911874337363,-1.1108834669712848,0.0,1,10,0.8120641708374023,21.774463859802783,1.8283229026490317,0.0,0,17,0.7842013239860535,13.217305888587278,-1.2395406886383402,0.0,2,15,0.7006188631057739,22.483633072934403,4.486389750305345,0.0,0,20,0.7172806859016418
1777470400,722593572,map,2.8446049055631972,1.5206667418235478,0.0,0,0,0.7583406567573547,2.9130171132697154,-1.4211973994343716,0.0,1,1,0.7367616295814514,7.856638395617165,5.504549157104006,0.0,0,2,0.7546303868293762,7.996697292974774,1.6102035897008777,0.0,0,3,0.8753412961959839,17.68990873809866,1.7070574296816101,0.0,0,5,0.8605209589004517,17.981694703884944,4.6182310931343045,0.0,0,16,0.8574773073196411,8.04304849794339,-1.4816024692282252,0.0,2,8,0.9324560165405273,8.372424498104998,-1.8319162947761434,0.0,2,11,0.6961129307746887,12.958966779182232,1.6391548215866372,0.0,0,13,0.8947681188583374,12.630824504137765,8.642025467913223,0.0,1,12,0.7442296147346497,12.903707703648966,5.554234658270223,0.0,0,14,0.8709408044815063,17.715785622814735,7.261179481909217,0.0,1,4,0.8400783538818359,17.995911874337363,-1.1108834669712848,0.0,1,10,0.8107473850250244,21.776653221296037,1.8282322588414492,0.0,0,17,0.7853755950927734,13.217305888587278,-1.2395406886383402,0.0,2,15,0.6996384859085083,22.48490219634945,4.486777022419749,0.0,0,20,0.7200046181678772
1777470400,822402256,map,2.8446049055631972,1.5206667418235478,0.0,0,0,0.7560473084449768,2.9130171132697154,-1.4211973994343716,0.0,1,1,0.7345967292785645,7.856638395617165,5.504549157104006,0.0,0,2,0.7523593902587891,7.996697292974774,1.6102035897008777,0.0,0,3,0.8722870945930481,17.69037957993856,1.7066694632048984,0.0,0,5,0.8606621623039246,17.98298569386449,4.618359092900205,0.0,0,16,0.857496440410614,8.044157828414619,-1.480943726722275,0.0,2,8,0.9324417114257812,8.372424498104998,-1.8319162947761434,0.0,2,11,0.6941800117492676,12.961570355697768,1.639031097108151,0.0,0,13,0.8948166370391846,12.630824504137765,8.642025467913223,0.0,1,12,0.7420206665992737,12.903707703648966,5.554234658270223,0.0,0,14,0.8679171800613403,17.718649924021435,7.261536428749429,0.0,1,4,0.8407195210456848,17.995911874337363,-1.1108834669712848,0.0,1,10,0.8081266283988953,21.780917594665056,1.8279427357391047,0.0,0,17,0.7876366972923279,13.217305888587278,-1.2395406886383402,0.0,2,15,0.697685956954956,22.488376746404896,4.486579689828475,0.0,0,20,0.7252042293548584
1777470400,922509778,map,2.8446049055631972,1.5206667418235478,0.0,0,0,0.7549058198928833,2.9130171132697154,-1.4211973994343716,0.0,1,1,0.7335190773010254,7.856638395617165,5.504549157104006,0.0,0,2,0.7512289881706238,7.996697292974774,1.6102035897008777,0.0,0,3,0.8707679510116577,17.69061306539292,1.7067804666923114,0.0,0,5,0.8607296943664551,17.98359208803019,4.6187140426509,0.0,0,16,0.8575050234794617,8.044985376348103,-1.4807098256639604,0.0,2,8,0.9324305653572083,8.372424498104998,-1.8319162947761434,0.0,2,11,0.6932175755500793,12.96285974534926,1.6392170000783308,0.0,0,13,0.8948389887809753,12.630824504137765,8.642025467913223,0.0,1,12,0.740921139717102,12.903707703648966,5.554234658270223,0.0,0,14,0.8664132356643677,17.720002635059448,7.262018098527418,0.0,1,4,0.8410273194313049,17.995911874337363,-1.1108834669712848,0.0,1,10,0.8068225979804993,21.78297519832084,1.8282364168511827,0.0,0,17,0.7887248992919922,13.217305888587278,-1.2395406886383402,0.0,2,15,0.6967138051986694,22.49029200264904,4.487146355182325,0.0,0,20,0.7276867628097534
1777470401,22376614,map,2.8446049055631972,1.5206667418235478,0.0,0,0,0.7526331543922424,2.9130171132697154,-1.4211973994343716,0.0,1,1,0.7313731908798218,7.856638395617165,5.504549157104006,0.0,0,2,0.7489783763885498,7.996697292974774,1.6102035897008777,0.0,0,3,0.867745578289032,17.691096203079475,1.7074738208748759,0.0,0,5,0.8608587384223938,17.984750922183604,4.619865630493371,0.0,0,16,0.857520580291748,8.04660648848724,-1.4801067766358211,0.0,2,8,0.9324100017547607,8.372424498104998,-1.8319162947761434,0.0,2,11,0.6913006901741028,12.965437772696536,1.6400510909830475,0.0,0,13,0.8948795795440674,12.630824504137765,8.642025467913223,0.0,1,12,0.7387317419052124,12.903707703648966,5.554234658270223,0.0,0,14,0.8634209036827087,17.72257080333681,7.263442031032549,0.0,1,4,0.8416188359260559,17.995911874337363,-1.1108834669712848,0.0,1,10,0.8042271733283997,21.786973903785128,1.8293938510234622,0.0,0,17,0.7908205986022949,13.216000244216255,-1.2402796270121752,0.0,2,15,0.7074484825134277,22.49400741207017,4.48872384834586,0.0,0,20,0.7324420809745789
1777470401,122566709,map,2.8446049055631972,1.5206667418235478,0.0,0,0,0.7515019774436951,2.9130171132697154,-1.4211973994343716,0.0,1,1,0.7303048968315125,7.856638395617165,5.504549157104006,0.0,0,2,0.7478581070899963,7.996697292974774,1.6102035897008777,0.0,0,3,0.8662422299385071,17.691364345162466,1.707808033847199,0.0,0,5,0.8609204292297363,17.985353086455504,4.6204249068565355,0.0,0,16,0.8575276732444763,8.04745598634437,-1.479775666831679,0.0,2,8,0.932399570941925,8.372424498104998,-1.8319162947761434,0.0,2,11,0.6903462409973145,12.96675603444235,1.6404983394921153,0.0,0,13,0.8948979377746582,12.630824504137765,8.642025467913223,0.0,1,12,0.7376419305801392,12.903707703648966,5.554234658270223,0.0,0,14,0.8619325160980225,17.7237560391212,7.2638889958922315,0.0,1,4,0.8419060707092285,17.995911874337363,-1.1108834669712848,0.0,1,10,0.8029356598854065,21.788939779996888,1.829925527294382,0.0,0,17,0.7918297648429871,13.216000244216255,-1.2402796270121752,0.0,2,15,0.7064489126205444,22.49622754479782,4.489761993022666,0.0,0,20,0.7347126603126526
1777470401,225599771,map,2.8446049055631972,1.5206667418235478,0.0,0,0,0.7492496967315674,2.9130171132697154,-1.4211973994343716,0.0,1,1,0.7281777262687683,7.856638395617165,5.504549157104006,0.0,0,2,0.7456276416778564,7.996697292974774,1.6102035897008777,0.0,0,3,0.8632510900497437,17.69191406472207,1.7086127559709638,0.0,0,5,0.8610386252403259,17.986493615407117,4.6216614239223075,0.0,0,16,0.8575413823127747,8.04919893741616,-1.4789697127732233,0.0,2,8,0.9323791265487671,8.372424498104998,-1.8319162947761434,0.0,2,11,0.6884451508522034,12.969399661425271,1.6415839237160847,0.0,0,13,0.8949313163757324,12.630824504137765,8.642025467913223,0.0,1,12,0.7354718446731567,12.903707703648966,5.554234658270223,0.0,0,14,0.8589709997177124,17.72619544078922,7.265367452633791,0.0,1,4,0.8424548506736755,17.995911874337363,-1.1108834669712848,0.0,1,10,0.8003650903701782,21.79277051316011,1.8311179391920787,0.0,0,17,0.7937744855880737,13.21607317570478,-1.239377908870031,0.0,2,15,0.7163203954696655,22.500226355339798,4.491204311426803,0.0,0,20,0.7390748262405396
1777470401,322748502,map,2.8446049055631972,1.5206667418235478,0.0,0,0,0.7481286525726318,2.9130171132697154,-1.4211973994343716,0.0,1,1,0.7271187901496887,7.856638395617165,5.504549157104006,0.0,0,2,0.7445173263549805,7.996697292974774,1.6102035897008777,0.0,0,3,0.8617632389068604,17.692205541947715,1.7089243800965532,0.0,0,5,0.8610953688621521,17.9871190565483,4.622190661371564,0.0,0,16,0.8575474619865417,8.050020209622462,-1.4785154673094096,0.0,2,8,0.932370126247406,8.372424498104998,-1.8319162947761434,0.0,2,11,0.6874985694885254,12.970738148591364,1.642045869316067,0.0,0,13,0.8949465751647949,12.630824504137765,8.642025467913223,0.0,1,12,0.7343916296958923,12.903707703648966,5.554234658270223,0.0,0,14,0.8574978709220886,17.727489353854615,7.266030250487671,0.0,1,4,0.842718243598938,17.995911874337363,-1.1108834669712848,0.0,1,10,0.7990859746932983,21.79465490226843,1.831593538988605,0.0,0,17,0.7947114706039429,13.21551695118768,-1.238655605365724,0.0,2,15,0.7263381481170654,22.502127468601365,4.491955464247835,0.0,0,20,0.7411674857139587
1777470401,424497832,map,2.8446049055631972,1.5206667418235478,0.0,0,0,0.7458965182304382,2.9130171132697154,-1.4211973994343716,0.0,1,1,0.7250101566314697,7.856638395617165,5.504549157104006,0.0,0,2,0.7423067092895508,7.996697292974774,1.6102035897008777,0.0,0,3,0.8588029146194458,17.69275591070223,1.7097158075638006,0.0,0,5,0.8612045645713806,17.988273523149086,4.623396163381227,0.0,0,16,0.8575595617294312,8.051554172044511,-1.4774853095145866,0.0,2,8,0.9323545694351196,8.372424498104998,-1.8319162947761434,0.0,2,11,0.6856130957603455,12.973361697478289,1.6431358867978176,0.0,0,13,0.8949750065803528,12.630824504137765,8.642025467913223,0.0,1,12,0.732240617275238,12.903707703648966,5.554234658270223,0.0,0,14,0.854566752910614,17.729866256354445,7.267500549582725,0.0,1,4,0.8432271480560303,17.995911874337363,-1.1108834669712848,0.0,1,10,0.7965399622917175,21.79830652466263,1.8327251307206567,0.0,0,17,0.7965181469917297,13.212981442196945,-1.2375780573097437,0.0,2,15,0.7441719174385071,22.50576906953972,4.493444293542945,0.0,0,20,0.7451855540275574,24.511939079653672,3.505475403192767,0.0,0,22,0.6687583923339844
1777470401,522452501,map,2.8446049055631972,1.5206667418235478,0.0,0,0,0.7447854280471802,2.9130171132697154,-1.4211973994343716,0.0,1,1,0.7239603996276855,7.856638395617165,5.504549157104006,0.0,0,2,0.7412062883377075,7.996697292974774,1.6102035897008777,0.0,0,3,0.857330322265625,17.693058826214386,1.7101018830843728,0.0,0,5,0.8612567186355591,17.98888744535952,4.623985611175916,0.0,0,16,0.8575647473335266,8.052338425854204,-1.47686972922117,0.0,2,8,0.9323469996452332,8.372424498104998,-1.8319162947761434,0.0,2,11,0.6846742630004883,12.974707493353879,1.6436739021713584,0.0,0,13,0.8949875235557556,12.630824504137765,8.642025467913223,0.0,1,12,0.7311698198318481,12.903707703648966,5.554234658270223,0.0,0,14,0.8531086444854736,17.731084268252882,7.268216447248578,0.0,1,4,0.8434716463088989,17.995911874337363,-1.1108834669712848,0.0,1,10,0.7952730059623718,21.800112916914976,1.8332696025779576,0.0,0,17,0.7973887324333191,13.212315746269022,-1.2365347993353564,0.0,2,15,0.752103865146637,22.507546770889167,4.494225096995666,0.0,0,20,0.7471139430999756,24.512698999562986,3.506452353831505,0.0,0,22,0.6722835898399353
1777470401,624978171,map,2.8446049055631972,1.5206667418235478,0.0,0,0,0.7425732016563416,2.9130171132697154,-1.4211973994343716,0.0,1,1,0.721869945526123,7.856638395617165,5.504549157104006,0.0,0,2,0.7390152812004089,7.996697292974774,1.6102035897008777,0.0,0,3,0.8544003367424011,17.693673496982466,1.710732644122725,0.0,0,5,0.8613569140434265,17.990186635756963,4.62502926300576,0.0,0,16,0.8575740456581116,8.05384541838644,-1.4757821996490623,0.0,2,8,0.9323328137397766,8.372424498104998,-1.8319162947761434,0.0,2,11,0.68280428647995,12.977409302482968,1.6445796401160577,0.0,0,13,0.8950105309486389,12.630824504137765,8.642025467913223,0.0,1,12,0.7290376424789429,12.903707703648966,5.554234658270223,0.0,0,14,0.8502073884010315,17.733796372616048,7.269491051859793,0.0,1,4,0.8439396023750305,17.995911874337363,-1.1108834669712848,0.0,1,10,0.7927511930465698,21.803654435441008,1.834208427720189,0.0,0,17,0.7990679144859314,13.210300429962755,-1.2357187579326014,0.0,2,15,0.7663547992706299,22.510949640763666,4.4957396540033026,0.0,0,20,0.7508198618888855,24.51414343590139,3.508124019766346,0.0,0,22,0.6790326237678528
1777470401,722709534,map,2.8446049055631972,1.5206667418235478,0.0,0,0,0.7414720058441162,2.9130171132697154,-1.4211973994343716,0.0,1,1,0.7208292484283447,7.856638395617165,5.504549157104006,0.0,0,2,0.7379245758056641,7.996697292974774,1.6102035897008777,0.0,0,3,0.8529428243637085,17.69396274107009,1.711124169725337,0.0,0,5,0.8614052534103394,17.990790913468015,4.62561795033242,0.0,0,16,0.857578694820404,8.054523952631122,-1.4751766688268422,0.0,2,8,0.9323272109031677,8.372424498104998,-1.8319162947761434,0.0,2,11,0.681873083114624,12.978727600798424,1.6451124424760641,0.0,0,13,0.8950212597846985,12.630824504137765,8.642025467913223,0.0,1,12,0.7279762029647827,12.903707703648966,5.554234658270223,0.0,0,14,0.8487641215324402,17.73507911821119,7.270186221859098,0.0,1,4,0.8441653251647949,17.995911874337363,-1.1108834669712848,0.0,1,10,0.7914962768554688,21.80537281800023,1.8347545302702108,0.0,0,17,0.7998777627944946,13.209681013731174,-1.2348928293305699,0.0,2,15,0.7727574110031128,22.51258177134389,4.496489953299369,0.0,0,20,0.7526004910469055,24.51476467519832,3.5090389745199255,0.0,0,22,0.682264506816864
1777470401,824945132,map,2.8446049055631972,1.5206667418235478,0.0,0,0,0.7392793893814087,2.9130171132697154,-1.4211973994343716,0.0,1,1,0.7187568545341492,7.856638395617165,5.504549157104006,0.0,0,2,0.7357528805732727,7.996697292974774,1.6102035897008777,0.0,0,3,0.8500426411628723,17.694507481742782,1.7115572858473531,0.0,0,5,0.8614989519119263,17.992006268283227,4.626452124231971,0.0,0,16,0.8575884103775024,8.055637431601546,-1.4740499388230313,0.0,2,8,0.9323195815086365,8.372424498104998,-1.8319162947761434,0.0,2,11,0.6800183653831482,12.981309555963161,1.6458337151984404,0.0,0,13,0.8950420618057251,12.630824504137765,8.642025467913223,0.0,1,12,0.7258625626564026,12.903707703648966,5.554234658270223,0.0,0,14,0.8458922505378723,17.737694761010886,7.271219100516449,0.0,1,4,0.844601035118103,17.995911874337363,-1.1108834669712848,0.0,1,10,0.7889983057975769,21.808694809382665,1.8354412366939192,0.0,0,17,0.8014413714408875,13.208360715285526,-1.2341856484416067,0.0,2,15,0.7843442559242249,22.51561524649635,4.49793565365308,0.0,0,20,0.7560263872146606,24.515887859660126,3.5102049819518837,0.0,0,22,0.6884609460830688
1777470401,922478631,map,2.8446049055631972,1.5206667418235478,0.0,0,0,0.7381879687309265,2.9130171132697154,-1.4211973994343716,0.0,1,1,0.7177250981330872,7.856638395617165,5.504549157104006,0.0,0,2,0.7346717715263367,7.996697292974774,1.6102035897008777,0.0,0,3,0.8485999703407288,17.694772408909984,1.7115508556388268,0.0,0,5,0.8615443706512451,17.992595846811263,4.626649852459026,0.0,0,16,0.857593834400177,8.05611313810562,-1.4735371742739947,0.0,2,8,0.9323168396949768,8.372424498104998,-1.8319162947761434,0.0,2,11,0.6790947914123535,12.982575755759559,1.6459779674199777,0.0,0,13,0.8950521945953369,12.630824504137765,8.642025467913223,0.0,1,12,0.7248103022575378,12.903707703648966,5.554234658270223,0.0,0,14,0.8444636464118958,17.73897550775852,7.271505846927097,0.0,1,4,0.8448121547698975,17.995911874337363,-1.1108834669712848,0.0,1,10,0.7877552509307861,21.81030603059129,1.8355192830517415,0.0,0,17,0.8021961450576782,13.207751798554757,-1.2343464445006205,0.0,2,15,0.7895952463150024,22.517044759293782,4.498607964070596,0.0,0,20,0.7576741576194763,24.516431989483234,3.510363594517189,0.0,0,22,0.69143146276474
1777470402,22379856,map,2.8446049055631972,1.5206667418235478,0.0,0,0,0.7360146641731262,2.9130171132697154,-1.4211973994343716,0.0,1,1,0.7156705260276794,7.856638395617165,5.504549157104006,0.0,0,2,0.7325191497802734,7.996697292974774,1.6102035897008777,0.0,0,3,0.8457292318344116,17.69543980969714,1.7109319059718318,0.0,0,5,0.8616306781768799,17.993908996359536,4.626470183179617,0.0,0,16,0.8576042652130127,8.057284482613534,-1.472614775898498,0.0,2,8,0.9323078393936157,8.372424498104998,-1.8319162947761434,0.0,2,11,0.6772550940513611,12.985255719438447,1.6455905185822997,0.0,0,13,0.8950696587562561,12.630824504137765,8.642025467913223,0.0,1,12,0.7227150201797485,12.903707703648966,5.554234658270223,0.0,0,14,0.8416207432746887,17.741684501915916,7.271491133553447,0.0,1,4,0.8452197909355164,17.995911874337363,-1.1108834669712848,0.0,1,10,0.7852808237075806,21.813591864563193,1.8350529665015631,0.0,0,17,0.8036519289016724,13.206943625133222,-1.2360553471941962,0.0,2,15,0.7991499304771423,22.521714423364035,4.499558816571174,0.0,0,20,0.7608162760734558,24.517934230241107,3.509864246767863,0.0,0,22,0.6971246004104614,22.343229633237048,7.316043069978408,0.0,1,23,0.6708177328109741
1777470402,122566334,map,2.8446049055631972,1.5206667418235478,0.0,0,0,0.7349328398704529,2.9130171132697154,-1.4211973994343716,0.0,1,1,0.7146475911140442,7.856638395617165,5.504549157104006,0.0,0,2,0.7314475178718567,7.996697292974774,1.6102035897008777,0.0,0,3,0.8443011045455933,17.695773322656752,1.710658078173661,0.0,0,5,0.861672043800354,17.994541683516125,4.626417558769137,0.0,0,16,0.8576093316078186,8.057864672941024,-1.4723221062985785,0.0,2,8,0.9323030114173889,8.372424498104998,-1.8319162947761434,0.0,2,11,0.6763389706611633,12.986588598956708,1.6453150834528114,0.0,0,13,0.8950777053833008,12.630824504137765,8.642025467913223,0.0,1,12,0.7216718792915344,12.903707703648966,5.554234658270223,0.0,0,14,0.8402064442634583,17.743003154770918,7.271520281421862,0.0,1,4,0.8454161882400513,17.995911874337363,-1.1108834669712848,0.0,1,10,0.7840494513511658,21.815188993998767,1.8349213699550226,0.0,0,17,0.8043544292449951,13.206570653913433,-1.2369716781872797,0.0,2,15,0.8035086989402771,22.524273162904333,4.499671058302624,0.0,0,20,0.7623246908187866,24.51883697573605,3.509844584176384,0.0,0,22,0.6998522877693176,22.343685906433326,7.3170292637104986,0.0,1,23,0.6747561693191528
1777470402,222316862,map,2.8446049055631972,1.5206667418235478,0.0,0,0,0.7327786684036255,2.9130171132697154,-1.4211973994343716,0.0,1,1,0.7126105427742004,7.856638395617165,5.504549157104006,0.0,0,2,0.7293137311935425,7.996697292974774,1.6102035897008777,0.0,0,3,0.841459333896637,17.69638825972788,1.710217675223292,0.0,0,5,0.8617521524429321,17.995704812270827,4.626410349832034,0.0,0,16,0.8576197624206543,8.058907274905193,-1.471929788153051,0.0,2,8,0.9322947263717651,8.372424498104998,-1.8319162947761434,0.0,2,11,0.6745141744613647,12.989160146960835,1.6448519259592589,0.0,0,13,0.8950932621955872,12.630824504137765,8.642025467913223,0.0,1,12,0.7195945978164673,12.903707703648966,5.554234658270223,0.0,0,14,0.8373921513557434,17.74550097888644,7.2716772223411255,0.0,1,4,0.8457956314086914,17.995911874337363,-1.1108834669712848,0.0,1,10,0.7815981507301331,21.81826186859796,1.8347822658168351,0.0,0,17,0.8057115077972412,13.205849782442346,-1.2384281139841529,0.0,2,15,0.8114954233169556,22.529065763589088,4.5003573505022265,0.0,0,20,0.7652305960655212,24.52083482564247,3.5100537513028742,0.0,0,22,0.7050856947898865,22.344503882681792,7.318743248857385,0.0,1,23,0.6822671294212341
1777470402,322592834,map,2.8446049055631972,1.5206667418235478,0.0,0,0,0.7317063212394714,2.9130171132697154,-1.4211973994343716,0.0,1,1,0.7115963697433472,7.856638395617165,5.504549157104006,0.0,0,2,0.7282514572143555,7.996697292974774,1.6102035897008777,0.0,0,3,0.8400456309318542,17.69664823902545,1.71009761631657,0.0,0,5,0.86179119348526,17.99620384340731,4.626497488333372,0.0,0,16,0.857625424861908,8.05934064955641,-1.4718437066474217,0.0,2,8,0.9322916269302368,8.372424498104998,-1.8319162947761434,0.0,2,11,0.6736054420471191,12.990371517736106,1.644739772908367,0.0,0,13,0.8951010704040527,12.630824504137765,8.642025467913223,0.0,1,12,0.7185604572296143,12.903707703648966,5.554234658270223,0.0,0,14,0.8359920382499695,17.746655738617996,7.27184976817029,0.0,1,4,0.8459789156913757,17.995911874337363,-1.1108834669712848,0.0,1,10,0.7803782820701599,21.819718080734454,1.8348132879248031,0.0,0,17,0.8063671588897705,13.205503443698955,-1.238847493358783,0.0,2,15,0.8151593804359436,22.53129825641921,4.500874067215481,0.0,0,20,0.7666305899620056,24.521698515414826,3.5102997807107745,0.0,0,22,0.7076001763343811,22.34527236352539,7.318946347108605,0.0,1,23,0.6858456134796143
1777470402,422363181,map,2.8446049055631972,1.5206667418235478,0.0,0,0,0.7295709848403931,2.9130171132697154,-1.4211973994343716,0.0,1,1,0.7095766067504883,7.856638395617165,5.504549157104006,0.0,0,2,0.7261362075805664,7.996697292974774,1.6102035897008777,0.0,0,3,0.8372323513031006,17.697151625505317,1.710031334754846,0.0,0,5,0.8618661165237427,17.997153513751137,4.6268234846702265,0.0,0,16,0.8576362133026123,8.060163723339423,-1.4715816140034388,0.0,2,8,0.9322863221168518,8.372424498104998,-1.8319162947761434,0.0,2,11,0.6717953681945801,12.992753601907225,1.644726499635968,0.0,0,13,0.8951152563095093,12.630824504137765,8.642025467913223,0.0,1,12,0.7165010571479797,12.903707703648966,5.554234658270223,0.0,0,14,0.8332058191299438,17.748902253748458,7.272347641084557,0.0,1,4,0.8463318347930908,17.995911874337363,-1.1108834669712848,0.0,1,10,0.7779499292373657,21.822547197419834,1.8350482972841295,0.0,0,17,0.807633638381958,13.204888013403972,-1.2392175550123985,0.0,2,15,0.8219040036201477,22.535574571190573,4.50208863396408,0.0,0,20,0.7693283557891846,24.523267028328533,3.511002878172604,0.0,0,22,0.7124343514442444,22.346160680416194,7.32021232269697,0.0,1,23,0.6926832795143127
1777470402,522737085,map,2.8446049055631972,1.5206667418235478,0.0,0,0,0.7285079956054688,2.9130171132697154,-1.4211973994343716,0.0,1,1,0.7085710763931274,7.856638395617165,5.504549157104006,0.0,0,2,0.7250832319259644,7.996697292974774,1.6102035897008777,0.0,0,3,0.8358327746391296,17.69741400119003,1.7099316531861741,0.0,0,5,0.8619020581245422,17.997640354155585,4.626916305827347,0.0,0,16,0.8576413989067078,8.06054712344386,-1.4714864077677527,0.0,2,8,0.9322839379310608,8.372424498104998,-1.8319162947761434,0.0,2,11,0.6708939671516418,12.993953106499244,1.6446677785163555,0.0,0,13,0.8951215147972107,12.630824504137765,8.642025467913223,0.0,1,12,0.7154757976531982,12.903707703648966,5.554234658270223,0.0,0,14,0.8318196535110474,17.750050858462085,7.272526622149546,0.0,1,4,0.8465017676353455,17.995911874337363,-1.1108834669712848,0.0,1,10,0.7767413854598999,21.823936125395875,1.835098442614024,0.0,0,17,0.8082451820373535,13.204597786025174,-1.2394732336850196,0.0,2,15,0.8250111937522888,22.537661928679928,4.502585417367886,0.0,0,20,0.770628035068512,24.524013804022523,3.511245925248562,0.0,0,22,0.7147582173347473,22.346424057045112,7.320839760571785,0.0,1,23,0.6959508657455444
1777470402,624505874,map,2.8446049055631972,1.5206667418235478,0.0,0,0,0.7263912558555603,2.9130171132697154,-1.4211973994343716,0.0,1,1,0.7065684199333191,7.856638395617165,5.504549157104006,0.0,0,2,0.7229863405227661,7.996697292974774,1.6102035897008777,0.0,0,3,0.83304762840271,17.698002964215053,1.7093537761860935,0.0,0,5,0.8619707822799683,17.99870470023677,4.6267324913904755,0.0,0,16,0.8576511740684509,8.061362344466867,-1.4713311286341155,0.0,2,8,0.9322783350944519,8.372424498104998,-1.8319162947761434,0.0,2,11,0.6690983772277832,12.996420208780094,1.6441165949239818,0.0,0,13,0.8951324224472046,12.630824504137765,8.642025467913223,0.0,1,12,0.7134340405464172,12.903707703648966,5.554234658270223,0.0,0,14,0.8290611505508423,17.75248138862073,7.272514956029357,0.0,1,4,0.8468291163444519,17.995911874337363,-1.1108834669712848,0.0,1,10,0.7743355631828308,21.82670413497925,1.8348131106344523,0.0,0,17,0.8094264268875122,13.204047906624188,-1.240713004687509,0.0,2,15,0.8307523131370544,22.54181108392377,4.503118440034277,0.0,0,20,0.7731336355209351,24.525597265235287,3.5112322971051637,0.0,0,22,0.7192273736000061,22.346983430435934,7.3220012322238235,0.0,1,23,0.7021970152854919
1777470402,722564273,map,2.8446049055631972,1.5206667418235478,0.0,0,0,0.7253375053405762,2.9130171132697154,-1.4211973994343716,0.0,1,1,0.7055713534355164,7.856638395617165,5.504549157104006,0.0,0,2,0.7219424247741699,7.996697292974774,1.6102035897008777,0.0,0,3,0.8316619992256165,17.698270078907665,1.7090419716014829,0.0,0,5,0.8620042204856873,17.99918474287052,4.6266144405691625,0.0,0,16,0.8576565384864807,8.061708566522375,-1.471456911982249,0.0,2,8,0.9322758913040161,8.372424498104998,-1.8319162947761434,0.0,2,11,0.6682041883468628,12.997595681800847,1.6437823249810484,0.0,0,13,0.8951380848884583,12.630824504137765,8.642025467913223,0.0,1,12,0.712417483329773,12.903707703648966,5.554234658270223,0.0,0,14,0.8276887536048889,17.753617283709545,7.272476852362712,0.0,1,4,0.8469879031181335,17.995911874337363,-1.1108834669712848,0.0,1,10,0.7731382250785828,21.82803496999839,1.8346639305022399,0.0,0,17,0.8099973201751709,13.203753382095348,-1.2413953278374112,0.0,2,15,0.833407998085022,22.54376825176336,4.503382563024031,0.0,0,20,0.7743421792984009,24.526295423375434,3.511237454013742,0.0,0,22,0.7213781476020813,22.34718806010479,7.322456746136057,0.0,1,23,0.7051848769187927
1777470402,822614985,map,2.8446049055631972,1.5206667418235478,0.0,0,0,0.7232391238212585,2.9130171132697154,-1.4211973994343716,0.0,1,1,0.7035856246948242,7.856638395617165,5.504549157104006,0.0,0,2,0.7198635935783386,7.996697292974774,1.6102035897008777,0.0,0,3,0.8289045095443726,17.698845820033572,1.708567873593181,0.0,0,5,0.862067699432373,18.00013440352255,4.626509657579058,0.0,0,16,0.8576663732528687,8.062469326377574,-1.4716423985196725,0.0,2,8,0.9322701096534729,8.372424498104998,-1.8319162947761434,0.0,2,11,0.666422963142395,12.999971164335948,1.6432893770160093,0.0,0,13,0.8951473832130432,12.630824504137765,8.642025467913223,0.0,1,12,0.7103931307792664,12.903707703648966,5.554234658270223,0.0,0,14,0.8249574899673462,17.75587859148584,7.272543613644301,0.0,1,4,0.847292959690094,17.995911874337363,-1.1108834669712848,0.0,1,10,0.7707546353340149,21.83065082764631,1.8344949788654563,0.0,0,17,0.8111002445220947,13.20336031976336,-1.2424445457828097,0.0,2,15,0.8383301496505737,22.54755286007795,4.50404992108594,0.0,0,20,0.7766730785369873,24.527670958678957,3.511434184985572,0.0,0,22,0.7255178689956665,22.34766392633983,7.323326392736867,0.0,1,23,0.710902214050293
1777470402,922659155,map,2.8446049055631972,1.5206667418235478,0.0,0,0,0.722194492816925,2.9130171132697154,-1.4211973994343716,0.0,1,1,0.7025969624519348,7.856638395617165,5.504549157104006,0.0,0,2,0.7188286781311035,7.996697292974774,1.6102035897008777,0.0,0,3,0.8275326490402222,17.699127228936213,1.7083993029380848,0.0,0,5,0.8620981574058533,18.000577831188544,4.626516182161629,0.0,0,16,0.8576712608337402,8.062469326377574,-1.4716423985196725,0.0,2,8,0.930535078048706,8.508214899493177,-1.7862439229620541,0.0,2,11,0.6930925250053406,13.001115883857649,1.6431264352968227,0.0,0,13,0.8951518535614014,12.630824504137765,8.642025467913223,0.0,1,12,0.7093852162361145,12.903707703648966,5.554234658270223,0.0,0,14,0.8235986232757568,17.756993293477834,7.2726364203594525,0.0,1,4,0.847439706325531,17.995911874337363,-1.1108834669712848,0.0,1,10,0.7695683240890503,21.83191700399908,1.8344734358190977,0.0,0,17,0.811633288860321,13.203194703140381,-1.2428194004640591,0.0,2,15,0.8406137228012085,22.54935321363228,4.504444475591339,0.0,0,20,0.7777974605560303,24.5282869595588,3.511616953830062,0.0,0,22,0.7275111675262451,22.347872502276633,7.323693928548442,0.0,1,23,0.7136393189430237
1777470403,22371483,map,2.8446049055631972,1.5206667418235478,0.0,0,0,0.7201142311096191,2.9130171132697154,-1.4211973994343716,0.0,1,1,0.7006279230117798,7.856638395617165,5.504549157104006,0.0,0,2,0.7167677879333496,7.996697292974774,1.6102035897008777,0.0,0,3,0.8248024582862854,17.699746942574738,1.7080034729806428,0.0,0,5,0.8621560335159302,18.001515155062513,4.626459850618051,0.0,0,16,0.8576799631118774,8.062469326377574,-1.4716423985196725,0.0,2,8,0.9270843863487244,8.508214899493177,-1.7862439229620541,0.0,2,11,0.6911763548851013,13.003438871216586,1.6427391278726444,0.0,0,13,0.8951591849327087,12.630824504137765,8.642025467913223,0.0,1,12,0.7073780298233032,12.903707703648966,5.554234658270223,0.0,0,14,0.8208943009376526,17.75927918746085,7.2727527649676675,0.0,1,4,0.8477219343185425,17.995911874337363,-1.1108834669712848,0.0,1,10,0.7672066688537598,21.83442980569521,1.8343578142332975,0.0,0,17,0.812663197517395,13.202902560218243,-1.2436464214428666,0.0,2,15,0.8448606729507446,22.552896100330184,4.5051300615330145,0.0,0,20,0.7799668312072754,24.529482552856706,3.5118894066897095,0.0,0,22,0.7313514351844788,22.348324216757277,7.324441866041801,0.0,1,23,0.71888267993927
1777470403,122398451,map,2.8446049055631972,1.5206667418235478,0.0,0,0,0.7190786004066467,2.9130171132697154,-1.4211973994343716,0.0,1,1,0.6996475458145142,7.856638395617165,5.504549157104006,0.0,0,2,0.7157416939735413,7.996697292974774,1.6102035897008777,0.0,0,3,0.8234440684318542,17.700061268586587,1.7076389263536602,0.0,0,5,0.8621839880943298,18.00199367037772,4.626266846215077,0.0,0,16,0.8576844930648804,8.062469326377574,-1.4716423985196725,0.0,2,8,0.9253685474395752,8.508214899493177,-1.7862439229620541,0.0,2,11,0.6902222037315369,13.004584406886762,1.6423965382618233,0.0,0,13,0.8951627612113953,12.630824504137765,8.642025467913223,0.0,1,12,0.7063786387443542,12.903707703648966,5.554234658270223,0.0,0,14,0.8195487856864929,17.760442276470208,7.272645359986459,0.0,1,4,0.8478583693504333,17.995911874337363,-1.1108834669712848,0.0,1,10,0.7660312056541443,21.83565511881551,1.8341280166801948,0.0,0,17,0.8131611347198486,13.202709866467417,-1.2442829225727277,0.0,2,15,0.8468373417854309,22.554626277533675,4.505267445664378,0.0,0,20,0.7810139656066895,24.530081589212074,3.5118100717485663,0.0,0,22,0.7332013845443726,22.348501604759054,7.324751243907367,0.0,1,23,0.7213959097862244
1777470403,222599230,map,2.8446049055631972,1.5206667418235478,0.0,0,0,0.7170162200927734,2.9130171132697154,-1.4211973994343716,0.0,1,1,0.6976950168609619,7.856638395617165,5.504549157104006,0.0,0,2,0.7136984467506409,7.996697292974774,1.6102035897008777,0.0,0,3,0.8207407593727112,17.700665583263238,1.7067280489514807,0.0,0,5,0.8622382283210754,18.00292213636888,4.625694386864297,0.0,0,16,0.8576939702033997,8.062469326377574,-1.4716423985196725,0.0,2,8,0.9219560027122498,8.508214899493177,-1.7862439229620541,0.0,2,11,0.6883218288421631,13.00678655710139,1.6414240576733907,0.0,0,13,0.8951705098152161,12.630824504137765,8.642025467913223,0.0,1,12,0.7043883800506592,12.903707703648966,5.554234658270223,0.0,0,14,0.816870927810669,17.762233790382766,7.272822575987045,0.0,1,4,0.8481257557868958,17.995911874337363,-1.1108834669712848,0.0,1,10,0.7636911869049072,21.838019142773557,1.8335131726545046,0.0,0,17,0.8141246438026428,13.202279864079385,-1.245948804197088,0.0,2,15,0.8505237102508545,22.557949032333777,4.505352334721077,0.0,0,20,0.7830365896224976,24.531304976788448,3.511487107133576,0.0,0,22,0.7367671132087708,22.34873923187361,7.3252276029723955,0.0,1,23,0.7262183427810669
1777470403,322717068,map,2.8446049055631972,1.5206667418235478,0.0,0,0,0.7159894704818726,2.9130171132697154,-1.4211973994343716,0.0,1,1,0.6967228055000305,7.856638395617165,5.504549157104006,0.0,0,2,0.7126811146736145,7.996697292974774,1.6102035897008777,0.0,0,3,0.8193957209587097,17.70075755631999,1.7065127720682993,0.0,0,5,0.8622667193412781,18.003376298428,4.625369487028528,0.0,0,16,0.8576987385749817,8.062469326377574,-1.4716423985196725,0.0,2,8,0.9202591180801392,8.508214899493177,-1.7862439229620541,0.0,2,11,0.687375545501709,13.007870690814004,1.640861160414207,0.0,0,13,0.8951742053031921,12.630824504137765,8.642025467913223,0.0,1,12,0.7033974528312683,12.903707703648966,5.554234658270223,0.0,0,14,0.8155385255813599,17.763104534146564,7.272846494641323,0.0,1,4,0.8482550978660583,17.995911874337363,-1.1108834669712848,0.0,1,10,0.7625265121459961,21.839174029594272,1.833184604488438,0.0,0,17,0.8145904541015625,13.20210702219817,-1.2468651978653404,0.0,2,15,0.8522422909736633,22.559550504005944,4.505362182509793,0.0,0,20,0.7840130925178528,24.531881574446732,3.5113068211492187,0.0,0,22,0.7384860515594482,22.348845068997594,7.325374135781873,0.0,1,23,0.7285317182540894
1777470403,422410602,map,2.8446049055631972,1.5206667418235478,0.0,0,0,0.7139447927474976,2.9130171132697154,-1.4211973994343716,0.0,1,1,0.6947864890098572,7.856638395617165,5.504549157104006,0.0,0,2,0.7106552720069885,7.996697292974774,1.6102035897008777,0.0,0,3,0.8167188763618469,17.701317334751927,1.7057617015844353,0.0,0,5,0.8623170852661133,18.00415486346571,4.624992003637073,0.0,0,16,0.8577084541320801,8.062469326377574,-1.4716423985196725,0.0,2,8,0.9168840050697327,8.508214899493177,-1.7862439229620541,0.0,2,11,0.6854907870292664,13.00996726191758,1.6400551616075503,0.0,0,13,0.8951809406280518,12.630824504137765,8.642025467913223,0.0,1,12,0.7014239430427551,12.903707703648966,5.554234658270223,0.0,0,14,0.8128867745399475,17.764819482936698,7.272837991456202,0.0,1,4,0.8485049605369568,17.995911874337363,-1.1108834669712848,0.0,1,10,0.7602078318595886,21.841379399649682,1.8328203114000408,0.0,0,17,0.8154916167259216,13.201955905320428,-1.248186520498636,0.0,2,15,0.8554515242576599,22.56253521760462,4.505683444953239,0.0,0,20,0.7859001755714417,24.532848502083922,3.511310797508372,0.0,0,22,0.7418034076690674,22.349044833093323,7.325581947564618,0.0,1,23,0.732973039150238
1777470403,522680730,map,2.8446049055631972,1.5206667418235478,0.0,0,0,0.7129268050193787,2.9130171132697154,-1.4211973994343716,0.0,1,1,0.6938223838806152,7.856638395617165,5.504549157104006,0.0,0,2,0.7096466422080994,7.996697292974774,1.6102035897008777,0.0,0,3,0.815386950969696,17.701628920807956,1.7057727821207975,0.0,0,5,0.8623403310775757,18.00452946185037,4.6251526557563265,0.0,0,16,0.8577121496200562,8.062469326377574,-1.4716423985196725,0.0,2,8,0.915205717086792,8.508214899493177,-1.7862439229620541,0.0,2,11,0.6845522522926331,13.011041319104729,1.640052703921705,0.0,0,13,0.895182728767395,12.630824504137765,8.642025467913223,0.0,1,12,0.7004413604736328,12.903707703648966,5.554234658270223,0.0,0,14,0.8115673661231995,17.76567922302868,7.272847262953801,0.0,1,4,0.8486251831054688,18.004839316800222,-1.1119093017334514,0.0,1,10,0.7632490396499634,21.842473853925814,1.8330061444994352,0.0,0,17,0.815926730632782,13.202039382287095,-1.2482499497277204,0.0,2,15,0.8569497466087341,22.563968809283057,4.5062369292200435,0.0,0,20,0.7868103981018066,24.533295274406672,3.511756876049216,0.0,0,22,0.7434026002883911,22.349162718422647,7.3257019875352,0.0,1,23,0.735104501247406
1777470403,623911595,map,2.8446049055631972,1.5206667418235478,0.0,0,0,0.7108995318412781,2.9130171132697154,-1.4211973994343716,0.0,1,1,0.6919021606445312,7.856638395617165,5.504549157104006,0.0,0,2,0.7076379656791687,7.996697292974774,1.6102035897008777,0.0,0,3,0.8127362132072449,17.7022745406636,1.7065337513044683,0.0,0,5,0.8623837232589722,18.005221694901454,4.626153583494907,0.0,0,16,0.8577175140380859,8.062469326377574,-1.4716423985196725,0.0,2,8,0.9118675589561462,8.508214899493177,-1.7862439229620541,0.0,2,11,0.6826829314231873,13.01318557506195,1.6407108982081051,0.0,0,13,0.8951842188835144,12.630824504137765,8.642025467913223,0.0,1,12,0.6984843611717224,12.903707703648966,5.554234658270223,0.0,0,14,0.8089413046836853,17.767415987019557,7.272965761524586,0.0,1,4,0.8488560318946838,18.004839316800222,-1.1119093017334514,0.0,1,10,0.7609259486198425,21.844631530812,1.8341568083870963,0.0,0,17,0.816767156124115,13.202250824283217,-1.2474375128318627,0.0,2,15,0.8597559332847595,22.566689184943066,4.508170509668162,0.0,0,20,0.7885676622390747,24.53410198360493,3.5136180576125366,0.0,0,22,0.7464879155158997,22.34971950264911,7.32580463848879,0.0,1,23,0.7391951084136963
1777470403,722622027,map,2.8446049055631972,1.5206667418235478,0.0,0,0,0.7098901867866516,2.9130171132697154,-1.4211973994343716,0.0,1,1,0.6909460425376892,7.856638395617165,5.504549157104006,0.0,0,2,0.7066378593444824,7.996697292974774,1.6102035897008777,0.0,0,3,0.811417281627655,17.70264748367715,1.7067460098597393,0.0,0,5,0.8624040484428406,18.00562367491799,4.626482723705137,0.0,0,16,0.857719898223877,8.062469326377574,-1.4716423985196725,0.0,2,8,0.9102075695991516,8.508214899493177,-1.7862439229620541,0.0,2,11,0.68175208568573,13.01430540600439,1.641010174545714,0.0,0,13,0.8951838612556458,12.630824504137765,8.642025467913223,0.0,1,12,0.6975099444389343,12.903707703648966,5.554234658270223,0.0,0,14,0.8076346516609192,17.76828587794431,7.273070423215791,0.0,1,4,0.8489669561386108,18.01509444496249,-1.1123248995472128,0.0,1,10,0.7639092206954956,21.8457221019442,1.8344877817871725,0.0,0,17,0.817173421382904,13.202386763751532,-1.2470944647311777,0.0,2,15,0.8610693216323853,22.568057242037327,4.508847200941615,0.0,0,20,0.7894166111946106,24.534531966480085,3.514196894508883,0.0,0,22,0.7479768395423889,22.349887641976405,7.326046956479969,0.0,1,23,0.7411608695983887
1777470403,822576814,map,2.8446049055631972,1.5206667418235478,0.0,0,0,0.7078801393508911,2.9130171132697154,-1.4211973994343716,0.0,1,1,0.6890416741371155,7.856638395617165,5.504549157104006,0.0,0,2,0.704646110534668,7.996697292974774,1.6102035897008777,0.0,0,3,0.8087921738624573,17.70344067788047,1.706890604589421,0.0,0,5,0.8624427914619446,18.006555174890718,4.626860597063729,0.0,0,16,0.8577234745025635,8.062469326377574,-1.4716423985196725,0.0,2,8,0.9069057106971741,8.508214899493177,-1.7862439229620541,0.0,2,11,0.6798980236053467,13.01653820727577,1.641369172459133,0.0,0,13,0.8951829671859741,12.630824504137765,8.642025467913223,0.0,1,12,0.6955692768096924,12.903707703648966,5.554234658270223,0.0,0,14,0.8050339221954346,17.769944400964697,7.273305790599295,0.0,1,4,0.8491814732551575,18.02379557418744,-1.1129970512087204,0.0,1,10,0.7656843662261963,21.847886510611037,1.834877761677344,0.0,0,17,0.8179592490196228,13.202567410955405,-1.2467550879622848,0.0,2,15,0.8635338544845581,22.570849053561425,4.5098785689462595,0.0,0,20,0.7910564541816711,24.535426021175105,3.515004415965756,0.0,0,22,0.7508518695831299,22.35041026749469,7.327389180113394,0.0,1,23,0.7449331879615784
1777470403,922551497,map,2.8446049055631972,1.5206667418235478,0.0,0,0,0.7068793773651123,2.9130171132697154,-1.4211973994343716,0.0,1,1,0.6880934238433838,7.856638395617165,5.504549157104006,0.0,0,2,0.7036544680595398,7.996697292974774,1.6102035897008777,0.0,0,3,0.8074859976768494,17.70382289501902,1.7069284025029796,0.0,0,5,0.8624615669250488,18.00703145993897,4.62700951132871,0.0,0,16,0.8577250838279724,8.062469326377574,-1.4716423985196725,0.0,2,8,0.9052637219429016,8.508214899493177,-1.7862439229620541,0.0,2,11,0.6789747476577759,13.017617704528867,1.6415145201672106,0.0,0,13,0.895182728767395,12.630824504137765,8.642025467913223,0.0,1,12,0.6946029663085938,12.903707703648966,5.554234658270223,0.0,0,14,0.8037398457527161,17.770635079771534,7.27341383471973,0.0,1,4,0.8492864966392517,18.02379557418744,-1.1129970512087204,0.0,1,10,0.7645136117935181,21.848929620714877,1.8350433711682217,0.0,0,17,0.8183395862579346,13.20260926531573,-1.2466348014632367,0.0,2,15,0.8646906018257141,22.572214063713137,4.510355359244968,0.0,0,20,0.7918488383293152,24.535835163165274,3.515368311846403,0.0,0,22,0.7522403597831726,22.350388968625154,7.3276022583797475,0.0,1,23,0.7467532753944397
1777470404,22498440,map,2.8446049055631972,1.5206667418235478,0.0,0,0,0.704886257648468,2.9130171132697154,-1.4211973994343716,0.0,1,1,0.686204731464386,7.856638395617165,5.504549157104006,0.0,0,2,0.701679527759552,7.996697292974774,1.6102035897008777,0.0,0,3,0.8048862814903259,17.70477062996182,1.7070853256179734,0.0,0,5,0.8624950051307678,18.008108961712047,4.6273763893621025,0.0,0,16,0.8577261567115784,8.062469326377574,-1.4716423985196725,0.0,2,8,0.9019975066184998,8.508214899493177,-1.7862439229620541,0.0,2,11,0.677135705947876,13.019977017186136,1.641878475972375,0.0,0,13,0.8951785564422607,12.630824504137765,8.642025467913223,0.0,1,12,0.6926784515380859,12.903707703648966,5.554234658270223,0.0,0,14,0.8011641502380371,17.772382249802114,7.273724345246155,0.0,1,4,0.8494839072227478,18.032280741838125,-1.1129105841379774,0.0,1,10,0.7662654519081116,21.85111781663824,1.835441423945412,0.0,0,17,0.819073498249054,13.203050604703725,-1.246285954114515,0.0,2,15,0.8668574690818787,22.57499210808129,4.511369040092883,0.0,0,20,0.7933788895606995,24.536741333917025,3.516154894139261,0.0,0,22,0.754921019077301,22.350844297998936,7.32810295488675,0.0,1,23,0.7502473592758179
1777470404,122500997,map,2.8446049055631972,1.5206667418235478,0.0,0,0,0.7038939595222473,2.9130171132697154,-1.4211973994343716,0.0,1,1,0.6852642297744751,7.856638395617165,5.504549157104006,0.0,0,2,0.7006961703300476,7.996697292974774,1.6102035897008777,0.0,0,3,0.8035926818847656,17.70524926941216,1.7071720708089946,0.0,0,5,0.8625109195709229,18.008636700587086,4.627562014047236,0.0,0,16,0.8577266931533813,8.062469326377574,-1.4716423985196725,0.0,2,8,0.9003732800483704,8.508214899493177,-1.7862439229620541,0.0,2,11,0.6762199401855469,13.021133545779758,1.642069762939161,0.0,0,13,0.8951764106750488,12.630824504137765,8.642025467913223,0.0,1,12,0.691720187664032,12.903707703648966,5.554234658270223,0.0,0,14,0.7998824715614319,17.773232392882978,7.273885243771267,0.0,1,4,0.8495792150497437,18.041453148626648,-1.1129373806896985,0.0,1,10,0.7690567970275879,21.852181963131653,1.8356412130255428,0.0,0,17,0.8194286823272705,13.203280081943493,-1.2460939719475341,0.0,2,15,0.8678750991821289,22.576328710114748,4.511869440281637,0.0,0,20,0.7941187024116516,24.53715042970953,3.516542578257349,0.0,0,22,0.7562163472175598,22.351056280555195,7.328354991033494,0.0,1,23,0.751928448677063
1777470404,223296883,map,2.8446049055631972,1.5206667418235478,0.0,0,0,0.7019176483154297,2.9130171132697154,-1.4211973994343716,0.0,1,1,0.6833910346031189,7.856638395617165,5.504549157104006,0.0,0,2,0.6987378001213074,7.996697292974774,1.6102035897008777,0.0,0,3,0.8010178804397583,17.706150984496407,1.7074187145346689,0.0,0,5,0.8625419735908508,18.009609035818396,4.6279962304744,0.0,0,16,0.8577283024787903,8.062469326377574,-1.4716423985196725,0.0,2,8,0.897142231464386,8.508214899493177,-1.7862439229620541,0.0,2,11,0.6743957996368408,13.023344696501024,1.6424915077998288,0.0,0,13,0.8951729536056519,12.630824504137765,8.642025467913223,0.0,1,12,0.6898115277290344,12.903707703648966,5.554234658270223,0.0,0,14,0.7973313927650452,17.77482308806388,7.274228170327004,0.0,1,4,0.8497639894485474,18.055719808374878,-1.1127122986687554,0.0,1,10,0.7744014263153076,21.854214320408435,1.8361184620715334,0.0,0,17,0.8201165795326233,13.203708267861112,-1.2456430635554376,0.0,2,15,0.8697896003723145,22.57885218636966,4.512927823025551,0.0,0,20,0.7955504059791565,24.537835724841823,3.5173901429093646,0.0,0,22,0.7587214708328247,22.351378436448318,7.328866249794476,0.0,1,23,0.7551665902137756
1777470404,322521572,map,2.8446049055631972,1.5206667418235478,0.0,0,0,0.7009336352348328,2.9130171132697154,-1.4211973994343716,0.0,1,1,0.6824582815170288,7.856638395617165,5.504549157104006,0.0,0,2,0.697762668132782,7.996697292974774,1.6102035897008777,0.0,0,3,0.7997366786003113,17.706627707855496,1.7073504546923464,0.0,0,5,0.8625566959381104,18.010143741681848,4.628025191390123,0.0,0,16,0.8577289581298828,8.062469326377574,-1.4716423985196725,0.0,2,8,0.8955353498458862,8.508214899493177,-1.7862439229620541,0.0,2,11,0.6734873652458191,13.024462465495354,1.6425344461678675,0.0,0,13,0.8951709866523743,12.630824504137765,8.642025467913223,0.0,1,12,0.6888611912727356,12.903707703648966,5.554234658270223,0.0,0,14,0.7960619330406189,17.775580507177867,7.274401138175417,0.0,1,4,0.8498533964157104,18.06206883239666,-1.1128841919097996,0.0,1,10,0.776938259601593,21.855226422311997,1.8361466742533115,0.0,0,17,0.8204494714736938,13.203909385204145,-1.2456289282261241,0.0,2,15,0.870689868927002,22.580127531618487,4.513221495201363,0.0,0,20,0.7962425947189331,24.538188169315475,3.517549701237153,0.0,0,22,0.759932279586792,22.351506665769076,7.329124913567547,0.0,1,23,0.7567258477210999
1777470404,423419972,map,2.8446049055631972,1.5206667418235478,0.0,0,0,0.6989738941192627,2.9130171132697154,-1.4211973994343716,0.0,1,1,0.6806003451347351,7.856638395617165,5.504549157104006,0.0,0,2,0.6958206295967102,7.996697292974774,1.6102035897008777,0.0,0,3,0.797186553478241,17.707636037502517,1.70671708972044,0.0,0,5,0.8625847101211548,18.011252882105698,4.627582020906199,0.0,0,16,0.85773104429245,8.062469326377574,-1.4716423985196725,0.0,2,8,0.8923388719558716,8.508214899493177,-1.7862439229620541,0.0,2,11,0.6716779470443726,13.026717904728306,1.6423886764071973,0.0,0,13,0.8951666951179504,12.630824504137765,8.642025467913223,0.0,1,12,0.6869682669639587,12.903707703648966,5.554234658270223,0.0,0,14,0.7935351133346558,17.777094634592157,7.274673322459842,0.0,1,4,0.8500259518623352,18.07701589147912,-1.114092792836943,0.0,1,10,0.7816894054412842,21.857235808266847,1.8355569088543489,0.0,0,17,0.8210940957069397,13.204377917697515,-1.2458955080292147,0.0,2,15,0.8723834156990051,22.582637490046217,4.513082366643783,0.0,0,20,0.7975834012031555,24.538856208424914,3.51701176411013,0.0,0,22,0.7622755765914917,22.35197265515413,7.329767150499074,0.0,1,23,0.7597261071205139
1777470404,522424122,map,2.8446049055631972,1.5206667418235478,0.0,0,0,0.6979981660842896,2.9130171132697154,-1.4211973994343716,0.0,1,1,0.6796751618385315,7.856638395617165,5.504549157104006,0.0,0,2,0.6948536038398743,7.996697292974774,1.6102035897008777,0.0,0,3,0.7959175705909729,17.708142777266175,1.706172390345419,0.0,0,5,0.8625983595848083,18.01180551546383,4.627139737338856,0.0,0,16,0.8577327132225037,8.062469326377574,-1.4716423985196725,0.0,2,8,0.8907491564750671,8.508214899493177,-1.7862439229620541,0.0,2,11,0.6707768440246582,13.027831837699818,1.6420346935537802,0.0,0,13,0.8951649069786072,12.630824504137765,8.642025467913223,0.0,1,12,0.6860257387161255,12.903707703648966,5.554234658270223,0.0,0,14,0.7922777533531189,17.777806049071838,7.274781999921589,0.0,1,4,0.8501097559928894,18.08463601207248,-1.1148647458889762,0.0,1,10,0.7839321494102478,21.85821721605555,1.8351135996076888,0.0,0,17,0.8214063048362732,13.204604941650993,-1.246370296648413,0.0,2,15,0.8731802701950073,22.58385834496681,4.512863066691906,0.0,0,20,0.7982323169708252,24.539152260594644,3.516629465011318,0.0,0,22,0.7634090781211853,22.35236163696422,7.329470471355864,0.0,1,23,0.7611718773841858
1777470404,623619973,map,2.8446049055631972,1.5206667418235478,0.0,0,0,0.6970251202583313,2.9130171132697154,-1.4211973994343716,0.0,1,1,0.6787524819374084,7.856638395617165,5.504549157104006,0.0,0,2,0.693889319896698,7.996697292974774,1.6102035897008777,0.0,0,3,0.7946525812149048,17.708652712061447,1.7057024603560864,0.0,0,5,0.8626114130020142,18.012341870516963,4.626772051577158,0.0,0,16,0.857734203338623,8.062469326377574,-1.4716423985196725,0.0,2,8,0.8891651034355164,8.508214899493177,-1.7862439229620541,0.0,2,11,0.6698781251907349,13.028944384902578,1.6416458931706044,0.0,0,13,0.8951630592346191,12.630824504137765,8.642025467913223,0.0,1,12,0.6850857138633728,12.903707703648966,5.554234658270223,0.0,0,14,0.7910243272781372,17.778517552119553,7.274857957287829,0.0,1,4,0.8501916527748108,18.085178764482507,-1.1158533664979031,0.0,1,10,0.7862255573272705,21.85918537539946,1.8347888770067424,0.0,0,17,0.8217115998268127,13.204885447946001,-1.2468733924616096,0.0,2,15,0.8739451169967651,22.584830702914758,4.513103149677385,0.0,0,20,0.7988689541816711,24.539417416742445,3.5164146099961777,0.0,0,22,0.7645176649093628,22.352717571600305,7.329175652568405,0.0,1,23,0.7625828981399536
1777470404,722355798,map,2.8446049055631972,1.5206667418235478,0.0,0,0,0.6950871348381042,2.9130171132697154,-1.4211973994343716,0.0,1,1,0.6769146919250488,7.856638395617165,5.504549157104006,0.0,0,2,0.6919687390327454,7.996697292974774,1.6102035897008777,0.0,0,3,0.792134702205658,17.70945973407976,1.7051821835211014,0.0,0,5,0.8626387119293213,18.013363779032876,4.626248105313827,0.0,0,16,0.8577368855476379,8.062469326377574,-1.4716423985196725,0.0,2,8,0.8860138654708862,8.508214899493177,-1.7862439229620541,0.0,2,11,0.6680880188941956,13.031118298553213,1.6409537168039297,0.0,0,13,0.8951593041419983,12.630824504137765,8.642025467913223,0.0,1,12,0.683213472366333,12.903707703648966,5.554234658270223,0.0,0,14,0.7885293364524841,17.779910611115284,7.2749662957075,0.0,1,4,0.8503499627113342,18.09419755920227,-1.1167087051785258,0.0,1,10,0.7904302477836609,21.861069634348684,1.8343674623614108,0.0,0,17,0.8223026990890503,13.20552018415892,-1.247737266607356,0.0,2,15,0.8753862380981445,22.58709461736622,4.5130852107410595,0.0,0,20,0.8000972270965576,24.539851388364283,3.5162479080554996,0.0,0,22,0.7666629552841187,22.353315875820844,7.328879321259893,0.0,1,23,0.7653034329414368
1777470404,824734908,map,2.8446049055631972,1.5206667418235478,0.0,0,0,0.6931599378585815,2.9130171132697154,-1.4211973994343716,0.0,1,1,0.6750867366790771,7.856638395617165,5.504549157104006,0.0,0,2,0.690058708190918,7.996697292974774,1.6102035897008777,0.0,0,3,0.7896327376365662,17.710456739913397,1.7045469360315353,0.0,0,5,0.8626619577407837,18.01417890425289,4.625920304288501,0.0,0,16,0.8577411770820618,8.062469326377574,-1.4716423985196725,0.0,2,8,0.8828848600387573,8.508214899493177,-1.7862439229620541,0.0,2,11,0.6663073897361755,13.033269326885463,1.640373861792709,0.0,0,13,0.8951549530029297,12.630824504137765,8.642025467913223,0.0,1,12,0.6813514828681946,12.903707703648966,5.554234658270223,0.0,0,14,0.786050021648407,17.781250352550966,7.275021977204721,0.0,1,4,0.8505014181137085,18.10126409750516,-1.1177335283837122,0.0,1,10,0.7943801879882812,21.862908229634815,1.8339989344118939,0.0,0,17,0.8228685855865479,13.206205490482633,-1.248439396676914,0.0,2,15,0.8767181634902954,22.589246412207828,4.513177046318638,0.0,0,20,0.8012731075286865,24.540202571261982,3.5161351819773934,0.0,0,22,0.7687165141105652,22.35344571056219,7.329063389482039,0.0,1,23,0.7678992748260498
1777470404,922427001,map,2.8446049055631972,1.5206667418235478,0.0,0,0,0.6922003030776978,2.9130171132697154,-1.4211973994343716,0.0,1,1,0.6741765141487122,7.856638395617165,5.504549157104006,0.0,0,2,0.6891076564788818,7.996697292974774,1.6102035897008777,0.0,0,3,0.788387656211853,17.710964850624254,1.704369011499503,0.0,0,5,0.8626728057861328,18.014498014735505,4.62584431776155,0.0,0,16,0.8577439785003662,8.062469326377574,-1.4716423985196725,0.0,2,8,0.8813286423683167,8.508214899493177,-1.7862439229620541,0.0,2,11,0.665420651435852,13.034336974519945,1.6402173317395161,0.0,0,13,0.8951523900032043,12.630824504137765,8.642025467913223,0.0,1,12,0.6804242730140686,12.903707703648966,5.554234658270223,0.0,0,14,0.7848162055015564,17.781918437350225,7.275055200396593,0.0,1,4,0.8505743741989136,18.108089694091664,-1.1181025983844213,0.0,1,10,0.796194851398468,21.863810440037966,1.833950382425495,0.0,0,17,0.8231423497200012,13.206586582867786,-1.2486246538400922,0.0,2,15,0.8773459792137146,22.590281027742265,4.513362935369913,0.0,0,20,0.8018419146537781,24.540348144038354,3.5162391498952617,0.0,0,22,0.7697100639343262,22.35370106728483,7.328993400421327,0.0,1,23,0.7691490650177002
1777470405,22423993,map,2.8446049055631972,1.5206667418235478,0.0,0,0,0.6902890205383301,2.9130171132697154,-1.4211973994343716,0.0,1,1,0.6723633408546448,7.856638395617165,5.504549157104006,0.0,0,2,0.6872134208679199,7.996697292974774,1.6102035897008777,0.0,0,3,0.7859092354774475,17.71184236409384,1.7041680308365232,0.0,0,5,0.8626949787139893,18.01531420438082,4.625943045970669,0.0,0,16,0.8577461838722229,8.062469326377574,-1.4716423985196725,0.0,2,8,0.8782325983047485,8.508214899493177,-1.7862439229620541,0.0,2,11,0.6636542081832886,13.036499732046092,1.6402959619513053,0.0,0,13,0.8951456546783447,12.630824504137765,8.642025467913223,0.0,1,12,0.6785773634910583,12.903707703648966,5.554234658270223,0.0,0,14,0.7823601961135864,17.783240814791498,7.2751231723857845,0.0,1,4,0.8507150411605835,18.125681037540488,-1.1181383998304697,0.0,1,10,0.7995687127113342,21.86560953607609,1.8343399302146643,0.0,0,17,0.8236715793609619,13.207445990016392,-1.248505130970401,0.0,2,15,0.8785303831100464,22.59230411233699,4.514245523685217,0.0,0,20,0.8029416799545288,24.540614544179167,3.517019331567753,0.0,0,22,0.7716324329376221,22.35383516066289,7.329150429960946,0.0,1,23,0.7715644240379333
1777470405,122298452,map,2.8446049055631972,1.5206667418235478,0.0,0,0,0.6893373727798462,2.9130171132697154,-1.4211973994343716,0.0,1,1,0.6714603900909424,7.856638395617165,5.504549157104006,0.0,0,2,0.6862701773643494,7.996697292974774,1.6102035897008777,0.0,0,3,0.7846758961677551,17.712352282595845,1.704389042354145,0.0,0,5,0.8627042174339294,18.01571264810426,4.626319699186277,0.0,0,16,0.8577461838722229,8.062469326377574,-1.4716423985196725,0.0,2,8,0.8766927123069763,8.508214899493177,-1.7862439229620541,0.0,2,11,0.6627745032310486,13.037538931259359,1.6405475412945778,0.0,0,13,0.8951423168182373,12.630824504137765,8.642025467913223,0.0,1,12,0.6776576638221741,12.903707703648966,5.554234658270223,0.0,0,14,0.7811379432678223,17.78386996601729,7.275187236241639,0.0,1,4,0.8507829904556274,18.136678404735594,-1.1181605638581642,0.0,1,10,0.801129937171936,21.86632351569323,1.834317651823842,0.0,0,17,0.8239302039146423,13.207890220704254,-1.2481821780222078,0.0,2,15,0.8790894746780396,22.593222566103478,4.514891992821478,0.0,0,20,0.8034743070602417,24.540679327354184,3.5176156672243497,0.0,0,22,0.7725632786750793,22.35388309635313,7.329255151975368,0.0,1,23,0.7727298736572266
1777470405,222517053,map,2.8446049055631972,1.5206667418235478,0.0,0,0,0.6874418258666992,2.9130171132697154,-1.4211973994343716,0.0,1,1,0.669661819934845,7.856638395617165,5.504549157104006,0.0,0,2,0.6843914985656738,7.996697292974774,1.6102035897008777,0.0,0,3,0.782220721244812,17.713456315375282,1.7048753746877492,0.0,0,5,0.8627205491065979,18.016553887868458,4.626953329117482,0.0,0,16,0.857745885848999,8.062469326377574,-1.4716423985196725,0.0,2,8,0.873629093170166,8.508214899493177,-1.7862439229620541,0.0,2,11,0.6610220670700073,13.039697844813603,1.641131256257268,0.0,0,13,0.895133912563324,12.630824504137765,8.642025467913223,0.0,1,12,0.6758257746696472,12.903707703648966,5.554234658270223,0.0,0,14,0.778704822063446,17.79917557287142,7.276758821502341,0.0,1,4,0.8492099642753601,18.158599279496574,-1.1160447946852017,0.0,1,10,0.8040971755981445,21.868068620592858,1.8349524949970553,0.0,0,17,0.8244258165359497,13.208834501075268,-1.2474480303544107,0.0,2,15,0.8801450133323669,22.595070505460193,4.515963628235031,0.0,0,20,0.804505467414856,24.54083752719061,3.518546232035432,0.0,0,22,0.7743657827377319,22.354030920089283,7.329575929078148,0.0,1,23,0.7749783992767334
1777470405,322423571,map,2.8446049055631972,1.5206667418235478,0.0,0,0,0.6864979863166809,2.9130171132697154,-1.4211973994343716,0.0,1,1,0.6687661409378052,7.856638395617165,5.504549157104006,0.0,0,2,0.6834559440612793,7.996697292974774,1.6102035897008777,0.0,0,3,0.7809988856315613,17.71402377671715,1.7051154310892394,0.0,0,5,0.8627280592918396,18.016948252439985,4.627237367136642,0.0,0,16,0.8577460646629333,8.062469326377574,-1.4716423985196725,0.0,2,8,0.8721053004264832,8.508214899493177,-1.7862439229620541,0.0,2,11,0.660149335861206,13.040768220060448,1.6414639126501627,0.0,0,13,0.8951296210289001,12.630824504137765,8.642025467913223,0.0,1,12,0.6749135255813599,12.903707703648966,5.554234658270223,0.0,0,14,0.777493953704834,17.79917557287142,7.276758821502341,0.0,1,4,0.847770094871521,18.163423385626803,-1.1167247970585352,0.0,1,10,0.8056117296218872,21.868926272604934,1.8352424058805292,0.0,0,17,0.8246657252311707,13.209311731601609,-1.2470368328563548,0.0,2,15,0.8806434869766235,22.595950262700967,4.516474432423377,0.0,0,20,0.8050049543380737,24.540891668308852,3.5189837951473586,0.0,0,22,0.7752386927604675,22.35412284991083,7.329777270919471,0.0,1,23,0.7760632038116455
1777470405,422384112,map,2.8446049055631972,1.5206667418235478,0.0,0,0,0.6846179962158203,2.9130171132697154,-1.4211973994343716,0.0,1,1,0.6669818758964539,7.856638395617165,5.504549157104006,0.0,0,2,0.6815926432609558,7.996697292974774,1.6102035897008777,0.0,0,3,0.7785666584968567,17.715236729874682,1.7053023417132993,0.0,0,5,0.8627415895462036,18.017764817029818,4.627445972174426,0.0,0,16,0.857746958732605,8.062469326377574,-1.4716423985196725,0.0,2,8,0.8690736293792725,8.508214899493177,-1.7862439229620541,0.0,2,11,0.6584107279777527,13.042947746153631,1.6418807799974349,0.0,0,13,0.8951205015182495,12.630824504137765,8.642025467913223,0.0,1,12,0.6730964183807373,12.903707703648966,5.554234658270223,0.0,0,14,0.7750834822654724,17.79917557287142,7.276758821502341,0.0,1,4,0.8449049592018127,18.17345943787963,-1.1172810791724577,0.0,1,10,0.808488130569458,21.870661325551,1.835523297986548,0.0,0,17,0.8251301646232605,13.21013846452204,-1.246510244839248,0.0,2,15,0.8815872669219971,22.59791399194307,4.517181839667002,0.0,0,20,0.8059699535369873,24.54112438719669,3.519531071312182,0.0,0,22,0.7769284844398499,22.354204209569204,7.330198908140947,0.0,1,23,0.7781596183776855
1777470405,522287083,map,2.8446049055631972,1.5206667418235478,0.0,0,0,0.6836819052696228,2.9130171132697154,-1.4211973994343716,0.0,1,1,0.6660933494567871,7.856638395617165,5.504549157104006,0.0,0,2,0.6806647181510925,7.996697292974774,1.6102035897008777,0.0,0,3,0.7773562073707581,17.715872448317675,1.7052921434341508,0.0,0,5,0.8627476692199707,18.018072753356485,4.627462549737384,0.0,0,16,0.8577488660812378,8.062469326377574,-1.4716423985196725,0.0,2,8,0.8675656914710999,8.508214899493177,-1.7862439229620541,0.0,2,11,0.6575448513031006,13.044044613807287,1.6419896318426301,0.0,0,13,0.895115852355957,12.630824504137765,8.642025467913223,0.0,1,12,0.6721915006637573,12.903707703648966,5.554234658270223,0.0,0,14,0.7738838195800781,17.79917557287142,7.276758821502341,0.0,1,4,0.8434796333312988,18.17831324143804,-1.1176357617260722,0.0,1,10,0.8098594546318054,21.871526787006406,1.8355651467506844,0.0,0,17,0.8253549337387085,13.210551569520561,-1.24636022517422,0.0,2,15,0.882033109664917,22.598906247397807,4.517429303341358,0.0,0,20,0.8064370155334473,24.541245196387024,3.5196991621571225,0.0,0,22,0.777746856212616,22.354230326370182,7.330391360894174,0.0,1,23,0.7791721224784851
1777470405,624052292,map,2.8446049055631972,1.5206667418235478,0.0,0,0,0.6818172931671143,2.9130171132697154,-1.4211973994343716,0.0,1,1,0.6643233299255371,7.856638395617165,5.504549157104006,0.0,0,2,0.678816556930542,7.996697292974774,1.6102035897008777,0.0,0,3,0.7749465703964233,17.71720035866598,1.7049747056860887,0.0,0,5,0.8627587556838989,18.01894989882029,4.627460762963681,0.0,0,16,0.8577492237091064,8.062469326377574,-1.4716423985196725,0.0,2,8,0.8645654320716858,8.508214899493177,-1.7862439229620541,0.0,2,11,0.6558199524879456,13.046251768849775,1.6420523415526276,0.0,0,13,0.895106315612793,12.630824504137765,8.642025467913223,0.0,1,12,0.6703889966011047,12.903707703648966,5.554234658270223,0.0,0,14,0.7714956402778625,17.79917557287142,7.276758821502341,0.0,1,4,0.8406434059143066,18.182780199022893,-1.1183732365621286,0.0,1,10,0.812559187412262,21.8732538932044,1.8352746893287886,0.0,0,17,0.8257904052734375,13.211424890321704,-1.2462392484549767,0.0,2,15,0.882875382900238,22.60084240069133,4.51751801109022,0.0,0,20,0.8073428869247437,24.54146278844148,3.5195769357794946,0.0,0,22,0.7793336510658264,22.35432400976057,7.33076640544203,0.0,1,23,0.7811278700828552
1777470405,722362649,map,2.8446049055631972,1.5206667418235478,0.0,0,0,0.680888831615448,2.9130171132697154,-1.4211973994343716,0.0,1,1,0.6634418368339539,7.856638395617165,5.504549157104006,0.0,0,2,0.6778962016105652,7.996697292974774,1.6102035897008777,0.0,0,3,0.7737473249435425,17.717875768250618,1.7048922904743553,0.0,0,5,0.8627637028694153,18.019491467373722,4.627485162077455,0.0,0,16,0.8577479124069214,8.062469326377574,-1.4716423985196725,0.0,2,8,0.8630730509757996,8.508214899493177,-1.7862439229620541,0.0,2,11,0.6549608707427979,13.047346406212164,1.642109953633179,0.0,0,13,0.8951014876365662,12.630824504137765,8.642025467913223,0.0,1,12,0.6694913506507874,12.903707703648966,5.554234658270223,0.0,0,14,0.7703070640563965,17.79917557287142,7.276758821502341,0.0,1,4,0.8392323851585388,18.185060053360786,-1.1184334640913631,0.0,1,10,0.8138453960418701,21.87392321769313,1.8353155170327882,0.0,0,17,0.82600337266922,13.211900116422047,-1.2461449457139873,0.0,2,15,0.8832730054855347,22.60175781449282,4.517668987262538,0.0,0,20,0.8077817559242249,24.541533637364672,3.5196476503197314,0.0,0,22,0.7801024913787842,22.35437483846041,7.330934116249334,0.0,1,23,0.7820726037025452
1777470405,822427086,map,2.8446049055631972,1.5206667418235478,0.0,0,0,0.6790394186973572,2.9130171132697154,-1.4211973994343716,0.0,1,1,0.6616858839988708,7.856638395617165,5.504549157104006,0.0,0,2,0.6760630011558533,7.996697292974774,1.6102035897008777,0.0,0,3,0.7713599801063538,17.71922395240078,1.7044871401103423,0.0,0,5,0.8627731800079346,18.020544327952976,4.627256030963771,0.0,0,16,0.857746422290802,8.062469326377574,-1.4716423985196725,0.0,2,8,0.8601037263870239,8.508214899493177,-1.7862439229620541,0.0,2,11,0.6532494425773621,13.049475068734717,1.6421179263445913,0.0,0,13,0.8950925469398499,12.630824504137765,8.642025467913223,0.0,1,12,0.6677032709121704,12.903707703648966,5.554234658270223,0.0,0,14,0.7679408192634583,17.79917557287142,7.276758821502341,0.0,1,4,0.8364245891571045,18.192385185112517,-1.118810800041029,0.0,1,10,0.8162528872489929,21.875582422444815,1.8349055343725167,0.0,0,17,0.8264120817184448,13.212785626397606,-1.2460796031146888,0.0,2,15,0.8840262293815613,22.603522383522318,4.517647426415843,0.0,0,20,0.8086332082748413,24.541614242792164,3.5194530338001084,0.0,0,22,0.7815940380096436,22.35445837258753,7.331273795133821,0.0,1,23,0.7838987112045288
1777470405,922410767,map,2.8446049055631972,1.5206667418235478,0.0,0,0,0.6781184673309326,2.9130171132697154,-1.4211973994343716,0.0,1,1,0.6608114242553711,7.856638395617165,5.504549157104006,0.0,0,2,0.6751501560211182,7.996697292974774,1.6102035897008777,0.0,0,3,0.7701718211174011,17.719935186072277,1.704265912769824,0.0,0,5,0.8627771139144897,18.02087100964659,4.62725947009258,0.0,0,16,0.8577477335929871,8.062469326377574,-1.4716423985196725,0.0,2,8,0.8586267232894897,8.508214899493177,-1.7862439229620541,0.0,2,11,0.652397096157074,13.050565636062192,1.6421101391499269,0.0,0,13,0.8950875401496887,12.630824504137765,8.642025467913223,0.0,1,12,0.6668127775192261,12.903707703648966,5.554234658270223,0.0,0,14,0.7667632102966309,17.79917557287142,7.276758821502341,0.0,1,4,0.8350276947021484,18.194294748652638,-1.1186679104568884,0.0,1,10,0.8174299001693726,21.87641236287177,1.834689524080465,0.0,0,17,0.8266097903251648,13.21327563209854,-1.2460598169976984,0.0,2,15,0.8843817710876465,22.604399856566296,4.517632209306341,0.0,0,20,0.8090454339981079,24.541656109999842,3.519373258223317,0.0,0,22,0.7823166251182556,22.354499028776807,7.331434075254781,0.0,1,23,0.7847811579704285
1777470406,22672384,map,2.8446049055631972,1.5206667418235478,0.0,0,0,0.6762840747833252,2.9130171132697154,-1.4211973994343716,0.0,1,1,0.659069299697876,7.856638395617165,5.504549157104006,0.0,0,2,0.6733317375183105,7.996697292974774,1.6102035897008777,0.0,0,3,0.7678064703941345,17.72119657223837,1.7038718413929634,0.0,0,5,0.8627864718437195,18.021994672908306,4.626691565051396,0.0,0,16,0.8577460050582886,8.062469326377574,-1.4716423985196725,0.0,2,8,0.8556878566741943,8.508214899493177,-1.7862439229620541,0.0,2,11,0.6506990194320679,13.05279161471617,1.6417537041937995,0.0,0,13,0.8950772881507874,12.630824504137765,8.642025467913223,0.0,1,12,0.6650389432907104,12.903707703648966,5.554234658270223,0.0,0,14,0.7644186615943909,17.79917557287142,7.276758821502341,0.0,1,4,0.8322479128837585,18.196608641542085,-1.1188345635069368,0.0,1,10,0.8172260522842407,21.878076295271867,1.8341052263954774,0.0,0,17,0.8269926309585571,13.214270644394668,-1.2463864858606988,0.0,2,15,0.8850539922714233,22.606164023089075,4.517417661251718,0.0,0,20,0.8098440766334534,24.541755146796817,3.519048269490077,0.0,0,22,0.7837175130844116,22.3546235784686,7.331698836059854,0.0,1,23,0.7864870429039001
1777470406,122499141,map,2.8446049055631972,1.5206667418235478,0.0,0,0,0.6753705739974976,2.9130171132697154,-1.4211973994343716,0.0,1,1,0.6582016944885254,7.856638395617165,5.504549157104006,0.0,0,2,0.6724262237548828,7.996697292974774,1.6102035897008777,0.0,0,3,0.7666292190551758,17.721932657783096,1.7035370579576194,0.0,0,5,0.8627895712852478,18.022547552600848,4.626398389780441,0.0,0,16,0.8577452301979065,8.062469326377574,-1.4716423985196725,0.0,2,8,0.8542259335517883,8.508214899493177,-1.7862439229620541,0.0,2,11,0.6498532891273499,13.053910626490621,1.6415048802036931,0.0,0,13,0.8950721025466919,12.630824504137765,8.642025467913223,0.0,1,12,0.6641556024551392,12.903707703648966,5.554234658270223,0.0,0,14,0.763251781463623,17.79917557287142,7.276758821502341,0.0,1,4,0.8308649063110352,18.198840728307204,-1.1191660219995747,0.0,1,10,0.8183667659759521,21.87889290358632,1.833884593307206,0.0,0,17,0.8271779417991638,13.214804029669024,-1.2466117578382898,0.0,2,15,0.8853714466094971,22.60701268171191,4.517373754615855,0.0,0,20,0.8102310299873352,24.541781482935203,3.5189656234468196,0.0,0,22,0.7843965888023376,22.354686179176205,7.331793290428529,0.0,1,23,0.7873117923736572
1777470406,222442745,map,2.8446049055631972,1.5206667418235478,0.0,0,0,0.6735510230064392,2.9130171132697154,-1.4211973994343716,0.0,1,1,0.6564733386039734,7.856638395617165,5.504549157104006,0.0,0,2,0.6706224083900452,7.996697292974774,1.6102035897008777,0.0,0,3,0.7642855048179626,17.723391212923683,1.702787626214669,0.0,0,5,0.8627955317497253,18.023622057543324,4.625714167763343,0.0,0,16,0.8577442169189453,8.062469326377574,-1.4716423985196725,0.0,2,8,0.8513170480728149,8.508214899493177,-1.7862439229620541,0.0,2,11,0.6481684446334839,13.055440274907621,1.6412847580119616,0.0,0,13,0.8950708508491516,12.630824504137765,8.642025467913223,0.0,1,12,0.6623958349227905,12.903707703648966,5.554234658270223,0.0,0,14,0.7609286904335022,17.79917557287142,7.276758821502341,0.0,1,4,0.8281127214431763,18.201814456079237,-1.119555326769865,0.0,1,10,0.8181196451187134,21.880472238695322,1.8333522202859711,0.0,0,17,0.827537477016449,13.215921123584618,-1.2471985934521141,0.0,2,15,0.8859714865684509,22.608634413408016,4.517185438662929,0.0,0,20,0.8109817504882812,24.54176563494241,3.5187066239094196,0.0,0,22,0.7857143878936768,22.354888666738855,7.332083565538184,0.0,1,23,0.7889053225517273
1777470406,325873533,map,2.8446049055631972,1.5206667418235478,0.0,0,0,0.6717411875724792,2.9130171132697154,-1.4211973994343716,0.0,1,1,0.6547540426254272,7.856638395617165,5.504549157104006,0.0,0,2,0.6688283085823059,7.996697292974774,1.6102035897008777,0.0,0,3,0.7619560956954956,17.724916735140955,1.7020504325647938,0.0,0,5,0.8627997636795044,18.024736380542052,4.625039498650048,0.0,0,16,0.857742428779602,8.062469326377574,-1.4716423985196725,0.0,2,8,0.848427951335907,8.508214899493177,-1.7862439229620541,0.0,2,11,0.6464923024177551,13.057082714259062,1.6409619024753248,0.0,0,13,0.8950676321983337,12.630824504137765,8.642025467913223,0.0,1,12,0.6606454253196716,12.903707703648966,5.554234658270223,0.0,0,14,0.7586196660995483,17.79917557287142,7.276758821502341,0.0,1,4,0.8253787159919739,18.204776865816594,-1.1197292907330858,0.0,1,10,0.8179240226745605,21.882056348395842,1.8328411502925839,0.0,0,17,0.8278816342353821,13.217216047984051,-1.2478902008601322,0.0,2,15,0.8865265250205994,22.610233537542882,4.517003119559261,0.0,0,20,0.8117014169692993,24.54174417437865,3.51846109118027,0.0,0,22,0.7869790196418762,22.355535935543642,7.331469731651868,0.0,1,23,0.7904275059700012
1777470406,422645324,map,2.8446049055631972,1.5206667418235478,0.0,0,0,0.6708399653434753,2.9130171132697154,-1.4211973994343716,0.0,1,1,0.653897762298584,7.856638395617165,5.504549157104006,0.0,0,2,0.6679348349571228,7.996697292974774,1.6102035897008777,0.0,0,3,0.7607967257499695,17.725691182325246,1.701659840284591,0.0,0,5,0.8628015518188477,18.02529166915129,4.6246826049775445,0.0,0,16,0.8577415347099304,8.062469326377574,-1.4716423985196725,0.0,2,8,0.846990704536438,8.508214899493177,-1.7862439229620541,0.0,2,11,0.645657479763031,13.0578785325831,1.6407356977687895,0.0,0,13,0.8950662612915039,12.630824504137765,8.642025467913223,0.0,1,12,0.6597736477851868,12.903707703648966,5.554234658270223,0.0,0,14,0.7574703693389893,17.79917557287142,7.276758821502341,0.0,1,4,0.8240184187889099,18.204776865816594,-1.1197292907330858,0.0,1,10,0.8165882229804993,21.882829699201103,1.8325675003702784,0.0,0,17,0.8280484080314636,13.2176482462046,-1.2479933111879358,0.0,2,15,0.886792778968811,22.61100357277798,4.516892375427023,0.0,0,20,0.8120503425598145,24.541708673111657,3.518317886794834,0.0,0,22,0.7875925302505493,22.355803673064347,7.331143586442317,0.0,1,23,0.7911644577980042
1777470406,522515125,map,2.8446049055631972,1.5206667418235478,0.0,0,0,0.6699410676956177,2.9130171132697154,-1.4211973994343716,0.0,1,1,0.6530436873435974,7.856638395617165,5.504549157104006,0.0,0,2,0.6670437455177307,7.996697292974774,1.6102035897008777,0.0,0,3,0.7596408724784851,17.726474043342844,1.7012940471415017,0.0,0,5,0.8628029823303223,18.025844107428252,4.6243472304291116,0.0,0,16,0.857740581035614,8.062469326377574,-1.4716423985196725,0.0,2,8,0.8455583453178406,8.508214899493177,-1.7862439229620541,0.0,2,11,0.6448248028755188,13.058667600592246,1.6404792562981338,0.0,0,13,0.8950649499893188,12.630824504137765,8.642025467913223,0.0,1,12,0.6589041948318481,12.903707703648966,5.554234658270223,0.0,0,14,0.7563245892524719,17.79917557287142,7.276758821502341,0.0,1,4,0.8226626515388489,18.207720852497243,-1.1200207666356905,0.0,1,10,0.8177343010902405,21.88359394158313,1.8323190605560795,0.0,0,17,0.8282116651535034,13.218071885714926,-1.248128568830272,0.0,2,15,0.8870496153831482,22.611756941055773,4.516799510461546,0.0,0,20,0.8123921155929565,24.541657871046173,3.5181992634511303,0.0,0,22,0.7881937623023987,22.356040387374062,7.330871476800637,0.0,1,23,0.7918854355812073
1777470406,623726911,map,2.8446049055631972,1.5206667418235478,0.0,0,0,0.6681506037712097,2.9130171132697154,-1.4211973994343716,0.0,1,1,0.6513422727584839,7.856638395617165,5.504549157104006,0.0,0,2,0.6652687191963196,7.996697292974774,1.6102035897008777,0.0,0,3,0.7573396563529968,17.728022704265214,1.7005613878295072,0.0,0,5,0.8628056645393372,18.026902178475822,4.623673422669746,0.0,0,16,0.8577391505241394,8.062469326377574,-1.4716423985196725,0.0,2,8,0.8427081108093262,8.508214899493177,-1.7862439229620541,0.0,2,11,0.6431658864021301,13.060122872881868,1.6399028224536125,0.0,0,13,0.8950636982917786,12.630824504137765,8.642025467913223,0.0,1,12,0.6571721434593201,12.903707703648966,5.554234658270223,0.0,0,14,0.7540434002876282,17.79917557287142,7.276758821502341,0.0,1,4,0.8199644684791565,18.207720852497243,-1.1200207666356905,0.0,1,10,0.815068244934082,21.8850631203407,1.8318102780773444,0.0,0,17,0.8285285234451294,13.218817168532933,-1.2484741910616934,0.0,2,15,0.8875377774238586,22.613181177075045,4.516600990467134,0.0,0,20,0.8130553960800171,24.541488610558503,3.517946813885017,0.0,0,22,0.7893610000610352,22.356496185809608,7.330378303562134,0.0,1,23,0.7932807803153992
1777470406,722529721,map,2.8446049055631972,1.5206667418235478,0.0,0,0,0.6672589778900146,2.9130171132697154,-1.4211973994343716,0.0,1,1,0.6504948735237122,7.856638395617165,5.504549157104006,0.0,0,2,0.6643847227096558,7.996697292974774,1.6102035897008777,0.0,0,3,0.7561942338943481,17.728805836619543,1.700306096861504,0.0,0,5,0.862806499004364,18.02741469960932,4.623439754592306,0.0,0,16,0.857738196849823,8.062469326377574,-1.4716423985196725,0.0,2,8,0.8412901759147644,8.508214899493177,-1.7862439229620541,0.0,2,11,0.6423396468162537,13.060834518557714,1.639596008995292,0.0,0,13,0.8950631022453308,12.630824504137765,8.642025467913223,0.0,1,12,0.6563095450401306,12.903707703648966,5.554234658270223,0.0,0,14,0.752907931804657,17.79917557287142,7.276758821502341,0.0,1,4,0.8186219930648804,18.207720852497243,-1.1200207666356905,0.0,1,10,0.8137417435646057,21.88577965114692,1.8316556062506475,0.0,0,17,0.8286819458007812,13.219173829723372,-1.2486668500700902,0.0,2,15,0.8877691626548767,22.613857348238305,4.516601127636004,0.0,0,20,0.8133769035339355,24.541378247920377,3.5179232134492042,0.0,0,22,0.7899271845817566,22.35678369905633,7.330239358553422,0.0,1,23,0.7939545512199402
1777470406,822644602,map,2.8446049055631972,1.5206667418235478,0.0,0,0,0.665482759475708,2.9130171132697154,-1.4211973994343716,0.0,1,1,0.6488066911697388,7.856638395617165,5.504549157104006,0.0,0,2,0.6626237630844116,7.996697292974774,1.6102035897008777,0.0,0,3,0.7539138197898865,17.730421583963874,1.70049882233697,0.0,0,5,0.8628062009811401,18.02841356610639,4.623650128860277,0.0,0,16,0.8577343225479126,8.062469326377574,-1.4716423985196725,0.0,2,8,0.838468611240387,8.508214899493177,-1.7862439229620541,0.0,2,11,0.6406934857368469,13.062240324440138,1.6391004314361555,0.0,0,13,0.8950616121292114,12.630824504137765,8.642025467913223,0.0,1,12,0.6545910835266113,12.903707703648966,5.554234658270223,0.0,0,14,0.750647246837616,17.79917557287142,7.276758821502341,0.0,1,4,0.8159501552581787,18.21096533592132,-1.1203724865980924,0.0,1,10,0.8136420845985413,21.88721850844828,1.8321187816740536,0.0,0,17,0.8289781808853149,13.21988821295313,-1.2489370732901,0.0,2,15,0.8882079720497131,22.615149661031182,4.51739675475618,0.0,0,20,0.8139985799789429,24.541142477508316,3.518745645907682,0.0,0,22,0.791024386882782,22.357365990026842,7.330830299608221,0.0,1,23,0.7952549457550049
1777470406,922482151,map,2.8446049055631972,1.5206667418235478,0.0,0,0,0.6645982265472412,2.9130171132697154,-1.4211973994343716,0.0,1,1,0.6479659080505371,7.856638395617165,5.504549157104006,0.0,0,2,0.6617467999458313,7.996697292974774,1.6102035897008777,0.0,0,3,0.7527787685394287,17.73126048251298,1.7007416869022904,0.0,0,5,0.8628052473068237,18.02894062454595,4.623888907150132,0.0,0,16,0.8577315807342529,8.062469326377574,-1.4716423985196725,0.0,2,8,0.8370649218559265,8.508214899493177,-1.7862439229620541,0.0,2,11,0.6398735642433167,13.06292432432048,1.6389046167430985,0.0,0,13,0.8950608372688293,12.630824504137765,8.642025467913223,0.0,1,12,0.6537352204322815,12.903707703648966,5.554234658270223,0.0,0,14,0.7495220303535461,17.79917557287142,7.276758821502341,0.0,1,4,0.8146207928657532,18.214596841468875,-1.1202935497707998,0.0,1,10,0.8148647546768188,21.887942019712398,1.8324630146358476,0.0,0,17,0.8291212916374207,13.220233109412533,-1.249019100033563,0.0,2,15,0.8884161114692688,22.61580008547486,4.517899959180222,0.0,0,20,0.8142994046211243,24.541042090660063,3.519254161244076,0.0,0,22,0.7915561199188232,22.357708421341158,7.331248038788804,0.0,1,23,0.7958829402923584
1777470407,22480409,map,2.8446049055631972,1.5206667418235478,0.0,0,0,0.6628361344337463,2.9130171132697154,-1.4211973994343716,0.0,1,1,0.6462907791137695,7.856638395617165,5.504549157104006,0.0,0,2,0.6599997878074646,7.996697292974774,1.6102035897008777,0.0,0,3,0.7505188584327698,17.733018763947403,1.70104817408551,0.0,0,5,0.8628022074699402,18.030111872199257,4.624179912228411,0.0,0,16,0.8577250838279724,8.062469326377574,-1.4716423985196725,0.0,2,8,0.8342715501785278,8.508214899493177,-1.7862439229620541,0.0,2,11,0.6382399797439575,13.064311847699521,1.6385902150156484,0.0,0,13,0.8950584530830383,12.630824504137765,8.642025467913223,0.0,1,12,0.6520301699638367,12.903707703648966,5.554234658270223,0.0,0,14,0.7472816109657288,17.79917557287142,7.276758821502341,0.0,1,4,0.8119749426841736,18.221900695254536,-1.1200233973814167,0.0,1,10,0.8171964883804321,21.889422635431636,1.832859360133437,0.0,0,17,0.8293983340263367,13.220962215939403,-1.2491102087135224,0.0,2,15,0.8888102173805237,22.617160150477332,4.518586259815249,0.0,0,20,0.8148824572563171,24.540890194709338,3.519910254657085,0.0,0,22,0.7925881147384644,22.35863901494022,7.3317825635706,0.0,1,23,0.7970969080924988
1777470407,122435903,map,2.8446049055631972,1.5206667418235478,0.0,0,0,0.6619585752487183,2.9130171132697154,-1.4211973994343716,0.0,1,1,0.6454564929008484,7.856638395617165,5.504549157104006,0.0,0,2,0.6591297388076782,7.996697292974774,1.6102035897008777,0.0,0,3,0.7493939995765686,17.733957820997677,1.7010219767912345,0.0,0,5,0.8627999424934387,18.030790950504077,4.624146090879607,0.0,0,16,0.857721209526062,8.062469326377574,-1.4716423985196725,0.0,2,8,0.8328818678855896,8.508214899493177,-1.7862439229620541,0.0,2,11,0.6374263167381287,13.065043392372434,1.6384295421774562,0.0,0,13,0.8950565457344055,12.630824504137765,8.642025467913223,0.0,1,12,0.6511810421943665,12.903707703648966,5.554234658270223,0.0,0,14,0.7461664080619812,17.79917557287142,7.276758821502341,0.0,1,4,0.8106585144996643,18.221900695254536,-1.1200233973814167,0.0,1,10,0.8158630132675171,21.890195526928327,1.8328543770001833,0.0,0,17,0.8295322060585022,13.221372228678252,-1.249161545971327,0.0,2,15,0.8889963030815125,22.61789792312828,4.518712660841838,0.0,0,20,0.8151647448539734,24.540861197882716,3.5200108158405743,0.0,0,22,0.7930886149406433,22.359255614102334,7.331834772717524,0.0,1,23,0.7976833581924438
1777470407,222793277,map,2.8446049055631972,1.5206667418235478,0.0,0,0,0.6602104306221008,2.9130171132697154,-1.4211973994343716,0.0,1,1,0.6437943577766418,7.856638395617165,5.504549157104006,0.0,0,2,0.6573964953422546,7.996697292974774,1.6102035897008777,0.0,0,3,0.7471543550491333,17.735700682990494,1.7006291940636977,0.0,0,5,0.8627973198890686,18.032192789141448,4.623446575054468,0.0,0,16,0.8577149510383606,8.062469326377574,-1.4716423985196725,0.0,2,8,0.8301162719726562,8.508214899493177,-1.7862439229620541,0.0,2,11,0.6358051896095276,13.06650661300335,1.638040483203706,0.0,0,13,0.8950525522232056,12.630824504137765,8.642025467913223,0.0,1,12,0.6494892835617065,12.903707703648966,5.554234658270223,0.0,0,14,0.7439459562301636,17.79917557287142,7.276758821502341,0.0,1,4,0.8080382943153381,18.225331550296552,-1.1204482831423022,0.0,1,10,0.8157292604446411,21.89171791284607,1.8320570182872555,0.0,0,17,0.8297924399375916,13.222215287768915,-1.2493398163033966,0.0,2,15,0.8893486857414246,22.619377530209327,4.518136947662067,0.0,0,20,0.8157138228416443,24.540810715250057,3.519303752690556,0.0,0,22,0.7940616011619568,22.36060846158928,7.331117533212613,0.0,1,23,0.7988208532333374
1777470407,322472020,map,2.8446049055631972,1.5206667418235478,0.0,0,0,0.6593398451805115,2.9130171132697154,-1.4211973994343716,0.0,1,1,0.6429664492607117,7.856638395617165,5.504549157104006,0.0,0,2,0.6565333008766174,7.996697292974774,1.6102035897008777,0.0,0,3,0.7460395097732544,17.736567844403933,1.7001624094000234,0.0,0,5,0.8627962470054626,18.03283950424084,4.622966103679187,0.0,0,16,0.8577128648757935,8.062469326377574,-1.4716423985196725,0.0,2,8,0.8287404179573059,8.508214899493177,-1.7862439229620541,0.0,2,11,0.6349977254867554,13.067125237105428,1.6378066184321267,0.0,0,13,0.8950520753860474,12.630824504137765,8.642025467913223,0.0,1,12,0.6486467123031616,12.903707703648966,5.554234658270223,0.0,0,14,0.7428407073020935,17.79917557287142,7.276758821502341,0.0,1,4,0.806734561920166,18.225331550296552,-1.1204482831423022,0.0,1,10,0.8144006133079529,21.892440093658255,1.8316304343066367,0.0,0,17,0.8299189209938049,13.222521168685622,-1.2494738451718903,0.0,2,15,0.8895173072814941,22.620071135944283,4.517823114749618,0.0,0,20,0.8159805536270142,24.540742514128077,3.518990068200787,0.0,0,22,0.7945341467857361,22.361201044217825,7.330758779323315,0.0,1,23,0.7993725538253784
1777470407,422457862,map,2.8446049055631972,1.5206667418235478,0.0,0,0,0.6576055288314819,2.9130171132697154,-1.4211973994343716,0.0,1,1,0.6413170695304871,7.856638395617165,5.504549157104006,0.0,0,2,0.6548136472702026,7.996697292974774,1.6102035897008777,0.0,0,3,0.7438198328018188,17.73827965104137,1.6995922414530302,0.0,0,5,0.8627936244010925,18.033940146500797,4.622389474909326,0.0,0,16,0.8577098846435547,8.062469326377574,-1.4716423985196725,0.0,2,8,0.8260022401809692,8.508214899493177,-1.7862439229620541,0.0,2,11,0.6333889365196228,13.068187734228548,1.6373218682322712,0.0,0,13,0.8950532078742981,12.630824504137765,8.642025467913223,0.0,1,12,0.6469680666923523,12.903707703648966,5.554234658270223,0.0,0,14,0.7406399846076965,17.79917557287142,7.276758821502341,0.0,1,4,0.8041396737098694,18.225331550296552,-1.1204482831423022,0.0,1,10,0.8117562532424927,21.893784903793115,1.8312626646381542,0.0,0,17,0.8301645517349243,13.222969161254305,-1.249763398879288,0.0,2,15,0.8898394703865051,22.621270439202867,4.5176911566018125,0.0,0,20,0.8164986968040466,24.54047481293654,3.518903043669276,0.0,0,22,0.795452356338501,22.362168234219794,7.330593045744931,0.0,1,23,0.8004416227340698
1777470407,522350018,map,2.8446049055631972,1.5206667418235478,0.0,0,0,0.656741738319397,2.9130171132697154,-1.4211973994343716,0.0,1,1,0.6404955387115479,7.856638395617165,5.504549157104006,0.0,0,2,0.653957188129425,7.996697292974774,1.6102035897008777,0.0,0,3,0.7427149415016174,17.739155441304117,1.6996422122197907,0.0,0,5,0.8627914786338806,18.034457845298085,4.62242844512548,0.0,0,16,0.857707679271698,8.062469326377574,-1.4716423985196725,0.0,2,8,0.8246399164199829,8.508214899493177,-1.7862439229620541,0.0,2,11,0.6325875520706177,13.0686997341757,1.637107481207853,0.0,0,13,0.8950538039207458,12.630824504137765,8.642025467913223,0.0,1,12,0.6461320519447327,12.903707703648966,5.554234658270223,0.0,0,14,0.7395445108413696,17.79917557287142,7.276758821502341,0.0,1,4,0.8028484582901001,18.228538976945625,-1.1206167482035652,0.0,1,10,0.8130394220352173,21.89446144755735,1.8314890901270595,0.0,0,17,0.8302829265594482,13.223185603213361,-1.2498820073224657,0.0,2,15,0.8899924159049988,22.62184805304086,4.518040019499032,0.0,0,20,0.8167489767074585,24.540344756162106,3.519336879340205,0.0,0,22,0.7958970069885254,22.362608922370164,7.330969079352801,0.0,1,23,0.8009578585624695,19.33384250513302,-1.2487368754501087,0.0,2,25,0.6683159470558167
1777470407,624217051,map,2.8446049055631972,1.5206667418235478,0.0,0,0,0.6550210118293762,2.9130171132697154,-1.4211973994343716,0.0,1,1,0.6388587951660156,7.856638395617165,5.504549157104006,0.0,0,2,0.6522510051727295,7.996697292974774,1.6102035897008777,0.0,0,3,0.7405149936676025,17.740969529662575,1.6999397651043262,0.0,0,5,0.862785816192627,18.03553690242935,4.622680770620199,0.0,0,16,0.8577020764350891,8.062469326377574,-1.4716423985196725,0.0,2,8,0.8219287395477295,8.508214899493177,-1.7862439229620541,0.0,2,11,0.6309909224510193,13.06973666137754,1.6368190388587112,0.0,0,13,0.8950541615486145,12.630824504137765,8.642025467913223,0.0,1,12,0.6444664001464844,12.903707703648966,5.554234658270223,0.0,0,14,0.7373632788658142,17.79917557287142,7.276758821502341,0.0,1,4,0.8002784848213196,18.231712149005457,-1.1203614548912741,0.0,1,10,0.8129594326019287,21.895829046354994,1.8319816515209004,0.0,0,17,0.8305118680000305,13.223637436688472,-1.2499769755773922,0.0,2,15,0.8902824521064758,22.62300799298369,4.5187420903958255,0.0,0,20,0.8172341585159302,24.540082381706277,3.520154490125423,0.0,0,22,0.7967604994773865,22.363529123405396,7.33176805159979,0.0,1,23,0.8019571900367737,19.350747321567578,-1.2617783185521516,0.0,2,25,0.6802433133125305
1777470407,722346676,map,2.8446049055631972,1.5206667418235478,0.0,0,0,0.6541640758514404,2.9130171132697154,-1.4211973994343716,0.0,1,1,0.6380435824394226,7.856638395617165,5.504549157104006,0.0,0,2,0.6514012813568115,7.996697292974774,1.6102035897008777,0.0,0,3,0.7394198775291443,17.741979818113293,1.7000445047736648,0.0,0,5,0.8627815842628479,18.03618604755304,4.622755332886223,0.0,0,16,0.8576980233192444,8.062469326377574,-1.4716423985196725,0.0,2,8,0.8205798268318176,8.508214899493177,-1.7862439229620541,0.0,2,11,0.6301956176757812,13.070381100741995,1.6366729113331522,0.0,0,13,0.895052433013916,12.630824504137765,8.642025467913223,0.0,1,12,0.6436367630958557,12.903707703648966,5.554234658270223,0.0,0,14,0.7362774610519409,17.79917557287142,7.276758821502341,0.0,1,4,0.7989996075630188,18.231712149005457,-1.1203614548912741,0.0,1,10,0.8116397857666016,21.896585041610056,1.8321374394467211,0.0,0,17,0.8306218385696411,13.224004126791293,-1.2500293595269183,0.0,2,15,0.8904178738594055,22.62366680616403,4.518992628166238,0.0,0,20,0.8174684643745422,24.53988300831417,3.520242350562228,0.0,0,22,0.7971810698509216,22.364114195917754,7.332063506553475,0.0,1,23,0.8024399876594543,19.350747321567578,-1.2617783185521516,0.0,2,25,0.6793190836906433
1777470407,822391788,map,2.8446049055631972,1.5206667418235478,0.0,0,0,0.6524568200111389,2.9130171132697154,-1.4211973994343716,0.0,1,1,0.6364192962646484,7.856638395617165,5.504549157104006,0.0,0,2,0.6497083902359009,7.996697292974774,1.6102035897008777,0.0,0,3,0.7372393608093262,17.743915784804464,1.700098120800192,0.0,0,5,0.8627741932868958,18.03745137848314,4.622738312080695,0.0,0,16,0.8576908111572266,8.062469326377574,-1.4716423985196725,0.0,2,8,0.817895233631134,8.508214899493177,-1.7862439229620541,0.0,2,11,0.6286110281944275,13.071399191742763,1.63643894821572,0.0,0,13,0.8950523138046265,12.630824504137765,8.642025467913223,0.0,1,12,0.6419839859008789,12.903707703648966,5.554234658270223,0.0,0,14,0.7341154217720032,17.79917557287142,7.276758821502341,0.0,1,4,0.796454131603241,18.23481652432473,-1.120119284039124,0.0,1,10,0.8116520643234253,21.89800341207068,1.8322567573301012,0.0,0,17,0.8308361172676086,13.224472115460848,-1.250076652874954,0.0,2,15,0.8906788229942322,22.624916010436586,4.519290377305282,0.0,0,20,0.8179242014884949,24.539343900376007,3.5204520046693695,0.0,0,22,0.7979996204376221,22.365315764030758,7.332443417174632,0.0,1,23,0.8033758401870728,19.350747321567578,-1.2617783185521516,0.0,2,25,0.6774781942367554
1777470407,922459673,map,2.8446049055631972,1.5206667418235478,0.0,0,0,0.6516065001487732,2.9130171132697154,-1.4211973994343716,0.0,1,1,0.6356102824211121,7.856638395617165,5.504549157104006,0.0,0,2,0.6488652229309082,7.996697292974774,1.6102035897008777,0.0,0,3,0.7361539602279663,17.744907197991683,1.7000789709707014,0.0,0,5,0.862770140171051,18.037907560642413,4.622620754830503,0.0,0,16,0.8576898574829102,8.062469326377574,-1.4716423985196725,0.0,2,8,0.8165594935417175,8.508214899493177,-1.7862439229620541,0.0,2,11,0.6278217434883118,13.07195214922047,1.6363269200137078,0.0,0,13,0.8950514197349548,12.630824504137765,8.642025467913223,0.0,1,12,0.6411607265472412,12.903707703648966,5.554234658270223,0.0,0,14,0.733039140701294,17.79917557287142,7.276758821502341,0.0,1,4,0.7951874732971191,18.23481652432473,-1.120119284039124,0.0,1,10,0.8103365898132324,21.89872013572605,1.8322691630864416,0.0,0,17,0.830939769744873,13.224756875627733,-1.2500993931087365,0.0,2,15,0.8908017873764038,22.625540883970366,4.5193903356991205,0.0,0,20,0.8181451559066772,24.53911512111808,3.5205501922154094,0.0,0,22,0.7983964681625366,22.36594497089376,7.332585444326599,0.0,1,23,0.8038288950920105,19.350747321567578,-1.2617783185521516,0.0,2,25,0.6765614748001099
1777470408,22331107,map,2.8446049055631972,1.5206667418235478,0.0,0,0,0.6499125361442566,2.9130171132697154,-1.4211973994343716,0.0,1,1,0.6339983940124512,7.856638395617165,5.504549157104006,0.0,0,2,0.6471855044364929,7.996697292974774,1.6102035897008777,0.0,0,3,0.7339926362037659,17.746938220054407,1.7000820343660938,0.0,0,5,0.8627611398696899,18.038817724593113,4.622416771035065,0.0,0,16,0.8576876521110535,8.062469326377574,-1.4716423985196725,0.0,2,8,0.8139011263847351,8.508214899493177,-1.7862439229620541,0.0,2,11,0.6262490749359131,13.073045288430045,1.6361559981533706,0.0,0,13,0.895049512386322,12.630824504137765,8.642025467913223,0.0,1,12,0.6395205855369568,12.903707703648966,5.554234658270223,0.0,0,14,0.7308960556983948,17.79917557287142,7.276758821502341,0.0,1,4,0.7926661968231201,18.237863213768005,-1.119874647255347,0.0,1,10,0.8103485107421875,21.9001759371709,1.8324034275363912,0.0,0,17,0.8311399817466736,13.225316678779063,-1.25009283030568,0.0,2,15,0.8910353779792786,22.626766984000906,4.51970368375186,0.0,0,20,0.8185735940933228,24.538858735628754,3.5208551227218305,0.0,0,22,0.7991645336151123,22.367197174864128,7.332999268565602,0.0,1,23,0.8047063946723938,19.350747321567578,-1.2617783185521516,0.0,2,25,0.6747354865074158
1777470408,122565825,map,2.8446049055631972,1.5206667418235478,0.0,0,0,0.6490688920021057,2.9130171132697154,-1.4211973994343716,0.0,1,1,0.6331955194473267,7.856638395617165,5.504549157104006,0.0,0,2,0.6463488936424255,7.996697292974774,1.6102035897008777,0.0,0,3,0.7329167127609253,17.747953470526205,1.7001074420673012,0.0,0,5,0.8627565503120422,18.03923738537175,4.622308559243387,0.0,0,16,0.8576869368553162,8.062469326377574,-1.4716423985196725,0.0,2,8,0.8125783801078796,8.508214899493177,-1.7862439229620541,0.0,2,11,0.6254656314849854,13.073544734890614,1.6360519787407832,0.0,0,13,0.8950490951538086,12.630824504137765,8.642025467913223,0.0,1,12,0.6387036442756653,12.903707703648966,5.554234658270223,0.0,0,14,0.7298291921615601,17.79917557287142,7.276758821502341,0.0,1,4,0.7914115786552429,18.240776048484328,-1.1196992665577847,0.0,1,10,0.8116768002510071,21.90089243477778,1.8325158707607176,0.0,0,17,0.8312370181083679,13.225561408068875,-1.2501102530361152,0.0,2,15,0.8911466598510742,22.627348664889414,4.519906159438023,0.0,0,20,0.8187815546989441,24.538645327006346,3.520930224509845,0.0,0,22,0.7995386719703674,22.367799983284506,7.3332601264018855,0.0,1,23,0.8051315546035767,19.350747321567578,-1.2617783185521516,0.0,2,25,0.6738261580467224
1777470408,222406924,map,2.8446049055631972,1.5206667418235478,0.0,0,0,0.6473881006240845,2.9130171132697154,-1.4211973994343716,0.0,1,1,0.6315957903862,7.856638395617165,5.504549157104006,0.0,0,2,0.6446821093559265,7.996697292974774,1.6102035897008777,0.0,0,3,0.7307742834091187,17.7499606052174,1.700237624668147,0.0,0,5,0.8627474308013916,18.04001070467191,4.62211889084316,0.0,0,16,0.8576861619949341,8.062469326377574,-1.4716423985196725,0.0,2,8,0.809945821762085,8.508214899493177,-1.7862439229620541,0.0,2,11,0.6239047050476074,13.094890035904324,1.6355192397050273,0.0,0,13,0.8931388854980469,12.630824504137765,8.642025467913223,0.0,1,12,0.6370760798454285,12.903707703648966,5.554234658270223,0.0,0,14,0.7277047634124756,17.79917557287142,7.276758821502341,0.0,1,4,0.788914144039154,18.243551162390606,-1.1194323275755338,0.0,1,10,0.8116461038589478,21.90229640509467,1.832757800838898,0.0,0,17,0.8314250707626343,13.225971553058203,-1.2501164869712806,0.0,2,15,0.8913589715957642,22.628460908499648,4.52031561626262,0.0,0,20,0.8191853165626526,24.538183538443295,3.521103205476018,0.0,0,22,0.8002658486366272,22.369007794661155,7.33380664379463,0.0,1,23,0.8059553503990173,19.350747321567578,-1.2617783185521516,0.0,2,25,0.6720148921012878
1777470408,322277353,map,2.8446049055631972,1.5206667418235478,0.0,0,0,0.6457159519195557,2.9130171132697154,-1.4211973994343716,0.0,1,1,0.6300041675567627,7.856638395617165,5.504549157104006,0.0,0,2,0.6430239677429199,7.996697292974774,1.6102035897008777,0.0,0,3,0.7286444306373596,17.752001245927598,1.7003286860126638,0.0,0,5,0.8627377152442932,18.040758974255315,4.621931859483159,0.0,0,16,0.8576855659484863,8.062469326377574,-1.4716423985196725,0.0,2,8,0.8073302507400513,8.508214899493177,-1.7862439229620541,0.0,2,11,0.6223515868186951,13.094890035904324,1.6355192397050273,0.0,0,13,0.889959454536438,12.630824504137765,8.642025467913223,0.0,1,12,0.6354567408561707,12.903707703648966,5.554234658270223,0.0,0,14,0.7255927324295044,17.79917557287142,7.276758821502341,0.0,1,4,0.7864324450492859,18.243551162390606,-1.1194323275755338,0.0,1,10,0.8090195059776306,21.903714753789714,1.832927760796029,0.0,0,17,0.8316050171852112,13.22634628179606,-1.2501148984684907,0.0,2,15,0.8915574550628662,22.62955592879516,4.520641009218995,0.0,0,20,0.8195732235908508,24.53772460964895,3.5212671790794134,0.0,0,22,0.8009653687477112,22.370332212198527,7.33429204534247,0.0,1,23,0.8067440986633301,19.350747321567578,-1.2617783185521516,0.0,2,25,0.6702132821083069
1777470408,422589931,map,2.8446049055631972,1.5206667418235478,0.0,0,0,0.6448831558227539,2.9130171132697154,-1.4211973994343716,0.0,1,1,0.6292113661766052,7.856638395617165,5.504549157104006,0.0,0,2,0.6421980261802673,7.996697292974774,1.6102035897008777,0.0,0,3,0.7275841236114502,17.753090169031466,1.7003411880442294,0.0,0,5,0.8627318739891052,18.04119610290913,4.621836864244115,0.0,0,16,0.8576843738555908,8.062469326377574,-1.4716423985196725,0.0,2,8,0.8060287833213806,8.508214899493177,-1.7862439229620541,0.0,2,11,0.6215779185295105,13.094890035904324,1.6355192397050273,0.0,0,13,0.8883782029151917,12.630824504137765,8.642025467913223,0.0,1,12,0.6346501111984253,12.903707703648966,5.554234658270223,0.0,0,14,0.7245412468910217,17.79917557287142,7.276758821502341,0.0,1,4,0.7851974368095398,18.246347754894828,-1.1192615307405238,0.0,1,10,0.8103893399238586,21.904471339316615,1.8329541024510232,0.0,0,17,0.831691563129425,13.24753018134866,-1.2499912827493596,0.0,2,15,0.8913310766220093,22.63013996279506,4.5207383671125045,0.0,0,20,0.8197609186172485,24.537714606795316,3.5214628361108047,0.0,0,22,0.8013020753860474,22.37109903270901,7.33447963423537,0.0,1,23,0.8071251511573792,19.350747321567578,-1.2617783185521516,0.0,2,25,0.6693161129951477
1777470408,522299762,map,2.8446049055631972,1.5206667418235478,0.0,0,0,0.6432239413261414,2.9130171132697154,-1.4211973994343716,0.0,1,1,0.6276317238807678,7.856638395617165,5.504549157104006,0.0,0,2,0.6405525803565979,7.996697292974774,1.6102035897008777,0.0,0,3,0.7254727482795715,17.755278690239564,1.7006406464499388,0.0,0,5,0.8627196550369263,18.042038759038547,4.621704836964958,0.0,0,16,0.8576821088790894,8.062469326377574,-1.4716423985196725,0.0,2,8,0.8034384250640869,8.508214899493177,-1.7862439229620541,0.0,2,11,0.6200363039970398,13.094890035904324,1.6355192397050273,0.0,0,13,0.8852325677871704,12.630824504137765,8.642025467913223,0.0,1,12,0.633043110370636,12.903707703648966,5.554234658270223,0.0,0,14,0.7224475145339966,17.79917557287142,7.276758821502341,0.0,1,4,0.782738983631134,18.248984142070523,-1.1189934027505908,0.0,1,10,0.810403048992157,21.905981328625906,1.8333418340606704,0.0,0,17,0.8318586945533752,13.24753018134866,-1.2499912827493596,0.0,2,15,0.8881645202636719,22.63123155231245,4.521270458852459,0.0,0,20,0.8201250433921814,24.537643687893517,3.5220497615179913,0.0,0,22,0.8019564747810364,22.372560614710146,7.335220118336139,0.0,1,23,0.807863175868988,19.350747321567578,-1.2617783185521516,0.0,2,25,0.6675289869308472
1777470408,623987312,map,2.8446049055631972,1.5206667418235478,0.0,0,0,0.6423975229263306,2.9130171132697154,-1.4211973994343716,0.0,1,1,0.6268448829650879,7.856638395617165,5.504549157104006,0.0,0,2,0.6397330164909363,7.996697292974774,1.6102035897008777,0.0,0,3,0.7244216203689575,17.756451343531825,1.7008880385288303,0.0,0,5,0.8627123236656189,18.04254274389833,4.621631458321325,0.0,0,16,0.8576799035072327,8.062469326377574,-1.4716423985196725,0.0,2,8,0.8021494746208191,8.508214899493177,-1.7862439229620541,0.0,2,11,0.6192683577537537,13.094890035904324,1.6355192397050273,0.0,0,13,0.883668065071106,12.630824504137765,8.642025467913223,0.0,1,12,0.6322426199913025,12.903707703648966,5.554234658270223,0.0,0,14,0.7214051485061646,17.79917557287142,7.276758821502341,0.0,1,4,0.7815155386924744,18.248984142070523,-1.1189934027505908,0.0,1,10,0.8090916872024536,21.906798523460406,1.8336228096941303,0.0,0,17,0.8319386839866638,13.24753018134866,-1.2499912827493596,0.0,2,15,0.8865896463394165,22.63179982280439,4.5216188045609895,0.0,0,20,0.8203011155128479,24.53763937828122,3.5224051936838174,0.0,0,22,0.8022738099098206,22.37331221904902,7.33568077253972,0.0,1,23,0.8082202076911926,19.350747321567578,-1.2617783185521516,0.0,2,25,0.666638970375061
1777470408,722338859,map,2.8446049055631972,1.5206667418235478,0.0,0,0,0.6407510638237,2.9130171132697154,-1.4211973994343716,0.0,1,1,0.625277042388916,7.856638395617165,5.504549157104006,0.0,0,2,0.6381002068519592,7.996697292974774,1.6102035897008777,0.0,0,3,0.7223285436630249,17.758759048170496,1.7016046224076484,0.0,0,5,0.8626978993415833,18.043542915172857,4.62169983225565,0.0,0,16,0.8576748371124268,8.062469326377574,-1.4716423985196725,0.0,2,8,0.799583911895752,8.508214899493177,-1.7862439229620541,0.0,2,11,0.6177381873130798,13.094890035904324,1.6355192397050273,0.0,0,13,0.8805555701255798,12.630824504137765,8.642025467913223,0.0,1,12,0.6306477189064026,12.903707703648966,5.554234658270223,0.0,0,14,0.7193294167518616,17.79917557287142,7.276758821502341,0.0,1,4,0.7790800929069519,18.248984142070523,-1.1189934027505908,0.0,1,10,0.8064815998077393,21.908396955725507,1.8343468549909128,0.0,0,17,0.8320937156677246,13.24753018134866,-1.2499912827493596,0.0,2,15,0.8834565877914429,22.632735049105165,4.522465588592129,0.0,0,20,0.8206445574760437,24.537507451249066,3.523273617978601,0.0,0,22,0.8028915524482727,22.37405020727247,7.336790183906065,0.0,1,23,0.8089209794998169,19.350747321567578,-1.2617783185521516,0.0,2,25,0.6648660898208618
1777470408,822702916,map,2.8446049055631972,1.5206667418235478,0.0,0,0,0.6399309635162354,2.9130171132697154,-1.4211973994343716,0.0,1,1,0.6244961023330688,7.856638395617165,5.504549157104006,0.0,0,2,0.637286901473999,7.996697292974774,1.6102035897008777,0.0,0,3,0.7212865352630615,17.759968080607923,1.7019146962312206,0.0,0,5,0.8626899719238281,18.04403781135815,4.621763247725667,0.0,0,16,0.8576722741127014,8.062469326377574,-1.4716423985196725,0.0,2,8,0.7983072996139526,8.508214899493177,-1.7862439229620541,0.0,2,11,0.6169759035110474,13.094890035904324,1.6355192397050273,0.0,0,13,0.8790075182914734,12.630824504137765,8.642025467913223,0.0,1,12,0.6298533082008362,12.903707703648966,5.554234658270223,0.0,0,14,0.7182960510253906,17.79917557287142,7.276758821502341,0.0,1,4,0.7778680324554443,18.251711397162843,-1.118412520639233,0.0,1,10,0.8079307675361633,21.909234307512975,1.8346445688320292,0.0,0,17,0.8321682810783386,13.24753018134866,-1.2499912827493596,0.0,2,15,0.8818983435630798,22.633280025636708,4.5228180587758,0.0,0,20,0.8208103179931641,24.53749774385362,3.523645220275696,0.0,0,22,0.803191065788269,22.374479097541947,7.3372766295308445,0.0,1,23,0.8092601299285889,19.350747321567578,-1.2617783185521516,0.0,2,25,0.663983166217804
1777470408,922414096,map,2.8446049055631972,1.5206667418235478,0.0,0,0,0.6382970809936523,2.9130171132697154,-1.4211973994343716,0.0,1,1,0.6229400038719177,7.856638395617165,5.504549157104006,0.0,0,2,0.6356664896011353,7.996697292974774,1.6102035897008777,0.0,0,3,0.7192115187644958,17.762341898140907,1.7024202273946152,0.0,0,5,0.8626748323440552,18.04489619956983,4.621951217558487,0.0,0,16,0.8576685190200806,8.062469326377574,-1.4716423985196725,0.0,2,8,0.7957662343978882,8.508214899493177,-1.7862439229620541,0.0,2,11,0.6154570579528809,13.094890035904324,1.6355192397050273,0.0,0,13,0.875927746295929,12.630824504137765,8.642025467913223,0.0,1,12,0.6282704472541809,12.903707703648966,5.554234658270223,0.0,0,14,0.7162381410598755,17.79917557287142,7.276758821502341,0.0,1,4,0.7754552364349365,18.256630319003932,-1.1174975323237204,0.0,1,10,0.8107010126113892,21.910898598106566,1.835136008850227,0.0,0,17,0.8323127627372742,13.24753018134866,-1.2499912827493596,0.0,2,15,0.8787983059883118,22.634429793624953,4.523413661744839,0.0,0,20,0.8211312294006348,24.537505734448047,3.5242820394023546,0.0,0,22,0.8037728071212769,22.376021779277927,7.33815478464486,0.0,1,23,0.8099097013473511,19.350747321567578,-1.2617783185521516,0.0,2,25,0.6622243523597717
1777470409,22730775,map,2.8446049055631972,1.5206667418235478,0.0,0,0,0.6374832987785339,2.9130171132697154,-1.4211973994343716,0.0,1,1,0.6221648454666138,7.856638395617165,5.504549157104006,0.0,0,2,0.6348593235015869,7.996697292974774,1.6102035897008777,0.0,0,3,0.7181784510612488,17.763520408316403,1.702558374425333,0.0,0,5,0.8626675009727478,18.04527793549659,4.622026758835008,0.0,0,16,0.8576672673225403,8.062469326377574,-1.4716423985196725,0.0,2,8,0.7945017218589783,8.508214899493177,-1.7862439229620541,0.0,2,11,0.6147003769874573,13.094890035904324,1.6355192397050273,0.0,0,13,0.8743959069252014,12.630824504137765,8.642025467913223,0.0,1,12,0.6274819374084473,12.903707703648966,5.554234658270223,0.0,0,14,0.7152136564254761,17.79917557287142,7.276758821502341,0.0,1,4,0.7742544412612915,18.25887569777965,-1.1172434672620644,0.0,1,10,0.8120244145393372,21.911730945694362,1.8352594732359722,0.0,0,17,0.8323827385902405,13.24753018134866,-1.2499912827493596,0.0,2,15,0.877256453037262,22.63501616287093,4.52358435574028,0.0,0,20,0.8212869763374329,24.53750278530429,3.5244793208628,0.0,0,22,0.8040556907653809,22.377022662735808,7.338473821657021,0.0,1,23,0.8102221488952637,19.350747321567578,-1.2617783185521516,0.0,2,25,0.6613484025001526
1777470409,122363136,map,2.8446049055631972,1.5206667418235478,0.0,0,0,0.635861873626709,2.9130171132697154,-1.4211973994343716,0.0,1,1,0.6206203103065491,7.856638395617165,5.504549157104006,0.0,0,2,0.6332512497901917,7.996697292974774,1.6102035897008777,0.0,0,3,0.716121256351471,17.765996226091225,1.7024486279461186,0.0,0,5,0.8626517057418823,18.046171284575077,4.622201438805163,0.0,0,16,0.8576629161834717,8.062469326377574,-1.4716423985196725,0.0,2,8,0.7919847965240479,8.508214899493177,-1.7862439229620541,0.0,2,11,0.6131926774978638,13.094890035904324,1.6355192397050273,0.0,0,13,0.8713483214378357,12.630824504137765,8.642025467913223,0.0,1,12,0.6259109973907471,12.903707703648966,5.554234658270223,0.0,0,14,0.7131733298301697,17.79917557287142,7.276758821502341,0.0,1,4,0.7718639969825745,18.263222385057848,-1.1173348809858519,0.0,1,10,0.8145504593849182,21.913497008421754,1.8350230825742577,0.0,0,17,0.8325173258781433,13.24753018134866,-1.2499912827493596,0.0,2,15,0.8741888999938965,22.636244134921427,4.523421009879604,0.0,0,20,0.8215895295143127,24.53756167493646,3.5243341508945805,0.0,0,22,0.8046056032180786,22.379178182299203,7.338630887325278,0.0,1,23,0.8108279705047607,19.350747321567578,-1.2617783185521516,0.0,2,25,0.6596035361289978
1777470409,222702688,map,2.8446049055631972,1.5206667418235478,0.0,0,0,0.6350542902946472,2.9130171132697154,-1.4211973994343716,0.0,1,1,0.6198509335517883,7.856638395617165,5.504549157104006,0.0,0,2,0.6324502229690552,7.996697292974774,1.6102035897008777,0.0,0,3,0.7150970697402954,17.76723856651724,1.7021355144005041,0.0,0,5,0.8626440167427063,18.04659175985158,4.622204311923165,0.0,0,16,0.8576613664627075,8.062469326377574,-1.4716423985196725,0.0,2,8,0.7907323241233826,8.508214899493177,-1.7862439229620541,0.0,2,11,0.6124415993690491,13.094890035904324,1.6355192397050273,0.0,0,13,0.869832456111908,12.630824504137765,8.642025467913223,0.0,1,12,0.625128448009491,12.903707703648966,5.554234658270223,0.0,0,14,0.7121575474739075,17.79917557287142,7.276758821502341,0.0,1,4,0.7706742882728577,18.26527125315042,-1.1177465866201806,0.0,1,10,0.8157569169998169,21.914381088911817,1.8346852917412506,0.0,0,17,0.8325826525688171,13.24753018134866,-1.2499912827493596,0.0,2,15,0.872663140296936,22.636837623205043,4.523123293984328,0.0,0,20,0.8217370510101318,24.537578460001708,3.5240691102346857,0.0,0,22,0.8048732280731201,22.380243964443547,7.3385079065341055,0.0,1,23,0.8111225366592407,19.350747321567578,-1.2617783185521516,0.0,2,25,0.6587345004081726
1777470409,322430268,map,2.8446049055631972,1.5206667418235478,0.0,0,0,0.6334452033042908,2.9130171132697154,-1.4211973994343716,0.0,1,1,0.6183179020881653,7.856638395617165,5.504549157104006,0.0,0,2,0.6308543086051941,7.996697292974774,1.6102035897008777,0.0,0,3,0.7130574584007263,17.76973158824303,1.7017581371659558,0.0,0,5,0.8626283407211304,18.047623549394988,4.622220121700348,0.0,0,16,0.8576557040214539,8.062469326377574,-1.4716423985196725,0.0,2,8,0.7882391810417175,8.508214899493177,-1.7862439229620541,0.0,2,11,0.610944926738739,13.094890035904324,1.6355192397050273,0.0,0,13,0.866816520690918,12.630824504137765,8.642025467913223,0.0,1,12,0.6235691905021667,12.903707703648966,5.554234658270223,0.0,0,14,0.7101346254348755,17.79917557287142,7.276758821502341,0.0,1,4,0.7683058381080627,18.269202732554003,-1.118235104620529,0.0,1,10,0.8180630803108215,21.916171252777406,1.8343768244213798,0.0,0,17,0.8327082395553589,13.24753018134866,-1.2499912827493596,0.0,2,15,0.8696275353431702,22.637992430326115,4.522905852240837,0.0,0,20,0.822022557258606,24.537584338241093,3.5239645947163125,0.0,0,22,0.8053930401802063,22.382421659781706,7.338718321302666,0.0,1,23,0.8116912245750427,19.350747321567578,-1.2617783185521516,0.0,2,25,0.6570033431053162
1777470409,422615670,map,2.8446049055631972,1.5206667418235478,0.0,0,0,0.6326436996459961,2.9130171132697154,-1.4211973994343716,0.0,1,1,0.6175541877746582,7.856638395617165,5.504549157104006,0.0,0,2,0.6300593614578247,7.996697292974774,1.6102035897008777,0.0,0,3,0.712041974067688,17.770772085386312,1.7021936118675638,0.0,0,5,0.8626223802566528,18.047940652033915,4.622144003696875,0.0,0,16,0.8576556444168091,8.062469326377574,-1.4716423985196725,0.0,2,8,0.786998450756073,8.508214899493177,-1.7862439229620541,0.0,2,11,0.6101993322372437,13.094890035904324,1.6355192397050273,0.0,0,13,0.8653163909912109,12.630824504137765,8.642025467913223,0.0,1,12,0.6227924823760986,12.903707703648966,5.554234658270223,0.0,0,14,0.7091274857521057,17.79917557287142,7.276758821502341,0.0,1,4,0.7671270370483398,18.271106318115663,-1.1176351497420813,0.0,1,10,0.8191656470298767,21.916900604814522,1.8348999371865407,0.0,0,17,0.8327703475952148,13.24753018134866,-1.2499912827493596,0.0,2,15,0.8681176900863647,22.63807583718941,4.523470137593949,0.0,0,20,0.8221654295921326,24.53724939146955,3.5246099031426046,0.0,0,22,0.8056485056877136,22.382131552863978,7.339526892999156,0.0,1,23,0.8119810223579407,19.350747321567578,-1.2617783185521516,0.0,2,25,0.6561411619186401
1777470409,522393641,map,2.8446049055631972,1.5206667418235478,0.0,0,0,0.6310467720031738,2.9130171132697154,-1.4211973994343716,0.0,1,1,0.6160324811935425,7.856638395617165,5.504549157104006,0.0,0,2,0.6284754276275635,7.996697292974774,1.6102035897008777,0.0,0,3,0.7100197672843933,17.773062615578638,1.7034854403393611,0.0,0,5,0.8626071214675903,18.04876358435634,4.622720530431829,0.0,0,16,0.857650637626648,8.062469326377574,-1.4716423985196725,0.0,2,8,0.7845287919044495,8.508214899493177,-1.7862439229620541,0.0,2,11,0.6087135672569275,13.094890035904324,1.6355192397050273,0.0,0,13,0.8623316287994385,12.630824504137765,8.642025467913223,0.0,1,12,0.6212448477745056,12.903707703648966,5.554234658270223,0.0,0,14,0.707121729850769,17.79917557287142,7.276758821502341,0.0,1,4,0.7647802829742432,18.274707166935723,-1.1160087764402122,0.0,1,10,0.8212758898735046,21.918504398205645,1.8360582664737601,0.0,0,17,0.8328885436058044,13.24753018134866,-1.2499912827493596,0.0,2,15,0.8651136159896851,22.63774534724099,4.524624505455657,0.0,0,20,0.8224487900733948,24.53673712952997,3.5252861422171637,0.0,0,22,0.8046045303344727,22.38299716290142,7.341225778000437,0.0,1,23,0.81252521276474,19.350747321567578,-1.2617783185521516,0.0,2,25,0.6544235944747925
1777470409,623752234,map,2.8446049055631972,1.5206667418235478,0.0,0,0,0.6302513480186462,2.9130171132697154,-1.4211973994343716,0.0,1,1,0.6152744293212891,7.856638395617165,5.504549157104006,0.0,0,2,0.6276865005493164,7.996697292974774,1.6102035897008777,0.0,0,3,0.7090129256248474,17.774338913986135,1.7039079242099877,0.0,0,5,0.8625980019569397,18.049134595829408,4.623057621099876,0.0,0,16,0.857648491859436,8.062469326377574,-1.4716423985196725,0.0,2,8,0.7832997441291809,8.508214899493177,-1.7862439229620541,0.0,2,11,0.6079733967781067,13.094890035904324,1.6355192397050273,0.0,0,13,0.8608469367027283,12.630824504137765,8.642025467913223,0.0,1,12,0.6204739212989807,12.903707703648966,5.554234658270223,0.0,0,14,0.7061231136322021,17.79917557287142,7.276758821502341,0.0,1,4,0.7636123299598694,18.276277096000534,-1.115524569361967,0.0,1,10,0.8222873210906982,21.919440736104082,1.8364213167072254,0.0,0,17,0.8329442143440247,13.24753018134866,-1.2499912827493596,0.0,2,15,0.863619327545166,22.63819937155076,4.525004415048413,0.0,0,20,0.8225790858268738,24.536735934542325,3.5257234461353617,0.0,0,22,0.8048712015151978,22.384074890460035,7.341876370888764,0.0,1,23,0.8127819895744324,19.350747321567578,-1.2617783185521516,0.0,2,25,0.6535681486129761
1777470409,722474301,map,2.8446049055631972,1.5206667418235478,0.0,0,0,0.6286664605140686,2.9130171132697154,-1.4211973994343716,0.0,1,1,0.6137638688087463,7.856638395617165,5.504549157104006,0.0,0,2,0.6261144876480103,7.996697292974774,1.6102035897008777,0.0,0,3,0.7070078253746033,17.777092158472037,1.7038626162915709,0.0,0,5,0.8625783324241638,18.05004271730039,4.623482153207705,0.0,0,16,0.8576428294181824,8.062469326377574,-1.4716423985196725,0.0,2,8,0.7808531522750854,8.508214899493177,-1.7862439229620541,0.0,2,11,0.6064984798431396,13.094890035904324,1.6355192397050273,0.0,0,13,0.8578928709030151,12.630824504137765,8.642025467913223,0.0,1,12,0.6189377903938293,12.903707703648966,5.554234658270223,0.0,0,14,0.7041342854499817,17.79917557287142,7.276758821502341,0.0,1,4,0.7612869739532471,18.279446517383477,-1.1157022548335636,0.0,1,10,0.8242194652557373,21.921455393442884,1.8363631343397226,0.0,0,17,0.8330507874488831,13.24753018134866,-1.2499912827493596,0.0,2,15,0.8606462478637695,22.6395732890877,4.525007937896326,0.0,0,20,0.822827935218811,24.53683293663444,3.525885611622217,0.0,0,22,0.803837776184082,22.38705085167029,7.342415928218901,0.0,1,23,0.8132727742195129,19.350747321567578,-1.2617783185521516,0.0,2,25,0.6518639922142029
1777470409,822503635,map,2.8446049055631972,1.5206667418235478,0.0,0,0,0.6278770565986633,2.9130171132697154,-1.4211973994343716,0.0,1,1,0.613011360168457,7.856638395617165,5.504549157104006,0.0,0,2,0.6253314018249512,7.996697292974774,1.6102035897008777,0.0,0,3,0.7060095071792603,17.77842968134204,1.7038714401434603,0.0,0,5,0.8625689744949341,18.050459207349814,4.62363764050912,0.0,0,16,0.8576406836509705,8.062469326377574,-1.4716423985196725,0.0,2,8,0.7796356081962585,8.508214899493177,-1.7862439229620541,0.0,2,11,0.6057636737823486,13.094890035904324,1.6355192397050273,0.0,0,13,0.8564234375953674,12.630824504137765,8.642025467913223,0.0,1,12,0.6181725263595581,12.903707703648966,5.554234658270223,0.0,0,14,0.7031440734863281,17.79917557287142,7.276758821502341,0.0,1,4,0.7601296305656433,18.280984435408435,-1.1157503498771895,0.0,1,10,0.8251438140869141,21.922451015028596,1.8363319919290362,0.0,0,17,0.8331024050712585,13.24753018134866,-1.2499912827493596,0.0,2,15,0.8591673970222473,22.640183200305753,4.524999086316118,0.0,0,20,0.8229495882987976,24.53686803990066,3.52593261299038,0.0,0,22,0.8041192889213562,22.388315702884242,7.342655907075843,0.0,1,23,0.813513457775116,19.350747321567578,-1.2617783185521516,0.0,2,25,0.6510152816772461
1777470409,922496533,map,2.8446049055631972,1.5206667418235478,0.0,0,0,0.6263040900230408,2.9130171132697154,-1.4211973994343716,0.0,1,1,0.6115119457244873,7.856638395617165,5.504549157104006,0.0,0,2,0.6237711310386658,7.996697292974774,1.6102035897008777,0.0,0,3,0.7040213346481323,17.780993960958128,1.7043838346748368,0.0,0,5,0.862551212310791,18.062777093359855,4.628846070172051,0.0,0,16,0.8559972643852234,8.062469326377574,-1.4716423985196725,0.0,2,8,0.7772118449211121,8.508214899493177,-1.7862439229620541,0.0,2,11,0.6042994260787964,13.094890035904324,1.6355192397050273,0.0,0,13,0.8534996509552002,12.630824504137765,8.642025467913223,0.0,1,12,0.6166477799415588,12.903707703648966,5.554234658270223,0.0,0,14,0.7011719942092896,17.79917557287142,7.276758821502341,0.0,1,4,0.7578254342079163,18.283812771043824,-1.115219110239489,0.0,1,10,0.8269166350364685,21.924343413658256,1.8368833241813851,0.0,0,17,0.8332027792930603,13.24753018134866,-1.2499912827493596,0.0,2,15,0.8562248349189758,22.64123097227638,4.525610462997651,0.0,0,20,0.8231860399246216,24.53678109363058,3.526707782985227,0.0,0,22,0.804667055606842,22.39064907311744,7.34384427227783,0.0,1,23,0.8139796853065491,19.350747321567578,-1.2617783185521516,0.0,2,25,0.6493244171142578
1777470410,22589455,map,2.8446049055631972,1.5206667418235478,0.0,0,0,0.6255205273628235,2.9130171132697154,-1.4211973994343716,0.0,1,1,0.6107649207115173,7.856638395617165,5.504549157104006,0.0,0,2,0.6229939460754395,7.996697292974774,1.6102035897008777,0.0,0,3,0.7030314207077026,17.782264464644292,1.70465287915972,0.0,0,5,0.862542450428009,18.062777093359855,4.628846070172051,0.0,0,16,0.8545343279838562,8.062469326377574,-1.4716423985196725,0.0,2,8,0.7760056257247925,8.508214899493177,-1.7862439229620541,0.0,2,11,0.6035699248313904,13.094890035904324,1.6355192397050273,0.0,0,13,0.8520451784133911,12.630824504137765,8.642025467913223,0.0,1,12,0.6158881783485413,12.903707703648966,5.554234658270223,0.0,0,14,0.7001900672912598,17.79917557287142,7.276758821502341,0.0,1,4,0.756678581237793,18.285122306797795,-1.1149528926895909,0.0,1,10,0.8277662396430969,21.925291636539217,1.837142289772181,0.0,0,17,0.8332512378692627,13.24753018134866,-1.2499912827493596,0.0,2,15,0.8547610640525818,22.64175231679747,4.5258934291730375,0.0,0,20,0.8233007192611694,24.53673635736448,3.5270599061254426,0.0,0,22,0.8049332499504089,22.39182364456834,7.344429826079892,0.0,1,23,0.8142055869102478,19.350747321567578,-1.2617783185521516,0.0,2,25,0.6484822630882263
1777470410,122551213,map,2.8446049055631972,1.5206667418235478,0.0,0,0,0.6239593625068665,2.9130171132697154,-1.4211973994343716,0.0,1,1,0.6092764735221863,7.856638395617165,5.504549157104006,0.0,0,2,0.6214452981948853,7.996697292974774,1.6102035897008777,0.0,0,3,0.7010599374771118,17.784815171278666,1.7053739201002465,0.0,0,5,0.8625245690345764,18.062777093359855,4.628846070172051,0.0,0,16,0.8516233563423157,8.062469326377574,-1.4716423985196725,0.0,2,8,0.7736043334007263,8.508214899493177,-1.7862439229620541,0.0,2,11,0.6021162867546082,13.094890035904324,1.6355192397050273,0.0,0,13,0.8491511344909668,12.630824504137765,8.642025467913223,0.0,1,12,0.6143746376037598,12.903707703648966,5.554234658270223,0.0,0,14,0.698234498500824,17.79917557287142,7.276758821502341,0.0,1,4,0.7543952465057373,18.28762607049366,-1.114204972028066,0.0,1,10,0.8293945789337158,21.927215991327863,1.8378848795469453,0.0,0,17,0.8333442211151123,13.24753018134866,-1.2499912827493596,0.0,2,15,0.8518486022949219,22.64276226701761,4.526690115514964,0.0,0,20,0.8235230445861816,24.536617810039072,3.5280042505598272,0.0,0,22,0.8054505586624146,22.39409341429658,7.345856376449309,0.0,1,23,0.8146435618400574,19.350747321567578,-1.2617783185521516,0.0,2,25,0.6468044519424438
1777470410,222586655,map,2.8446049055631972,1.5206667418235478,0.0,0,0,0.6231816411018372,2.9130171132697154,-1.4211973994343716,0.0,1,1,0.6085349321365356,7.856638395617165,5.504549157104006,0.0,0,2,0.6206738948822021,7.996697292974774,1.6102035897008777,0.0,0,3,0.7000783681869507,17.78604966112156,1.7057068310355659,0.0,0,5,0.8625162243843079,18.062777093359855,4.628846070172051,0.0,0,16,0.8501752614974976,8.062469326377574,-1.4716423985196725,0.0,2,8,0.7724092602729797,8.508214899493177,-1.7862439229620541,0.0,2,11,0.6013920307159424,13.094890035904324,1.6355192397050273,0.0,0,13,0.847711443901062,12.630824504137765,8.642025467913223,0.0,1,12,0.6136206984519958,12.903707703648966,5.554234658270223,0.0,0,14,0.6972607970237732,17.79917557287142,7.276758821502341,0.0,1,4,0.7532587647438049,18.288710619481012,-1.113879715319085,0.0,1,10,0.8301764130592346,21.92815900443011,1.8381947171361084,0.0,0,17,0.8333894610404968,13.24753018134866,-1.2499912827493596,0.0,2,15,0.8503997325897217,22.643238663839085,4.5270222801557285,0.0,0,20,0.8236313462257385,24.536526439610903,3.5283982225762256,0.0,0,22,0.8057024478912354,22.395208792567345,7.346503578166877,0.0,1,23,0.8148562908172607,19.350747321567578,-1.2617783185521516,0.0,2,25,0.6459688544273376
1777470410,322636195,map,2.8446049055631972,1.5206667418235478,0.0,0,0,0.6216320991516113,2.9130171132697154,-1.4211973994343716,0.0,1,1,0.6070572733879089,7.856638395617165,5.504549157104006,0.0,0,2,0.6191367506980896,7.996697292974774,1.6102035897008777,0.0,0,3,0.6981233954429626,17.788524257464008,1.7064255649598654,0.0,0,5,0.8624994158744812,18.062777093359855,4.628846070172051,0.0,0,16,0.8472939133644104,8.062469326377574,-1.4716423985196725,0.0,2,8,0.77003014087677,8.508214899493177,-1.7862439229620541,0.0,2,11,0.5999488234519958,13.094890035904324,1.6355192397050273,0.0,0,13,0.8448467254638672,12.630824504137765,8.642025467913223,0.0,1,12,0.6121182441711426,12.903707703648966,5.554234658270223,0.0,0,14,0.6953215003013611,17.79917557287142,7.276758821502341,0.0,1,4,0.7509959936141968,18.290713662490614,-1.1131755053914167,0.0,1,10,0.8316764831542969,21.93005168727515,1.8389045685017602,0.0,0,17,0.8334766030311584,13.24753018134866,-1.2499912827493596,0.0,2,15,0.8475168347358704,22.644160738739263,4.527786147833476,0.0,0,20,0.8238415718078613,24.536282570586028,3.5292948972959235,0.0,0,22,0.8061925768852234,22.397363031430878,7.347894123101708,0.0,1,23,0.815269410610199,19.350747321567578,-1.2617783185521516,0.0,2,25,0.6443040370941162
1777470410,422620833,map,2.8446049055631972,1.5206667418235478,0.0,0,0,0.62086021900177,2.9130171132697154,-1.4211973994343716,0.0,1,1,0.6063210964202881,7.856638395617165,5.504549157104006,0.0,0,2,0.6183710694313049,7.996697292974774,1.6102035897008777,0.0,0,3,0.6971499919891357,17.7897690744348,1.7067516272559928,0.0,0,5,0.8624909520149231,18.062777093359855,4.628846070172051,0.0,0,16,0.845860481262207,8.062469326377574,-1.4716423985196725,0.0,2,8,0.7688460350036621,8.508214899493177,-1.7862439229620541,0.0,2,11,0.5992298126220703,13.094890035904324,1.6355192397050273,0.0,0,13,0.8434215784072876,12.630824504137765,8.642025467913223,0.0,1,12,0.611369788646698,12.903707703648966,5.554234658270223,0.0,0,14,0.6943559050559998,17.79917557287142,7.276758821502341,0.0,1,4,0.7498696446418762,18.29164386965113,-1.112875259070733,0.0,1,10,0.8323958516120911,21.93101628786484,1.8392016404356615,0.0,0,17,0.8335184454917908,13.24753018134866,-1.2499912827493596,0.0,2,15,0.8460826873779297,22.644622638524357,4.528106665444186,0.0,0,20,0.8239436149597168,24.536164525980382,3.5296731036320192,0.0,0,22,0.8064308166503906,22.398417821782164,7.348520599774801,0.0,1,23,0.8154702186584473,19.350747321567578,-1.2617783185521516,0.0,2,25,0.6434748768806458
1777470410,522411558,map,2.8446049055631972,1.5206667418235478,0.0,0,0,0.6193221807479858,2.9130171132697154,-1.4211973994343716,0.0,1,1,0.604854166507721,7.856638395617165,5.504549157104006,0.0,0,2,0.6168453097343445,7.996697292974774,1.6102035897008777,0.0,0,3,0.6952113509178162,17.79243551741574,1.7074491039025859,0.0,0,5,0.8624715805053711,18.062777093359855,4.628846070172051,0.0,0,16,0.8430082201957703,8.062469326377574,-1.4716423985196725,0.0,2,8,0.766488790512085,8.508214899493177,-1.7862439229620541,0.0,2,11,0.5977969765663147,13.094890035904324,1.6355192397050273,0.0,0,13,0.8405857086181641,12.630824504137765,8.642025467913223,0.0,1,12,0.6098783016204834,12.903707703648966,5.554234658270223,0.0,0,14,0.692432701587677,17.79917557287142,7.276758821502341,0.0,1,4,0.7476271986961365,18.293568757021063,-1.1122319281888353,0.0,1,10,0.8337734937667847,21.93311128884997,1.8398596348226248,0.0,0,17,0.8335971832275391,13.24753018134866,-1.2499912827493596,0.0,2,15,0.8432289361953735,22.645671867022745,4.528813597531401,0.0,0,20,0.8241398334503174,24.53604738918395,3.5305004171912846,0.0,0,22,0.8068923354148865,22.400619475331638,7.349831435313536,0.0,1,23,0.8158581852912903,19.350747321567578,-1.2617783185521516,0.0,2,25,0.641822874546051
1777470410,624138530,map,2.8446049055631972,1.5206667418235478,0.0,0,0,0.6185559630393982,2.9130171132697154,-1.4211973994343716,0.0,1,1,0.6041233539581299,7.856638395617165,5.504549157104006,0.0,0,2,0.6160852313041687,7.996697292974774,1.6102035897008777,0.0,0,3,0.6942460536956787,17.793703428147964,1.707735119210384,0.0,0,5,0.8624628782272339,18.062777093359855,4.628846070172051,0.0,0,16,0.8415892720222473,8.062469326377574,-1.4716423985196725,0.0,2,8,0.765315592288971,8.508214899493177,-1.7862439229620541,0.0,2,11,0.5970830917358398,13.094890035904324,1.6355192397050273,0.0,0,13,0.8391749262809753,12.630824504137765,8.642025467913223,0.0,1,12,0.6091353297233582,12.903707703648966,5.554234658270223,0.0,0,14,0.6914750933647156,17.79917557287142,7.276758821502341,0.0,1,4,0.7465109825134277,18.294392170366393,-1.1119899378739786,0.0,1,10,0.8344355225563049,21.934117896003436,1.8401528808182268,0.0,0,17,0.833635687828064,13.24753018134866,-1.2499912827493596,0.0,2,15,0.8418092727661133,22.646133395441034,4.529133366420215,0.0,0,20,0.8242358565330505,24.53593628050716,3.530886201664418,0.0,0,22,0.8071173429489136,22.40163779270014,7.35044966117391,0.0,1,23,0.8160474300384521,19.350747321567578,-1.2617783185521516,0.0,2,25,0.6410000324249268
1777470410,722353443,map,2.8446049055631972,1.5206667418235478,0.0,0,0,0.6170293092727661,2.9130171132697154,-1.4211973994343716,0.0,1,1,0.6026670336723328,7.856638395617165,5.504549157104006,0.0,0,2,0.6145707368850708,7.996697292974774,1.6102035897008777,0.0,0,3,0.6923234462738037,17.796220754650765,1.7080117439565536,0.0,0,5,0.862446129322052,18.062777093359855,4.628846070172051,0.0,0,16,0.8387657403945923,8.062469326377574,-1.4716423985196725,0.0,2,8,0.7629799246788025,8.508214899493177,-1.7862439229620541,0.0,2,11,0.5956604480743408,13.094890035904324,1.6355192397050273,0.0,0,13,0.8363674879074097,12.630824504137765,8.642025467913223,0.0,1,12,0.6076547503471375,12.903707703648966,5.554234658270223,0.0,0,14,0.6895678639411926,17.79917557287142,7.276758821502341,0.0,1,4,0.7442885041236877,18.295810659043468,-1.1118917165492448,0.0,1,10,0.8357079029083252,21.936120049344634,1.8403789147727623,0.0,0,17,0.8337104916572571,13.24753018134866,-1.2499912827493596,0.0,2,15,0.8389841914176941,22.64703927842024,4.529405923453015,0.0,0,20,0.8244231939315796,24.535659465067553,3.5312569301762284,0.0,0,22,0.80755615234375,22.403683440858646,7.351319015303489,0.0,1,23,0.8164157271385193,19.350747321567578,-1.2617783185521516,0.0,2,25,0.6393607258796692
1777470410,822720360,map,2.8446049055631972,1.5206667418235478,0.0,0,0,0.6162688136100769,2.9130171132697154,-1.4211973994343716,0.0,1,1,0.6019414663314819,7.856638395617165,5.504549157104006,0.0,0,2,0.6138162612915039,7.996697292974774,1.6102035897008777,0.0,0,3,0.6913661360740662,17.79749182545851,1.708002548344279,0.0,0,5,0.8624377250671387,18.062777093359855,4.628846070172051,0.0,0,16,0.8373610377311707,8.062469326377574,-1.4716423985196725,0.0,2,8,0.7618173956871033,8.508214899493177,-1.7862439229620541,0.0,2,11,0.5949516892433167,13.094890035904324,1.6355192397050273,0.0,0,13,0.8349707722663879,12.630824504137765,8.642025467913223,0.0,1,12,0.606917142868042,12.903707703648966,5.554234658270223,0.0,0,14,0.6886181235313416,17.79917557287142,7.276758821502341,0.0,1,4,0.7431821823120117,18.296450541306566,-1.1120321407160814,0.0,1,10,0.8363186717033386,21.93714046507917,1.8403379368876904,0.0,0,17,0.8337464928627014,13.24753018134866,-1.2499912827493596,0.0,2,15,0.8375787734985352,22.647499940985746,4.529391413323967,0.0,0,20,0.8245142698287964,24.535515615292482,3.5312901154484875,0.0,0,22,0.8077697157859802,22.404485460864226,7.351863092785565,0.0,1,23,0.816596508026123,19.350747321567578,-1.2617783185521516,0.0,2,25,0.6385442018508911
1777470410,922605438,map,2.8446049055631972,1.5206667418235478,0.0,0,0,0.6147533655166626,2.9130171132697154,-1.4211973994343716,0.0,1,1,0.6004956364631653,7.856638395617165,5.504549157104006,0.0,0,2,0.6123128533363342,7.996697292974774,1.6102035897008777,0.0,0,3,0.689459502696991,17.800047323303072,1.7077836516969507,0.0,0,5,0.8624210953712463,18.062777093359855,4.628846070172051,0.0,0,16,0.8345656991004944,8.062469326377574,-1.4716423985196725,0.0,2,8,0.7595030069351196,8.508214899493177,-1.7862439229620541,0.0,2,11,0.5935391783714294,13.094890035904324,1.6355192397050273,0.0,0,13,0.8321913480758667,12.630824504137765,8.642025467913223,0.0,1,12,0.6054473519325256,12.903707703648966,5.554234658270223,0.0,0,14,0.6867265701293945,17.79917557287142,7.276758821502341,0.0,1,4,0.7409794926643372,18.29759079407806,-1.1125530552218874,0.0,1,10,0.8374919891357422,21.93921541887436,1.8401522005179185,0.0,0,17,0.8338155746459961,13.24753018134866,-1.2499912827493596,0.0,2,15,0.8347820043563843,22.648418651334914,4.529271973569877,0.0,0,20,0.8246912360191345,24.535212758494232,3.5312888941496547,0.0,0,22,0.808185338973999,22.406078709685843,7.352834830699731,0.0,1,23,0.8169478178024292,19.350747321567578,-1.2617783185521516,0.0,2,25,0.6369174122810364
1777470411,22455184,map,2.8446049055631972,1.5206667418235478,0.0,0,0,0.6139984726905823,2.9130171132697154,-1.4211973994343716,0.0,1,1,0.5997753143310547,7.856638395617165,5.504549157104006,0.0,0,2,0.6115639209747314,7.996697292974774,1.6102035897008777,0.0,0,3,0.6885100603103638,17.801310481100213,1.7076763974811695,0.0,0,5,0.8624129295349121,18.062777093359855,4.628846070172051,0.0,0,16,0.833175003528595,8.062469326377574,-1.4716423985196725,0.0,2,8,0.7583510875701904,8.508214899493177,-1.7862439229620541,0.0,2,11,0.5928354263305664,13.094890035904324,1.6355192397050273,0.0,0,13,0.8308085799217224,12.630824504137765,8.642025467913223,0.0,1,12,0.60471510887146,12.903707703648966,5.554234658270223,0.0,0,14,0.6857846975326538,17.79917557287142,7.276758821502341,0.0,1,4,0.7398830056190491,18.2981063335242,-1.1128062032998478,0.0,1,10,0.838055431842804,21.940251709688262,1.8400925566004127,0.0,0,17,0.8338488936424255,13.24753018134866,-1.2499912827493596,0.0,2,15,0.8333905935287476,22.648844802067444,4.529246829295475,0.0,0,20,0.8247774243354797,24.535026206988462,3.531325309556811,0.0,0,22,0.8083877563476562,22.40687809823066,7.353268631524014,0.0,1,23,0.8171182870864868,19.350747321567578,-1.2617783185521516,0.0,2,25,0.6361070871353149
1777470411,122463009,map,2.8446049055631972,1.5206667418235478,0.0,0,0,0.612494170665741,2.9130171132697154,-1.4211973994343716,0.0,1,1,0.5983397960662842,7.856638395617165,5.504549157104006,0.0,0,2,0.6100715398788452,7.996697292974774,1.6102035897008777,0.0,0,3,0.6866191029548645,17.803766716409758,1.7073811162922008,0.0,0,5,0.8623976707458496,18.062777093359855,4.628846070172051,0.0,0,16,0.8304075002670288,8.062469326377574,-1.4716423985196725,0.0,2,8,0.756057620048523,8.508214899493177,-1.7862439229620541,0.0,2,11,0.5914329290390015,13.094890035904324,1.6355192397050273,0.0,0,13,0.8280567526817322,12.630824504137765,8.642025467913223,0.0,1,12,0.6032559275627136,12.903707703648966,5.554234658270223,0.0,0,14,0.6839086413383484,17.79917557287142,7.276758821502341,0.0,1,4,0.7376997470855713,18.298966267567508,-1.1134028183792801,0.0,1,10,0.8391391038894653,21.942275813669813,1.8399332506842134,0.0,0,17,0.8339137434959412,13.24753018134866,-1.2499912827493596,0.0,2,15,0.8306216597557068,22.649613082821766,4.5291498500795,0.0,0,20,0.8249456882476807,24.534573997027344,3.531353435896233,0.0,0,22,0.8087823987007141,22.408408868235938,7.354023605255189,0.0,1,23,0.8174503445625305,19.350747321567578,-1.2617783185521516,0.0,2,25,0.6344926953315735
1777470411,222658044,map,2.8446049055631972,1.5206667418235478,0.0,0,0,0.6117448210716248,2.9130171132697154,-1.4211973994343716,0.0,1,1,0.597624659538269,7.856638395617165,5.504549157104006,0.0,0,2,0.6093280911445618,7.996697292974774,1.6102035897008777,0.0,0,3,0.6856775283813477,17.80492501820002,1.7072806862965,0.0,0,5,0.86239093542099,18.062777093359855,4.628846070172051,0.0,0,16,0.8290306329727173,8.062469326377574,-1.4716423985196725,0.0,2,8,0.7549161314964294,8.508214899493177,-1.7862439229620541,0.0,2,11,0.5907341837882996,13.094890035904324,1.6355192397050273,0.0,0,13,0.8266876935958862,12.630824504137765,8.642025467913223,0.0,1,12,0.6025289297103882,12.903707703648966,5.554234658270223,0.0,0,14,0.6829744577407837,17.79917557287142,7.276758821502341,0.0,1,4,0.7366129159927368,18.299304440293064,-1.1136485227570858,0.0,1,10,0.8396603465080261,21.94323878355392,1.8399012210711116,0.0,0,17,0.8339455127716064,13.24753018134866,-1.2499912827493596,0.0,2,15,0.829244077205658,22.649919978697046,4.529147398772482,0.0,0,20,0.825028121471405,24.534266716563867,3.5314129978092437,0.0,0,22,0.8089751601219177,22.409102868524897,7.354373107107866,0.0,1,23,0.81761234998703,19.350747321567578,-1.2617783185521516,0.0,2,25,0.6336885690689087
1777470411,322582481,map,2.8446049055631972,1.5206667418235478,0.0,0,0,0.6102515459060669,2.9130171132697154,-1.4211973994343716,0.0,1,1,0.5961994528770447,7.856638395617165,5.504549157104006,0.0,0,2,0.6078465580940247,7.996697292974774,1.6102035897008777,0.0,0,3,0.68380206823349,17.807262784426186,1.7070538605817507,0.0,0,5,0.8623770475387573,18.062777093359855,4.628846070172051,0.0,0,16,0.8262905478477478,8.062469326377574,-1.4716423985196725,0.0,2,8,0.7526434063911438,8.508214899493177,-1.7862439229620541,0.0,2,11,0.5893415808677673,13.094890035904324,1.6355192397050273,0.0,0,13,0.8239630460739136,12.630824504137765,8.642025467913223,0.0,1,12,0.6010802984237671,12.903707703648966,5.554234658270223,0.0,0,14,0.6811137199401855,17.79917557287142,7.276758821502341,0.0,1,4,0.7344489097595215,18.299877623706998,-1.1141841029987285,0.0,1,10,0.8406624794006348,21.945205686445448,1.8397852963694223,0.0,0,17,0.8340064287185669,13.24753018134866,-1.2499912827493596,0.0,2,15,0.8265026211738586,22.6505513163308,4.529081535094283,0.0,0,20,0.8251879811286926,24.533642929374125,3.531468590154356,0.0,0,22,0.809350311756134,22.410482958258616,7.355008633315781,0.0,1,23,0.8179270029067993,19.350747321567578,-1.2617783185521516,0.0,2,25,0.6320863962173462
1777470411,422703673,map,2.8446049055631972,1.5206667418235478,0.0,0,0,0.6095076203346252,2.9130171132697154,-1.4211973994343716,0.0,1,1,0.5954893827438354,7.856638395617165,5.504549157104006,0.0,0,2,0.607108473777771,7.996697292974774,1.6102035897008777,0.0,0,3,0.6828681230545044,17.808428079869824,1.7070383563909284,0.0,0,5,0.8623700141906738,18.062777093359855,4.628846070172051,0.0,0,16,0.8249272704124451,8.062469326377574,-1.4716423985196725,0.0,2,8,0.7515121698379517,8.508214899493177,-1.7862439229620541,0.0,2,11,0.5886477828025818,13.094890035904324,1.6355192397050273,0.0,0,13,0.8226074576377869,12.630824504137765,8.642025467913223,0.0,1,12,0.6003585457801819,12.903707703648966,5.554234658270223,0.0,0,14,0.6801871657371521,17.79917557287142,7.276758821502341,0.0,1,4,0.7333716750144958,18.300137584976078,-1.1143311949703414,0.0,1,10,0.8411439061164856,21.946198177263778,1.8398599026985438,0.0,0,17,0.8340355157852173,13.24753018134866,-1.2499912827493596,0.0,2,15,0.8251386284828186,22.6508363360116,4.5291785225775545,0.0,0,20,0.8252655863761902,24.533299396861413,3.53163624396437,0.0,0,22,0.8095328211784363,22.411180207397493,7.3553234817353195,0.0,1,23,0.8180795311927795,19.350747321567578,-1.2617783185521516,0.0,2,25,0.6312882900238037
1777470411,522440281,map,2.8446049055631972,1.5206667418235478,0.0,0,0,0.6080252528190613,2.9130171132697154,-1.4211973994343716,0.0,1,1,0.5940743088722229,7.856638395617165,5.504549157104006,0.0,0,2,0.6056377291679382,7.996697292974774,1.6102035897008777,0.0,0,3,0.681007981300354,17.810727306124495,1.7072329308690983,0.0,0,5,0.8623560070991516,18.062777093359855,4.628846070172051,0.0,0,16,0.8222142457962036,8.062469326377574,-1.4716423985196725,0.0,2,8,0.7492598295211792,8.508214899493177,-1.7862439229620541,0.0,2,11,0.5872650146484375,13.094890035904324,1.6355192397050273,0.0,0,13,0.8199095726013184,12.630824504137765,8.642025467913223,0.0,1,12,0.5989202857017517,12.903707703648966,5.554234658270223,0.0,0,14,0.6783415675163269,17.79917557287142,7.276758821502341,0.0,1,4,0.7312266230583191,18.300512924113796,-1.1143484118355271,0.0,1,10,0.8420708179473877,21.94818374691014,1.8403115802520618,0.0,0,17,0.8340911865234375,13.24753018134866,-1.2499912827493596,0.0,2,15,0.8224241733551025,22.65126622119165,4.5293939018482465,0.0,0,20,0.8254178762435913,24.532562978317365,3.5323157028082863,0.0,0,22,0.8098878860473633,22.412508840237404,7.355969052185039,0.0,1,23,0.8183761835098267,19.350747321567578,-1.2617783185521516,0.0,2,25,0.6296982169151306
1777470411,624695348,map,2.8446049055631972,1.5206667418235478,0.0,0,0,0.6072867512702942,2.9130171132697154,-1.4211973994343716,0.0,1,1,0.5933693051338196,7.856638395617165,5.504549157104006,0.0,0,2,0.6049050688743591,7.996697292974774,1.6102035897008777,0.0,0,3,0.6800817251205444,17.811902851519193,1.70751258965224,0.0,0,5,0.8623483777046204,18.062777093359855,4.628846070172051,0.0,0,16,0.8208643794059753,8.062469326377574,-1.4716423985196725,0.0,2,8,0.7481387257575989,8.508214899493177,-1.7862439229620541,0.0,2,11,0.5865760445594788,13.094890035904324,1.6355192397050273,0.0,0,13,0.8185672760009766,12.630824504137765,8.642025467913223,0.0,1,12,0.598203718662262,12.903707703648966,5.554234658270223,0.0,0,14,0.6774224638938904,17.79917557287142,7.276758821502341,0.0,1,4,0.730158805847168,18.30068451934723,-1.1141380780606502,0.0,1,10,0.8425162434577942,21.949205522465814,1.8407794452722734,0.0,0,17,0.8341173529624939,13.24753018134866,-1.2499912827493596,0.0,2,15,0.8210736513137817,22.65144777219218,4.529512719306758,0.0,0,20,0.8254921436309814,24.53218535780755,3.5328934614855236,0.0,0,22,0.8100602030754089,22.413208488895236,7.356323157710677,0.0,1,23,0.8185195326805115,19.350747321567578,-1.2617783185521516,0.0,2,25,0.6289061903953552
1777470411,722626126,map,2.8446049055631972,1.5206667418235478,0.0,0,0,0.6065500378608704,2.9130171132697154,-1.4211973994343716,0.0,1,1,0.59266597032547,7.856638395617165,5.504549157104006,0.0,0,2,0.6041740775108337,7.996697292974774,1.6102035897008777,0.0,0,3,0.6791579723358154,17.813103238384755,1.7078216723175412,0.0,0,5,0.8623404502868652,18.062777093359855,4.628846070172051,0.0,0,16,0.8195189237594604,8.062469326377574,-1.4716423985196725,0.0,2,8,0.747020959854126,8.508214899493177,-1.7862439229620541,0.0,2,11,0.585888683795929,13.094890035904324,1.6355192397050273,0.0,0,13,0.8172293901443481,12.630824504137765,8.642025467913223,0.0,1,12,0.5974888801574707,12.903707703648966,5.554234658270223,0.0,0,14,0.6765059232711792,17.79917557287142,7.276758821502341,0.0,1,4,0.7290940880775452,18.300840115872557,-1.1139112391057255,0.0,1,10,0.8429501056671143,21.950256586129264,1.8411944500546107,0.0,0,17,0.8341425657272339,13.24753018134866,-1.2499912827493596,0.0,2,15,0.8197275400161743,22.65163644569182,4.529641050452281,0.0,0,20,0.8255648016929626,24.531834716692803,3.5333750351847315,0.0,0,22,0.8102291822433472,22.41390073299579,7.356683471845717,0.0,1,23,0.8186600804328918,19.350747321567578,-1.2617783185521516,0.0,2,25,0.6281161308288574
1777470411,822588914,map,2.8446049055631972,1.5206667418235478,0.0,0,0,0.6050820350646973,2.9130171132697154,-1.4211973994343716,0.0,1,1,0.5912643074989319,7.856638395617165,5.504549157104006,0.0,0,2,0.6027175188064575,7.996697292974774,1.6102035897008777,0.0,0,3,0.6773179173469543,17.815456069512994,1.7084081007688887,0.0,0,5,0.862325131893158,18.062777093359855,4.628846070172051,0.0,0,16,0.8168413043022156,8.062469326377574,-1.4716423985196725,0.0,2,8,0.7447954416275024,8.508214899493177,-1.7862439229620541,0.0,2,11,0.5845188498497009,13.094890035904324,1.6355192397050273,0.0,0,13,0.8145666122436523,12.630824504137765,8.642025467913223,0.0,1,12,0.5960643291473389,12.903707703648966,5.554234658270223,0.0,0,14,0.674680233001709,17.79917557287142,7.276758821502341,0.0,1,4,0.7269739508628845,18.300977497296934,-1.1135288716863045,0.0,1,10,0.8437860012054443,21.952341732475496,1.8418698738960113,0.0,0,17,0.8341914415359497,13.24753018134866,-1.2499912827493596,0.0,2,15,0.8170484900474548,22.652175160480958,4.530370959296428,0.0,0,20,0.8257027268409729,24.53108394109487,3.5341438424519547,0.0,0,22,0.8105589151382446,22.41520428773235,7.357448497119869,0.0,1,23,0.8189334869384766,19.350747321567578,-1.2617783185521516,0.0,2,25,0.6265419721603394
1777470411,922744256,map,2.8446049055631972,1.5206667418235478,0.0,0,0,0.6043506264686584,2.9130171132697154,-1.4211973994343716,0.0,1,1,0.5905659198760986,7.856638395617165,5.504549157104006,0.0,0,2,0.6019918322563171,7.996697292974774,1.6102035897008777,0.0,0,3,0.676401674747467,17.816667709663385,1.7085323189148593,0.0,0,5,0.8623172044754028,18.062777093359855,4.628846070172051,0.0,0,16,0.815509021282196,8.062469326377574,-1.4716423985196725,0.0,2,8,0.7436876893043518,8.508214899493177,-1.7862439229620541,0.0,2,11,0.5838363170623779,13.094890035904324,1.6355192397050273,0.0,0,13,0.813241720199585,12.630824504137765,8.642025467913223,0.0,1,12,0.5953545570373535,12.903707703648966,5.554234658270223,0.0,0,14,0.67377108335495,17.79917557287142,7.276758821502341,0.0,1,4,0.7259185314178467,18.301013834641946,-1.1135408213715754,0.0,1,10,0.8441877961158752,21.953426307902646,1.8419848283244502,0.0,0,17,0.8342146873474121,13.24753018134866,-1.2499912827493596,0.0,2,15,0.8157155513763428,22.652504373706606,4.53050638378333,0.0,0,20,0.8257694840431213,24.53073459435286,3.5342896351102797,0.0,0,22,0.81071937084198,22.415864554632535,7.357832120648873,0.0,1,23,0.819066047668457,19.350747321567578,-1.2617783185521516,0.0,2,25,0.6257578134536743
1777470412,24967352,map,2.8446049055631972,1.5206667418235478,0.0,0,0,0.6028932332992554,2.9130171132697154,-1.4211973994343716,0.0,1,1,0.5891741514205933,7.856638395617165,5.504549157104006,0.0,0,2,0.6005457639694214,7.996697292974774,1.6102035897008777,0.0,0,3,0.6745765209197998,17.819086667710764,1.7082110083077282,0.0,0,5,0.8623021245002747,18.062777093359855,4.628846070172051,0.0,0,16,0.812857449054718,8.062469326377574,-1.4716423985196725,0.0,2,8,0.7414819598197937,8.508214899493177,-1.7862439229620541,0.0,2,11,0.582476019859314,13.094890035904324,1.6355192397050273,0.0,0,13,0.8106048703193665,12.630824504137765,8.642025467913223,0.0,1,12,0.5939401388168335,12.903707703648966,5.554234658270223,0.0,0,14,0.6719600558280945,17.79917557287142,7.276758821502341,0.0,1,4,0.7238168120384216,18.30094758234577,-1.114254023208717,0.0,1,10,0.844961404800415,21.955617222898645,1.8415043179203225,0.0,0,17,0.8342597484588623,13.24753018134866,-1.2499912827493596,0.0,2,15,0.8130626082420349,22.653172391357675,4.53007836172559,0.0,0,20,0.8259004950523376,24.530024730846993,3.5338563559181515,0.0,0,22,0.8110328912734985,22.41711326101211,7.358486168012582,0.0,1,23,0.8193244338035583,19.350747321567578,-1.2617783185521516,0.0,2,25,0.6241954565048218
1777470412,122682210,map,2.8446049055631972,1.5206667418235478,0.0,0,0,0.6021671295166016,2.9130171132697154,-1.4211973994343716,0.0,1,1,0.5884807109832764,7.856638395617165,5.504549157104006,0.0,0,2,0.5998253226280212,7.996697292974774,1.6102035897008777,0.0,0,3,0.6736676096916199,17.8202674674273,1.7080459757518984,0.0,0,5,0.8622949719429016,18.062777093359855,4.628846070172051,0.0,0,16,0.8115381002426147,8.062469326377574,-1.4716423985196725,0.0,2,8,0.7403839826583862,8.508214899493177,-1.7862439229620541,0.0,2,11,0.581798255443573,13.094890035904324,1.6355192397050273,0.0,0,13,0.8092928528785706,12.630824504137765,8.642025467913223,0.0,1,12,0.593235433101654,12.903707703648966,5.554234658270223,0.0,0,14,0.6710582375526428,17.79917557287142,7.276758821502341,0.0,1,4,0.7227705121040344,18.30090039369888,-1.114607033224976,0.0,1,10,0.8453332781791687,21.956699193692543,1.841353612645889,0.0,0,17,0.8342814445495605,13.24753018134866,-1.2499912827493596,0.0,2,15,0.8117426633834839,22.653445550956732,4.529953645347713,0.0,0,20,0.8259645700454712,24.529618025640676,3.533766106036128,0.0,0,22,0.8111858367919922,22.417733679600875,7.358771674684761,0.0,1,23,0.8194500207901001,19.350747321567578,-1.2617783185521516,0.0,2,25,0.6234171986579895
1777470412,225127751,map,2.8446049055631972,1.5206667418235478,0.0,0,0,0.6007201671600342,2.9130171132697154,-1.4211973994343716,0.0,1,1,0.5870987176895142,7.856638395617165,5.504549157104006,0.0,0,2,0.5983896255493164,7.996697292974774,1.6102035897008777,0.0,0,3,0.6718571782112122,17.822644301340656,1.7077949971284125,0.0,0,5,0.8622803092002869,18.062777093359855,4.628846070172051,0.0,0,16,0.8089122176170349,8.062469326377574,-1.4716423985196725,0.0,2,8,0.7381978034973145,8.508214899493177,-1.7862439229620541,0.0,2,11,0.5804474353790283,13.094890035904324,1.6355192397050273,0.0,0,13,0.8066814541816711,12.630824504137765,8.642025467913223,0.0,1,12,0.5918310880661011,12.903707703648966,5.554234658270223,0.0,0,14,0.6692617535591125,17.79917557287142,7.276758821502341,0.0,1,4,0.7206869125366211,18.300821007876937,-1.1151939879681148,0.0,1,10,0.8460480570793152,21.958890233355582,1.841224906956772,0.0,0,17,0.8343226909637451,13.24753018134866,-1.2499912827493596,0.0,2,15,0.809115469455719,22.653960657089982,4.529866462419966,0.0,0,20,0.8260889053344727,24.528765876292383,3.5337525823583427,0.0,0,22,0.8114835023880005,22.418978481341476,7.359321347730045,0.0,1,23,0.8196937441825867,19.350747321567578,-1.2617783185521516,0.0,2,25,0.6218664646148682
1777470412,322322320,map,2.8446049055631972,1.5206667418235478,0.0,0,0,0.5999993085861206,2.9130171132697154,-1.4211973994343716,0.0,1,1,0.5864101648330688,7.856638395617165,5.504549157104006,0.0,0,2,0.5976743102073669,7.996697292974774,1.6102035897008777,0.0,0,3,0.6709555983543396,17.823812745341673,1.7076856719044635,0.0,0,5,0.8622732162475586,18.062777093359855,4.628846070172051,0.0,0,16,0.8076056838035583,8.062469326377574,-1.4716423985196725,0.0,2,8,0.7371095418930054,8.508214899493177,-1.7862439229620541,0.0,2,11,0.5797743797302246,13.094890035904324,1.6355192397050273,0.0,0,13,0.8053820729255676,12.630824504137765,8.642025467913223,0.0,1,12,0.5911313891410828,12.903707703648966,5.554234658270223,0.0,0,14,0.6683671474456787,17.79917557287142,7.276758821502341,0.0,1,4,0.719649612903595,18.300736158436326,-1.11546083762329,0.0,1,10,0.8463922142982483,21.95997939625502,1.84118901308291,0.0,0,17,0.8343425393104553,13.24753018134866,-1.2499912827493596,0.0,2,15,0.8078082203865051,22.654191343241056,4.529847615789989,0.0,0,20,0.8261495232582092,24.528309763850373,3.5337676391757884,0.0,0,22,0.8116286396980286,22.419578741494945,7.359597021935996,0.0,1,23,0.8198121786117554,19.350747321567578,-1.2617783185521516,0.0,2,25,0.6210939884185791
1777470412,422326805,map,2.8446049055631972,1.5206667418235478,0.0,0,0,0.5985627770423889,2.9130171132697154,-1.4211973994343716,0.0,1,1,0.585037887096405,7.856638395617165,5.504549157104006,0.0,0,2,0.5962488651275635,7.996697292974774,1.6102035897008777,0.0,0,3,0.6691597104072571,17.826196764642468,1.707409155839942,0.0,0,5,0.8622584342956543,18.062777093359855,4.628846070172051,0.0,0,16,0.8050051927566528,8.062469326377574,-1.4716423985196725,0.0,2,8,0.734942615032196,8.508214899493177,-1.7862439229620541,0.0,2,11,0.5784329771995544,13.094890035904324,1.6355192397050273,0.0,0,13,0.8027958869934082,12.630824504137765,8.642025467913223,0.0,1,12,0.5897369384765625,12.903707703648966,5.554234658270223,0.0,0,14,0.6665850877761841,17.79917557287142,7.276758821502341,0.0,1,4,0.7175840139389038,18.300529973442092,-1.1160542912889941,0.0,1,10,0.8470545411109924,21.962207593826754,1.8410195428267682,0.0,0,17,0.8343800902366638,13.24753018134866,-1.2499912827493596,0.0,2,15,0.8052064180374146,22.654674180988167,4.529706294294242,0.0,0,20,0.8262670636177063,24.527381284805887,3.533679526271575,0.0,0,22,0.8119115233421326,22.42077244764645,7.3601048007187195,0.0,1,23,0.8200423121452332,19.350747321567578,-1.2617783185521516,0.0,2,25,0.6195547580718994
1777470412,522676055,map,2.8446049055631972,1.5206667418235478,0.0,0,0,0.5978471040725708,2.9130171132697154,-1.4211973994343716,0.0,1,1,0.5843541026115417,7.856638395617165,5.504549157104006,0.0,0,2,0.5955386757850647,7.996697292974774,1.6102035897008777,0.0,0,3,0.6682653427124023,17.827189794588154,1.7074038012777344,0.0,0,5,0.8622534871101379,18.062777093359855,4.628846070172051,0.0,0,16,0.8037111759185791,8.062469326377574,-1.4716423985196725,0.0,2,8,0.733863890171051,8.508214899493177,-1.7862439229620541,0.0,2,11,0.5777645707130432,13.094890035904324,1.6355192397050273,0.0,0,13,0.8015089631080627,12.630824504137765,8.642025467913223,0.0,1,12,0.5890421867370605,12.903707703648966,5.554234658270223,0.0,0,14,0.6656975746154785,17.79917557287142,7.276758821502341,0.0,1,4,0.716555655002594,18.300417179903366,-1.1163385389677254,0.0,1,10,0.8473730087280273,21.963335170221338,1.8409479856250204,0.0,0,17,0.8343979120254517,13.24753018134866,-1.2499912827493596,0.0,2,15,0.8039118051528931,22.654906234469475,4.529647797282235,0.0,0,20,0.8263242244720459,24.526895947469814,3.533647656084218,0.0,0,22,0.812049388885498,22.421352966448758,7.360363624422113,0.0,1,23,0.8201541304588318,19.350747321567578,-1.2617783185521516,0.0,2,25,0.6187880039215088
1777470412,623815830,map,2.8446049055631972,1.5206667418235478,0.0,0,0,0.5964208245277405,2.9130171132697154,-1.4211973994343716,0.0,1,1,0.5829914212226868,7.856638395617165,5.504549157104006,0.0,0,2,0.594123363494873,7.996697292974774,1.6102035897008777,0.0,0,3,0.6664838194847107,17.82917403166076,1.707364665231184,0.0,0,5,0.8622435331344604,18.062777093359855,4.628846070172051,0.0,0,16,0.8011356592178345,8.062469326377574,-1.4716423985196725,0.0,2,8,0.731715977191925,8.508214899493177,-1.7862439229620541,0.0,2,11,0.5764324069023132,13.094890035904324,1.6355192397050273,0.0,0,13,0.7989475131034851,12.630824504137765,8.642025467913223,0.0,1,12,0.5876575708389282,12.903707703648966,5.554234658270223,0.0,0,14,0.6639296412467957,17.79917557287142,7.276758821502341,0.0,1,4,0.7145076990127563,18.300175451177665,-1.1167396058682357,0.0,1,10,0.8479860424995422,21.965611140532573,1.8409437744400925,0.0,0,17,0.8344315886497498,13.24753018134866,-1.2499912827493596,0.0,2,15,0.8013349771499634,22.65535188712864,4.529665804626631,0.0,0,20,0.8264349699020386,24.525883484431482,3.5337176041041793,0.0,0,22,0.8123179078102112,22.421787435406163,7.3594370488086644,0.0,1,23,0.8203853368759155,19.350747321567578,-1.2617783185521516,0.0,2,25,0.617260217666626
1777470412,722428097,map,2.8446049055631972,1.5206667418235478,0.0,0,0,0.5957102179527283,2.9130171132697154,-1.4211973994343716,0.0,1,1,0.5823124647140503,7.856638395617165,5.504549157104006,0.0,0,2,0.5934182405471802,7.996697292974774,1.6102035897008777,0.0,0,3,0.665596604347229,17.830146672669787,1.7073640014617533,0.0,0,5,0.8622387051582336,18.062777093359855,4.628846070172051,0.0,0,16,0.7998540997505188,8.062469326377574,-1.4716423985196725,0.0,2,8,0.7306467294692993,8.508214899493177,-1.7862439229620541,0.0,2,11,0.5757685899734497,13.094890035904324,1.6355192397050273,0.0,0,13,0.7976729273796082,12.630824504137765,8.642025467913223,0.0,1,12,0.5869677066802979,12.903707703648966,5.554234658270223,0.0,0,14,0.6630492210388184,17.79917557287142,7.276758821502341,0.0,1,4,0.7134881019592285,18.300059255373796,-1.1167667002327153,0.0,1,10,0.8482808470726013,21.96675118682795,1.8411728621944246,0.0,0,17,0.8344475030899048,13.24753018134866,-1.2499912827493596,0.0,2,15,0.8000527620315552,22.655553382342585,4.529911815300916,0.0,0,20,0.8264883756637573,24.525348873254924,3.534019441539391,0.0,0,22,0.8124484419822693,22.42149175275084,7.358429903797765,0.0,1,23,0.8205057382583618,19.350747321567578,-1.2617783185521516,0.0,2,25,0.616499125957489
1777470412,822828018,map,2.8446049055631972,1.5206667418235478,0.0,0,0,0.5942941308021545,2.9130171132697154,-1.4211973994343716,0.0,1,1,0.5809592604637146,7.856638395617165,5.504549157104006,0.0,0,2,0.5920130014419556,7.996697292974774,1.6102035897008777,0.0,0,3,0.6638292074203491,17.832007324848824,1.7073696902420317,0.0,0,5,0.862230122089386,18.062777093359855,4.628846070172051,0.0,0,16,0.7973031997680664,8.062469326377574,-1.4716423985196725,0.0,2,8,0.7285175919532776,8.508214899493177,-1.7862439229620541,0.0,2,11,0.5744456052780151,13.094890035904324,1.6355192397050273,0.0,0,13,0.7951358556747437,12.630824504137765,8.642025467913223,0.0,1,12,0.5855928063392639,12.903707703648966,5.554234658270223,0.0,0,14,0.6612953543663025,17.79917557287142,7.276758821502341,0.0,1,4,0.7114576101303101,18.29980489474052,-1.11674425671499,0.0,1,10,0.8488484025001526,21.9690313926033,1.8416214343151989,0.0,0,17,0.8344778418540955,13.24753018134866,-1.2499912827493596,0.0,2,15,0.7975006103515625,22.655961374196416,4.530378552612992,0.0,0,20,0.8265920281410217,24.524250085128667,3.534560920514256,0.0,0,22,0.8127029538154602,22.420857357383433,7.3564643517226305,0.0,1,23,0.8207401633262634,19.350747321567578,-1.2617783185521516,0.0,2,25,0.6149826049804688
1777470412,922622291,map,2.8446049055631972,1.5206667418235478,0.0,0,0,0.5935885906219482,2.9130171132697154,-1.4211973994343716,0.0,1,1,0.5802850127220154,7.856638395617165,5.504549157104006,0.0,0,2,0.5913128852844238,7.996697292974774,1.6102035897008777,0.0,0,3,0.6629490256309509,17.83290573076366,1.7073953981947794,0.0,0,5,0.862226128578186,18.062777093359855,4.628846070172051,0.0,0,16,0.7960337996482849,8.062469326377574,-1.4716423985196725,0.0,2,8,0.7274576425552368,8.508214899493177,-1.7862439229620541,0.0,2,11,0.5737863779067993,13.094890035904324,1.6355192397050273,0.0,0,13,0.7938734292984009,12.630824504137765,8.642025467913223,0.0,1,12,0.5849077701568604,12.903707703648966,5.554234658270223,0.0,0,14,0.6604218482971191,17.79917557287142,7.276758821502341,0.0,1,4,0.7104467153549194,18.299482526285423,-1.116820342083894,0.0,1,10,0.8491239547729492,21.970170057928748,1.8419304681984547,0.0,0,17,0.8344922661781311,13.24753018134866,-1.2499912827493596,0.0,2,15,0.7962306141853333,22.65613413240553,4.5306904351605795,0.0,0,20,0.8266425132751465,24.523664334580793,3.534900912835538,0.0,0,22,0.8128271102905273,22.420539573836134,7.355510405189838,0.0,1,23,0.8208540081977844,19.350747321567578,-1.2617783185521516,0.0,2,25,0.6142271161079407
1777470413,22357170,map,2.8446049055631972,1.5206667418235478,0.0,0,0,0.5921825170516968,2.9130171132697154,-1.4211973994343716,0.0,1,1,0.5789412260055542,7.856638395617165,5.504549157104006,0.0,0,2,0.5899176001548767,7.996697292974774,1.6102035897008777,0.0,0,3,0.661195695400238,17.83471725139337,1.7074779662117996,0.0,0,5,0.8622177839279175,18.062777093359855,4.628846070172051,0.0,0,16,0.7935071587562561,8.062469326377574,-1.4716423985196725,0.0,2,8,0.7253469824790955,8.508214899493177,-1.7862439229620541,0.0,2,11,0.5724725127220154,13.094890035904324,1.6355192397050273,0.0,0,13,0.7913604378700256,12.630824504137765,8.642025467913223,0.0,1,12,0.5835424661636353,12.903707703648966,5.554234658270223,0.0,0,14,0.6586818695068359,17.79917557287142,7.276758821502341,0.0,1,4,0.7084335088729858,18.298907576262884,-1.1169341968153195,0.0,1,10,0.849653422832489,21.972519647375986,1.8424842568720337,0.0,0,17,0.8345190286636353,13.24753018134866,-1.2499912827493596,0.0,2,15,0.7937027215957642,22.6565515544747,4.531235772378975,0.0,0,20,0.8267397880554199,24.52251748449517,3.5354697943324243,0.0,0,22,0.8130687475204468,22.419946535266607,7.353663222197802,0.0,1,23,0.8210746645927429,19.350747321567578,-1.2617783185521516,0.0,2,25,0.6127217411994934
1777470413,122519891,map,2.8446049055631972,1.5206667418235478,0.0,0,0,0.5914819836616516,2.9130171132697154,-1.4211973994343716,0.0,1,1,0.5782716274261475,7.856638395617165,5.504549157104006,0.0,0,2,0.5892223715782166,7.996697292974774,1.6102035897008777,0.0,0,3,0.6603224873542786,17.83561028819833,1.707546597874339,0.0,0,5,0.862213671207428,18.062777093359855,4.628846070172051,0.0,0,16,0.792249858379364,8.062469326377574,-1.4716423985196725,0.0,2,8,0.7242962718009949,8.508214899493177,-1.7862439229620541,0.0,2,11,0.5718178153038025,13.094890035904324,1.6355192397050273,0.0,0,13,0.7901099324226379,12.630824504137765,8.642025467913223,0.0,1,12,0.5828621983528137,12.903707703648966,5.554234658270223,0.0,0,14,0.6578152775764465,17.79917557287142,7.276758821502341,0.0,1,4,0.7074311971664429,18.298627662177598,-1.1169602314913876,0.0,1,10,0.8499080538749695,21.97370881355289,1.8427468344032112,0.0,0,17,0.8345316052436829,13.24753018134866,-1.2499912827493596,0.0,2,15,0.7924448251724243,22.656767197623306,4.531491249619613,0.0,0,20,0.8267869353294373,24.521936539491243,3.5357306644952993,0.0,0,22,0.8131864666938782,22.419663062497428,7.35277272909367,0.0,1,23,0.82118159532547,19.350747321567578,-1.2617783185521516,0.0,2,25,0.6119717955589294
1777470413,222706688,map,2.8446049055631972,1.5206667418235478,0.0,0,0,0.5900858640670776,2.9130171132697154,-1.4211973994343716,0.0,1,1,0.5769371390342712,7.856638395617165,5.504549157104006,0.0,0,2,0.5878369212150574,7.996697292974774,1.6102035897008777,0.0,0,3,0.6585829854011536,17.837363013842193,1.7076645544155138,0.0,0,5,0.8622058033943176,18.062777093359855,4.628846070172051,0.0,0,16,0.7897471785545349,8.062469326377574,-1.4716423985196725,0.0,2,8,0.7222039103507996,8.508214899493177,-1.7862439229620541,0.0,2,11,0.5705128908157349,13.094890035904324,1.6355192397050273,0.0,0,13,0.7876207232475281,12.630824504137765,8.642025467913223,0.0,1,12,0.5815064907073975,12.903707703648966,5.554234658270223,0.0,0,14,0.6560889482498169,17.79917557287142,7.276758821502341,0.0,1,4,0.7054349780082703,18.29808497553959,-1.1170281857773139,0.0,1,10,0.8503978848457336,21.976127826532398,1.8429503026696057,0.0,0,17,0.8345553278923035,13.24753018134866,-1.2499912827493596,0.0,2,15,0.7899408340454102,22.65726634014039,4.531670995380941,0.0,0,20,0.8268783688545227,24.52079112862719,3.535887159722959,0.0,0,22,0.813416063785553,22.41909724478876,7.35101208499896,0.0,1,23,0.8213894963264465,19.350747321567578,-1.2617783185521516,0.0,2,25,0.6104773879051208
1777470413,323401943,map,2.8446049055631972,1.5206667418235478,0.0,0,0,0.5886963605880737,2.9130171132697154,-1.4211973994343716,0.0,1,1,0.5756087899208069,7.856638395617165,5.504549157104006,0.0,0,2,0.5864579677581787,7.996697292974774,1.6102035897008777,0.0,0,3,0.6568526029586792,17.838986478848668,1.7076740071789798,0.0,0,5,0.8621995449066162,18.062777093359855,4.628846070172051,0.0,0,16,0.7872602343559265,8.062469326377574,-1.4716423985196725,0.0,2,8,0.7201235890388489,8.508214899493177,-1.7862439229620541,0.0,2,11,0.5692139267921448,13.094890035904324,1.6355192397050273,0.0,0,13,0.7851471304893494,12.630824504137765,8.642025467913223,0.0,1,12,0.5801570415496826,12.903707703648966,5.554234658270223,0.0,0,14,0.6543716192245483,17.79917557287142,7.276758821502341,0.0,1,4,0.7034500241279602,18.29747014003975,-1.1172050935842777,0.0,1,10,0.8508642315864563,21.9785419534203,1.8424934559872927,0.0,0,17,0.834578275680542,13.24753018134866,-1.2499912827493596,0.0,2,15,0.7874526977539062,22.657750238905987,4.531184053518015,0.0,0,20,0.8269679546356201,24.51957633052385,3.5353490056764048,0.0,0,22,0.8136395812034607,22.41846758080334,7.349208094778521,0.0,1,23,0.8215907216072083,19.350747321567578,-1.2617783185521516,0.0,2,25,0.6089903116226196
1777470413,422756347,map,2.8446049055631972,1.5206667418235478,0.0,0,0,0.5880040526390076,2.9130171132697154,-1.4211973994343716,0.0,1,1,0.5749468803405762,7.856638395617165,5.504549157104006,0.0,0,2,0.5857709050178528,7.996697292974774,1.6102035897008777,0.0,0,3,0.6559908390045166,17.839730738790756,1.707609112756604,0.0,0,5,0.8621973395347595,18.062777093359855,4.628846070172051,0.0,0,16,0.7860226035118103,8.062469326377574,-1.4716423985196725,0.0,2,8,0.7190879583358765,8.508214899493177,-1.7862439229620541,0.0,2,11,0.568566620349884,13.094890035904324,1.6355192397050273,0.0,0,13,0.7839161157608032,12.630824504137765,8.642025467913223,0.0,1,12,0.5794846415519714,12.903707703648966,5.554234658270223,0.0,0,14,0.6535163521766663,17.79917557287142,7.276758821502341,0.0,1,4,0.7024617195129395,18.297117759256256,-1.117364651674787,0.0,1,10,0.8510891795158386,21.979718769703233,1.842204718828353,0.0,0,17,0.8345896601676941,13.24753018134866,-1.2499912827493596,0.0,2,15,0.7862144708633423,22.65793946995259,4.530892813373305,0.0,0,20,0.8270121812820435,24.518909691033176,3.535063507685726,0.0,0,22,0.8137491345405579,22.41810800731838,7.348267622586161,0.0,1,23,0.8216891884803772,19.350747321567578,-1.2617783185521516,0.0,2,25,0.6082494854927063
1777470413,524000712,map,2.8446049055631972,1.5206667418235478,0.0,0,0,0.5866243243217468,2.9130171132697154,-1.4211973994343716,0.0,1,1,0.5736276507377625,7.856638395617165,5.504549157104006,0.0,0,2,0.5844016075134277,7.996697292974774,1.6102035897008777,0.0,0,3,0.654274046421051,17.84119322555728,1.7073885760584093,0.0,0,5,0.8621931672096252,18.062777093359855,4.628846070172051,0.0,0,16,0.7835590243339539,8.062469326377574,-1.4716423985196725,0.0,2,8,0.7170255184173584,8.508214899493177,-1.7862439229620541,0.0,2,11,0.5672764778137207,13.094890035904324,1.6355192397050273,0.0,0,13,0.7814657092094421,12.630824504137765,8.642025467913223,0.0,1,12,0.5781445503234863,12.903707703648966,5.554234658270223,0.0,0,14,0.6518124341964722,17.79917557287142,7.276758821502341,0.0,1,4,0.7004934549331665,18.296422853468663,-1.1177759329173929,0.0,1,10,0.8515221476554871,21.982079845552054,1.8416193835905923,0.0,0,17,0.8346111178398132,13.24753018134866,-1.2499912827493596,0.0,2,15,0.7837496995925903,22.65811210322009,4.530546670778031,0.0,0,20,0.8270999193191528,24.517533153030048,3.534502121839888,0.0,0,22,0.813962996006012,22.41741397628011,7.346336982522596,0.0,1,23,0.8218806385993958,19.350747321567578,-1.2617783185521516,0.0,2,25,0.6067731976509094
1777470413,624144533,map,2.8446049055631972,1.5206667418235478,0.0,0,0,0.5859368443489075,2.9130171132697154,-1.4211973994343716,0.0,1,1,0.5729703307151794,7.856638395617165,5.504549157104006,0.0,0,2,0.5837193727493286,7.996697292974774,1.6102035897008777,0.0,0,3,0.653419017791748,17.84191185120831,1.707186856059235,0.0,0,5,0.8621912598609924,18.062777093359855,4.628846070172051,0.0,0,16,0.7823330163955688,8.062469326377574,-1.4716423985196725,0.0,2,8,0.7159987688064575,8.508214899493177,-1.7862439229620541,0.0,2,11,0.5666336417198181,13.094890035904324,1.6355192397050273,0.0,0,13,0.7802462577819824,12.630824504137765,8.642025467913223,0.0,1,12,0.5774767994880676,12.903707703648966,5.554234658270223,0.0,0,14,0.6509638428688049,17.79917557287142,7.276758821502341,0.0,1,4,0.6995134353637695,18.296087733809756,-1.1180748813735346,0.0,1,10,0.8517303466796875,21.983254044017567,1.8413166676961672,0.0,0,17,0.8346214294433594,13.24753018134866,-1.2499912827493596,0.0,2,15,0.7825230956077576,22.658107853417036,4.530431732380901,0.0,0,20,0.8271434903144836,24.516811091808993,3.5342122463606613,0.0,0,22,0.814067542552948,22.417066861558688,7.345316847697187,0.0,1,23,0.8219739198684692,19.350747321567578,-1.2617783185521516,0.0,2,25,0.6060377359390259
1777470413,724722889,map,2.8446049055631972,1.5206667418235478,0.0,0,0,0.5845667719841003,2.9130171132697154,-1.4211973994343716,0.0,1,1,0.5716601610183716,7.856638395617165,5.504549157104006,0.0,0,2,0.5823596119880676,7.996697292974774,1.6102035897008777,0.0,0,3,0.6517156362533569,17.84342231712886,1.7067344224622096,0.0,0,5,0.8621863126754761,18.062777093359855,4.628846070172051,0.0,0,16,0.7798925042152405,8.062469326377574,-1.4716423985196725,0.0,2,8,0.713953971862793,8.508214899493177,-1.7862439229620541,0.0,2,11,0.565352201461792,13.094890035904324,1.6355192397050273,0.0,0,13,0.7778186798095703,12.630824504137765,8.642025467913223,0.0,1,12,0.5761459469795227,12.903707703648966,5.554234658270223,0.0,0,14,0.6492732167243958,17.79917557287142,7.276758821502341,0.0,1,4,0.6975616216659546,18.29552315934508,-1.118719158786987,0.0,1,10,0.8521296977996826,21.98564692653579,1.8409321746773093,0.0,0,17,0.8346402049064636,13.24753018134866,-1.2499912827493596,0.0,2,15,0.7800813913345337,22.658185956222066,4.530146584317454,0.0,0,20,0.8272271752357483,24.515340424281074,3.5338453172437183,0.0,0,22,0.8142711520195007,22.416484476613608,7.343248371356236,0.0,1,23,0.8221542239189148,19.350747321567578,-1.2617783185521516,0.0,2,25,0.6045721769332886,25.94448161587272,5.804425720866374,0.0,1,24,0.668918251991272
1777470413,822826896,map,2.8446049055631972,1.5206667418235478,0.0,0,0,0.5838841199874878,2.9130171132697154,-1.4211973994343716,0.0,1,1,0.5710073113441467,7.856638395617165,5.504549157104006,0.0,0,2,0.5816821455955505,7.996697292974774,1.6102035897008777,0.0,0,3,0.6508672833442688,17.844172000105708,1.7065796138171023,0.0,0,5,0.8621837496757507,18.062777093359855,4.628846070172051,0.0,0,16,0.7786778807640076,8.062469326377574,-1.4716423985196725,0.0,2,8,0.7129359841346741,8.508214899493177,-1.7862439229620541,0.0,2,11,0.564713716506958,13.094890035904324,1.6355192397050273,0.0,0,13,0.7766105532646179,12.630824504137765,8.642025467913223,0.0,1,12,0.5754828453063965,12.903707703648966,5.554234658270223,0.0,0,14,0.6484311819076538,17.79917557287142,7.276758821502341,0.0,1,4,0.6965898275375366,18.29524964304486,-1.1189653270193058,0.0,1,10,0.8523218631744385,21.98685137612457,1.841073648437342,0.0,0,17,0.834648609161377,13.24753018134866,-1.2499912827493596,0.0,2,15,0.7788662314414978,22.658237468647755,4.530049889693749,0.0,0,20,0.827267587184906,24.514576458992618,3.5340400165278107,0.0,0,22,0.8143699765205383,22.416214089624987,7.342275167953617,0.0,1,23,0.8222414255142212,19.350747321567578,-1.2617783185521516,0.0,2,25,0.60384202003479,25.944590144092736,5.804701722040874,0.0,1,24,0.6718719601631165
1777470413,922518421,map,2.8446049055631972,1.5206667418235478,0.0,0,0,0.5825236439704895,2.9130171132697154,-1.4211973994343716,0.0,1,1,0.5697060823440552,7.856638395617165,5.504549157104006,0.0,0,2,0.5803318619728088,7.996697292974774,1.6102035897008777,0.0,0,3,0.6491771936416626,17.84555267274109,1.7062424420856916,0.0,0,5,0.8621800541877747,18.062777093359855,4.628846070172051,0.0,0,16,0.7762600779533386,8.062469326377574,-1.4716423985196725,0.0,2,8,0.7109086513519287,8.508214899493177,-1.7862439229620541,0.0,2,11,0.5634409785270691,13.094890035904324,1.6355192397050273,0.0,0,13,0.7742055058479309,12.630824504137765,8.642025467913223,0.0,1,12,0.574161171913147,12.903707703648966,5.554234658270223,0.0,0,14,0.64675372838974,17.79917557287142,7.276758821502341,0.0,1,4,0.6946542859077454,18.294635123758653,-1.1194774384619535,0.0,1,10,0.8526929020881653,21.989305780723598,1.8415094379031265,0.0,0,17,0.8346638083457947,13.24753018134866,-1.2499912827493596,0.0,2,15,0.7764472365379333,22.658250429406134,4.529858611315231,0.0,0,20,0.8273470401763916,24.51308291028176,3.53469398261624,0.0,0,22,0.8145616054534912,22.415583502130158,7.340352829204136,0.0,1,23,0.8224120140075684,19.350747321567578,-1.2617783185521516,0.0,2,25,0.602387011051178,25.945052788756822,5.805874216029179,0.0,1,24,0.677548885345459
1777470414,22651340,map,2.8446049055631972,1.5206667418235478,0.0,0,0,0.581845760345459,2.9130171132697154,-1.4211973994343716,0.0,1,1,0.5690577030181885,7.856638395617165,5.504549157104006,0.0,0,2,0.5796590447425842,7.996697292974774,1.6102035897008777,0.0,0,3,0.6483353972434998,17.84625457990986,1.7061082956284923,0.0,0,5,0.8621779084205627,18.062777093359855,4.628846070172051,0.0,0,16,0.775056779384613,8.062469326377574,-1.4716423985196725,0.0,2,8,0.7098993062973022,8.508214899493177,-1.7862439229620541,0.0,2,11,0.5628067851066589,13.094890035904324,1.6355192397050273,0.0,0,13,0.7730085849761963,12.630824504137765,8.642025467913223,0.0,1,12,0.5735026001930237,12.903707703648966,5.554234658270223,0.0,0,14,0.6459181904792786,17.79917557287142,7.276758821502341,0.0,1,4,0.6936904788017273,18.294361887690425,-1.1196961222603816,0.0,1,10,0.8528711199760437,21.99054946245442,1.8417448766608637,0.0,0,17,0.8346707224845886,13.24753018134866,-1.2499912827493596,0.0,2,15,0.77524334192276,22.658276116255166,4.529789782372602,0.0,0,20,0.8273853659629822,24.51233170735118,3.5349652690778437,0.0,0,22,0.814655065536499,22.41529002746033,7.339433306265328,0.0,1,23,0.8224945068359375,19.350747321567578,-1.2617783185521516,0.0,2,25,0.6016621589660645,25.945289238360676,5.806277409579856,0.0,1,24,0.6802807450294495
1777470414,122334232,map,2.8446049055631972,1.5206667418235478,0.0,0,0,0.5804947018623352,2.9130171132697154,-1.4211973994343716,0.0,1,1,0.5677652955055237,7.856638395617165,5.504549157104006,0.0,0,2,0.5783181190490723,7.996697292974774,1.6102035897008777,0.0,0,3,0.6466584205627441,17.847702719967298,1.7058292718555388,0.0,0,5,0.8621728420257568,18.062777093359855,4.628846070172051,0.0,0,16,0.7726613879203796,8.062469326377574,-1.4716423985196725,0.0,2,8,0.707889199256897,8.508214899493177,-1.7862439229620541,0.0,2,11,0.5615425705909729,13.094890035904324,1.6355192397050273,0.0,0,13,0.7706257700920105,12.630824504137765,8.642025467913223,0.0,1,12,0.57218998670578,12.903707703648966,5.554234658270223,0.0,0,14,0.644253671169281,17.79917557287142,7.276758821502341,0.0,1,4,0.6917710304260254,18.293892181735988,-1.1201373751531305,0.0,1,10,0.8532133102416992,21.993118188052446,1.8420056868468404,0.0,0,17,0.834682822227478,13.24753018134866,-1.2499912827493596,0.0,2,15,0.7728467583656311,22.65838259516436,4.529639237498755,0.0,0,20,0.8274591565132141,24.51087736736764,3.5352029795851587,0.0,0,22,0.8148370981216431,22.414777561040882,7.3376030150790585,0.0,1,23,0.8226541876792908,19.350747321567578,-1.2617783185521516,0.0,2,25,0.6002176403999329,25.94593533453757,5.806427061108011,0.0,1,24,0.6855408549308777
1777470414,222770252,map,2.8446049055631972,1.5206667418235478,0.0,0,0,0.5798215866088867,2.9130171132697154,-1.4211973994343716,0.0,1,1,0.5671213269233704,7.856638395617165,5.504549157104006,0.0,0,2,0.5776500105857849,7.996697292974774,1.6102035897008777,0.0,0,3,0.6458231210708618,17.84840409592514,1.7057059423967293,0.0,0,5,0.8621705770492554,18.062777093359855,4.628846070172051,0.0,0,16,0.7714691758155823,8.062469326377574,-1.4716423985196725,0.0,2,8,0.7068883776664734,8.508214899493177,-1.7862439229620541,0.0,2,11,0.5609126687049866,13.094890035904324,1.6355192397050273,0.0,0,13,0.7694398760795593,12.630824504137765,8.642025467913223,0.0,1,12,0.5715359449386597,12.903707703648966,5.554234658270223,0.0,0,14,0.6434246301651001,17.79917557287142,7.276758821502341,0.0,1,4,0.6908152103424072,18.293654707482684,-1.1203388692213117,0.0,1,10,0.8533781170845032,21.994400065934137,1.8421418793878999,0.0,0,17,0.8346884846687317,13.24753018134866,-1.2499912827493596,0.0,2,15,0.7716540098190308,22.658428209992632,4.529576209395025,0.0,0,20,0.8274949789047241,24.510119524895817,3.53532041365405,0.0,0,22,0.8149261474609375,22.414515811147385,7.33671249932303,0.0,1,23,0.8227317929267883,19.350747321567578,-1.2617783185521516,0.0,2,25,0.5994979739189148,25.946214060894523,5.806498036400272,0.0,1,24,0.6880742907524109
1777470414,322454683,map,2.8446049055631972,1.5206667418235478,0.0,0,0,0.5784798860549927,2.9130171132697154,-1.4211973994343716,0.0,1,1,0.5658377408981323,7.856638395617165,5.504549157104006,0.0,0,2,0.5763183832168579,7.996697292974774,1.6102035897008777,0.0,0,3,0.6441590785980225,17.849831688870072,1.7054655896040853,0.0,0,5,0.8621653914451599,18.062777093359855,4.628846070172051,0.0,0,16,0.7690958380699158,8.062469326377574,-1.4716423985196725,0.0,2,8,0.7048952579498291,8.508214899493177,-1.7862439229620541,0.0,2,11,0.5596569776535034,13.094890035904324,1.6355192397050273,0.0,0,13,0.7670789957046509,12.630824504137765,8.642025467913223,0.0,1,12,0.5702322721481323,12.903707703648966,5.554234658270223,0.0,0,14,0.6417728662490845,17.79917557287142,7.276758821502341,0.0,1,4,0.6889116168022156,18.29324342929393,-1.120727013561087,0.0,1,10,0.85369473695755,21.997013493375842,1.8423825162910052,0.0,0,17,0.8346983790397644,13.24753018134866,-1.2499912827493596,0.0,2,15,0.7692795395851135,22.658552161095542,4.529462543678139,0.0,0,20,0.8275642395019531,24.50860902214628,3.5355078134292093,0.0,0,22,0.8150995969772339,22.414036283403167,7.334964610621471,0.0,1,23,0.8228821754455566,19.350747321567578,-1.2617783185521516,0.0,2,25,0.5980638265609741,25.946875021620126,5.8065654700376514,0.0,1,24,0.6929553151130676
1777470414,422454296,map,2.8446049055631972,1.5206667418235478,0.0,0,0,0.5778114199638367,2.9130171132697154,-1.4211973994343716,0.0,1,1,0.5651981234550476,7.856638395617165,5.504549157104006,0.0,0,2,0.5756548643112183,7.996697292974774,1.6102035897008777,0.0,0,3,0.6433302760124207,17.850493712619226,1.7053941892343998,0.0,0,5,0.8621634244918823,18.062777093359855,4.628846070172051,0.0,0,16,0.7679146528244019,8.062469326377574,-1.4716423985196725,0.0,2,8,0.7039029002189636,8.508214899493177,-1.7862439229620541,0.0,2,11,0.5590312480926514,13.094890035904324,1.6355192397050273,0.0,0,13,0.7659040093421936,12.630824504137765,8.642025467913223,0.0,1,12,0.5695827007293701,12.903707703648966,5.554234658270223,0.0,0,14,0.6409502029418945,17.79917557287142,7.276758821502341,0.0,1,4,0.6879637241363525,18.293818493833346,-1.1208703112678666,0.0,1,10,0.8538366556167603,21.99829559580746,1.8425499844241824,0.0,0,17,0.8347032070159912,13.24753018134866,-1.2499912827493596,0.0,2,15,0.7680978178977966,22.658585472226058,4.529438398069151,0.0,0,20,0.8275981545448303,24.50779938297274,3.5356447615624336,0.0,0,22,0.8151846528053284,22.413769305877278,7.334136808803532,0.0,1,23,0.8229554295539856,19.350747321567578,-1.2617783185521516,0.0,2,25,0.5973493456840515,25.947113797503853,5.806676182870233,0.0,1,24,0.6953084468841553
1777470414,522357562,map,2.8446049055631972,1.5206667418235478,0.0,0,0,0.5764790177345276,2.9130171132697154,-1.4211973994343716,0.0,1,1,0.5639232397079468,7.856638395617165,5.504549157104006,0.0,0,2,0.5743323564529419,7.996697292974774,1.6102035897008777,0.0,0,3,0.641679048538208,17.86804210135502,1.7052078761045633,0.0,0,5,0.8604449033737183,18.062777093359855,4.628846070172051,0.0,0,16,0.7655631303787231,8.062469326377574,-1.4716423985196725,0.0,2,8,0.7019265294075012,8.508214899493177,-1.7862439229620541,0.0,2,11,0.5577839612960815,13.094890035904324,1.6355192397050273,0.0,0,13,0.7635647058486938,12.630824504137765,8.642025467913223,0.0,1,12,0.5682879686355591,12.903707703648966,5.554234658270223,0.0,0,14,0.6393111348152161,17.79917557287142,7.276758821502341,0.0,1,4,0.686075747013092,18.294587260554472,-1.1211098355414504,0.0,1,10,0.854114830493927,22.00091128271204,1.8428585733181424,0.0,0,17,0.8347114324569702,13.24753018134866,-1.2499912827493596,0.0,2,15,0.7657451033592224,22.65868016634055,4.52943461979751,0.0,0,20,0.8276634812355042,24.50619517117299,3.5358748156598137,0.0,0,22,0.8153502941131592,22.41327925922171,7.332547086207921,0.0,1,23,0.8230972290039062,19.350747321567578,-1.2617783185521516,0.0,2,25,0.5959254503250122,25.947745724388195,5.806826449238233,0.0,1,24,0.6998443603515625
1777470414,624721799,map,2.8446049055631972,1.5206667418235478,0.0,0,0,0.5758151412010193,2.9130171132697154,-1.4211973994343716,0.0,1,1,0.5632879137992859,7.856638395617165,5.504549157104006,0.0,0,2,0.57367342710495,7.996697292974774,1.6102035897008777,0.0,0,3,0.6408565640449524,17.86804210135502,1.7052078761045633,0.0,0,5,0.8589667081832886,18.062777093359855,4.628846070172051,0.0,0,16,0.7643927335739136,8.062469326377574,-1.4716423985196725,0.0,2,8,0.7009425163269043,8.508214899493177,-1.7862439229620541,0.0,2,11,0.5571624040603638,13.094890035904324,1.6355192397050273,0.0,0,13,0.7624004483222961,12.630824504137765,8.642025467913223,0.0,1,12,0.5676428079605103,12.903707703648966,5.554234658270223,0.0,0,14,0.6384947299957275,17.79917557287142,7.276758821502341,0.0,1,4,0.6851356029510498,18.29498522734996,-1.1212408100087152,0.0,1,10,0.8542484641075134,22.002231737071742,1.8429387492278033,0.0,0,17,0.8347151279449463,13.24753018134866,-1.2499912827493596,0.0,2,15,0.7645741701126099,22.65872239666722,4.529434479878445,0.0,0,20,0.8276952505111694,24.505403945191198,3.5359050228181705,0.0,0,22,0.8154310584068298,22.413021890604867,7.331764065792425,0.0,1,23,0.8231663107872009,19.350747321567578,-1.2617783185521516,0.0,2,25,0.5952160358428955,25.948237975889633,5.80676382845419,0.0,1,24,0.7020293474197388
1777470414,722392884,map,2.8446049055631972,1.5206667418235478,0.0,0,0,0.5751527547836304,2.9130171132697154,-1.4211973994343716,0.0,1,1,0.5626540184020996,7.856638395617165,5.504549157104006,0.0,0,2,0.5730159878730774,7.996697292974774,1.6102035897008777,0.0,0,3,0.6400362253189087,17.86804210135502,1.7052078761045633,0.0,0,5,0.8574935793876648,18.062777093359855,4.628846070172051,0.0,0,16,0.7632259130477905,8.062469326377574,-1.4716423985196725,0.0,2,8,0.699961245059967,8.508214899493177,-1.7862439229620541,0.0,2,11,0.5565422177314758,13.094890035904324,1.6355192397050273,0.0,0,13,0.7612397074699402,12.630824504137765,8.642025467913223,0.0,1,12,0.566999077796936,12.903707703648966,5.554234658270223,0.0,0,14,0.6376804113388062,17.79917557287142,7.276758821502341,0.0,1,4,0.6841980814933777,18.296399066134175,-1.1214398345044574,0.0,1,10,0.8543648719787598,22.004355676570228,1.8428002848370497,0.0,0,17,0.8347086906433105,13.24753018134866,-1.2499912827493596,0.0,2,15,0.7634068131446838,22.659714760248786,4.529256641475006,0.0,0,20,0.8277153372764587,24.505403947490862,3.5356709059000067,0.0,0,22,0.81550133228302,22.426512536057054,7.331185898769584,0.0,1,23,0.8230666518211365,19.350747321567578,-1.2617783185521516,0.0,2,25,0.5945082902908325,25.95005090861621,5.8062119989345895,0.0,1,24,0.7041441202163696
1777470414,822330015,map,2.8446049055631972,1.5206667418235478,0.0,0,0,0.5738325715065002,2.9130171132697154,-1.4211973994343716,0.0,1,1,0.5613905787467957,7.856638395617165,5.504549157104006,0.0,0,2,0.5717055797576904,7.996697292974774,1.6102035897008777,0.0,0,3,0.6384018063545227,17.86804210135502,1.7052078761045633,0.0,0,5,0.8545624613761902,18.062777093359855,4.628846070172051,0.0,0,16,0.7609029412269592,8.062469326377574,-1.4716423985196725,0.0,2,8,0.6980069279670715,8.508214899493177,-1.7862439229620541,0.0,2,11,0.5553060173988342,13.094890035904324,1.6355192397050273,0.0,0,13,0.7589287757873535,12.630824504137765,8.642025467913223,0.0,1,12,0.565716028213501,12.903707703648966,5.554234658270223,0.0,0,14,0.6360580325126648,17.79917557287142,7.276758821502341,0.0,1,4,0.6823306679725647,18.298370614677275,-1.121407497488878,0.0,1,10,0.854600191116333,22.00783739199183,1.8433742834922326,0.0,0,17,0.8347041606903076,13.24753018134866,-1.2499912827493596,0.0,2,15,0.7610827684402466,22.660288288925422,4.529745333773062,0.0,0,20,0.8277689814567566,24.504403962257893,3.536236378640747,0.0,0,22,0.8156483173370361,22.426512536057054,7.331185898769584,0.0,1,23,0.8203657865524292,19.350747321567578,-1.2617783185521516,0.0,2,25,0.5930979251861572,25.951657359182263,5.807039796780148,0.0,1,24,0.7082494497299194
1777470414,922529599,map,2.8446049055631972,1.5206667418235478,0.0,0,0,0.573174774646759,2.9130171132697154,-1.4211973994343716,0.0,1,1,0.5607609748840332,7.856638395617165,5.504549157104006,0.0,0,2,0.5710526704788208,7.996697292974774,1.6102035897008777,0.0,0,3,0.6375877857208252,17.86804210135502,1.7052078761045633,0.0,0,5,0.8531044125556946,18.062777093359855,4.628846070172051,0.0,0,16,0.759746789932251,8.062469326377574,-1.4716423985196725,0.0,2,8,0.6970338821411133,8.508214899493177,-1.7862439229620541,0.0,2,11,0.5546900033950806,13.094890035904324,1.6355192397050273,0.0,0,13,0.7577785849571228,12.630824504137765,8.642025467913223,0.0,1,12,0.5650767087936401,12.903707703648966,5.554234658270223,0.0,0,14,0.6352499127388,17.79917557287142,7.276758821502341,0.0,1,4,0.6814007759094238,18.299404577082303,-1.1215502000543258,0.0,1,10,0.8547125458717346,22.009818859031096,1.8433211626740462,0.0,0,17,0.8346989750862122,13.24753018134866,-1.2499912827493596,0.0,2,15,0.7599260210990906,22.66103936889636,4.529584575311485,0.0,0,20,0.827790379524231,24.50419924263424,3.5360981681338974,0.0,0,22,0.8157170414924622,22.426512536057054,7.331185898769584,0.0,1,23,0.819021999835968,19.350747321567578,-1.2617783185521516,0.0,2,25,0.5923951864242554,25.95307558228299,5.806673925117595,0.0,1,24,0.7102239727973938
1777470415,22324487,map,2.8446049055631972,1.5206667418235478,0.0,0,0,0.5718636512756348,2.9130171132697154,-1.4211973994343716,0.0,1,1,0.5595059394836426,7.856638395617165,5.504549157104006,0.0,0,2,0.5697512030601501,7.996697292974774,1.6102035897008777,0.0,0,3,0.6359658241271973,17.86804210135502,1.7052078761045633,0.0,0,5,0.8502031564712524,18.062777093359855,4.628846070172051,0.0,0,16,0.7574449181556702,8.062469326377574,-1.4716423985196725,0.0,2,8,0.6950958371162415,8.508214899493177,-1.7862439229620541,0.0,2,11,0.5534619688987732,13.094890035904324,1.6355192397050273,0.0,0,13,0.7554886341094971,12.630824504137765,8.642025467913223,0.0,1,12,0.5638023018836975,12.903707703648966,5.554234658270223,0.0,0,14,0.6336398124694824,17.79917557287142,7.276758821502341,0.0,1,4,0.6795486211776733,18.300212756684317,-1.1219696368847114,0.0,1,10,0.8549452424049377,22.013842342402015,1.8412000721621302,0.0,0,17,0.8346893787384033,13.24753018134866,-1.2499912827493596,0.0,2,15,0.7576230764389038,22.663425933836532,4.527678027558155,0.0,0,20,0.8278246521949768,24.504431127072856,3.5330797628149546,0.0,0,22,0.8158478140830994,22.426512536057054,7.331185898769584,0.0,1,23,0.8163475394248962,19.350747321567578,-1.2617783185521516,0.0,2,25,0.5909947752952576,25.958203899804396,5.80090159190204,0.0,1,24,0.7140190005302429
1777470415,122899036,map,2.8446049055631972,1.5206667418235478,0.0,0,0,0.5712103843688965,2.9130171132697154,-1.4211973994343716,0.0,1,1,0.5588805675506592,7.856638395617165,5.504549157104006,0.0,0,2,0.5691027045249939,7.996697292974774,1.6102035897008777,0.0,0,3,0.6351579427719116,17.86804210135502,1.7052078761045633,0.0,0,5,0.8487598896026611,18.062777093359855,4.628846070172051,0.0,0,16,0.7562991976737976,8.062469326377574,-1.4716423985196725,0.0,2,8,0.6941308975219727,8.508214899493177,-1.7862439229620541,0.0,2,11,0.5528500080108643,13.094890035904324,1.6355192397050273,0.0,0,13,0.7543488144874573,12.630824504137765,8.642025467913223,0.0,1,12,0.5631672739982605,12.903707703648966,5.554234658270223,0.0,0,14,0.6328378319740295,17.79917557287142,7.276758821502341,0.0,1,4,0.678626298904419,18.30082320115192,-1.1222368396424478,0.0,1,10,0.8550543189048767,22.016087819813823,1.8397930405997815,0.0,0,17,0.8346818089485168,13.24753018134866,-1.2499912827493596,0.0,2,15,0.7564768195152283,22.664912618647172,4.526585346653075,0.0,0,20,0.8278378844261169,24.50479857323918,3.5312227837568644,0.0,0,22,0.8159089684486389,22.426512536057054,7.331185898769584,0.0,1,23,0.8150168657302856,19.350747321567578,-1.2617783185521516,0.0,2,25,0.5902970433235168,25.96124530524844,5.797543400244823,0.0,1,24,0.7158455848693848
1777470415,222393833,map,2.8446049055631972,1.5206667418235478,0.0,0,0,0.5699082016944885,2.9130171132697154,-1.4211973994343716,0.0,1,1,0.5576339364051819,7.856638395617165,5.504549157104006,0.0,0,2,0.5678101181983948,7.996697292974774,1.6102035897008777,0.0,0,3,0.6335483193397522,17.86804210135502,1.7052078761045633,0.0,0,5,0.845888078212738,18.062777093359855,4.628846070172051,0.0,0,16,0.7540181279182434,8.062469326377574,-1.4716423985196725,0.0,2,8,0.6922089457511902,8.508214899493177,-1.7862439229620541,0.0,2,11,0.5516301393508911,13.094890035904324,1.6355192397050273,0.0,0,13,0.7520794868469238,12.630824504137765,8.642025467913223,0.0,1,12,0.5619015097618103,12.903707703648966,5.554234658270223,0.0,0,14,0.6312399506568909,17.79917557287142,7.276758821502341,0.0,1,4,0.6767891645431519,18.301924052797798,-1.1226291665816217,0.0,1,10,0.8552659153938293,22.019523905056534,1.8387146805870935,0.0,0,17,0.8346777558326721,13.24753018134866,-1.2499912827493596,0.0,2,15,0.7541947364807129,22.665962024122212,4.525946512633103,0.0,0,20,0.8278828263282776,24.50393883915947,3.529866310511698,0.0,0,22,0.8160431385040283,22.426512536057054,7.331185898769584,0.0,1,23,0.8123685121536255,19.350747321567578,-1.2617783185521516,0.0,2,25,0.5889065265655518,25.963502639354584,5.795428099501694,0.0,1,24,0.7194165587425232
1777470415,322927509,map,2.8446049055631972,1.5206667418235478,0.0,0,0,0.5692593455314636,2.9130171132697154,-1.4211973994343716,0.0,1,1,0.5570127367973328,7.856638395617165,5.504549157104006,0.0,0,2,0.5671660900115967,7.996697292974774,1.6102035897008777,0.0,0,3,0.6327465772628784,17.86804210135502,1.7052078761045633,0.0,0,5,0.8444594740867615,18.062777093359855,4.628846070172051,0.0,0,16,0.7528827786445618,8.062469326377574,-1.4716423985196725,0.0,2,8,0.6912519931793213,8.508214899493177,-1.7862439229620541,0.0,2,11,0.5510222315788269,13.094890035904324,1.6355192397050273,0.0,0,13,0.7509499192237854,12.630824504137765,8.642025467913223,0.0,1,12,0.5612707734107971,12.903707703648966,5.554234658270223,0.0,0,14,0.6304440498352051,17.79917557287142,7.276758821502341,0.0,1,4,0.6758742928504944,18.30320334570501,-1.1230607766502207,0.0,1,10,0.8553576469421387,22.02113273269686,1.8390662345640645,0.0,0,17,0.8346759080886841,13.24753018134866,-1.2499912827493596,0.0,2,15,0.7530587911605835,22.665893160221398,4.5263457878147095,0.0,0,20,0.8279099464416504,24.503028236569616,3.530468605815374,0.0,0,22,0.8161120414733887,22.426512536057054,7.331185898769584,0.0,1,23,0.8110507726669312,19.350747321567578,-1.2617783185521516,0.0,2,25,0.5882137417793274,25.963257330071578,5.79656419586661,0.0,1,24,0.7211548686027527
1777470415,422430684,map,2.8446049055631972,1.5206667418235478,0.0,0,0,0.567966103553772,2.9130171132697154,-1.4211973994343716,0.0,1,1,0.555774450302124,7.856638395617165,5.504549157104006,0.0,0,2,0.5658822655677795,7.996697292974774,1.6102035897008777,0.0,0,3,0.631149172782898,17.86804210135502,1.7052078761045633,0.0,0,5,0.8416166305541992,18.062777093359855,4.628846070172051,0.0,0,16,0.7506222724914551,8.062469326377574,-1.4716423985196725,0.0,2,8,0.6893458962440491,8.508214899493177,-1.7862439229620541,0.0,2,11,0.5498104095458984,13.094890035904324,1.6355192397050273,0.0,0,13,0.7487009763717651,12.630824504137765,8.642025467913223,0.0,1,12,0.560013473033905,12.903707703648966,5.554234658270223,0.0,0,14,0.628858208656311,17.79917557287142,7.276758821502341,0.0,1,4,0.6740520000457764,18.30519017739428,-1.1234236232772952,0.0,1,10,0.8555418252944946,22.02370233762359,1.8411819733212333,0.0,0,17,0.8346782922744751,13.24753018134866,-1.2499912827493596,0.0,2,15,0.7507972121238708,22.66489080689691,4.527808764026542,0.0,0,20,0.8279714584350586,24.500329956330628,3.533325190771278,0.0,0,22,0.8162538409233093,22.426512536057054,7.331185898769584,0.0,1,23,0.8084280490875244,19.350747321567578,-1.2617783185521516,0.0,2,25,0.5868330001831055,25.961212773323,5.80211436568455,0.0,1,24,0.7245277166366577
1777470415,523285631,map,2.8446049055631972,1.5206667418235478,0.0,0,0,0.5666786432266235,2.9130171132697154,-1.4211973994343716,0.0,1,1,0.5545416474342346,7.856638395617165,5.504549157104006,0.0,0,2,0.5646042823791504,7.996697292974774,1.6102035897008777,0.0,0,3,0.6295597553253174,17.86804210135502,1.7052078761045633,0.0,0,5,0.8387928605079651,18.062777093359855,4.628846070172051,0.0,0,16,0.7483752369880676,8.062469326377574,-1.4716423985196725,0.0,2,8,0.6874503493309021,8.508214899493177,-1.7862439229620541,0.0,2,11,0.548603892326355,13.094890035904324,1.6355192397050273,0.0,0,13,0.7464655041694641,12.630824504137765,8.642025467913223,0.0,1,12,0.5587618350982666,12.903707703648966,5.554234658270223,0.0,0,14,0.6272802948951721,17.79917557287142,7.276758821502341,0.0,1,4,0.6722394824028015,18.307673502835858,-1.1237240765690777,0.0,1,10,0.8557097911834717,22.026580547588708,1.8430093793982252,0.0,0,17,0.8346763849258423,13.24753018134866,-1.2499912827493596,0.0,2,15,0.7485491633415222,22.676470955714557,4.53056448909976,0.0,0,20,0.8278714418411255,24.49729502198843,3.535696128183379,0.0,0,22,0.8163958787918091,22.426512536057054,7.331185898769584,0.0,1,23,0.8058222532272339,19.350747321567578,-1.2617783185521516,0.0,2,25,0.5854587554931641,25.958119050385303,5.800326133585173,0.0,1,24,0.7277923226356506
1777470415,624362216,map,2.8446049055631972,1.5206667418235478,0.0,0,0,0.566037118434906,2.9130171132697154,-1.4211973994343716,0.0,1,1,0.5539273023605347,7.856638395617165,5.504549157104006,0.0,0,2,0.5639674067497253,7.996697292974774,1.6102035897008777,0.0,0,3,0.6287680864334106,17.86804210135502,1.7052078761045633,0.0,0,5,0.8373880386352539,18.062777093359855,4.628846070172051,0.0,0,16,0.7472568154335022,8.062469326377574,-1.4716423985196725,0.0,2,8,0.6865065097808838,8.508214899493177,-1.7862439229620541,0.0,2,11,0.5480026006698608,13.094890035904324,1.6355192397050273,0.0,0,13,0.7453527450561523,12.630824504137765,8.642025467913223,0.0,1,12,0.5581380724906921,12.903707703648966,5.554234658270223,0.0,0,14,0.6264943480491638,17.79917557287142,7.276758821502341,0.0,1,4,0.6713368892669678,18.30847903134057,-1.1238301257856542,0.0,1,10,0.8557963371276855,22.028222431657174,1.843354946471729,0.0,0,17,0.8346732258796692,13.24753018134866,-1.2499912827493596,0.0,2,15,0.7474302053451538,22.676470955714557,4.53056448909976,0.0,0,20,0.8265029191970825,24.49607976971966,3.5360620775579665,0.0,0,22,0.816463053226471,22.426512536057054,7.331185898769584,0.0,1,23,0.8045256733894348,19.350747321567578,-1.2617783185521516,0.0,2,25,0.5847740173339844,25.956722702208353,5.798246995123583,0.0,1,24,0.729373037815094
1777470415,722341761,map,2.8446049055631972,1.5206667418235478,0.0,0,0,0.5647584199905396,2.9130171132697154,-1.4211973994343716,0.0,1,1,0.5527026653289795,7.856638395617165,5.504549157104006,0.0,0,2,0.5626980662345886,7.996697292974774,1.6102035897008777,0.0,0,3,0.6271906495094299,17.86804210135502,1.7052078761045633,0.0,0,5,0.8345925211906433,18.062777093359855,4.628846070172051,0.0,0,16,0.745029866695404,8.062469326377574,-1.4716423985196725,0.0,2,8,0.6846264600753784,8.508214899493177,-1.7862439229620541,0.0,2,11,0.5468040108680725,13.094890035904324,1.6355192397050273,0.0,0,13,0.7431371212005615,12.630824504137765,8.642025467913223,0.0,1,12,0.5568947792053223,12.903707703648966,5.554234658270223,0.0,0,14,0.6249282956123352,17.79917557287142,7.276758821502341,0.0,1,4,0.6695389747619629,18.30989211834293,-1.1237669656372749,0.0,1,10,0.8559654951095581,22.032143213399856,1.84305669910432,0.0,0,17,0.8346595764160156,13.24753018134866,-1.2499912827493596,0.0,2,15,0.7452022433280945,22.676470955714557,4.53056448909976,0.0,0,20,0.8237795233726501,24.495242974697252,3.5354012483249786,0.0,0,22,0.8165775537490845,22.426512536057054,7.331185898769584,0.0,1,23,0.80194491147995,19.350747321567578,-1.2617783185521516,0.0,2,25,0.5834093689918518,25.95657536373411,5.791895486096271,0.0,1,24,0.7324014902114868
1777470415,822485385,map,2.8446049055631972,1.5206667418235478,0.0,0,0,0.5641212463378906,2.9130171132697154,-1.4211973994343716,0.0,1,1,0.5520923733711243,7.856638395617165,5.504549157104006,0.0,0,2,0.5620654821395874,7.996697292974774,1.6102035897008777,0.0,0,3,0.626404881477356,17.86804210135502,1.7052078761045633,0.0,0,5,0.8332017660140991,18.062777093359855,4.628846070172051,0.0,0,16,0.7439213991165161,8.062469326377574,-1.4716423985196725,0.0,2,8,0.6836903095245361,8.508214899493177,-1.7862439229620541,0.0,2,11,0.5462066531181335,13.094890035904324,1.6355192397050273,0.0,0,13,0.7420342564582825,12.630824504137765,8.642025467913223,0.0,1,12,0.5562751889228821,12.903707703648966,5.554234658270223,0.0,0,14,0.6241481900215149,17.79917557287142,7.276758821502341,0.0,1,4,0.668643593788147,18.31049895883905,-1.123780617467645,0.0,1,10,0.856048047542572,22.034113885691674,1.8426756179277424,0.0,0,17,0.8346527218818665,13.24753018134866,-1.2499912827493596,0.0,2,15,0.7440932393074036,22.676470955714557,4.53056448909976,0.0,0,20,0.8224245309829712,24.49501919311481,3.5347743689265334,0.0,0,22,0.8166314959526062,22.426512536057054,7.331185898769584,0.0,1,23,0.8006607294082642,19.350747321567578,-1.2617783185521516,0.0,2,25,0.5827294588088989,25.957074961652207,5.78814264164746,0.0,1,24,0.733860433101654
1777470415,922451287,map,2.8446049055631972,1.5206667418235478,0.0,0,0,0.5628511905670166,2.9130171132697154,-1.4211973994343716,0.0,1,1,0.5508758425712585,7.856638395617165,5.504549157104006,0.0,0,2,0.5608046650886536,7.996697292974774,1.6102035897008777,0.0,0,3,0.6248393058776855,17.86804210135502,1.7052078761045633,0.0,0,5,0.8304340839385986,18.062777093359855,4.628846070172051,0.0,0,16,0.7417142987251282,8.062469326377574,-1.4716423985196725,0.0,2,8,0.6818256974220276,8.508214899493177,-1.7862439229620541,0.0,2,11,0.5450159311294556,13.094890035904324,1.6355192397050273,0.0,0,13,0.7398383021354675,12.630824504137765,8.642025467913223,0.0,1,12,0.555040180683136,12.903707703648966,5.554234658270223,0.0,0,14,0.6225938200950623,17.79917557287142,7.276758821502341,0.0,1,4,0.666860044002533,18.311851973146872,-1.1237939910102261,0.0,1,10,0.8562051057815552,22.038008504219533,1.8417713501222943,0.0,0,17,0.8346394300460815,13.24753018134866,-1.2499912827493596,0.0,2,15,0.7418851256370544,22.676470955714557,4.53056448909976,0.0,0,20,0.819727897644043,24.494406311562557,3.533350531808506,0.0,0,22,0.8167389035224915,22.426512536057054,7.331185898769584,0.0,1,23,0.7981047034263611,19.350747321567578,-1.2617783185521516,0.0,2,25,0.5813742876052856,25.958141453712532,5.782005918960856,0.0,1,24,0.7366798520088196,22.7191848517596,-1.1108013398637444,0.0,1,18,0.6674368977546692
1777470416,22412532,map,2.8446049055631972,1.5206667418235478,0.0,0,0,0.5622183084487915,2.9130171132697154,-1.4211973994343716,0.0,1,1,0.550269603729248,7.856638395617165,5.504549157104006,0.0,0,2,0.5601763725280762,7.996697292974774,1.6102035897008777,0.0,0,3,0.6240593791007996,17.86804210135502,1.7052078761045633,0.0,0,5,0.8290571570396423,18.062777093359855,4.628846070172051,0.0,0,16,0.7406156659126282,8.062469326377574,-1.4716423985196725,0.0,2,8,0.6808971762657166,8.508214899493177,-1.7862439229620541,0.0,2,11,0.544422447681427,13.094890035904324,1.6355192397050273,0.0,0,13,0.7387452125549316,12.630824504137765,8.642025467913223,0.0,1,12,0.5544247627258301,12.903707703648966,5.554234658270223,0.0,0,14,0.6218195557594299,17.79917557287142,7.276758821502341,0.0,1,4,0.6659718155860901,18.312558347285396,-1.1238635502991399,0.0,1,10,0.8562801480293274,22.03992143924762,1.8413739281919657,0.0,0,17,0.8346329927444458,13.24753018134866,-1.2499912827493596,0.0,2,15,0.7407859563827515,22.676470955714557,4.53056448909976,0.0,0,20,0.8183861374855042,24.494011054474786,3.5327955918428735,0.0,0,22,0.8167920112609863,22.426512536057054,7.331185898769584,0.0,1,23,0.796832799911499,19.350747321567578,-1.2617783185521516,0.0,2,25,0.58069908618927,25.958643981606315,5.7795365450565805,0.0,1,24,0.7380431294441223,22.722524015259623,-1.1121300777434253,0.0,1,18,0.6717634797096252
1777470416,123902722,map,2.8446049055631972,1.5206667418235478,0.0,0,0,0.5609567761421204,2.9130171132697154,-1.4211973994343716,0.0,1,1,0.5490610599517822,7.856638395617165,5.504549157104006,0.0,0,2,0.5589240193367004,7.996697292974774,1.6102035897008777,0.0,0,3,0.6225054860115051,17.86804210135502,1.7052078761045633,0.0,0,5,0.8263168931007385,18.062777093359855,4.628846070172051,0.0,0,16,0.7384280562400818,8.062469326377574,-1.4716423985196725,0.0,2,8,0.6790477633476257,8.508214899493177,-1.7862439229620541,0.0,2,11,0.5432394742965698,13.094890035904324,1.6355192397050273,0.0,0,13,0.7365686893463135,12.630824504137765,8.642025467913223,0.0,1,12,0.5531979203224182,12.903707703648966,5.554234658270223,0.0,0,14,0.6202767491340637,17.79917557287142,7.276758821502341,0.0,1,4,0.6642024517059326,18.31390332627646,-1.1240086189708394,0.0,1,10,0.8564252257347107,22.043740579282463,1.8406400052353091,0.0,0,17,0.8346198201179504,13.24753018134866,-1.2499912827493596,0.0,2,15,0.7385973930358887,22.676470955714557,4.53056448909976,0.0,0,20,0.8157159090042114,24.493199199448483,3.531792550080214,0.0,0,22,0.8168955445289612,22.426512536057054,7.331185898769584,0.0,1,23,0.7943010926246643,19.350747321567578,-1.2617783185521516,0.0,2,25,0.579353392124176,25.960157556820988,5.775137140695412,0.0,1,24,0.7406746745109558,22.72885537137308,-1.1144352844928356,0.0,1,18,0.6799880266189575,26.29220263182612,0.8172829997324317,0.0,1,29,0.6709332466125488
1777470416,222624887,map,2.8446049055631972,1.5206667418235478,0.0,0,0,0.5603281259536743,2.9130171132697154,-1.4211973994343716,0.0,1,1,0.5484587550163269,7.856638395617165,5.504549157104006,0.0,0,2,0.5582998991012573,7.996697292974774,1.6102035897008777,0.0,0,3,0.6217314004898071,17.86804210135502,1.7052078761045633,0.0,0,5,0.824953556060791,18.062777093359855,4.628846070172051,0.0,0,16,0.7373391389846802,8.062469326377574,-1.4716423985196725,0.0,2,8,0.6781268119812012,8.508214899493177,-1.7862439229620541,0.0,2,11,0.5426498651504517,13.094890035904324,1.6355192397050273,0.0,0,13,0.7354851961135864,12.630824504137765,8.642025467913223,0.0,1,12,0.552586555480957,12.903707703648966,5.554234658270223,0.0,0,14,0.6195082068443298,17.79917557287142,7.276758821502341,0.0,1,4,0.663321316242218,18.314580107744767,-1.1241117871364188,0.0,1,10,0.8564949035644531,22.045605914804906,1.8403611812812395,0.0,0,17,0.8346135020256042,13.24753018134866,-1.2499912827493596,0.0,2,15,0.7375079989433289,22.676470955714557,4.53056448909976,0.0,0,20,0.8143872618675232,24.49270636946704,3.5314217150159286,0.0,0,22,0.816946804523468,22.426512536057054,7.331185898769584,0.0,1,23,0.7930412292480469,19.350747321567578,-1.2617783185521516,0.0,2,25,0.5786828398704529,25.961007384273994,5.77334637744372,0.0,1,24,0.7419463396072388,22.731908808021625,-1.1152832630700447,0.0,1,18,0.6838976740837097,26.292981805093017,0.8169728662652113,0.0,1,29,0.6739059090614319
1777470416,322787421,map,2.8446049055631972,1.5206667418235478,0.0,0,0,0.5590750575065613,2.9130171132697154,-1.4211973994343716,0.0,1,1,0.547258198261261,7.856638395617165,5.504549157104006,0.0,0,2,0.5570558905601501,7.996697292974774,1.6102035897008777,0.0,0,3,0.6201890707015991,17.86804210135502,1.7052078761045633,0.0,0,5,0.8222402930259705,18.062777093359855,4.628846070172051,0.0,0,16,0.735170841217041,8.062469326377574,-1.4716423985196725,0.0,2,8,0.676292359828949,8.508214899493177,-1.7862439229620541,0.0,2,11,0.5414745807647705,13.094890035904324,1.6355192397050273,0.0,0,13,0.7333278059959412,12.630824504137765,8.642025467913223,0.0,1,12,0.5513678193092346,12.903707703648966,5.554234658270223,0.0,0,14,0.6179768443107605,17.79917557287142,7.276758821502341,0.0,1,4,0.6615659594535828,18.31592363484605,-1.1243301735294766,0.0,1,10,0.856628954410553,22.049364188401697,1.8398588728054774,0.0,0,17,0.8346002697944641,13.24753018134866,-1.2499912827493596,0.0,2,15,0.7353386878967285,22.676470955714557,4.53056448909976,0.0,0,20,0.8117429614067078,24.49172495649162,3.5307296690362087,0.0,0,22,0.817046582698822,22.426512536057054,7.331185898769584,0.0,1,23,0.7905335426330566,19.350747321567578,-1.2617783185521516,0.0,2,25,0.5773464441299438,25.962369025417157,5.7701858426780674,0.0,1,24,0.7444133758544922,22.737756986795127,-1.1167620378573013,0.0,1,18,0.6913411617279053,26.2945114533434,0.8162451165838718,0.0,1,29,0.6796225905418396
1777470416,422421402,map,2.8446049055631972,1.5206667418235478,0.0,0,0,0.5584506392478943,2.9130171132697154,-1.4211973994343716,0.0,1,1,0.5466598868370056,7.856638395617165,5.504549157104006,0.0,0,2,0.5564359426498413,7.996697292974774,1.6102035897008777,0.0,0,3,0.6194207668304443,17.86804210135502,1.7052078761045633,0.0,0,5,0.8208903670310974,18.062777093359855,4.628846070172051,0.0,0,16,0.7340914607048035,8.062469326377574,-1.4716423985196725,0.0,2,8,0.6753788590431213,8.508214899493177,-1.7862439229620541,0.0,2,11,0.540888786315918,13.094890035904324,1.6355192397050273,0.0,0,13,0.7322538495063782,12.630824504137765,8.642025467913223,0.0,1,12,0.5507605075836182,12.903707703648966,5.554234658270223,0.0,0,14,0.6172139644622803,17.79917557287142,7.276758821502341,0.0,1,4,0.6606917977333069,18.316622675069887,-1.1243271232406316,0.0,1,10,0.8566930890083313,22.051184839459882,1.839878145259401,0.0,0,17,0.8345939517021179,13.24753018134866,-1.2499912827493596,0.0,2,15,0.7342588305473328,22.676470955714557,4.53056448909976,0.0,0,20,0.8104272484779358,24.49111565181584,3.530695368298487,0.0,0,22,0.8170961141586304,22.426512536057054,7.331185898769584,0.0,1,23,0.7892856597900391,19.350747321567578,-1.2617783185521516,0.0,2,25,0.5766805410385132,25.962798457659943,5.769060688762505,0.0,1,24,0.7456104755401611,22.740642727947034,-1.116851723810245,0.0,1,18,0.6948845386505127,26.295202144100493,0.8164926239417908,0.0,1,29,0.6823723316192627
1777470416,523986016,map,2.8446049055631972,1.5206667418235478,0.0,0,0,0.5572059750556946,2.9130171132697154,-1.4211973994343716,0.0,1,1,0.5454671382904053,7.856638395617165,5.504549157104006,0.0,0,2,0.5552002191543579,7.996697292974774,1.6102035897008777,0.0,0,3,0.6178898215293884,17.86804210135502,1.7052078761045633,0.0,0,5,0.8182037472724915,18.062777093359855,4.628846070172051,0.0,0,16,0.7319422364234924,8.062469326377574,-1.4716423985196725,0.0,2,8,0.6735591888427734,8.508214899493177,-1.7862439229620541,0.0,2,11,0.5397210717201233,13.094890035904324,1.6355192397050273,0.0,0,13,0.7301152944564819,12.630824504137765,8.642025467913223,0.0,1,12,0.5495498180389404,12.903707703648966,5.554234658270223,0.0,0,14,0.6156939268112183,17.79917557287142,7.276758821502341,0.0,1,4,0.6589503288269043,18.316622675069887,-1.1243271232406316,0.0,1,10,0.8537673950195312,22.054696340492747,1.84049499879759,0.0,0,17,0.8345819711685181,13.24753018134866,-1.2499912827493596,0.0,2,15,0.7321085929870605,22.676470955714557,4.53056448909976,0.0,0,20,0.8078085780143738,24.489466478766943,3.53159122728142,0.0,0,22,0.8171961307525635,22.426512536057054,7.331185898769584,0.0,1,23,0.7868015766143799,19.350747321567578,-1.2617783185521516,0.0,2,25,0.5753533840179443,25.962824187395533,5.767692063938064,0.0,1,24,0.7479394674301147,22.746939139957526,-1.1155221058964324,0.0,1,18,0.7016283273696899,26.29657647174153,0.8181791996406514,0.0,1,29,0.6876639127731323
1777470416,624831665,map,2.8446049055631972,1.5206667418235478,0.0,0,0,0.5565856695175171,2.9130171132697154,-1.4211973994343716,0.0,1,1,0.5448727011680603,7.856638395617165,5.504549157104006,0.0,0,2,0.5545843839645386,7.996697292974774,1.6102035897008777,0.0,0,3,0.6171271800994873,17.86804210135502,1.7052078761045633,0.0,0,5,0.8168669939041138,18.062777093359855,4.628846070172051,0.0,0,16,0.7308723330497742,8.062469326377574,-1.4716423985196725,0.0,2,8,0.672653079032898,8.508214899493177,-1.7862439229620541,0.0,2,11,0.5391391515731812,13.094890035904324,1.6355192397050273,0.0,0,13,0.7290506958961487,12.630824504137765,8.642025467913223,0.0,1,12,0.5489464402198792,12.903707703648966,5.554234658270223,0.0,0,14,0.6149367094039917,17.79917557287142,7.276758821502341,0.0,1,4,0.6580830216407776,18.316622675069887,-1.1243271232406316,0.0,1,10,0.8523120284080505,22.05664536365169,1.8404002318711963,0.0,0,17,0.8345738649368286,13.24753018134866,-1.2499912827493596,0.0,2,15,0.7310382127761841,22.676470955714557,4.53056448909976,0.0,0,20,0.806505560874939,24.489044963877888,3.5313797108719025,0.0,0,22,0.8172411918640137,22.426512536057054,7.331185898769584,0.0,1,23,0.7855654358863831,19.350747321567578,-1.2617783185521516,0.0,2,25,0.5746920704841614,25.96367174393999,5.765965403447915,0.0,1,24,0.7490596771240234,22.74948607563863,-1.1158614736697254,0.0,1,18,0.7048521637916565,26.29730716434916,0.817454426608771,0.0,1,29,0.6902105808258057
1777470416,722442865,map,2.8446049055631972,1.5206667418235478,0.0,0,0,0.5559667944908142,2.9130171132697154,-1.4211973994343716,0.0,1,1,0.5442795753479004,7.856638395617165,5.504549157104006,0.0,0,2,0.5539699792861938,7.996697292974774,1.6102035897008777,0.0,0,3,0.616366446018219,17.86804210135502,1.7052078761045633,0.0,0,5,0.8155346512794495,18.062777093359855,4.628846070172051,0.0,0,16,0.7298055291175842,8.062469326377574,-1.4716423985196725,0.0,2,8,0.6717493534088135,8.508214899493177,-1.7862439229620541,0.0,2,11,0.5385584235191345,13.094890035904324,1.6355192397050273,0.0,0,13,0.7279892563819885,12.630824504137765,8.642025467913223,0.0,1,12,0.5483444333076477,12.903707703648966,5.554234658270223,0.0,0,14,0.6141813397407532,17.79917557287142,7.276758821502341,0.0,1,4,0.6572180390357971,18.316622675069887,-1.1243271232406316,0.0,1,10,0.850861668586731,22.05869857062707,1.8400664893424288,0.0,0,17,0.8345646262168884,13.24753018134866,-1.2499912827493596,0.0,2,15,0.7299709320068359,22.676470955714557,4.53056448909976,0.0,0,20,0.8052067756652832,24.48877320686327,3.530820086225534,0.0,0,22,0.817284345626831,22.426512536057054,7.331185898769584,0.0,1,23,0.7843331098556519,19.350747321567578,-1.2617783185521516,0.0,2,25,0.5740323066711426,25.96469164797368,5.764106874297131,0.0,1,24,0.7501548528671265,22.751922799143905,-1.1167518820642128,0.0,1,18,0.7079776525497437,26.29810210987056,0.8165137889346571,0.0,1,29,0.6926928758621216
1777470416,822310576,map,2.8446049055631972,1.5206667418235478,0.0,0,0,0.554733157157898,2.9130171132697154,-1.4211973994343716,0.0,1,1,0.543097198009491,7.856638395617165,5.504549157104006,0.0,0,2,0.5527451634407043,7.996697292974774,1.6102035897008777,0.0,0,3,0.6148505210876465,17.86804210135502,1.7052078761045633,0.0,0,5,0.8128829002380371,18.062777093359855,4.628846070172051,0.0,0,16,0.7276812791824341,8.062469326377574,-1.4716423985196725,0.0,2,8,0.6699491739273071,8.508214899493177,-1.7862439229620541,0.0,2,11,0.5374007225036621,13.094890035904324,1.6355192397050273,0.0,0,13,0.7258754968643188,12.630824504137765,8.642025467913223,0.0,1,12,0.54714435338974,12.903707703648966,5.554234658270223,0.0,0,14,0.6126761436462402,17.79917557287142,7.276758821502341,0.0,1,4,0.6554948091506958,18.316622675069887,-1.1243271232406316,0.0,1,10,0.8479756116867065,22.06260488096799,1.8392355941176244,0.0,0,17,0.8345485329627991,13.24753018134866,-1.2499912827493596,0.0,2,15,0.7278457283973694,22.676470955714557,4.53056448909976,0.0,0,20,0.8026216626167297,24.48797929074803,3.5295001008376894,0.0,0,22,0.8173717856407166,22.426512536057054,7.331185898769584,0.0,1,23,0.7818801403045654,19.350747321567578,-1.2617783185521516,0.0,2,25,0.5727172493934631,25.966344377812796,5.760716981845198,0.0,1,24,0.7522825598716736,22.75628180434707,-1.118834835717873,0.0,1,18,0.71395343542099,26.299339067788583,0.8150418696121696,0.0,1,29,0.6974807381629944
1777470416,922352829,map,2.8446049055631972,1.5206667418235478,0.0,0,0,0.5541183948516846,2.9130171132697154,-1.4211973994343716,0.0,1,1,0.5425078868865967,7.856638395617165,5.504549157104006,0.0,0,2,0.5521347522735596,7.996697292974774,1.6102035897008777,0.0,0,3,0.6140953898429871,17.86804210135502,1.7052078761045633,0.0,0,5,0.8115634918212891,18.062777093359855,4.628846070172051,0.0,0,16,0.7266237735748291,8.062469326377574,-1.4716423985196725,0.0,2,8,0.6690527200698853,8.508214899493177,-1.7862439229620541,0.0,2,11,0.5368237495422363,13.094890035904324,1.6355192397050273,0.0,0,13,0.7248232364654541,12.630824504137765,8.642025467913223,0.0,1,12,0.5465462803840637,12.903707703648966,5.554234658270223,0.0,0,14,0.6119263172149658,17.79917557287142,7.276758821502341,0.0,1,4,0.6546366214752197,18.316622675069887,-1.1243271232406316,0.0,1,10,0.8465399146080017,22.06442933771949,1.8390619669946129,0.0,0,17,0.8345417380332947,13.24753018134866,-1.2499912827493596,0.0,2,15,0.7267877459526062,22.676470955714557,4.53056448909976,0.0,0,20,0.801335334777832,24.487309967215612,3.5292725211924103,0.0,0,22,0.8174169063568115,22.426512536057054,7.331185898769584,0.0,1,23,0.7806593775749207,19.350747321567578,-1.2617783185521516,0.0,2,25,0.5720620155334473,25.96669128149416,5.759621150800914,0.0,1,24,0.753318727016449,22.758654477826678,-1.1192575110681982,0.0,1,18,0.7168036103248596,26.29991775648797,0.8151191507110817,0.0,1,29,0.699787437915802
1777470417,24379231,map,2.8446049055631972,1.5206667418235478,0.0,0,0,0.5528929233551025,2.9130171132697154,-1.4211973994343716,0.0,1,1,0.5413331985473633,7.856638395617165,5.504549157104006,0.0,0,2,0.5509180426597595,7.996697292974774,1.6102035897008777,0.0,0,3,0.6125906109809875,17.86804210135502,1.7052078761045633,0.0,0,5,0.8089374899864197,18.062777093359855,4.628846070172051,0.0,0,16,0.7245179414749146,8.062469326377574,-1.4716423985196725,0.0,2,8,0.6672669649124146,8.508214899493177,-1.7862439229620541,0.0,2,11,0.5356734991073608,13.094890035904324,1.6355192397050273,0.0,0,13,0.7227278351783752,12.630824504137765,8.642025467913223,0.0,1,12,0.5453540086746216,12.903707703648966,5.554234658270223,0.0,0,14,0.6104321479797363,17.79917557287142,7.276758821502341,0.0,1,4,0.6529268622398376,18.316622675069887,-1.1243271232406316,0.0,1,10,0.8436830639839172,22.068076967614484,1.838808061588847,0.0,0,17,0.834527850151062,13.24753018134866,-1.2499912827493596,0.0,2,15,0.7246809601783752,22.676470955714557,4.53056448909976,0.0,0,20,0.7987749576568604,24.48596810005045,3.5289653280301927,0.0,0,22,0.8175046443939209,22.426512536057054,7.331185898769584,0.0,1,23,0.7782292366027832,19.350747321567578,-1.2617783185521516,0.0,2,25,0.5707559585571289,25.967442615443048,5.757279157477945,0.0,1,24,0.7553281784057617,22.763230798466424,-1.1198423495011527,0.0,1,18,0.7222548127174377,26.30097581403021,0.8149895144971155,0.0,1,29,0.7042365670204163
1777470417,122537645,map,2.8446049055631972,1.5206667418235478,0.0,0,0,0.5522822141647339,2.9130171132697154,-1.4211973994343716,0.0,1,1,0.5407477617263794,7.856638395617165,5.504549157104006,0.0,0,2,0.5503116846084595,7.996697292974774,1.6102035897008777,0.0,0,3,0.6118410229682922,17.86804210135502,1.7052078761045633,0.0,0,5,0.8076308369636536,18.062777093359855,4.628846070172051,0.0,0,16,0.723469614982605,8.062469326377574,-1.4716423985196725,0.0,2,8,0.6663776636123657,8.508214899493177,-1.7862439229620541,0.0,2,11,0.5351002216339111,13.094890035904324,1.6355192397050273,0.0,0,13,0.7216846942901611,12.630824504137765,8.642025467913223,0.0,1,12,0.5447598099708557,12.903707703648966,5.554234658270223,0.0,0,14,0.6096878051757812,17.79917557287142,7.276758821502341,0.0,1,4,0.6520753502845764,18.316622675069887,-1.1243271232406316,0.0,1,10,0.8422618508338928,22.06991677217429,1.8387152266990865,0.0,0,17,0.8345205187797546,13.24753018134866,-1.2499912827493596,0.0,2,15,0.7236321568489075,22.676470955714557,4.53056448909976,0.0,0,20,0.7975009083747864,24.485318478425846,3.5288375132045795,0.0,0,22,0.8175472021102905,22.426512536057054,7.331185898769584,0.0,1,23,0.7770197987556458,19.350747321567578,-1.2617783185521516,0.0,2,25,0.5701051950454712,25.967841777454122,5.756125951083205,0.0,1,24,0.7563022375106812,22.76540676240246,-1.1200602200901373,0.0,1,18,0.7248625159263611,26.301479298782105,0.8149051682590969,0.0,1,29,0.7063818573951721
1777470417,224967326,map,2.8446049055631972,1.5206667418235478,0.0,0,0,0.5510648488998413,2.9130171132697154,-1.4211973994343716,0.0,1,1,0.5395806431770325,7.856638395617165,5.504549157104006,0.0,0,2,0.5491029620170593,7.996697292974774,1.6102035897008777,0.0,0,3,0.6103472709655762,17.86804210135502,1.7052078761045633,0.0,0,5,0.8050301671028137,18.062777093359855,4.628846070172051,0.0,0,16,0.7213820219039917,8.062469326377574,-1.4716423985196725,0.0,2,8,0.6646061539649963,8.508214899493177,-1.7862439229620541,0.0,2,11,0.5339573621749878,13.094890035904324,1.6355192397050273,0.0,0,13,0.7196073532104492,12.630824504137765,8.642025467913223,0.0,1,12,0.5435753464698792,12.903707703648966,5.554234658270223,0.0,0,14,0.6082045435905457,17.79917557287142,7.276758821502341,0.0,1,4,0.6503790020942688,18.316622675069887,-1.1243271232406316,0.0,1,10,0.8394337892532349,22.073601085505626,1.838637591137245,0.0,0,17,0.8345054388046265,13.24753018134866,-1.2499912827493596,0.0,2,15,0.7215436697006226,22.676470955714557,4.53056448909976,0.0,0,20,0.7949649691581726,24.484004126540068,3.5287255901428174,0.0,0,22,0.8176301121711731,22.426512536057054,7.331185898769584,0.0,1,23,0.7746122479438782,19.350747321567578,-1.2617783185521516,0.0,2,25,0.5688080787658691,25.968535363831972,5.753962677048031,0.0,1,24,0.7581930756568909,22.76967588557943,-1.1202579089407518,0.0,1,18,0.7298542857170105,26.30246882334295,0.8148668566838133,0.0,1,29,0.7105209231376648
1777470417,322493766,map,2.8446049055631972,1.5206667418235478,0.0,0,0,0.5504581332206726,2.9130171132697154,-1.4211973994343716,0.0,1,1,0.5389989614486694,7.856638395617165,5.504549157104006,0.0,0,2,0.5485005974769592,7.996697292974774,1.6102035897008777,0.0,0,3,0.6096031069755554,17.86804210135502,1.7052078761045633,0.0,0,5,0.8037360906600952,18.062777093359855,4.628846070172051,0.0,0,16,0.720342755317688,8.062469326377574,-1.4716423985196725,0.0,2,8,0.6637239456176758,8.508214899493177,-1.7862439229620541,0.0,2,11,0.5333877205848694,13.094890035904324,1.6355192397050273,0.0,0,13,0.7185732126235962,12.630824504137765,8.642025467913223,0.0,1,12,0.5429850816726685,12.903707703648966,5.554234658270223,0.0,0,14,0.6074656248092651,17.79917557287142,7.276758821502341,0.0,1,4,0.6495341062545776,18.316622675069887,-1.1243271232406316,0.0,1,10,0.8380268216133118,22.07545254592772,1.838619563728569,0.0,0,17,0.8344976902008057,13.24753018134866,-1.2499912827493596,0.0,2,15,0.7205038666725159,22.676470955714557,4.53056448909976,0.0,0,20,0.7937030792236328,24.483367563794896,3.528669279867935,0.0,0,22,0.8176702857017517,22.426512536057054,7.331185898769584,0.0,1,23,0.7734140753746033,19.350747321567578,-1.2617783185521516,0.0,2,25,0.5681617259979248,25.968927360965733,5.75286063163251,0.0,1,24,0.7591097354888916,22.771672693507547,-1.1203238109398863,0.0,1,18,0.7322454452514648,26.302926821362,0.8147780352381266,0.0,1,29,0.7125182151794434
1777470417,422430775,map,2.8446049055631972,1.5206667418235478,0.0,0,0,0.5492488145828247,2.9130171132697154,-1.4211973994343716,0.0,1,1,0.537839412689209,7.856638395617165,5.504549157104006,0.0,0,2,0.5472998023033142,7.996697292974774,1.6102035897008777,0.0,0,3,0.6081202626228333,17.86804210135502,1.7052078761045633,0.0,0,5,0.8011603951454163,18.062777093359855,4.628846070172051,0.0,0,16,0.7182731628417969,8.062469326377574,-1.4716423985196725,0.0,2,8,0.6619665026664734,8.508214899493177,-1.7862439229620541,0.0,2,11,0.5322521328926086,13.094890035904324,1.6355192397050273,0.0,0,13,0.7165137529373169,12.630824504137765,8.642025467913223,0.0,1,12,0.5418083071708679,12.903707703648966,5.554234658270223,0.0,0,14,0.6059931516647339,17.79917557287142,7.276758821502341,0.0,1,4,0.6478508710861206,18.316622675069887,-1.1243271232406316,0.0,1,10,0.8352270722389221,22.07909096941396,1.8387444725875821,0.0,0,17,0.8344825506210327,13.24753018134866,-1.2499912827493596,0.0,2,15,0.7184333801269531,22.676470955714557,4.53056448909976,0.0,0,20,0.7911911606788635,24.481936674695216,3.528793856342649,0.0,0,22,0.8177501559257507,22.426512536057054,7.331185898769584,0.0,1,23,0.7710287570953369,19.350747321567578,-1.2617783185521516,0.0,2,25,0.5668734312057495,25.96940085563413,5.751034666602947,0.0,1,24,0.7608917951583862,22.775675574639216,-1.1201210722299264,0.0,1,18,0.7368260025978088,26.303796323743203,0.8150523972321173,0.0,1,29,0.7163745164871216
1777470417,522629682,map,2.8446049055631972,1.5206667418235478,0.0,0,0,0.548646092414856,2.9130171132697154,-1.4211973994343716,0.0,1,1,0.5372614860534668,7.856638395617165,5.504549157104006,0.0,0,2,0.5467014312744141,7.996697292974774,1.6102035897008777,0.0,0,3,0.6073815822601318,17.86804210135502,1.7052078761045633,0.0,0,5,0.7998787760734558,18.062777093359855,4.628846070172051,0.0,0,16,0.7172427773475647,8.062469326377574,-1.4716423985196725,0.0,2,8,0.6610912680625916,8.508214899493177,-1.7862439229620541,0.0,2,11,0.5316861271858215,13.094890035904324,1.6355192397050273,0.0,0,13,0.7154884338378906,12.630824504137765,8.642025467913223,0.0,1,12,0.5412217974662781,12.903707703648966,5.554234658270223,0.0,0,14,0.6052595973014832,17.79917557287142,7.276758821502341,0.0,1,4,0.6470125317573547,18.316622675069887,-1.1243271232406316,0.0,1,10,0.833834171295166,22.08087981503166,1.838854853589212,0.0,0,17,0.8344751596450806,13.24753018134866,-1.2499912827493596,0.0,2,15,0.7174025177955627,22.676470955714557,4.53056448909976,0.0,0,20,0.7899411916732788,24.48119192942734,3.5289068324371953,0.0,0,22,0.8177894353866577,22.426512536057054,7.331185898769584,0.0,1,23,0.7698416113853455,19.350747321567578,-1.2617783185521516,0.0,2,25,0.5662314295768738,25.96959817439873,5.7501513135128635,0.0,1,24,0.7617568373680115,22.777551962783324,-1.1199309248741818,0.0,1,18,0.7390223145484924,26.304159375622085,0.815194478158629,0.0,1,29,0.718237042427063
1777470417,623794711,map,2.8446049055631972,1.5206667418235478,0.0,0,0,0.5474447011947632,2.9130171132697154,-1.4211973994343716,0.0,1,1,0.5361093282699585,7.856638395617165,5.504549157104006,0.0,0,2,0.5455085039138794,7.996697292974774,1.6102035897008777,0.0,0,3,0.6059094667434692,17.86804210135502,1.7052078761045633,0.0,0,5,0.7973276972770691,18.062777093359855,4.628846070172051,0.0,0,16,0.7151909470558167,8.062469326377574,-1.4716423985196725,0.0,2,8,0.6593477129936218,8.508214899493177,-1.7862439229620541,0.0,2,11,0.5305578112602234,13.094890035904324,1.6355192397050273,0.0,0,13,0.7134465575218201,12.630824504137765,8.642025467913223,0.0,1,12,0.5400526523590088,12.903707703648966,5.554234658270223,0.0,0,14,0.6037977933883667,17.79917557287142,7.276758821502341,0.0,1,4,0.6453423500061035,18.316622675069887,-1.1243271232406316,0.0,1,10,0.8310623168945312,22.084431238342475,1.8391656710292492,0.0,0,17,0.834460437297821,13.24753018134866,-1.2499912827493596,0.0,2,15,0.7153497934341431,22.676470955714557,4.53056448909976,0.0,0,20,0.7874529957771301,24.47965721900373,3.529240234742194,0.0,0,22,0.8178663849830627,22.426512536057054,7.331185898769584,0.0,1,23,0.7674782872200012,19.350747321567578,-1.2617783185521516,0.0,2,25,0.5649518966674805,25.969861630272902,5.748573729842088,0.0,1,24,0.7634374499320984,22.78123222547731,-1.1193877627470759,0.0,1,18,0.7432349920272827,26.32303648871992,0.8152971893389113,0.0,1,29,0.7187306880950928
1777470417,722616485,map,2.8446049055631972,1.5206667418235478,0.0,0,0,0.5468459725379944,2.9130171132697154,-1.4211973994343716,0.0,1,1,0.5355351567268372,7.856638395617165,5.504549157104006,0.0,0,2,0.5449140071868896,7.996697292974774,1.6102035897008777,0.0,0,3,0.6051760911941528,17.86804210135502,1.7052078761045633,0.0,0,5,0.7960582375526428,18.062777093359855,4.628846070172051,0.0,0,16,0.7141693830490112,8.062469326377574,-1.4716423985196725,0.0,2,8,0.6584793329238892,8.508214899493177,-1.7862439229620541,0.0,2,11,0.5299953818321228,13.094890035904324,1.6355192397050273,0.0,0,13,0.7124300003051758,12.630824504137765,8.642025467913223,0.0,1,12,0.5394699573516846,12.903707703648966,5.554234658270223,0.0,0,14,0.6030694842338562,17.79917557287142,7.276758821502341,0.0,1,4,0.6445105075836182,18.316622675069887,-1.1243271232406316,0.0,1,10,0.8296833038330078,22.086218994591654,1.839312822975902,0.0,0,17,0.8344528079032898,13.24753018134866,-1.2499912827493596,0.0,2,15,0.7143278121948242,22.676470955714557,4.53056448909976,0.0,0,20,0.7862148284912109,24.478919928313555,3.5293832802717335,0.0,0,22,0.8179036378860474,22.426512536057054,7.331185898769584,0.0,1,23,0.7663020491600037,19.350747321567578,-1.2617783185521516,0.0,2,25,0.5643142461776733,25.97003166994102,5.747762334631513,0.0,1,24,0.7642526030540466,22.782990820133854,-1.1191419654606574,0.0,1,18,0.7452561259269714,26.32303648871992,0.8152971893389113,0.0,1,29,0.7176990509033203
1777470417,822441201,map,2.8446049055631972,1.5206667418235478,0.0,0,0,0.5456523895263672,2.9130171132697154,-1.4211973994343716,0.0,1,1,0.534390389919281,7.856638395617165,5.504549157104006,0.0,0,2,0.5437288284301758,7.996697292974774,1.6102035897008777,0.0,0,3,0.6037147045135498,17.86804210135502,1.7052078761045633,0.0,0,5,0.7935314774513245,18.062777093359855,4.628846070172051,0.0,0,16,0.7121350169181824,8.062469326377574,-1.4716423985196725,0.0,2,8,0.6567495465278625,8.508214899493177,-1.7862439229620541,0.0,2,11,0.5288742184638977,13.094890035904324,1.6355192397050273,0.0,0,13,0.7104055285453796,12.630824504137765,8.642025467913223,0.0,1,12,0.5383083820343018,12.903707703648966,5.554234658270223,0.0,0,14,0.601618230342865,17.79917557287142,7.276758821502341,0.0,1,4,0.6428532004356384,18.316622675069887,-1.1243271232406316,0.0,1,10,0.8269388675689697,22.0900765123344,1.839220139177125,0.0,0,17,0.8344342708587646,13.24753018134866,-1.2499912827493596,0.0,2,15,0.7122925519943237,22.676470955714557,4.53056448909976,0.0,0,20,0.7837499976158142,24.47761562547794,3.52891131940119,0.0,0,22,0.817975640296936,22.426512536057054,7.331185898769584,0.0,1,23,0.7639603614807129,19.350747321567578,-1.2617783185521516,0.0,2,25,0.5630432963371277,25.971083316523394,5.745472447615567,0.0,1,24,0.7658281326293945,22.786286565372926,-1.1194047426317728,0.0,1,18,0.7491379380226135,26.32303648871992,0.8152971893389113,0.0,1,29,0.7156445384025574
1777470417,922678910,map,2.8446049055631972,1.5206667418235478,0.0,0,0,0.5450575947761536,2.9130171132697154,-1.4211973994343716,0.0,1,1,0.533819854259491,7.856638395617165,5.504549157104006,0.0,0,2,0.5431382060050964,7.996697292974774,1.6102035897008777,0.0,0,3,0.6029866337776184,17.86804210135502,1.7052078761045633,0.0,0,5,0.7922740578651428,18.062777093359855,4.628846070172051,0.0,0,16,0.7111222147941589,8.062469326377574,-1.4716423985196725,0.0,2,8,0.655888020992279,8.508214899493177,-1.7862439229620541,0.0,2,11,0.5283153653144836,13.094890035904324,1.6355192397050273,0.0,0,13,0.7093976140022278,12.630824504137765,8.642025467913223,0.0,1,12,0.5377294421195984,12.903707703648966,5.554234658270223,0.0,0,14,0.6008952260017395,17.79917557287142,7.276758821502341,0.0,1,4,0.642027735710144,18.316622675069887,-1.1243271232406316,0.0,1,10,0.8255735039710999,22.092012636280725,1.8390000610491837,0.0,0,17,0.8344250321388245,13.24753018134866,-1.2499912827493596,0.0,2,15,0.7112792730331421,22.676470955714557,4.53056448909976,0.0,0,20,0.7825233936309814,24.476988256650255,3.528589893170849,0.0,0,22,0.8180106282234192,22.426512536057054,7.331185898769584,0.0,1,23,0.7627948522567749,19.350747321567578,-1.2617783185521516,0.0,2,25,0.5624099969863892,25.971664985509804,5.744212029223144,0.0,1,24,0.7665925025939941,22.787737540016536,-1.1198798190519241,0.0,1,18,0.751003623008728,26.32303648871992,0.8152971893389113,0.0,1,29,0.7146217226982117
1777470418,22317570,map,2.8446049055631972,1.5206667418235478,0.0,0,0,0.5438718199729919,2.9130171132697154,-1.4211973994343716,0.0,1,1,0.5326824188232422,7.856638395617165,5.504549157104006,0.0,0,2,0.5419607758522034,7.996697292974774,1.6102035897008777,0.0,0,3,0.6015357375144958,17.86804210135502,1.7052078761045633,0.0,0,5,0.7897711992263794,18.062777093359855,4.628846070172051,0.0,0,16,0.7091051936149597,8.062469326377574,-1.4716423985196725,0.0,2,8,0.6541717648506165,8.508214899493177,-1.7862439229620541,0.0,2,11,0.527201235294342,13.094890035904324,1.6355192397050273,0.0,0,13,0.707390308380127,12.630824504137765,8.642025467913223,0.0,1,12,0.5365753173828125,12.903707703648966,5.554234658270223,0.0,0,14,0.599454402923584,17.79917557287142,7.276758821502341,0.0,1,4,0.6403831839561462,18.316622675069887,-1.1243271232406316,0.0,1,10,0.8228561878204346,22.095933004112165,1.8381727991786942,0.0,0,17,0.8344060778617859,13.24753018134866,-1.2499912827493596,0.0,2,15,0.7092613577842712,22.676470955714557,4.53056448909976,0.0,0,20,0.7800816893577576,24.475903260676464,3.527637756142063,0.0,0,22,0.8180774450302124,22.426512536057054,7.331185898769584,0.0,1,23,0.7604745030403137,19.350747321567578,-1.2617783185521516,0.0,2,25,0.5611476302146912,25.973098871017395,5.741285724867608,0.0,1,24,0.768074631690979,22.790400414553563,-1.1214828244726098,0.0,1,18,0.7545903325080872,26.322740796928766,0.8140808215990365,0.0,1,29,0.7155349254608154
1777470418,122767163,map,2.8446049055631972,1.5206667418235478,0.0,0,0,0.543280839920044,2.9130171132697154,-1.4211973994343716,0.0,1,1,0.5321155190467834,7.856638395617165,5.504549157104006,0.0,0,2,0.5413739681243896,7.996697292974774,1.6102035897008777,0.0,0,3,0.6008129715919495,17.86804210135502,1.7052078761045633,0.0,0,5,0.7885257005691528,18.062777093359855,4.628846070172051,0.0,0,16,0.7081009149551392,8.062469326377574,-1.4716423985196725,0.0,2,8,0.6533170342445374,8.508214899493177,-1.7862439229620541,0.0,2,11,0.5266459584236145,13.094890035904324,1.6355192397050273,0.0,0,13,0.7063909769058228,12.630824504137765,8.642025467913223,0.0,1,12,0.5360000729560852,12.903707703648966,5.554234658270223,0.0,0,14,0.598736584186554,17.79917557287142,7.276758821502341,0.0,1,4,0.639564037322998,18.316622675069887,-1.1243271232406316,0.0,1,10,0.8215042352676392,22.09838242571412,1.8374601070305052,0.0,0,17,0.8343907594680786,13.24753018134866,-1.2499912827493596,0.0,2,15,0.7082566618919373,22.676470955714557,4.53056448909976,0.0,0,20,0.7788665294647217,24.475499163550356,3.5270111548900163,0.0,0,22,0.8181086182594299,22.426512536057054,7.331185898769584,0.0,1,23,0.7593196034431458,19.350747321567578,-1.2617783185521516,0.0,2,25,0.5605185627937317,25.974057402938218,5.739592160988722,0.0,1,24,0.768791675567627,22.791553573903116,-1.122523996526487,0.0,1,18,0.7563155293464661,26.32315608387452,0.8123168784519571,0.0,1,29,0.7174127101898193
1777470418,222461608,map,2.8446049055631972,1.5206667418235478,0.0,0,0,0.5421028137207031,2.9130171132697154,-1.4211973994343716,0.0,1,1,0.5309853553771973,7.856638395617165,5.504549157104006,0.0,0,2,0.5402041673660278,7.996697292974774,1.6102035897008777,0.0,0,3,0.5993725061416626,17.86804210135502,1.7052078761045633,0.0,0,5,0.7860464453697205,18.062777093359855,4.628846070172051,0.0,0,16,0.7061010003089905,8.062469326377574,-1.4716423985196725,0.0,2,8,0.6516141891479492,8.508214899493177,-1.7862439229620541,0.0,2,11,0.5255388617515564,13.094890035904324,1.6355192397050273,0.0,0,13,0.7044005990028381,12.630824504137765,8.642025467913223,0.0,1,12,0.5348533987998962,12.903707703648966,5.554234658270223,0.0,0,14,0.5973060131072998,17.79917557287142,7.276758821502341,0.0,1,4,0.6379320621490479,18.316622675069887,-1.1243271232406316,0.0,1,10,0.8188135623931885,22.09838242571412,1.8374601070305052,0.0,0,17,0.831615149974823,13.24753018134866,-1.2499912827493596,0.0,2,15,0.7062557935714722,22.676470955714557,4.53056448909976,0.0,0,20,0.7764475345611572,24.475055600757464,3.525914573495443,0.0,0,22,0.8181649446487427,22.426512536057054,7.331185898769584,0.0,1,23,0.7570203542709351,19.350747321567578,-1.2617783185521516,0.0,2,25,0.5592646598815918,25.974991644379248,5.737297242182421,0.0,1,24,0.7701942324638367,22.79430922072726,-1.1237743171764552,0.0,1,18,0.7596251964569092,26.324229259638336,0.81145792916807,0.0,1,29,0.7182324528694153
1777470418,322729143,map,2.8446049055631972,1.5206667418235478,0.0,0,0,0.5415157079696655,2.9130171132697154,-1.4211973994343716,0.0,1,1,0.5304220914840698,7.856638395617165,5.504549157104006,0.0,0,2,0.539621114730835,7.996697292974774,1.6102035897008777,0.0,0,3,0.5986548662185669,17.86804210135502,1.7052078761045633,0.0,0,5,0.7848126292228699,18.062777093359855,4.628846070172051,0.0,0,16,0.7051052451133728,8.062469326377574,-1.4716423985196725,0.0,2,8,0.6507660746574402,8.508214899493177,-1.7862439229620541,0.0,2,11,0.5249871015548706,13.094890035904324,1.6355192397050273,0.0,0,13,0.7034096717834473,12.630824504137765,8.642025467913223,0.0,1,12,0.534281849861145,12.903707703648966,5.554234658270223,0.0,0,14,0.5965933203697205,17.79917557287142,7.276758821502341,0.0,1,4,0.6371191740036011,18.316622675069887,-1.1243271232406316,0.0,1,10,0.8174748420715332,22.09838242571412,1.8374601070305052,0.0,0,17,0.8302342891693115,13.24753018134866,-1.2499912827493596,0.0,2,15,0.7052596211433411,22.676470955714557,4.53056448909976,0.0,0,20,0.7752436399459839,24.475055600757464,3.525914573495443,0.0,0,22,0.8168283700942993,22.426512536057054,7.331185898769584,0.0,1,23,0.7558759450912476,19.350747321567578,-1.2617783185521516,0.0,2,25,0.5586397647857666,25.990854606199633,5.733796713714041,0.0,1,24,0.7706756591796875,22.795831042853912,-1.1240192072848731,0.0,1,18,0.7612137794494629,26.325235338468573,0.8111023802055097,0.0,1,29,0.7200383543968201
1777470418,422324257,map,2.8446049055631972,1.5206667418235478,0.0,0,0,0.5403452515602112,2.9130171132697154,-1.4211973994343716,0.0,1,1,0.5292990803718567,7.856638395617165,5.504549157104006,0.0,0,2,0.5384588837623596,7.996697292974774,1.6102035897008777,0.0,0,3,0.5972247123718262,17.86804210135502,1.7052078761045633,0.0,0,5,0.7823566198348999,18.062777093359855,4.628846070172051,0.0,0,16,0.7031221389770508,8.062469326377574,-1.4716423985196725,0.0,2,8,0.6490764617919922,8.508214899493177,-1.7862439229620541,0.0,2,11,0.5238869190216064,13.094890035904324,1.6355192397050273,0.0,0,13,0.7014360427856445,12.630824504137765,8.642025467913223,0.0,1,12,0.5331424474716187,12.903707703648966,5.554234658270223,0.0,0,14,0.5951730608940125,17.79917557287142,7.276758821502341,0.0,1,4,0.6354995965957642,18.316622675069887,-1.1243271232406316,0.0,1,10,0.8148105144500732,22.09838242571412,1.8374601070305052,0.0,0,17,0.8274862766265869,13.24753018134866,-1.2499912827493596,0.0,2,15,0.7032756805419922,22.676470955714557,4.53056448909976,0.0,0,20,0.772847056388855,24.475055600757464,3.525914573495443,0.0,0,22,0.8141682147979736,22.426512536057054,7.331185898769584,0.0,1,23,0.7535974383354187,19.350747321567578,-1.2617783185521516,0.0,2,25,0.55739426612854,25.990854606199633,5.733796713714041,0.0,1,24,0.7683072090148926,22.798871511190978,-1.1245946327304501,0.0,1,18,0.7642691731452942,26.325235338468573,0.8111023802055097,0.0,1,29,0.7179704904556274,26.989309364384464,3.5073154892251797,0.0,1,28,0.6721450686454773
1777470418,522883904,map,2.8446049055631972,1.5206667418235478,0.0,0,0,0.5397619605064392,2.9130171132697154,-1.4211973994343716,0.0,1,1,0.528739333152771,7.856638395617165,5.504549157104006,0.0,0,2,0.5378796458244324,7.996697292974774,1.6102035897008777,0.0,0,3,0.5965122580528259,17.86804210135502,1.7052078761045633,0.0,0,5,0.7811343669891357,18.062777093359855,4.628846070172051,0.0,0,16,0.7021347284317017,8.062469326377574,-1.4716423985196725,0.0,2,8,0.6482349634170532,8.508214899493177,-1.7862439229620541,0.0,2,11,0.5233386158943176,13.094890035904324,1.6355192397050273,0.0,0,13,0.7004534006118774,12.630824504137765,8.642025467913223,0.0,1,12,0.5325745940208435,12.903707703648966,5.554234658270223,0.0,0,14,0.594465434551239,17.79917557287142,7.276758821502341,0.0,1,4,0.634692907333374,18.316622675069887,-1.1243271232406316,0.0,1,10,0.8134848475456238,22.09838242571412,1.8374601070305052,0.0,0,17,0.826119065284729,13.24753018134866,-1.2499912827493596,0.0,2,15,0.7022878527641296,22.676470955714557,4.53056448909976,0.0,0,20,0.7716543078422546,24.475055600757464,3.525914573495443,0.0,0,22,0.8128446340560913,22.426512536057054,7.331185898769584,0.0,1,23,0.7524632811546326,19.350747321567578,-1.2617783185521516,0.0,2,25,0.5567735433578491,25.990854606199633,5.733796713714041,0.0,1,24,0.7671284079551697,22.800332816651043,-1.1250133611708495,0.0,1,18,0.7657393217086792,26.325235338468573,0.8111023802055097,0.0,1,29,0.7169409990310669,26.990302780356444,3.506821061460798,0.0,1,28,0.6748332381248474
1777470418,624379783,map,2.8446049055631972,1.5206667418235478,0.0,0,0,0.5385990738868713,2.9130171132697154,-1.4211973994343716,0.0,1,1,0.5276234149932861,7.856638395617165,5.504549157104006,0.0,0,2,0.536724865436554,7.996697292974774,1.6102035897008777,0.0,0,3,0.5950922966003418,17.86804210135502,1.7052078761045633,0.0,0,5,0.7787013053894043,18.062777093359855,4.628846070172051,0.0,0,16,0.7001683115959167,8.062469326377574,-1.4716423985196725,0.0,2,8,0.6465584635734558,8.508214899493177,-1.7862439229620541,0.0,2,11,0.5222453474998474,13.094890035904324,1.6355192397050273,0.0,0,13,0.6984963417053223,12.630824504137765,8.642025467913223,0.0,1,12,0.5314424633979797,12.903707703648966,5.554234658270223,0.0,0,14,0.5930551886558533,17.79917557287142,7.276758821502341,0.0,1,4,0.6330856680870056,18.316622675069887,-1.1243271232406316,0.0,1,10,0.8108463883399963,22.09838242571412,1.8374601070305052,0.0,0,17,0.8233981728553772,13.24753018134866,-1.2499912827493596,0.0,2,15,0.7003205418586731,22.676470955714557,4.53056448909976,0.0,0,20,0.7692798376083374,24.475055600757464,3.525914573495443,0.0,0,22,0.8102103471755981,22.426512536057054,7.331185898769584,0.0,1,23,0.7502052783966064,19.350747321567578,-1.2617783185521516,0.0,2,25,0.5555363297462463,25.990854606199633,5.733796713714041,0.0,1,24,0.7647817134857178,22.803112573698854,-1.1250105867717322,0.0,1,18,0.7685714960098267,26.325235338468573,0.8111023802055097,0.0,1,29,0.7148908376693726,26.99092389648594,3.507749234475151,0.0,1,28,0.6800323724746704
1777470418,722753053,map,2.8446049055631972,1.5206667418235478,0.0,0,0,0.5380195379257202,2.9130171132697154,-1.4211973994343716,0.0,1,1,0.527067244052887,7.856638395617165,5.504549157104006,0.0,0,2,0.5361493229866028,7.996697292974774,1.6102035897008777,0.0,0,3,0.5943849086761475,17.86804210135502,1.7052078761045633,0.0,0,5,0.7774904370307922,18.062777093359855,4.628846070172051,0.0,0,16,0.6991891860961914,8.062469326377574,-1.4716423985196725,0.0,2,8,0.6457234621047974,8.508214899493177,-1.7862439229620541,0.0,2,11,0.5217004418373108,13.094890035904324,1.6355192397050273,0.0,0,13,0.6975219249725342,12.630824504137765,8.642025467913223,0.0,1,12,0.5308781862258911,12.903707703648966,5.554234658270223,0.0,0,14,0.5923526287078857,17.79917557287142,7.276758821502341,0.0,1,4,0.6322850584983826,18.316622675069887,-1.1243271232406316,0.0,1,10,0.8095335960388184,22.09838242571412,1.8374601070305052,0.0,0,17,0.8220444321632385,13.24753018134866,-1.2499912827493596,0.0,2,15,0.6993409991264343,22.676470955714557,4.53056448909976,0.0,0,20,0.7680981159210205,24.475055600757464,3.525914573495443,0.0,0,22,0.8088995814323425,22.426512536057054,7.331185898769584,0.0,1,23,0.7490813732147217,19.350747321567578,-1.2617783185521516,0.0,2,25,0.5549197793006897,25.990854606199633,5.733796713714041,0.0,1,24,0.7636137008666992,22.804763327151317,-1.1245413648886526,0.0,1,18,0.7699306011199951,26.325235338468573,0.8111023802055097,0.0,1,29,0.7138701677322388,26.990963277264076,3.5093372344618525,0.0,1,28,0.6825401782989502
1777470418,822529805,map,2.8446049055631972,1.5206667418235478,0.0,0,0,0.536864161491394,2.9130171132697154,-1.4211973994343716,0.0,1,1,0.5259584188461304,7.856638395617165,5.504549157104006,0.0,0,2,0.5350019335746765,7.996697292974774,1.6102035897008777,0.0,0,3,0.5929750800132751,17.86804210135502,1.7052078761045633,0.0,0,5,0.7750799655914307,18.062777093359855,4.628846070172051,0.0,0,16,0.6972392201423645,8.062469326377574,-1.4716423985196725,0.0,2,8,0.644059956073761,8.508214899493177,-1.7862439229620541,0.0,2,11,0.5206140279769897,13.094890035904324,1.6355192397050273,0.0,0,13,0.6955811977386475,12.630824504137765,8.642025467913223,0.0,1,12,0.5297532677650452,12.903707703648966,5.554234658270223,0.0,0,14,0.5909523963928223,17.79917557287142,7.276758821502341,0.0,1,4,0.6306899785995483,18.316622675069887,-1.1243271232406316,0.0,1,10,0.8069206476211548,22.09838242571412,1.8374601070305052,0.0,0,17,0.8193502426147461,13.24753018134866,-1.2499912827493596,0.0,2,15,0.6973901391029358,22.676470955714557,4.53056448909976,0.0,0,20,0.7657454013824463,24.475055600757464,3.525914573495443,0.0,0,22,0.8062907457351685,22.426512536057054,7.331185898769584,0.0,1,23,0.7468435764312744,19.350747321567578,-1.2617783185521516,0.0,2,25,0.5536907315254211,25.990854606199633,5.733796713714041,0.0,1,24,0.7612884044647217,22.807953059302445,-1.1231535947070859,0.0,1,18,0.7725497484207153,26.32667406266106,0.8144220863605451,0.0,1,29,0.7176446318626404,26.990613007403397,3.5130039542374756,0.0,1,28,0.6873835921287537
1777470418,922791387,map,2.8446049055631972,1.5206667418235478,0.0,0,0,0.536288321018219,2.9130171132697154,-1.4211973994343716,0.0,1,1,0.5254057049751282,7.856638395617165,5.504549157104006,0.0,0,2,0.5344300866127014,7.996697292974774,1.6102035897008777,0.0,0,3,0.5922726392745972,17.86804210135502,1.7052078761045633,0.0,0,5,0.7738803029060364,18.062777093359855,4.628846070172051,0.0,0,16,0.6962682604789734,8.062469326377574,-1.4716423985196725,0.0,2,8,0.6432313919067383,8.508214899493177,-1.7862439229620541,0.0,2,11,0.5200725197792053,13.094890035904324,1.6355192397050273,0.0,0,13,0.6946148872375488,12.630824504137765,8.642025467913223,0.0,1,12,0.5291925668716431,12.903707703648966,5.554234658270223,0.0,0,14,0.5902547836303711,17.79917557287142,7.276758821502341,0.0,1,4,0.6298954486846924,18.316622675069887,-1.1243271232406316,0.0,1,10,0.805620551109314,22.09838242571412,1.8374601070305052,0.0,0,17,0.8180097937583923,13.24753018134866,-1.2499912827493596,0.0,2,15,0.696418821811676,22.676470955714557,4.53056448909976,0.0,0,20,0.7645744681358337,24.475055600757464,3.525914573495443,0.0,0,22,0.8049926161766052,22.426512536057054,7.331185898769584,0.0,1,23,0.7457296848297119,19.350747321567578,-1.2617783185521516,0.0,2,25,0.553078293800354,25.990854606199633,5.733796713714041,0.0,1,24,0.7601310014724731,22.809622337102486,-1.1223650596271597,0.0,1,18,0.7738096714019775,26.32667406266106,0.8144220863605451,0.0,1,29,0.7166160941123962,26.990222223622396,3.5150025586956537,0.0,1,28,0.6897228360176086
1777470419,22778577,map,2.8446049055631972,1.5206667418235478,0.0,0,0,0.5351403951644897,2.9130171132697154,-1.4211973994343716,0.0,1,1,0.5243037939071655,7.856638395617165,5.504549157104006,0.0,0,2,0.5332900881767273,7.996697292974774,1.6102035897008777,0.0,0,3,0.5908728241920471,17.86804210135502,1.7052078761045633,0.0,0,5,0.7714921236038208,18.062777093359855,4.628846070172051,0.0,0,16,0.6943345069885254,8.062469326377574,-1.4716423985196725,0.0,2,8,0.6415806412696838,8.508214899493177,-1.7862439229620541,0.0,2,11,0.5189928412437439,13.094890035904324,1.6355192397050273,0.0,0,13,0.6926902532577515,12.630824504137765,8.642025467913223,0.0,1,12,0.5280747413635254,12.903707703648966,5.554234658270223,0.0,0,14,0.5888644456863403,17.79917557287142,7.276758821502341,0.0,1,4,0.628312349319458,18.316622675069887,-1.1243271232406316,0.0,1,10,0.8030327558517456,22.09838242571412,1.8374601070305052,0.0,0,17,0.8153419494628906,13.24753018134866,-1.2499912827493596,0.0,2,15,0.6944842338562012,22.676470955714557,4.53056448909976,0.0,0,20,0.7622433304786682,24.475055600757464,3.525914573495443,0.0,0,22,0.8024088740348816,22.426512536057054,7.331185898769584,0.0,1,23,0.7435118556022644,19.350747321567578,-1.2617783185521516,0.0,2,25,0.5518574118614197,25.990854606199633,5.733796713714041,0.0,1,24,0.7578268051147461,22.812918333334625,-1.1206763455610003,0.0,1,18,0.7762377262115479,26.326744503090936,0.8172620022112645,0.0,1,29,0.7202863097190857,26.989266136686915,3.5190044936756117,0.0,1,28,0.6942411661148071
1777470419,123593806,map,2.8446049055631972,1.5206667418235478,0.0,0,0,0.5339973568916321,2.9130171132697154,-1.4211973994343716,0.0,1,1,0.5232065320014954,7.856638395617165,5.504549157104006,0.0,0,2,0.53215491771698,7.996697292974774,1.6102035897008777,0.0,0,3,0.5894796252250671,17.86804210135502,1.7052078761045633,0.0,0,5,0.7691186666488647,18.062777093359855,4.628846070172051,0.0,0,16,0.6924114227294922,8.062469326377574,-1.4716423985196725,0.0,2,8,0.6399383544921875,8.508214899493177,-1.7862439229620541,0.0,2,11,0.5179176926612854,13.094890035904324,1.6355192397050273,0.0,0,13,0.6907762885093689,12.630824504137765,8.642025467913223,0.0,1,12,0.526961624622345,12.903707703648966,5.554234658270223,0.0,0,14,0.5874806642532349,17.79917557287142,7.276758821502341,0.0,1,4,0.6267372369766235,18.316622675069887,-1.1243271232406316,0.0,1,10,0.8004615902900696,22.09838242571412,1.8374601070305052,0.0,0,17,0.8126914501190186,13.24753018134866,-1.2499912827493596,0.0,2,15,0.6925603151321411,22.676470955714557,4.53056448909976,0.0,0,20,0.7599263191223145,24.475055600757464,3.525914573495443,0.0,0,22,0.7998417019844055,22.426512536057054,7.331185898769584,0.0,1,23,0.7413071990013123,19.350747321567578,-1.2617783185521516,0.0,2,25,0.5506418943405151,25.990854606199633,5.733796713714041,0.0,1,24,0.7555365562438965,22.816085626845265,-1.1189719979138584,0.0,1,18,0.7785502672195435,26.327776607476007,0.8207221721256653,0.0,1,29,0.7237761616706848,26.988120338793678,3.523292576753965,0.0,1,28,0.698555052280426
1777470419,222576719,map,2.8446049055631972,1.5206667418235478,0.0,0,0,0.5334276556968689,2.9130171132697154,-1.4211973994343716,0.0,1,1,0.5226595997810364,7.856638395617165,5.504549157104006,0.0,0,2,0.531589150428772,7.996697292974774,1.6102035897008777,0.0,0,3,0.5887854695320129,17.86804210135502,1.7052078761045633,0.0,0,5,0.767937421798706,18.062777093359855,4.628846070172051,0.0,0,16,0.6914538741111755,8.062469326377574,-1.4716423985196725,0.0,2,8,0.6391203999519348,8.508214899493177,-1.7862439229620541,0.0,2,11,0.5173817276954651,13.094890035904324,1.6355192397050273,0.0,0,13,0.6898232698440552,12.630824504137765,8.642025467913223,0.0,1,12,0.5264068841934204,12.903707703648966,5.554234658270223,0.0,0,14,0.5867912173271179,17.79917557287142,7.276758821502341,0.0,1,4,0.6259526014328003,18.316622675069887,-1.1243271232406316,0.0,1,10,0.7991821765899658,22.09838242571412,1.8374601070305052,0.0,0,17,0.811372697353363,13.24753018134866,-1.2499912827493596,0.0,2,15,0.691602349281311,22.676470955714557,4.53056448909976,0.0,0,20,0.7587730884552002,24.475055600757464,3.525914573495443,0.0,0,22,0.7985642552375793,22.426512536057054,7.331185898769584,0.0,1,23,0.7402097582817078,19.350747321567578,-1.2617783185521516,0.0,2,25,0.5500361323356628,25.990854606199633,5.733796713714041,0.0,1,24,0.7543966174125671,22.817425109863457,-1.118176244013849,0.0,1,18,0.7796682119369507,26.328588229829016,0.8235255185127924,0.0,1,29,0.725456953048706,26.987472697619836,3.5253776328812374,0.0,1,28,0.7006394267082214
1777470419,322247624,map,2.8446049055631972,1.5206667418235478,0.0,0,0,0.5322918891906738,2.9130171132697154,-1.4211973994343716,0.0,1,1,0.5215691924095154,7.856638395617165,5.504549157104006,0.0,0,2,0.5304611921310425,7.996697292974774,1.6102035897008777,0.0,0,3,0.5874020457267761,17.86804210135502,1.7052078761045633,0.0,0,5,0.765585720539093,18.062777093359855,4.628846070172051,0.0,0,16,0.6895467042922974,8.062469326377574,-1.4716423985196725,0.0,2,8,0.6374906301498413,8.508214899493177,-1.7862439229620541,0.0,2,11,0.5163131952285767,13.094890035904324,1.6355192397050273,0.0,0,13,0.6879251003265381,12.630824504137765,8.642025467913223,0.0,1,12,0.5253007411956787,12.903707703648966,5.554234658270223,0.0,0,14,0.5854171514511108,17.79917557287142,7.276758821502341,0.0,1,4,0.6243892312049866,18.316622675069887,-1.1243271232406316,0.0,1,10,0.7966355085372925,22.09838242571412,1.8374601070305052,0.0,0,17,0.8087478876113892,13.24753018134866,-1.2499912827493596,0.0,2,15,0.6896944046020508,22.676470955714557,4.53056448909976,0.0,0,20,0.7564771175384521,24.475055600757464,3.525914573495443,0.0,0,22,0.7960215210914612,22.426512536057054,7.331185898769584,0.0,1,23,0.7380245923995972,19.350747321567578,-1.2617783185521516,0.0,2,25,0.548828661441803,25.990854606199633,5.733796713714041,0.0,1,24,0.7521269917488098,22.820185478425298,-1.116274698480764,0.0,1,18,0.7818228602409363,26.3312086970679,0.8335808531095894,0.0,1,29,0.7286881804466248,26.98601724294976,3.529974770649166,0.0,1,28,0.7046689391136169
1777470419,422577848,map,2.8446049055631972,1.5206667418235478,0.0,0,0,0.5317258238792419,2.9130171132697154,-1.4211973994343716,0.0,1,1,0.5210257172584534,7.856638395617165,5.504549157104006,0.0,0,2,0.529899001121521,7.996697292974774,1.6102035897008777,0.0,0,3,0.5867127776145935,17.86804210135502,1.7052078761045633,0.0,0,5,0.7644152641296387,18.062777093359855,4.628846070172051,0.0,0,16,0.6885970830917358,8.062469326377574,-1.4716423985196725,0.0,2,8,0.6366788744926453,8.508214899493177,-1.7862439229620541,0.0,2,11,0.5157806277275085,13.094890035904324,1.6355192397050273,0.0,0,13,0.6869798898696899,12.630824504137765,8.642025467913223,0.0,1,12,0.5247494578361511,12.903707703648966,5.554234658270223,0.0,0,14,0.5847325325012207,17.79917557287142,7.276758821502341,0.0,1,4,0.6236104965209961,18.316622675069887,-1.1243271232406316,0.0,1,10,0.7953683137893677,22.09838242571412,1.8374601070305052,0.0,0,17,0.8074418306350708,13.24753018134866,-1.2499912827493596,0.0,2,15,0.6887443661689758,22.676470955714557,4.53056448909976,0.0,0,20,0.7553343176841736,24.475055600757464,3.525914573495443,0.0,0,22,0.7947562336921692,22.426512536057054,7.331185898769584,0.0,1,23,0.7369368076324463,19.350747321567578,-1.2617783185521516,0.0,2,25,0.5482268929481506,25.990854606199633,5.733796713714041,0.0,1,24,0.7509973049163818,22.821510078380292,-1.1152514050159719,0.0,1,18,0.7828624844551086,26.331253758613748,0.8353813979757336,0.0,1,29,0.7302706241607666,26.985349458373285,3.532230044689674,0.0,1,28,0.7066150307655334
1777470419,522816403,map,2.8446049055631972,1.5206667418235478,0.0,0,0,0.5311609506607056,2.9130171132697154,-1.4211973994343716,0.0,1,1,0.5204833149909973,7.856638395617165,5.504549157104006,0.0,0,2,0.529338002204895,7.996697292974774,1.6102035897008777,0.0,0,3,0.5860251188278198,17.86804210135502,1.7052078761045633,0.0,0,5,0.7632483839988708,18.062777093359855,4.628846070172051,0.0,0,16,0.6876500844955444,8.062469326377574,-1.4716423985196725,0.0,2,8,0.6358692049980164,8.508214899493177,-1.7862439229620541,0.0,2,11,0.5152491331100464,13.094890035904324,1.6355192397050273,0.0,0,13,0.6860373020172119,12.630824504137765,8.642025467913223,0.0,1,12,0.5241993069648743,12.903707703648966,5.554234658270223,0.0,0,14,0.5840495228767395,17.79917557287142,7.276758821502341,0.0,1,4,0.6228336691856384,18.316622675069887,-1.1243271232406316,0.0,1,10,0.794105052947998,22.10819875619325,1.83944090437824,0.0,0,17,0.807888388633728,13.24753018134866,-1.2499912827493596,0.0,2,15,0.6877968907356262,22.676470955714557,4.53056448909976,0.0,0,20,0.754194974899292,24.475055600757464,3.525914573495443,0.0,0,22,0.7934949994087219,22.426512536057054,7.331185898769584,0.0,1,23,0.7358522415161133,19.350747321567578,-1.2617783185521516,0.0,2,25,0.5476264357566833,25.990854606199633,5.733796713714041,0.0,1,24,0.749871015548706,22.82286929026906,-1.1141749523899902,0.0,1,18,0.7838767766952515,26.33163976998487,0.8383837507985672,0.0,1,29,0.7318122982978821,26.984765155550466,3.534527614751587,0.0,1,28,0.7085162997245789
1777470419,624493527,map,2.8446049055631972,1.5206667418235478,0.0,0,0,0.5300347805023193,2.9130171132697154,-1.4211973994343716,0.0,1,1,0.5194019675254822,7.856638395617165,5.504549157104006,0.0,0,2,0.5282195806503296,7.996697292974774,1.6102035897008777,0.0,0,3,0.5846546292304993,17.86804210135502,1.7052078761045633,0.0,0,5,0.76092529296875,18.062777093359855,4.628846070172051,0.0,0,16,0.6857637763023376,8.062469326377574,-1.4716423985196725,0.0,2,8,0.6342560052871704,8.508214899493177,-1.7862439229620541,0.0,2,11,0.5141893625259399,13.094890035904324,1.6355192397050273,0.0,0,13,0.6841598749160767,12.630824504137765,8.642025467913223,0.0,1,12,0.5231024622917175,12.903707703648966,5.554234658270223,0.0,0,14,0.5826882123947144,17.79917557287142,7.276758821502341,0.0,1,4,0.6212858557701111,18.316622675069887,-1.1243271232406316,0.0,1,10,0.7915906310081482,22.127840760095744,1.8445165597033366,0.0,0,17,0.8087459206581116,13.24753018134866,-1.2499912827493596,0.0,2,15,0.6859098672866821,22.676470955714557,4.53056448909976,0.0,0,20,0.751926600933075,24.471238469023863,3.528133853184624,0.0,0,22,0.7945131063461304,22.426512536057054,7.331185898769584,0.0,1,23,0.7336927056312561,19.350747321567578,-1.2617783185521516,0.0,2,25,0.5464295148849487,25.990854606199633,5.733796713714041,0.0,1,24,0.7476285099983215,22.825427621241438,-1.1119276251068153,0.0,1,18,0.7858361601829529,26.33163976998487,0.8383837507985672,0.0,1,29,0.729676365852356,26.983832044439303,3.5390023063996625,0.0,1,28,0.712189793586731
1777470419,722678420,map,2.8446049055631972,1.5206667418235478,0.0,0,0,0.5294735431671143,2.9130171132697154,-1.4211973994343716,0.0,1,1,0.5188629627227783,7.856638395617165,5.504549157104006,0.0,0,2,0.5276621580123901,7.996697292974774,1.6102035897008777,0.0,0,3,0.5839717984199524,17.86804210135502,1.7052078761045633,0.0,0,5,0.7597690224647522,18.062777093359855,4.628846070172051,0.0,0,16,0.684824526309967,8.062469326377574,-1.4716423985196725,0.0,2,8,0.6334524154663086,8.508214899493177,-1.7862439229620541,0.0,2,11,0.5136611461639404,13.094890035904324,1.6355192397050273,0.0,0,13,0.6832249760627747,12.630824504137765,8.642025467913223,0.0,1,12,0.5225557684898376,12.903707703648966,5.554234658270223,0.0,0,14,0.5820099711418152,17.79917557287142,7.276758821502341,0.0,1,4,0.6205148100852966,18.316622675069887,-1.1243271232406316,0.0,1,10,0.7903394103050232,22.136607029297288,1.846497673440359,0.0,0,17,0.809174120426178,13.24753018134866,-1.2499912827493596,0.0,2,15,0.6849702000617981,22.676470955714557,4.53056448909976,0.0,0,20,0.7507975101470947,24.469014061380523,3.529576836647648,0.0,0,22,0.7950107455253601,22.426512536057054,7.331185898769584,0.0,1,23,0.7326176762580872,19.350747321567578,-1.2617783185521516,0.0,2,25,0.5458329916000366,25.992356811387,5.735569680638943,0.0,1,24,0.7487320303916931,22.826600285700604,-1.1107944584609029,0.0,1,18,0.7867828607559204,26.33163976998487,0.8383837507985672,0.0,1,29,0.728613018989563,26.98352889338688,3.5410590831862128,0.0,1,28,0.7139639258384705
1777470419,822357251,map,2.8446049055631972,1.5206667418235478,0.0,0,0,0.5283545255661011,2.9130171132697154,-1.4211973994343716,0.0,1,1,0.5177883505821228,7.856638395617165,5.504549157104006,0.0,0,2,0.5265507698059082,7.996697292974774,1.6102035897008777,0.0,0,3,0.5826108455657959,17.86804210135502,1.7052078761045633,0.0,0,5,0.7574670314788818,18.062777093359855,4.628846070172051,0.0,0,16,0.6829537153244019,8.062469326377574,-1.4716423985196725,0.0,2,8,0.6318514347076416,8.508214899493177,-1.7862439229620541,0.0,2,11,0.5126078724861145,13.094890035904324,1.6355192397050273,0.0,0,13,0.6813629269599915,12.630824504137765,8.642025467913223,0.0,1,12,0.5214657783508301,12.903707703648966,5.554234658270223,0.0,0,14,0.5806581974029541,17.79917557287142,7.276758821502341,0.0,1,4,0.6189785003662109,18.316622675069887,-1.1243271232406316,0.0,1,10,0.787848711013794,22.154245146019957,1.8507293691488904,0.0,0,17,0.8099965453147888,13.24753018134866,-1.2499912827493596,0.0,2,15,0.683098554611206,22.676470955714557,4.53056448909976,0.0,0,20,0.7485494613647461,24.461843287889455,3.5295813134101213,0.0,0,22,0.7960178256034851,22.426512536057054,7.331185898769584,0.0,1,23,0.7304770350456238,19.350747321567578,-1.2617783185521516,0.0,2,25,0.5446438193321228,25.995389093073292,5.739361882862695,0.0,1,24,0.7508697509765625,22.828776918103113,-1.108715345565235,0.0,1,18,0.7886124849319458,26.33163976998487,0.8383837507985672,0.0,1,29,0.7264956831932068,26.983560787011193,3.5443966961879165,0.0,1,28,0.7173885703086853
1777470419,922837388,map,2.8446049055631972,1.5206667418235478,0.0,0,0,0.5277968049049377,2.9130171132697154,-1.4211973994343716,0.0,1,1,0.5172526836395264,7.856638395617165,5.504549157104006,0.0,0,2,0.5259968638420105,7.996697292974774,1.6102035897008777,0.0,0,3,0.581932783126831,17.86804210135502,1.7052078761045633,0.0,0,5,0.7563212513923645,18.062777093359855,4.628846070172051,0.0,0,16,0.6820221543312073,8.062469326377574,-1.4716423985196725,0.0,2,8,0.6310539841651917,8.508214899493177,-1.7862439229620541,0.0,2,11,0.5120828747749329,13.094890035904324,1.6355192397050273,0.0,0,13,0.6804356575012207,12.630824504137765,8.642025467913223,0.0,1,12,0.5209224820137024,12.903707703648966,5.554234658270223,0.0,0,14,0.5799846053123474,17.79917557287142,7.276758821502341,0.0,1,4,0.6182131767272949,18.316622675069887,-1.1243271232406316,0.0,1,10,0.7866092920303345,22.163060466489483,1.8527650214645637,0.0,0,17,0.810392439365387,13.24753018134866,-1.2499912827493596,0.0,2,15,0.682166576385498,22.676470955714557,4.53056448909976,0.0,0,20,0.7474305033683777,24.458710594342357,3.5295378490975424,0.0,0,22,0.7965013980865479,22.426512536057054,7.331185898769584,0.0,1,23,0.7294113636016846,19.350747321567578,-1.2617783185521516,0.0,2,25,0.5440512299537659,25.9972852247831,5.740979947076561,0.0,1,24,0.7519012689590454,22.8297714299312,-1.1077006488828571,0.0,1,18,0.7894967198371887,26.332661603413992,0.8397241919346122,0.0,1,29,0.7281123995780945,26.983890467333513,3.545719131700096,0.0,1,28,0.7190412282943726
1777470420,22485873,map,2.8446049055631972,1.5206667418235478,0.0,0,0,0.5266848802566528,2.9130171132697154,-1.4211973994343716,0.0,1,1,0.5161846876144409,7.856638395617165,5.504549157104006,0.0,0,2,0.5248925089836121,7.996697292974774,1.6102035897008777,0.0,0,3,0.5805813670158386,17.86804210135502,1.7052078761045633,0.0,0,5,0.7540400624275208,18.062777093359855,4.628846070172051,0.0,0,16,0.6801666021347046,8.062469326377574,-1.4716423985196725,0.0,2,8,0.6294651031494141,8.508214899493177,-1.7862439229620541,0.0,2,11,0.5110361576080322,13.094890035904324,1.6355192397050273,0.0,0,13,0.6785886883735657,12.630824504137765,8.642025467913223,0.0,1,12,0.519839346408844,12.903707703648966,5.554234658270223,0.0,0,14,0.5786421895027161,17.79917557287142,7.276758821502341,0.0,1,4,0.6166881918907166,18.316622675069887,-1.1243271232406316,0.0,1,10,0.784142017364502,22.172039793348947,1.8548159291809385,0.0,0,17,0.8094633221626282,13.24753018134866,-1.2499912827493596,0.0,2,15,0.6803102493286133,22.676470955714557,4.53056448909976,0.0,0,20,0.7452025413513184,24.453046293543483,3.5297254379389447,0.0,0,22,0.797433078289032,22.426512536057054,7.331185898769584,0.0,1,23,0.7272894382476807,19.350747321567578,-1.2617783185521516,0.0,2,25,0.5428698062896729,26.000799382799144,5.744229215267201,0.0,1,24,0.7539048790931702,22.831612900284675,-1.1057476149341932,0.0,1,18,0.7912062406539917,26.332661603413992,0.8397241919346122,0.0,1,29,0.7259979248046875,26.98457397081146,3.548087889060904,0.0,1,28,0.7222402691841125
1777470420,122686528,map,2.8446049055631972,1.5206667418235478,0.0,0,0,0.5261306762695312,2.9130171132697154,-1.4211973994343716,0.0,1,1,0.5156523585319519,7.856638395617165,5.504549157104006,0.0,0,2,0.5243420600891113,7.996697292974774,1.6102035897008777,0.0,0,3,0.5799079537391663,17.86804210135502,1.7052078761045633,0.0,0,5,0.7529045939445496,18.062777093359855,4.628846070172051,0.0,0,16,0.6792426109313965,8.062469326377574,-1.4716423985196725,0.0,2,8,0.6286736130714417,8.508214899493177,-1.7862439229620541,0.0,2,11,0.5105143189430237,13.094890035904324,1.6355192397050273,0.0,0,13,0.6776689887046814,12.630824504137765,8.642025467913223,0.0,1,12,0.5192994475364685,12.903707703648966,5.554234658270223,0.0,0,14,0.5779733061790466,17.79917557287142,7.276758821502341,0.0,1,4,0.6159285306930542,18.316622675069887,-1.1243271232406316,0.0,1,10,0.7829141616821289,22.172039793348947,1.8548159291809385,0.0,0,17,0.8081550002098083,13.24753018134866,-1.2499912827493596,0.0,2,15,0.6793859004974365,22.676470955714557,4.53056448909976,0.0,0,20,0.7440935373306274,24.45032283352272,3.5298208765052173,0.0,0,22,0.7978843450546265,22.426512536057054,7.331185898769584,0.0,1,23,0.7262330651283264,19.350747321567578,-1.2617783185521516,0.0,2,25,0.5422810316085815,26.0024536766,5.7458228631274615,0.0,1,24,0.754877507686615,22.832456161397346,-1.104768701507247,0.0,1,18,0.7920326590538025,26.332661603413992,0.8397241919346122,0.0,1,29,0.7249453067779541,26.984900357648154,3.549174148223162,0.0,1,28,0.7237887978553772
1777470420,222324539,map,2.8446049055631972,1.5206667418235478,0.0,0,0,0.5250257253646851,2.9130171132697154,-1.4211973994343716,0.0,1,1,0.5145909786224365,7.856638395617165,5.504549157104006,0.0,0,2,0.5232446193695068,7.996697292974774,1.6102035897008777,0.0,0,3,0.5785658955574036,17.86804210135502,1.7052078761045633,0.0,0,5,0.7506439685821533,18.062777093359855,4.628846070172051,0.0,0,16,0.677402138710022,8.062469326377574,-1.4716423985196725,0.0,2,8,0.6270966529846191,8.508214899493177,-1.7862439229620541,0.0,2,11,0.509473979473114,13.094890035904324,1.6355192397050273,0.0,0,13,0.6758370399475098,12.630824504137765,8.642025467913223,0.0,1,12,0.518222987651825,12.903707703648966,5.554234658270223,0.0,0,14,0.5766401886940002,17.79917557287142,7.276758821502341,0.0,1,4,0.6144147515296936,18.316622675069887,-1.1243271232406316,0.0,1,10,0.7804700136184692,22.172039793348947,1.8548159291809385,0.0,0,17,0.8055509328842163,13.24753018134866,-1.2499912827493596,0.0,2,15,0.6775445938110352,22.676470955714557,4.53056448909976,0.0,0,20,0.7418854236602783,24.445044814834855,3.5299252976562783,0.0,0,22,0.7987595200538635,22.426512536057054,7.331185898769584,0.0,1,23,0.7241294980049133,19.350747321567578,-1.2617783185521516,0.0,2,25,0.5411072969436646,26.006037404464422,5.748952129065937,0.0,1,24,0.75676029920578,22.834075972485095,-1.102917296855957,0.0,1,18,0.7936298847198486,26.332661603413992,0.8397241919346122,0.0,1,29,0.7228491902351379,26.98559538633894,3.5511351455706697,0.0,1,28,0.7267872095108032
1777470420,322794405,map,2.8446049055631972,1.5206667418235478,0.0,0,0,0.5244750380516052,2.9130171132697154,-1.4211973994343716,0.0,1,1,0.5140618681907654,7.856638395617165,5.504549157104006,0.0,0,2,0.5226976275444031,7.996697292974774,1.6102035897008777,0.0,0,3,0.5778971910476685,17.86804210135502,1.7052078761045633,0.0,0,5,0.7495186924934387,18.062777093359855,4.628846070172051,0.0,0,16,0.6764855980873108,8.062469326377574,-1.4716423985196725,0.0,2,8,0.6263111233711243,8.508214899493177,-1.7862439229620541,0.0,2,11,0.5089553594589233,13.094890035904324,1.6355192397050273,0.0,0,13,0.6749247312545776,12.630824504137765,8.642025467913223,0.0,1,12,0.5176864266395569,12.903707703648966,5.554234658270223,0.0,0,14,0.5759759545326233,17.79917557287142,7.276758821502341,0.0,1,4,0.6136606931686401,18.316622675069887,-1.1243271232406316,0.0,1,10,0.7792536616325378,22.172039793348947,1.8548159291809385,0.0,0,17,0.8042551875114441,13.24753018134866,-1.2499912827493596,0.0,2,15,0.6766277551651001,22.676470955714557,4.53056448909976,0.0,0,20,0.7407862544059753,24.442544713801095,3.5299361817383996,0.0,0,22,0.7991830110549927,22.426512536057054,7.331185898769584,0.0,1,23,0.7230823040008545,19.350747321567578,-1.2617783185521516,0.0,2,25,0.5405223369598389,26.0079271649261,5.75039504487096,0.0,1,24,0.7576721906661987,22.834810438498927,-1.1019602117251595,0.0,1,18,0.7944023013114929,26.332661603413992,0.8397241919346122,0.0,1,29,0.7218056917190552,26.98599123142663,3.552003651996022,0.0,1,28,0.7282384634017944
1777470420,422234629,map,2.8446049055631972,1.5206667418235478,0.0,0,0,0.523377001285553,2.9130171132697154,-1.4211973994343716,0.0,1,1,0.5130070447921753,7.856638395617165,5.504549157104006,0.0,0,2,0.5216070413589478,7.996697292974774,1.6102035897008777,0.0,0,3,0.5765644311904907,17.86804210135502,1.7052078761045633,0.0,0,5,0.7472783327102661,18.062777093359855,4.628846070172051,0.0,0,16,0.6746600270271301,8.062469326377574,-1.4716423985196725,0.0,2,8,0.6247460246086121,8.508214899493177,-1.7862439229620541,0.0,2,11,0.5079213380813599,13.094890035904324,1.6355192397050273,0.0,0,13,0.6731075644493103,12.630824504137765,8.642025467913223,0.0,1,12,0.5166166424751282,12.903707703648966,5.554234658270223,0.0,0,14,0.5746520161628723,17.79917557287142,7.276758821502341,0.0,1,4,0.6121580600738525,18.316622675069887,-1.1243271232406316,0.0,1,10,0.7768322825431824,22.172039793348947,1.8548159291809385,0.0,0,17,0.8016762137413025,13.24753018134866,-1.2499912827493596,0.0,2,15,0.6748013496398926,22.676470955714557,4.53056448909976,0.0,0,20,0.7385976910591125,24.43766346265344,3.529972409226965,0.0,0,22,0.8000048398971558,22.426512536057054,7.331185898769584,0.0,1,23,0.7209969162940979,19.350747321567578,-1.2617783185521516,0.0,2,25,0.5393562316894531,26.011406860819257,5.753307489158015,0.0,1,24,0.759445071220398,22.83626736549231,-1.1001853026670123,0.0,1,18,0.7958950400352478,26.332661603413992,0.8397241919346122,0.0,1,29,0.7197276949882507,26.986542050528904,3.553854109287391,0.0,1,28,0.7310530543327332
1777470420,522582247,map,2.8446049055631972,1.5206667418235478,0.0,0,0,0.5228297710418701,2.9130171132697154,-1.4211973994343716,0.0,1,1,0.5124812126159668,7.856638395617165,5.504549157104006,0.0,0,2,0.5210634469985962,7.996697292974774,1.6102035897008777,0.0,0,3,0.5759003162384033,17.86804210135502,1.7052078761045633,0.0,0,5,0.7461631298065186,18.062777093359855,4.628846070172051,0.0,0,16,0.6737509369850159,8.062469326377574,-1.4716423985196725,0.0,2,8,0.6239663362503052,8.508214899493177,-1.7862439229620541,0.0,2,11,0.5074058771133423,13.094890035904324,1.6355192397050273,0.0,0,13,0.6722026467323303,12.630824504137765,8.642025467913223,0.0,1,12,0.5160834193229675,12.903707703648966,5.554234658270223,0.0,0,14,0.5739923119544983,17.79917557287142,7.276758821502341,0.0,1,4,0.6114094853401184,18.316622675069887,-1.1243271232406316,0.0,1,10,0.7756271958351135,22.172039793348947,1.8548159291809385,0.0,0,17,0.8003928661346436,13.24753018134866,-1.2499912827493596,0.0,2,15,0.6738919019699097,22.676470955714557,4.53056448909976,0.0,0,20,0.737508237361908,24.435522042162656,3.5298948484543415,0.0,0,22,0.8004005551338196,22.426512536057054,7.331185898769584,0.0,1,23,0.7199587821960449,19.350747321567578,-1.2617783185521516,0.0,2,25,0.5387750267982483,26.013367916213216,5.75453197080386,0.0,1,24,0.7603026032447815,22.836900457835373,-1.099304201343162,0.0,1,18,0.7966175079345703,26.338911845564834,0.8432743451668953,0.0,1,29,0.7214146852493286,26.986999755203573,3.554510089785622,0.0,1,28,0.732414186000824
1777470420,624391871,map,2.8446049055631972,1.5206667418235478,0.0,0,0,0.5217386484146118,2.9130171132697154,-1.4211973994343716,0.0,1,1,0.5114328265190125,7.856638395617165,5.504549157104006,0.0,0,2,0.51997971534729,7.996697292974774,1.6102035897008777,0.0,0,3,0.574576735496521,17.86804210135502,1.7052078761045633,0.0,0,5,0.7439427375793457,18.062777093359855,4.628846070172051,0.0,0,16,0.67194002866745,8.062469326377574,-1.4716423985196725,0.0,2,8,0.622412919998169,8.508214899493177,-1.7862439229620541,0.0,2,11,0.5063781142234802,13.094890035904324,1.6355192397050273,0.0,0,13,0.6704000234603882,12.630824504137765,8.642025467913223,0.0,1,12,0.5150202512741089,12.903707703648966,5.554234658270223,0.0,0,14,0.5726774334907532,17.79917557287142,7.276758821502341,0.0,1,4,0.6099178791046143,18.316622675069887,-1.1243271232406316,0.0,1,10,0.7732282280921936,22.172039793348947,1.8548159291809385,0.0,0,17,0.797838568687439,13.24753018134866,-1.2499912827493596,0.0,2,15,0.6720802783966064,22.676470955714557,4.53056448909976,0.0,0,20,0.7353389859199524,24.43083421123072,3.5297848857864476,0.0,0,22,0.8011748790740967,22.426512536057054,7.331185898769584,0.0,1,23,0.7178913354873657,19.350747321567578,-1.2617783185521516,0.0,2,25,0.5376164317131042,26.01696308060251,5.7569472650182485,0.0,1,24,0.7619709372520447,22.838274536019767,-1.0975393273946035,0.0,1,18,0.7980124354362488,26.338911845564834,0.8432743451668953,0.0,1,29,0.7193388938903809,26.987803249309287,3.5559282700204946,0.0,1,28,0.735053539276123
1777470420,722743007,map,2.8446049055631972,1.5206667418235478,0.0,0,0,0.5211947560310364,2.9130171132697154,-1.4211973994343716,0.0,1,1,0.5109102129936218,7.856638395617165,5.504549157104006,0.0,0,2,0.5194395184516907,7.996697292974774,1.6102035897008777,0.0,0,3,0.5739172101020813,17.86804210135502,1.7052078761045633,0.0,0,5,0.7428374886512756,18.062777093359855,4.628846070172051,0.0,0,16,0.6710382103919983,8.062469326377574,-1.4716423985196725,0.0,2,8,0.62163907289505,8.508214899493177,-1.7862439229620541,0.0,2,11,0.5058658123016357,13.094890035904324,1.6355192397050273,0.0,0,13,0.6695023775100708,12.630824504137765,8.642025467913223,0.0,1,12,0.5144903063774109,12.903707703648966,5.554234658270223,0.0,0,14,0.5720222592353821,17.79917557287142,7.276758821502341,0.0,1,4,0.6091747283935547,18.316622675069887,-1.1243271232406316,0.0,1,10,0.7720343470573425,22.172039793348947,1.8548159291809385,0.0,0,17,0.7965674996376038,13.24753018134866,-1.2499912827493596,0.0,2,15,0.6711781024932861,22.676470955714557,4.53056448909976,0.0,0,20,0.7342591285705566,24.42843990459984,3.529793805459784,0.0,0,22,0.8015517592430115,22.426512536057054,7.331185898769584,0.0,1,23,0.7168620824813843,19.350747321567578,-1.2617783185521516,0.0,2,25,0.5370389819145203,26.018512585901142,5.758316780081469,0.0,1,24,0.7627830505371094,22.838960977130753,-1.0966371573213107,0.0,1,18,0.7986865639686584,26.338911845564834,0.8432743451668953,0.0,1,29,0.7183055281639099,26.98806597817508,3.5568793950034205,0.0,1,28,0.7363338470458984
1777470420,822386107,map,2.8446049055631972,1.5206667418235478,0.0,0,0,0.5201104283332825,2.9130171132697154,-1.4211973994343716,0.0,1,1,0.5098682045936584,7.856638395617165,5.504549157104006,0.0,0,2,0.5183624625205994,7.996697292974774,1.6102035897008777,0.0,0,3,0.5726027488708496,17.86804210135502,1.7052078761045633,0.0,0,5,0.7406367659568787,18.062777093359855,4.628846070172051,0.0,0,16,0.6692419052124023,8.062469326377574,-1.4716423985196725,0.0,2,8,0.6200971603393555,8.508214899493177,-1.7862439229620541,0.0,2,11,0.5048443078994751,13.094890035904324,1.6355192397050273,0.0,0,13,0.6677142381668091,12.630824504137765,8.642025467913223,0.0,1,12,0.5134336352348328,12.903707703648966,5.554234658270223,0.0,0,14,0.5707164406776428,17.79917557287142,7.276758821502341,0.0,1,4,0.6076939702033997,18.316622675069887,-1.1243271232406316,0.0,1,10,0.7696574926376343,22.172039793348947,1.8548159291809385,0.0,0,17,0.7940374612808228,13.24753018134866,-1.2499912827493596,0.0,2,15,0.6693809628486633,22.676470955714557,4.53056448909976,0.0,0,20,0.7321088910102844,24.423517762913736,3.530113049370099,0.0,0,22,0.8022856712341309,22.426512536057054,7.331185898769584,0.0,1,23,0.7148123979568481,19.350747321567578,-1.2617783185521516,0.0,2,25,0.5358877778053284,26.020943410347826,5.76202385716093,0.0,1,24,0.7643651962280273,22.840531655407126,-1.0946758499227784,0.0,1,18,0.799987256526947,26.340266666494088,0.8447490069506259,0.0,1,29,0.7190645337104797,26.988213622405052,3.559739833751294,0.0,1,28,0.7388195991516113
1777470420,922516799,map,2.8446049055631972,1.5206667418235478,0.0,0,0,0.519569993019104,2.9130171132697154,-1.4211973994343716,0.0,1,1,0.5093488097190857,7.856638395617165,5.504549157104006,0.0,0,2,0.5178256034851074,7.996697292974774,1.6102035897008777,0.0,0,3,0.5719476938247681,17.86804210135502,1.7052078761045633,0.0,0,5,0.7395412921905518,18.062777093359855,4.628846070172051,0.0,0,16,0.6683472990989685,8.062469326377574,-1.4716423985196725,0.0,2,8,0.6193290948867798,8.508214899493177,-1.7862439229620541,0.0,2,11,0.5043350458145142,13.094890035904324,1.6355192397050273,0.0,0,13,0.6668237447738647,12.630824504137765,8.642025467913223,0.0,1,12,0.5129069685935974,12.903707703648966,5.554234658270223,0.0,0,14,0.5700657367706299,17.79917557287142,7.276758821502341,0.0,1,4,0.6069563031196594,18.316622675069887,-1.1243271232406316,0.0,1,10,0.7684745788574219,22.172039793348947,1.8548159291809385,0.0,0,17,0.792778491973877,13.24753018134866,-1.2499912827493596,0.0,2,15,0.6684860587120056,22.676470955714557,4.53056448909976,0.0,0,20,0.731038510799408,24.420954645656042,3.5304389777848595,0.0,0,22,0.8026434183120728,22.426512536057054,7.331185898769584,0.0,1,23,0.7137919664382935,19.350747321567578,-1.2617783185521516,0.0,2,25,0.5353140830993652,26.021863678966717,5.763752153533774,0.0,1,24,0.765137255191803,22.841382692870376,-1.093595974984967,0.0,1,18,0.800615131855011,26.340266666494088,0.8447490069506259,0.0,1,29,0.7180318832397461,26.988078566053552,3.561584821709481,0.0,1,28,0.740026593208313
1777470421,22553305,map,2.8446049055631972,1.5206667418235478,0.0,0,0,0.5184924006462097,2.9130171132697154,-1.4211973994343716,0.0,1,1,0.5083131790161133,7.856638395617165,5.504549157104006,0.0,0,2,0.5167552828788757,7.996697292974774,1.6102035897008777,0.0,0,3,0.5706422328948975,17.86804210135502,1.7052078761045633,0.0,0,5,0.7373600602149963,18.062777093359855,4.628846070172051,0.0,0,16,0.6665653586387634,8.062469326377574,-1.4716423985196725,0.0,2,8,0.6177985668182373,8.508214899493177,-1.7862439229620541,0.0,2,11,0.5033196806907654,13.094890035904324,1.6355192397050273,0.0,0,13,0.6650498509407043,12.630824504137765,8.642025467913223,0.0,1,12,0.5118568539619446,12.903707703648966,5.554234658270223,0.0,0,14,0.5687687993049622,17.79917557287142,7.276758821502341,0.0,1,4,0.605486273765564,18.316622675069887,-1.1243271232406316,0.0,1,10,0.7661195993423462,22.172039793348947,1.8548159291809385,0.0,0,17,0.7902724146842957,13.24753018134866,-1.2499912827493596,0.0,2,15,0.6667032837867737,22.676470955714557,4.53056448909976,0.0,0,20,0.72890704870224,24.41586804205662,3.531262081684194,0.0,0,22,0.8033384680747986,22.426512536057054,7.331185898769584,0.0,1,23,0.7117597460746765,19.350747321567578,-1.2617783185521516,0.0,2,25,0.5341702699661255,26.023014475220755,5.767881742368842,0.0,1,24,0.766643226146698,22.843205433121604,-1.0913413993498364,0.0,1,18,0.8018276691436768,26.340266666494088,0.8447490069506259,0.0,1,29,0.7159755229949951,26.98772261987671,3.5655286938909985,0.0,1,28,0.7423683404922485
1777470421,122479740,map,2.8446049055631972,1.5206667418235478,0.0,0,0,0.5179553031921387,2.9130171132697154,-1.4211973994343716,0.0,1,1,0.5077969431877136,7.856638395617165,5.504549157104006,0.0,0,2,0.5162217617034912,7.996697292974774,1.6102035897008777,0.0,0,3,0.5699917078018188,17.86804210135502,1.7052078761045633,0.0,0,5,0.7362743020057678,18.062777093359855,4.628846070172051,0.0,0,16,0.6656779050827026,8.062469326377574,-1.4716423985196725,0.0,2,8,0.6170361638069153,8.508214899493177,-1.7862439229620541,0.0,2,11,0.5028135180473328,13.094890035904324,1.6355192397050273,0.0,0,13,0.6641664505004883,12.630824504137765,8.642025467913223,0.0,1,12,0.5113333463668823,12.903707703648966,5.554234658270223,0.0,0,14,0.5681225657463074,17.79917557287142,7.276758821502341,0.0,1,4,0.6047539710998535,18.316622675069887,-1.1243271232406316,0.0,1,10,0.7649475336074829,22.172039793348947,1.8548159291809385,0.0,0,17,0.7890253663063049,13.24753018134866,-1.2499912827493596,0.0,2,15,0.665815532207489,22.676470955714557,4.53056448909976,0.0,0,20,0.7278459668159485,24.413271742090938,3.531814722496851,0.0,0,22,0.8036767840385437,22.426512536057054,7.331185898769584,0.0,1,23,0.710748016834259,19.350747321567578,-1.2617783185521516,0.0,2,25,0.5336002111434937,26.02343044938393,5.7700635971281,0.0,1,24,0.7673760056495667,22.844134305919535,-1.090112976808799,0.0,1,18,0.8024136424064636,26.340266666494088,0.8447490069506259,0.0,1,29,0.714951753616333,26.987477497292957,3.567678038019367,0.0,1,28,0.7435044050216675
1777470421,222331162,map,2.8446049055631972,1.5206667418235478,0.0,0,0,0.5168843865394592,2.9130171132697154,-1.4211973994343716,0.0,1,1,0.5067676305770874,7.856638395617165,5.504549157104006,0.0,0,2,0.5151579976081848,7.996697292974774,1.6102035897008777,0.0,0,3,0.568695068359375,17.86804210135502,1.7052078761045633,0.0,0,5,0.7341122627258301,18.062777093359855,4.628846070172051,0.0,0,16,0.6639100909233093,8.062469326377574,-1.4716423985196725,0.0,2,8,0.6155170202255249,8.508214899493177,-1.7862439229620541,0.0,2,11,0.5018042922019958,13.094890035904324,1.6355192397050273,0.0,0,13,0.6624066233634949,12.630824504137765,8.642025467913223,0.0,1,12,0.5102896690368652,12.903707703648966,5.554234658270223,0.0,0,14,0.5668343901634216,17.79917557287142,7.276758821502341,0.0,1,4,0.6032945513725281,18.316622675069887,-1.1243271232406316,0.0,1,10,0.7626140713691711,22.172039793348947,1.8548159291809385,0.0,0,17,0.7865429520606995,13.24753018134866,-1.2499912827493596,0.0,2,15,0.6640470027923584,22.676470955714557,4.53056448909976,0.0,0,20,0.7257331013679504,24.408103660822942,3.533987411348106,0.0,0,22,0.8043326735496521,22.426512536057054,7.331185898769584,0.0,1,23,0.708733081817627,19.350747321567578,-1.2617783185521516,0.0,2,25,0.5324637293815613,26.023815118593635,5.77467712212932,0.0,1,24,0.7688042521476746,22.844134305919535,-1.090112976808799,0.0,1,18,0.7998464107513428,26.340266666494088,0.8447490069506259,0.0,1,29,0.7129129767417908,26.986717086671938,3.5724399750682307,0.0,1,28,0.7457114458084106
1777470421,322411596,map,2.8446049055631972,1.5206667418235478,0.0,0,0,0.5163506269454956,2.9130171132697154,-1.4211973994343716,0.0,1,1,0.5062544941902161,7.856638395617165,5.504549157104006,0.0,0,2,0.5146277546882629,7.996697292974774,1.6102035897008777,0.0,0,3,0.5680490136146545,17.86804210135502,1.7052078761045633,0.0,0,5,0.7330359816551208,18.062777093359855,4.628846070172051,0.0,0,16,0.6630297303199768,8.062469326377574,-1.4716423985196725,0.0,2,8,0.6147602200508118,8.508214899493177,-1.7862439229620541,0.0,2,11,0.5013011693954468,13.094890035904324,1.6355192397050273,0.0,0,13,0.6615302562713623,12.630824504137765,8.642025467913223,0.0,1,12,0.5097693800926208,12.903707703648966,5.554234658270223,0.0,0,14,0.5661925673484802,17.79917557287142,7.276758821502341,0.0,1,4,0.6025674939155579,18.316622675069887,-1.1243271232406316,0.0,1,10,0.7614527344703674,22.172039793348947,1.8548159291809385,0.0,0,17,0.7853075861930847,13.24753018134866,-1.2499912827493596,0.0,2,15,0.6631662249565125,22.676470955714557,4.53056448909976,0.0,0,20,0.7246812582015991,24.405872800567955,3.5356510323270727,0.0,0,22,0.8046460747718811,22.426512536057054,7.331185898769584,0.0,1,23,0.7077298760414124,19.350747321567578,-1.2617783185521516,0.0,2,25,0.531897246837616,26.023518421456053,5.777404154126155,0.0,1,24,0.7695028185844421,22.844134305919535,-1.090112976808799,0.0,1,18,0.7985689640045166,26.340266666494088,0.8447490069506259,0.0,1,29,0.7118979096412659,26.98595376894764,3.5753666026057314,0.0,1,28,0.7467862367630005
1777470421,422536316,map,2.8446049055631972,1.5206667418235478,0.0,0,0,0.5152863264083862,2.9130171132697154,-1.4211973994343716,0.0,1,1,0.5052313804626465,7.856638395617165,5.504549157104006,0.0,0,2,0.5135706067085266,7.996697292974774,1.6102035897008777,0.0,0,3,0.5667611956596375,17.86804210135502,1.7052078761045633,0.0,0,5,0.7308928966522217,18.062777093359855,4.628846070172051,0.0,0,16,0.6612759232521057,8.062469326377574,-1.4716423985196725,0.0,2,8,0.6132522225379944,8.508214899493177,-1.7862439229620541,0.0,2,11,0.5002979636192322,13.094890035904324,1.6355192397050273,0.0,0,13,0.6597843766212463,12.630824504137765,8.642025467913223,0.0,1,12,0.5087320804595947,12.903707703648966,5.554234658270223,0.0,0,14,0.5649131536483765,17.79917557287142,7.276758821502341,0.0,1,4,0.6011186838150024,18.316622675069887,-1.1243271232406316,0.0,1,10,0.7591404914855957,22.172039793348947,1.8548159291809385,0.0,0,17,0.7828484773635864,13.24753018134866,-1.2499912827493596,0.0,2,15,0.661411702632904,22.676470955714557,4.53056448909976,0.0,0,20,0.7225866913795471,24.40036222832024,3.5394043863715705,0.0,0,22,0.8052679300308228,22.426512536057054,7.331185898769584,0.0,1,23,0.705731987953186,19.350747321567578,-1.2617783185521516,0.0,2,25,0.5307680368423462,26.022581995391654,5.783256363234601,0.0,1,24,0.7708632946014404,22.844134305919535,-1.090112976808799,0.0,1,18,0.7960262298583984,26.344905666183077,0.8586647158465399,0.0,1,29,0.7127606868743896,26.984125634400705,3.5817321935037825,0.0,1,28,0.7488753199577332
1777470421,522322242,map,2.8446049055631972,1.5206667418235478,0.0,0,0,0.5142264366149902,2.9130171132697154,-1.4211973994343716,0.0,1,1,0.5042124390602112,7.856638395617165,5.504549157104006,0.0,0,2,0.5125177502632141,7.996697292974774,1.6102035897008777,0.0,0,3,0.5654792189598083,17.86804210135502,1.7052078761045633,0.0,0,5,0.7287623286247253,18.062777093359855,4.628846070172051,0.0,0,16,0.6595314145088196,8.062469326377574,-1.4716423985196725,0.0,2,8,0.6117515563964844,8.508214899493177,-1.7862439229620541,0.0,2,11,0.4992987811565399,13.094890035904324,1.6355192397050273,0.0,0,13,0.6580476760864258,12.630824504137765,8.642025467913223,0.0,1,12,0.5076988935470581,12.903707703648966,5.554234658270223,0.0,0,14,0.5636395215988159,17.79917557287142,7.276758821502341,0.0,1,4,0.5996767282485962,18.316622675069887,-1.1243271232406316,0.0,1,10,0.756842315196991,22.172039793348947,1.8548159291809385,0.0,0,17,0.7804046869277954,13.24753018134866,-1.2499912827493596,0.0,2,15,0.6596664786338806,22.676470955714557,4.53056448909976,0.0,0,20,0.7205041646957397,24.393894407539296,3.543649073446779,0.0,0,22,0.8058782815933228,22.426512536057054,7.331185898769584,0.0,1,23,0.7037453651428223,19.350747321567578,-1.2617783185521516,0.0,2,25,0.5296435356140137,26.021573079826783,5.7893945572796595,0.0,1,24,0.7721723914146423,22.844134305919535,-1.090112976808799,0.0,1,18,0.7934996485710144,26.34566798631717,0.8627311801954864,0.0,1,29,0.7136977910995483,26.982284661109414,3.5884988493929764,0.0,1,28,0.7508822679519653
1777470421,624420895,map,2.8446049055631972,1.5206667418235478,0.0,0,0,0.513698160648346,2.9130171132697154,-1.4211973994343716,0.0,1,1,0.5037044882774353,7.856638395617165,5.504549157104006,0.0,0,2,0.5119929313659668,7.996697292974774,1.6102035897008777,0.0,0,3,0.5648404359817505,17.86804210135502,1.7052078761045633,0.0,0,5,0.7277016639709473,18.062777093359855,4.628846070172051,0.0,0,16,0.6586625576019287,8.062469326377574,-1.4716423985196725,0.0,2,8,0.6110039949417114,8.508214899493177,-1.7862439229620541,0.0,2,11,0.49880069494247437,13.094890035904324,1.6355192397050273,0.0,0,13,0.6571828126907349,12.630824504137765,8.642025467913223,0.0,1,12,0.5071839094161987,12.903707703648966,5.554234658270223,0.0,0,14,0.5630048513412476,17.79917557287142,7.276758821502341,0.0,1,4,0.5989583730697632,18.316622675069887,-1.1243271232406316,0.0,1,10,0.7556984424591064,22.172039793348947,1.8548159291809385,0.0,0,17,0.7791885733604431,13.24753018134866,-1.2499912827493596,0.0,2,15,0.6587973237037659,22.676470955714557,4.53056448909976,0.0,0,20,0.7194674015045166,24.39111755257259,3.5449257134994676,0.0,0,22,0.806171178817749,22.426512536057054,7.331185898769584,0.0,1,23,0.7027562856674194,19.350747321567578,-1.2617783185521516,0.0,2,25,0.5290830731391907,26.021278984420995,5.792266271477793,0.0,1,24,0.7728062272071838,22.844134305919535,-1.090112976808799,0.0,1,18,0.7922423481941223,26.34650863465981,0.867182463551855,0.0,1,29,0.7156026363372803,26.981533788536737,3.591677800196103,0.0,1,28,0.7518543601036072
1777470421,722592676,map,2.8446049055631972,1.5206667418235478,0.0,0,0,0.5126447677612305,2.9130171132697154,-1.4211973994343716,0.0,1,1,0.5026916265487671,7.856638395617165,5.504549157104006,0.0,0,2,0.51094651222229,7.996697292974774,1.6102035897008777,0.0,0,3,0.5635671019554138,17.86804210135502,1.7052078761045633,0.0,0,5,0.7255896329879761,18.062777093359855,4.628846070172051,0.0,0,16,0.6569318175315857,8.062469326377574,-1.4716423985196725,0.0,2,8,0.6095143556594849,8.508214899493177,-1.7862439229620541,0.0,2,11,0.49780744314193726,13.094890035904324,1.6355192397050273,0.0,0,13,0.6554597616195679,12.630824504137765,8.642025467913223,0.0,1,12,0.5061570405960083,12.903707703648966,5.554234658270223,0.0,0,14,0.5617398023605347,17.79917557287142,7.276758821502341,0.0,1,4,0.5975267887115479,18.316622675069887,-1.1243271232406316,0.0,1,10,0.7534210085868835,22.172039793348947,1.8548159291809385,0.0,0,17,0.7767675518989563,13.24753018134866,-1.2499912827493596,0.0,2,15,0.6570658087730408,22.676470955714557,4.53056448909976,0.0,0,20,0.7174028158187866,24.385572774122192,3.5479634294191316,0.0,0,22,0.8067401051521301,22.426512536057054,7.331185898769584,0.0,1,23,0.7007863521575928,19.350747321567578,-1.2617783185521516,0.0,2,25,0.5279657244682312,26.021790308407205,5.7974497961494835,0.0,1,24,0.7740256190299988,22.844134305919535,-1.090112976808799,0.0,1,18,0.789739727973938,26.34650863465981,0.867182463551855,0.0,1,29,0.7135601043701172,26.980737361072876,3.597259897628002,0.0,1,28,0.7537341117858887
1777470421,822643063,map,2.8446049055631972,1.5206667418235478,0.0,0,0,0.512119710445404,2.9130171132697154,-1.4211973994343716,0.0,1,1,0.5021867752075195,7.856638395617165,5.504549157104006,0.0,0,2,0.5104249119758606,7.996697292974774,1.6102035897008777,0.0,0,3,0.5629326105117798,17.86804210135502,1.7052078761045633,0.0,0,5,0.7245382070541382,18.062777093359855,4.628846070172051,0.0,0,16,0.656069815158844,8.062469326377574,-1.4716423985196725,0.0,2,8,0.6087722182273865,8.508214899493177,-1.7862439229620541,0.0,2,11,0.4973123371601105,13.094890035904324,1.6355192397050273,0.0,0,13,0.6546016335487366,12.630824504137765,8.642025467913223,0.0,1,12,0.505645215511322,12.903707703648966,5.554234658270223,0.0,0,14,0.5611094236373901,17.79917557287142,7.276758821502341,0.0,1,4,0.5968135595321655,18.316622675069887,-1.1243271232406316,0.0,1,10,0.7522873878479004,22.172039793348947,1.8548159291809385,0.0,0,17,0.7755627036094666,13.24753018134866,-1.2499912827493596,0.0,2,15,0.6562035083770752,22.676470955714557,4.53056448909976,0.0,0,20,0.716374933719635,24.38309740251145,3.5494863442291718,0.0,0,22,0.8070132732391357,22.426512536057054,7.331185898769584,0.0,1,23,0.699805498123169,19.350747321567578,-1.2617783185521516,0.0,2,25,0.5274088382720947,26.02254698693708,5.799688030880084,0.0,1,24,0.7746126651763916,22.844134305919535,-1.090112976808799,0.0,1,18,0.7884942889213562,26.34710297726448,0.870596747569892,0.0,1,29,0.715472400188446,26.9805738821075,3.599542932469975,0.0,1,28,0.7546443939208984
1777470421,922330647,map,2.8446049055631972,1.5206667418235478,0.0,0,0,0.5110727548599243,2.9130171132697154,-1.4211973994343716,0.0,1,1,0.5011799931526184,7.856638395617165,5.504549157104006,0.0,0,2,0.5093848705291748,7.996697292974774,1.6102035897008777,0.0,0,3,0.5616679191589355,17.86804210135502,1.7052078761045633,0.0,0,5,0.7224444150924683,18.062777093359855,4.628846070172051,0.0,0,16,0.654352605342865,8.062469326377574,-1.4716423985196725,0.0,2,8,0.607293426990509,8.508214899493177,-1.7862439229620541,0.0,2,11,0.4963250160217285,13.094890035904324,1.6355192397050273,0.0,0,13,0.6528921127319336,12.630824504137765,8.642025467913223,0.0,1,12,0.5046245455741882,12.903707703648966,5.554234658270223,0.0,0,14,0.5598528385162354,17.79917557287142,7.276758821502341,0.0,1,4,0.5953922271728516,18.316622675069887,-1.1243271232406316,0.0,1,10,0.7500304579734802,22.172039793348947,1.8548159291809385,0.0,0,17,0.7731641530990601,13.24753018134866,-1.2499912827493596,0.0,2,15,0.6544855833053589,22.676470955714557,4.53056448909976,0.0,0,20,0.7143280506134033,24.37909454528023,3.5519421811402263,0.0,0,22,0.8075343370437622,22.426512536057054,7.331185898769584,0.0,1,23,0.6978520750999451,19.350747321567578,-1.2617783185521516,0.0,2,25,0.5262985229492188,26.025178986334808,5.803829226188944,0.0,1,24,0.7757402062416077,22.844134305919535,-1.090112976808799,0.0,1,18,0.7860152125358582,26.34710297726448,0.870596747569892,0.0,1,29,0.713430643081665,26.980875297742628,3.6033938985159137,0.0,1,28,0.756405234336853
1777470422,22558780,map,2.8446049055631972,1.5206667418235478,0.0,0,0,0.5105509161949158,2.9130171132697154,-1.4211973994343716,0.0,1,1,0.5006781220436096,7.856638395617165,5.504549157104006,0.0,0,2,0.5088664889335632,7.996697292974774,1.6102035897008777,0.0,0,3,0.5610376596450806,17.86804210135502,1.7052078761045633,0.0,0,5,0.721402108669281,18.062777093359855,4.628846070172051,0.0,0,16,0.6534973978996277,8.062469326377574,-1.4716423985196725,0.0,2,8,0.6065567135810852,8.508214899493177,-1.7862439229620541,0.0,2,11,0.4958328306674957,13.094890035904324,1.6355192397050273,0.0,0,13,0.6520406603813171,12.630824504137765,8.642025467913223,0.0,1,12,0.5041157603263855,12.903707703648966,5.554234658270223,0.0,0,14,0.5592266917228699,17.79917557287142,7.276758821502341,0.0,1,4,0.5946841239929199,18.316622675069887,-1.1243271232406316,0.0,1,10,0.7489070296287537,22.172039793348947,1.8548159291809385,0.0,0,17,0.7719703912734985,13.24753018134866,-1.2499912827493596,0.0,2,15,0.6536300182342529,22.676470955714557,4.53056448909976,0.0,0,20,0.7133089900016785,24.37740315696171,3.5531659174798076,0.0,0,22,0.8077839612960815,22.426512536057054,7.331185898769584,0.0,1,23,0.6968794465065002,19.350747321567578,-1.2617783185521516,0.0,2,25,0.525745153427124,26.02691581926193,5.805880348600865,0.0,1,24,0.776282548904419,22.844134305919535,-1.090112976808799,0.0,1,18,0.7847815155982971,26.34710297726448,0.870596747569892,0.0,1,29,0.7124140858650208,26.981202495067212,3.6051014877513428,0.0,1,28,0.7572581768035889
1777470422,122742068,map,2.8446049055631972,1.5206667418235478,0.0,0,0,0.5095103979110718,2.9130171132697154,-1.4211973994343716,0.0,1,1,0.499677449464798,7.856638395617165,5.504549157104006,0.0,0,2,0.5078328251838684,7.996697292974774,1.6102035897008777,0.0,0,3,0.5597814321517944,17.86804210135502,1.7052078761045633,0.0,0,5,0.719326376914978,18.062777093359855,4.628846070172051,0.0,0,16,0.6517935991287231,8.062469326377574,-1.4716423985196725,0.0,2,8,0.6050885915756226,8.508214899493177,-1.7862439229620541,0.0,2,11,0.49485138058662415,13.094890035904324,1.6355192397050273,0.0,0,13,0.6503444314002991,12.630824504137765,8.642025467913223,0.0,1,12,0.5031012892723083,12.903707703648966,5.554234658270223,0.0,0,14,0.5579785108566284,17.79917557287142,7.276758821502341,0.0,1,4,0.593272864818573,18.316622675069887,-1.1243271232406316,0.0,1,10,0.7466703057289124,22.172039793348947,1.8548159291809385,0.0,0,17,0.7695940136909485,13.24753018134866,-1.2499912827493596,0.0,2,15,0.6519255042076111,22.676470955714557,4.53056448909976,0.0,0,20,0.7112795114517212,24.374114800845085,3.5556286194390125,0.0,0,22,0.8082684278488159,22.426512536057054,7.331185898769584,0.0,1,23,0.6949422955513,19.350747321567578,-1.2617783185521516,0.0,2,25,0.5246418118476868,26.030276645269826,5.80983702008918,0.0,1,24,0.7773382067680359,22.844134305919535,-1.090112976808799,0.0,1,18,0.7823256850242615,26.347893327842353,0.8733301635054688,0.0,1,29,0.7133309841156006,26.981888491343668,3.60840794684271,0.0,1,28,0.7589148283004761
1777470422,222638330,map,2.8446049055631972,1.5206667418235478,0.0,0,0,0.5089917182922363,2.9130171132697154,-1.4211973994343716,0.0,1,1,0.49917858839035034,7.856638395617165,5.504549157104006,0.0,0,2,0.5073175430297852,7.996697292974774,1.6102035897008777,0.0,0,3,0.5591554045677185,17.86804210135502,1.7052078761045633,0.0,0,5,0.7182930111885071,18.062777093359855,4.628846070172051,0.0,0,16,0.6509450078010559,8.062469326377574,-1.4716423985196725,0.0,2,8,0.6043572425842285,8.508214899493177,-1.7862439229620541,0.0,2,11,0.49436208605766296,13.094890035904324,1.6355192397050273,0.0,0,13,0.6494996547698975,12.630824504137765,8.642025467913223,0.0,1,12,0.5025956034660339,12.903707703648966,5.554234658270223,0.0,0,14,0.5573565363883972,17.79917557287142,7.276758821502341,0.0,1,4,0.5925697684288025,18.316622675069887,-1.1243271232406316,0.0,1,10,0.7455569505691528,22.172039793348947,1.8548159291809385,0.0,0,17,0.7684112787246704,13.24753018134866,-1.2499912827493596,0.0,2,15,0.65107661485672,22.676470955714557,4.53056448909976,0.0,0,20,0.7102690935134888,24.372622515246587,3.556969794693971,0.0,0,22,0.8085019588470459,22.426512536057054,7.331185898769584,0.0,1,23,0.6939777135848999,19.350747321567578,-1.2617783185521516,0.0,2,25,0.524091899394989,26.031899572671737,5.811774411736047,0.0,1,24,0.7778518795967102,22.844134305919535,-1.090112976808799,0.0,1,18,0.7811035513877869,26.348794116916874,0.8758953632802099,0.0,1,29,0.7152439951896667,26.982253311777065,3.6100440650115053,0.0,1,28,0.7597190737724304
1777470422,322249271,map,2.8446049055631972,1.5206667418235478,0.0,0,0,0.5079575181007385,2.9130171132697154,-1.4211973994343716,0.0,1,1,0.49818384647369385,7.856638395617165,5.504549157104006,0.0,0,2,0.5062901377677917,7.996697292974774,1.6102035897008777,0.0,0,3,0.5579075813293457,17.86804210135502,1.7052078761045633,0.0,0,5,0.7162351608276367,18.062777093359855,4.628846070172051,0.0,0,16,0.6492545008659363,8.062469326377574,-1.4716423985196725,0.0,2,8,0.6028997898101807,8.508214899493177,-1.7862439229620541,0.0,2,11,0.493386447429657,13.094890035904324,1.6355192397050273,0.0,0,13,0.6478166580200195,12.630824504137765,8.642025467913223,0.0,1,12,0.5015872120857239,12.903707703648966,5.554234658270223,0.0,0,14,0.5561167001724243,17.79917557287142,7.276758821502341,0.0,1,4,0.5911685228347778,18.316622675069887,-1.1243271232406316,0.0,1,10,0.7433401346206665,22.172039793348947,1.8548159291809385,0.0,0,17,0.7660567164421082,13.24753018134866,-1.2499912827493596,0.0,2,15,0.649385392665863,22.676470955714557,4.53056448909976,0.0,0,20,0.7082569003105164,24.368808518815957,3.5596388780092587,0.0,0,22,0.8089665174484253,22.426512536057054,7.331185898769584,0.0,1,23,0.6920566558837891,19.350747321567578,-1.2617783185521516,0.0,2,25,0.5229955315589905,26.034387709726463,5.81602962521189,0.0,1,24,0.7788586020469666,22.844134305919535,-1.090112976808799,0.0,1,18,0.7786706686019897,26.350654732279235,0.8795519078649245,0.0,1,29,0.716098964214325,26.982556481032702,3.6138410346753322,0.0,1,28,0.7612862586975098
1777470422,422583643,map,2.8446049055631972,1.5206667418235478,0.0,0,0,0.5074419975280762,2.9130171132697154,-1.4211973994343716,0.0,1,1,0.497687965631485,7.856638395617165,5.504549157104006,0.0,0,2,0.5057780146598816,7.996697292974774,1.6102035897008777,0.0,0,3,0.5572857856750488,17.86804210135502,1.7052078761045633,0.0,0,5,0.7152106165885925,18.062777093359855,4.628846070172051,0.0,0,16,0.6484125256538391,8.062469326377574,-1.4716423985196725,0.0,2,8,0.6021736860275269,8.508214899493177,-1.7862439229620541,0.0,2,11,0.4929000735282898,13.094890035904324,1.6355192397050273,0.0,0,13,0.6469783782958984,12.630824504137765,8.642025467913223,0.0,1,12,0.5010845065116882,12.903707703648966,5.554234658270223,0.0,0,14,0.5554988980293274,17.79917557287142,7.276758821502341,0.0,1,4,0.5904703736305237,18.316622675069887,-1.1243271232406316,0.0,1,10,0.7422366738319397,22.172039793348947,1.8548159291809385,0.0,0,17,0.7648847699165344,13.24753018134866,-1.2499912827493596,0.0,2,15,0.648543119430542,22.676470955714557,4.53056448909976,0.0,0,20,0.7072550654411316,24.36666971710814,3.56103031305208,0.0,0,22,0.8091952800750732,22.426512536057054,7.331185898769584,0.0,1,23,0.6911000609397888,19.350747321567578,-1.2617783185521516,0.0,2,25,0.5224490165710449,26.035281334817984,5.818490857158497,0.0,1,24,0.7793511748313904,22.844134305919535,-1.090112976808799,0.0,1,18,0.7774598598480225,26.351265531344975,0.8826627364914158,0.0,1,29,0.7179516553878784,26.98247171482781,3.6161377010018114,0.0,1,28,0.7620499134063721
1777470422,522351534,map,2.8446049055631972,1.5206667418235478,0.0,0,0,0.5064141154289246,2.9130171132697154,-1.4211973994343716,0.0,1,1,0.49669915437698364,7.856638395617165,5.504549157104006,0.0,0,2,0.5047568082809448,7.996697292974774,1.6102035897008777,0.0,0,3,0.5560462474822998,17.86804210135502,1.7052078761045633,0.0,0,5,0.7131703495979309,18.062777093359855,4.628846070172051,0.0,0,16,0.6467351317405701,8.062469326377574,-1.4716423985196725,0.0,2,8,0.6007267236709595,8.508214899493177,-1.7862439229620541,0.0,2,11,0.49193018674850464,13.094890035904324,1.6355192397050273,0.0,0,13,0.6453083753585815,12.630824504137765,8.642025467913223,0.0,1,12,0.5000821948051453,12.903707703648966,5.554234658270223,0.0,0,14,0.5542672872543335,17.79917557287142,7.276758821502341,0.0,1,4,0.5890790224075317,18.316622675069887,-1.1243271232406316,0.0,1,10,0.7400395274162292,22.172039793348947,1.8548159291809385,0.0,0,17,0.7625517249107361,13.24753018134866,-1.2499912827493596,0.0,2,15,0.6468650102615356,22.676470955714557,4.53056448909976,0.0,0,20,0.7052598595619202,24.362173743063913,3.564213715480819,0.0,0,22,0.809642493724823,22.426512536057054,7.331185898769584,0.0,1,23,0.6891948580741882,19.350747321567578,-1.2617783185521516,0.0,2,25,0.5213595032691956,26.036145172623463,5.8238040696218745,0.0,1,24,0.7803192138671875,22.844134305919535,-1.090112976808799,0.0,1,18,0.77504962682724,26.352699973951683,0.8903781700013682,0.0,1,29,0.7215263843536377,26.981703781901007,3.6213156635842734,0.0,1,28,0.7635407447814941
1777470422,624452372,map,2.8446049055631972,1.5206667418235478,0.0,0,0,0.5059016942977905,2.9130171132697154,-1.4211973994343716,0.0,1,1,0.49620622396469116,7.856638395617165,5.504549157104006,0.0,0,2,0.504247784614563,7.996697292974774,1.6102035897008777,0.0,0,3,0.5554285645484924,17.86804210135502,1.7052078761045633,0.0,0,5,0.7121546268463135,18.062777093359855,4.628846070172051,0.0,0,16,0.6458997130393982,8.062469326377574,-1.4716423985196725,0.0,2,8,0.6000058054924011,8.508214899493177,-1.7862439229620541,0.0,2,11,0.49144667387008667,13.094890035904324,1.6355192397050273,0.0,0,13,0.644476592540741,12.630824504137765,8.642025467913223,0.0,1,12,0.49958252906799316,12.903707703648966,5.554234658270223,0.0,0,14,0.5536535382270813,17.79917557287142,7.276758821502341,0.0,1,4,0.588385820388794,18.316622675069887,-1.1243271232406316,0.0,1,10,0.7389458417892456,22.172039793348947,1.8548159291809385,0.0,0,17,0.7613905668258667,13.24753018134866,-1.2499912827493596,0.0,2,15,0.6460292339324951,22.676470955714557,4.53056448909976,0.0,0,20,0.7042664885520935,24.35978389633937,3.566004672132276,0.0,0,22,0.8098615407943726,22.426512536057054,7.331185898769584,0.0,1,23,0.6882461905479431,19.350747321567578,-1.2617783185521516,0.0,2,25,0.520816445350647,26.036491480215048,5.826466396973104,0.0,1,24,0.7807907462120056,22.844134305919535,-1.090112976808799,0.0,1,18,0.7738500833511353,26.353167680709216,0.8948610317666694,0.0,1,29,0.7232562303543091,26.981279378949957,3.62393841806308,0.0,1,28,0.7642656564712524
1777470422,722585151,map,2.8446049055631972,1.5206667418235478,0.0,0,0,0.5048800110816956,2.9130171132697154,-1.4211973994343716,0.0,1,1,0.4952233135700226,7.856638395617165,5.504549157104006,0.0,0,2,0.5032327771186829,7.996697292974774,1.6102035897008777,0.0,0,3,0.5541973114013672,17.86804210135502,1.7052078761045633,0.0,0,5,0.7101317048072815,18.062777093359855,4.628846070172051,0.0,0,16,0.6442352533340454,8.062469326377574,-1.4716423985196725,0.0,2,8,0.5985692143440247,8.508214899493177,-1.7862439229620541,0.0,2,11,0.49048247933387756,13.094890035904324,1.6355192397050273,0.0,0,13,0.6428194642066956,12.630824504137765,8.642025467913223,0.0,1,12,0.49858617782592773,12.903707703648966,5.554234658270223,0.0,0,14,0.5524301528930664,17.79917557287142,7.276758821502341,0.0,1,4,0.5870043039321899,18.316622675069887,-1.1243271232406316,0.0,1,10,0.7367680668830872,22.172039793348947,1.8548159291809385,0.0,0,17,0.7590787410736084,13.24753018134866,-1.2499912827493596,0.0,2,15,0.6443641185760498,22.676470955714557,4.53056448909976,0.0,0,20,0.7022880911827087,24.355316641816124,3.569155089200009,0.0,0,22,0.8102850317955017,22.426512536057054,7.331185898769584,0.0,1,23,0.6863566637039185,19.350747321567578,-1.2617783185521516,0.0,2,25,0.5197336673736572,26.03748984034976,5.831547091111762,0.0,1,24,0.7817046642303467,22.844134305919535,-1.090112976808799,0.0,1,18,0.771462082862854,26.35495390841644,0.9059354004309926,0.0,1,29,0.726585328578949,26.98061240099228,3.628838968848258,0.0,1,28,0.765673041343689
1777470422,822604240,map,2.8446049055631972,1.5206667418235478,0.0,0,0,0.5043707489967346,2.9130171132697154,-1.4211973994343716,0.0,1,1,0.4947333037853241,7.856638395617165,5.504549157104006,0.0,0,2,0.5027267932891846,7.996697292974774,1.6102035897008777,0.0,0,3,0.5535836815834045,17.86804210135502,1.7052078761045633,0.0,0,5,0.7091245651245117,18.062777093359855,4.628846070172051,0.0,0,16,0.6434062123298645,8.062469326377574,-1.4716423985196725,0.0,2,8,0.5978535413742065,8.508214899493177,-1.7862439229620541,0.0,2,11,0.4900017976760864,13.094890035904324,1.6355192397050273,0.0,0,13,0.6419941186904907,12.630824504137765,8.642025467913223,0.0,1,12,0.4980894923210144,12.903707703648966,5.554234658270223,0.0,0,14,0.5518204569816589,17.79917557287142,7.276758821502341,0.0,1,4,0.586315929889679,18.316622675069887,-1.1243271232406316,0.0,1,10,0.7356840372085571,22.172039793348947,1.8548159291809385,0.0,0,17,0.7579280734062195,13.24753018134866,-1.2499912827493596,0.0,2,15,0.643534779548645,22.676470955714557,4.53056448909976,0.0,0,20,0.7013030648231506,24.352978728047137,3.570660579645492,0.0,0,22,0.8104925155639648,22.426512536057054,7.331185898769584,0.0,1,23,0.6854158043861389,19.350747321567578,-1.2617783185521516,0.0,2,25,0.5191940069198608,26.03789501588033,5.834149895662843,0.0,1,24,0.7821499109268188,22.844134305919535,-1.090112976808799,0.0,1,18,0.7702736258506775,26.35495390841644,0.9059354004309926,0.0,1,29,0.7255309820175171,26.980144471162614,3.6313065266568456,0.0,1,28,0.7663587331771851
1777470422,922607801,map,2.8446049055631972,1.5206667418235478,0.0,0,0,0.5033552050590515,2.9130171132697154,-1.4211973994343716,0.0,1,1,0.49375617504119873,7.856638395617165,5.504549157104006,0.0,0,2,0.5017178654670715,7.996697292974774,1.6102035897008777,0.0,0,3,0.5523605942726135,17.86804210135502,1.7052078761045633,0.0,0,5,0.707118809223175,18.062777093359855,4.628846070172051,0.0,0,16,0.6417545676231384,8.062469326377574,-1.4716423985196725,0.0,2,8,0.5964272022247314,8.508214899493177,-1.7862439229620541,0.0,2,11,0.489043265581131,13.094890035904324,1.6355192397050273,0.0,0,13,0.6403496861457825,12.630824504137765,8.642025467913223,0.0,1,12,0.4970991015434265,12.903707703648966,5.554234658270223,0.0,0,14,0.5506051182746887,17.79917557287142,7.276758821502341,0.0,1,4,0.5849441289901733,18.316622675069887,-1.1243271232406316,0.0,1,10,0.7335254549980164,22.172039793348947,1.8548159291809385,0.0,0,17,0.7556371688842773,13.24753018134866,-1.2499912827493596,0.0,2,15,0.6418824791908264,22.676470955714557,4.53056448909976,0.0,0,20,0.6993412971496582,24.348425724839114,3.573969823675573,0.0,0,22,0.8108946084976196,22.426512536057054,7.331185898769584,0.0,1,23,0.6835417151451111,19.350747321567578,-1.2617783185521516,0.0,2,25,0.5181180238723755,26.039040691143292,5.839157630621288,0.0,1,24,0.7830122709274292,22.844134305919535,-1.090112976808799,0.0,1,18,0.7679076194763184,26.35495390841644,0.9059354004309926,0.0,1,29,0.7234315276145935,26.979526437223825,3.635989010913851,0.0,1,28,0.7676883935928345
1777470423,22626807,map,2.8446049055631972,1.5206667418235478,0.0,0,0,0.5028489828109741,2.9130171132697154,-1.4211973994343716,0.0,1,1,0.49326908588409424,7.856638395617165,5.504549157104006,0.0,0,2,0.5012149214744568,7.996697292974774,1.6102035897008777,0.0,0,3,0.5517510771751404,17.86804210135502,1.7052078761045633,0.0,0,5,0.7061201930046082,18.062777093359855,4.628846070172051,0.0,0,16,0.6409319639205933,8.062469326377574,-1.4716423985196725,0.0,2,8,0.5957165956497192,8.508214899493177,-1.7862439229620541,0.0,2,11,0.4885654151439667,13.094890035904324,1.6355192397050273,0.0,0,13,0.6395306587219238,12.630824504137765,8.642025467913223,0.0,1,12,0.49660536646842957,12.903707703648966,5.554234658270223,0.0,0,14,0.549999475479126,17.79917557287142,7.276758821502341,0.0,1,4,0.5842605829238892,18.316622675069887,-1.1243271232406316,0.0,1,10,0.7324509024620056,22.172039793348947,1.8548159291809385,0.0,0,17,0.7544969320297241,13.24753018134866,-1.2499912827493596,0.0,2,15,0.6410595178604126,22.676470955714557,4.53056448909976,0.0,0,20,0.6983644962310791,24.34634605302938,3.5758007431329335,0.0,0,22,0.8110876679420471,22.426512536057054,7.331185898769584,0.0,1,23,0.6826085448265076,19.350747321567578,-1.2617783185521516,0.0,2,25,0.5175816416740417,26.039730766727775,5.841651717428107,0.0,1,24,0.7834300994873047,22.844134305919535,-1.090112976808799,0.0,1,18,0.7667300701141357,26.35495390841644,0.9059354004309926,0.0,1,29,0.7223863005638123,26.979299946647483,3.638278819433189,0.0,1,28,0.7683337330818176
1777470423,122634340,map,2.8446049055631972,1.5206667418235478,0.0,0,0,0.5018396377563477,2.9130171132697154,-1.4211973994343716,0.0,1,1,0.4922977387905121,7.856638395617165,5.504549157104006,0.0,0,2,0.5002120733261108,7.996697292974774,1.6102035897008777,0.0,0,3,0.550536036491394,17.86804210135502,1.7052078761045633,0.0,0,5,0.7041313648223877,18.062777093359855,4.628846070172051,0.0,0,16,0.6392929553985596,8.062469326377574,-1.4716423985196725,0.0,2,8,0.5943005084991455,8.508214899493177,-1.7862439229620541,0.0,2,11,0.4876124858856201,13.094890035904324,1.6355192397050273,0.0,0,13,0.637898862361908,12.630824504137765,8.642025467913223,0.0,1,12,0.49562087655067444,12.903707703648966,5.554234658270223,0.0,0,14,0.5487921237945557,17.79917557287142,7.276758821502341,0.0,1,4,0.5828983187675476,18.316622675069887,-1.1243271232406316,0.0,1,10,0.7303112745285034,22.172039793348947,1.8548159291809385,0.0,0,17,0.752226710319519,13.24753018134866,-1.2499912827493596,0.0,2,15,0.6394199132919312,22.676470955714557,4.53056448909976,0.0,0,20,0.6964190602302551,24.342319625199504,3.5791894207186887,0.0,0,22,0.81146240234375,22.426512536057054,7.331185898769584,0.0,1,23,0.6807498335838318,19.350747321567578,-1.2617783185521516,0.0,2,25,0.5165123343467712,26.041046601319927,5.846711265705705,0.0,1,24,0.7842432260513306,22.844134305919535,-1.090112976808799,0.0,1,18,0.7643857598304749,26.35495390841644,0.9059354004309926,0.0,1,29,0.7203049659729004,26.978853262214116,3.642915495624311,0.0,1,28,0.7695885300636292
1777470423,222817735,map,2.8446049055631972,1.5206667418235478,0.0,0,0,0.5013364553451538,2.9130171132697154,-1.4211973994343716,0.0,1,1,0.4918135106563568,7.856638395617165,5.504549157104006,0.0,0,2,0.49971216917037964,7.996697292974774,1.6102035897008777,0.0,0,3,0.5499305129051208,17.86804210135502,1.7052078761045633,0.0,0,5,0.7031412124633789,18.062777093359855,4.628846070172051,0.0,0,16,0.6384766101837158,8.062469326377574,-1.4716423985196725,0.0,2,8,0.5935949087142944,8.508214899493177,-1.7862439229620541,0.0,2,11,0.48713743686676025,13.094890035904324,1.6355192397050273,0.0,0,13,0.637086033821106,12.630824504137765,8.642025467913223,0.0,1,12,0.4951300621032715,12.903707703648966,5.554234658270223,0.0,0,14,0.5481904149055481,17.79917557287142,7.276758821502341,0.0,1,4,0.5822196006774902,18.316622675069887,-1.1243271232406316,0.0,1,10,0.7292460799217224,22.172039793348947,1.8548159291809385,0.0,0,17,0.7510967254638672,13.24753018134866,-1.2499912827493596,0.0,2,15,0.6386032104492188,22.676470955714557,4.53056448909976,0.0,0,20,0.6954504251480103,24.34027362993354,3.5807167025977304,0.0,0,22,0.8116455674171448,22.426512536057054,7.331185898769584,0.0,1,23,0.6798242330551147,19.350747321567578,-1.2617783185521516,0.0,2,25,0.5159792900085449,26.041781202797463,5.849182766322488,0.0,1,24,0.7846378087997437,22.844134305919535,-1.090112976808799,0.0,1,18,0.7632189393043518,26.35495390841644,0.9059354004309926,0.0,1,29,0.719268798828125,26.978678290074217,3.6451446180547755,0.0,1,28,0.7701981067657471
1777470423,322378635,map,2.8446049055631972,1.5206667418235478,0.0,0,0,0.5003330707550049,2.9130171132697154,-1.4211973994343716,0.0,1,1,0.4908478856086731,7.856638395617165,5.504549157104006,0.0,0,2,0.4987153112888336,7.996697292974774,1.6102035897008777,0.0,0,3,0.5487234592437744,17.86804210135502,1.7052078761045633,0.0,0,5,0.7011690735816956,18.062777093359855,4.628846070172051,0.0,0,16,0.6368501782417297,8.062469326377574,-1.4716423985196725,0.0,2,8,0.592188835144043,8.508214899493177,-1.7862439229620541,0.0,2,11,0.4861900508403778,13.094890035904324,1.6355192397050273,0.0,0,13,0.6354666352272034,12.630824504137765,8.642025467913223,0.0,1,12,0.49415138363838196,12.903707703648966,5.554234658270223,0.0,0,14,0.5469909906387329,17.79917557287142,7.276758821502341,0.0,1,4,0.580866813659668,18.316622675069887,-1.1243271232406316,0.0,1,10,0.7271251082420349,22.172039793348947,1.8548159291809385,0.0,0,17,0.7488468885421753,13.24753018134866,-1.2499912827493596,0.0,2,15,0.6369761228561401,22.676470955714557,4.53056448909976,0.0,0,20,0.6935212016105652,24.33633497828522,3.5840586895719473,0.0,0,22,0.8119998574256897,22.426512536057054,7.331185898769584,0.0,1,23,0.6779806017875671,19.350747321567578,-1.2617783185521516,0.0,2,25,0.5149165391921997,26.043252437369805,5.853971021670676,0.0,1,24,0.785405695438385,22.844134305919535,-1.090112976808799,0.0,1,18,0.7608960270881653,26.35495390841644,0.9059354004309926,0.0,1,29,0.7172053456306458,26.978305209441984,3.649408171051335,0.0,1,28,0.7713844180107117
1777470423,422756333,map,2.8446049055631972,1.5206667418235478,0.0,0,0,0.4998329281806946,2.9130171132697154,-1.4211973994343716,0.0,1,1,0.49036648869514465,7.856638395617165,5.504549157104006,0.0,0,2,0.4982183575630188,7.996697292974774,1.6102035897008777,0.0,0,3,0.5481219291687012,17.86804210135502,1.7052078761045633,0.0,0,5,0.7001872062683105,18.062777093359855,4.628846070172051,0.0,0,16,0.6360400319099426,8.062469326377574,-1.4716423985196725,0.0,2,8,0.5914883017539978,8.508214899493177,-1.7862439229620541,0.0,2,11,0.4857177734375,13.094890035904324,1.6355192397050273,0.0,0,13,0.6346600651741028,12.630824504137765,8.642025467913223,0.0,1,12,0.4936635196208954,12.903707703648966,5.554234658270223,0.0,0,14,0.5463932752609253,17.79917557287142,7.276758821502341,0.0,1,4,0.5801928043365479,18.316622675069887,-1.1243271232406316,0.0,1,10,0.7260692119598389,22.172039793348947,1.8548159291809385,0.0,0,17,0.7477270364761353,13.24753018134866,-1.2499912827493596,0.0,2,15,0.6361656785011292,22.676470955714557,4.53056448909976,0.0,0,20,0.6925605535507202,24.334670634517792,3.585781260348391,0.0,0,22,0.812168538570404,22.426512536057054,7.331185898769584,0.0,1,23,0.6770625114440918,19.350747321567578,-1.2617783185521516,0.0,2,25,0.5143868327140808,26.044368877761773,5.856139103204507,0.0,1,24,0.7857749462127686,22.844134305919535,-1.090112976808799,0.0,1,18,0.759739875793457,26.35495390841644,0.9059354004309926,0.0,1,29,0.7161780595779419,26.97837654634023,3.651241057812154,0.0,1,28,0.7719584703445435
1777470423,522691930,map,2.8446049055631972,1.5206667418235478,0.0,0,0,0.49883559346199036,2.9130171132697154,-1.4211973994343716,0.0,1,1,0.4894065260887146,7.856638395617165,5.504549157104006,0.0,0,2,0.4972274601459503,7.996697292974774,1.6102035897008777,0.0,0,3,0.5469228029251099,17.86804210135502,1.7052078761045633,0.0,0,5,0.6982316374778748,18.062777093359855,4.628846070172051,0.0,0,16,0.6344259977340698,8.062469326377574,-1.4716423985196725,0.0,2,8,0.5900921821594238,8.508214899493177,-1.7862439229620541,0.0,2,11,0.4847759008407593,13.094890035904324,1.6355192397050273,0.0,0,13,0.6330529451370239,12.630824504137765,8.642025467913223,0.0,1,12,0.4926906228065491,12.903707703648966,5.554234658270223,0.0,0,14,0.5452016592025757,17.79917557287142,7.276758821502341,0.0,1,4,0.5788493752479553,18.316622675069887,-1.1243271232406316,0.0,1,10,0.7239665985107422,22.172039793348947,1.8548159291809385,0.0,0,17,0.7454973459243774,13.24753018134866,-1.2499912827493596,0.0,2,15,0.6345509886741638,22.676470955714557,4.53056448909976,0.0,0,20,0.690647304058075,24.331257461538744,3.589244302669446,0.0,0,22,0.8124979138374329,22.426512536057054,7.331185898769584,0.0,1,23,0.6752338409423828,19.350747321567578,-1.2617783185521516,0.0,2,25,0.5133306384086609,26.04684314514474,5.860292062938072,0.0,1,24,0.786490797996521,22.844134305919535,-1.090112976808799,0.0,1,18,0.757438063621521,26.35495390841644,0.9059354004309926,0.0,1,29,0.7141322493553162,26.97876063926499,3.654673707298267,0.0,1,28,0.7730724811553955
1777470423,625088063,map,2.8446049055631972,1.5206667418235478,0.0,0,0,0.49833840131759644,2.9130171132697154,-1.4211973994343716,0.0,1,1,0.488927960395813,7.856638395617165,5.504549157104006,0.0,0,2,0.4967334568500519,7.996697292974774,1.6102035897008777,0.0,0,3,0.5463252067565918,17.86804210135502,1.7052078761045633,0.0,0,5,0.697257936000824,18.062777093359855,4.628846070172051,0.0,0,16,0.6336219906806946,8.062469326377574,-1.4716423985196725,0.0,2,8,0.589396595954895,8.508214899493177,-1.7862439229620541,0.0,2,11,0.48430633544921875,13.094890035904324,1.6355192397050273,0.0,0,13,0.6322524547576904,12.630824504137765,8.642025467913223,0.0,1,12,0.49220559000968933,12.903707703648966,5.554234658270223,0.0,0,14,0.5446078181266785,17.79917557287142,7.276758821502341,0.0,1,4,0.5781800150871277,18.316622675069887,-1.1243271232406316,0.0,1,10,0.7229198813438416,22.172039793348947,1.8548159291809385,0.0,0,17,0.7443874478340149,13.24753018134866,-1.2499912827493596,0.0,2,15,0.6337466835975647,22.676470955714557,4.53056448909976,0.0,0,20,0.6896946430206299,24.32931861328653,3.5907563633805664,0.0,0,22,0.8126615285873413,22.426512536057054,7.331185898769584,0.0,1,23,0.6743232011795044,19.350747321567578,-1.2617783185521516,0.0,2,25,0.5128041505813599,26.047895470449696,5.862441045039624,0.0,1,24,0.7868408560752869,22.844134305919535,-1.090112976808799,0.0,1,18,0.7562923431396484,26.35495390841644,0.9059354004309926,0.0,1,29,0.7131137251853943,26.978903357753364,3.6565006437415093,0.0,1,28,0.7736146450042725
1777470423,722427906,map,2.8446049055631972,1.5206667418235478,0.0,0,0,0.49734702706336975,2.9130171132697154,-1.4211973994343716,0.0,1,1,0.4879736304283142,7.856638395617165,5.504549157104006,0.0,0,2,0.49574846029281616,7.996697292974774,1.6102035897008777,0.0,0,3,0.5451339483261108,17.86804210135502,1.7052078761045633,0.0,0,5,0.6953186392784119,18.062777093359855,4.628846070172051,0.0,0,16,0.6320201754570007,8.062469326377574,-1.4716423985196725,0.0,2,8,0.588010311126709,8.508214899493177,-1.7862439229620541,0.0,2,11,0.48336994647979736,13.094890035904324,1.6355192397050273,0.0,0,13,0.6306574940681458,12.630824504137765,8.642025467913223,0.0,1,12,0.49123844504356384,12.903707703648966,5.554234658270223,0.0,0,14,0.5434240102767944,17.79917557287142,7.276758821502341,0.0,1,4,0.5768459439277649,18.316622675069887,-1.1243271232406316,0.0,1,10,0.7208354473114014,22.172039793348947,1.8548159291809385,0.0,0,17,0.7421776056289673,13.24753018134866,-1.2499912827493596,0.0,2,15,0.6321442127227783,22.676470955714557,4.53056448909976,0.0,0,20,0.6877971291542053,24.325566235620624,3.594077928974139,0.0,0,22,0.8129781484603882,22.426512536057054,7.331185898769584,0.0,1,23,0.6725092530250549,19.350747321567578,-1.2617783185521516,0.0,2,25,0.5117543935775757,26.04904723762022,5.867239255407762,0.0,1,24,0.7875320315361023,22.844134305919535,-1.090112976808799,0.0,1,18,0.754011332988739,26.35495390841644,0.9059354004309926,0.0,1,29,0.7110853791236877,26.97857566844729,3.660749908810586,0.0,1,28,0.7746760845184326
1777470423,822761098,map,2.8446049055631972,1.5206667418235478,0.0,0,0,0.4968527853488922,2.9130171132697154,-1.4211973994343716,0.0,1,1,0.48749786615371704,7.856638395617165,5.504549157104006,0.0,0,2,0.4952574074268341,7.996697292974774,1.6102035897008777,0.0,0,3,0.5445402264595032,17.86804210135502,1.7052078761045633,0.0,0,5,0.6943531036376953,18.062777093359855,4.628846070172051,0.0,0,16,0.6312222480773926,8.062469326377574,-1.4716423985196725,0.0,2,8,0.5873196125030518,8.508214899493177,-1.7862439229620541,0.0,2,11,0.4829030930995941,13.094890035904324,1.6355192397050273,0.0,0,13,0.6298630833625793,12.630824504137765,8.642025467913223,0.0,1,12,0.4907562732696533,12.903707703648966,5.554234658270223,0.0,0,14,0.5428340435028076,17.79917557287142,7.276758821502341,0.0,1,4,0.5761812329292297,18.316622675069887,-1.1243271232406316,0.0,1,10,0.7197977304458618,22.172039793348947,1.8548159291809385,0.0,0,17,0.7410775423049927,13.24753018134866,-1.2499912827493596,0.0,2,15,0.6313459873199463,22.676470955714557,4.53056448909976,0.0,0,20,0.6868523359298706,24.323486277652712,3.5959030143574147,0.0,0,22,0.813134491443634,22.426512536057054,7.331185898769584,0.0,1,23,0.6716058850288391,19.350747321567578,-1.2617783185521516,0.0,2,25,0.5112311840057373,26.049075154450342,5.869929850514746,0.0,1,24,0.7878740429878235,22.844134305919535,-1.090112976808799,0.0,1,18,0.7528759837150574,26.35495390841644,0.9059354004309926,0.0,1,29,0.7100755572319031,26.97804359456,3.663264460592772,0.0,1,28,0.7751963138580322
1777470423,922699247,map,2.8446049055631972,1.5206667418235478,0.0,0,0,0.4958673119544983,2.9130171132697154,-1.4211973994343716,0.0,1,1,0.4865490794181824,7.856638395617165,5.504549157104006,0.0,0,2,0.494278222322464,7.996697292974774,1.6102035897008777,0.0,0,3,0.543356716632843,17.86804210135502,1.7052078761045633,0.0,0,5,0.6924299001693726,18.062777093359855,4.628846070172051,0.0,0,16,0.6296325325965881,8.062469326377574,-1.4716423985196725,0.0,2,8,0.5859430432319641,8.508214899493177,-1.7862439229620541,0.0,2,11,0.4819721281528473,13.094890035904324,1.6355192397050273,0.0,0,13,0.6282801628112793,12.630824504137765,8.642025467913223,0.0,1,12,0.4897947907447815,12.903707703648966,5.554234658270223,0.0,0,14,0.5416579246520996,17.79917557287142,7.276758821502341,0.0,1,4,0.5748563408851624,18.316622675069887,-1.1243271232406316,0.0,1,10,0.717731237411499,22.172039793348947,1.8548159291809385,0.0,0,17,0.7388872504234314,13.24753018134866,-1.2499912827493596,0.0,2,15,0.6297556161880493,22.676470955714557,4.53056448909976,0.0,0,20,0.6849704384803772,24.319622429913714,3.5995405101546374,0.0,0,22,0.8134354948997498,22.426512536057054,7.331185898769584,0.0,1,23,0.6698065400123596,19.350747321567578,-1.2617783185521516,0.0,2,25,0.5101878643035889,26.04919543722526,5.875491586102444,0.0,1,24,0.7885383367538452,22.844134305919535,-1.090112976808799,0.0,1,18,0.7506154775619507,26.35495390841644,0.9059354004309926,0.0,1,29,0.7080644369125366,26.977052885340537,3.6685022174618958,0.0,1,28,0.7762073874473572
1777470424,22776148,map,2.8446049055631972,1.5206667418235478,0.0,0,0,0.49537602066993713,2.9130171132697154,-1.4211973994343716,0.0,1,1,0.48607608675956726,7.856638395617165,5.504549157104006,0.0,0,2,0.4937900900840759,7.996697292974774,1.6102035897008777,0.0,0,3,0.5427669286727905,17.86804210135502,1.7052078761045633,0.0,0,5,0.6914722919464111,18.062777093359855,4.628846070172051,0.0,0,16,0.6288406252861023,8.062469326377574,-1.4716423985196725,0.0,2,8,0.5852571725845337,8.508214899493177,-1.7862439229620541,0.0,2,11,0.4815079867839813,13.094890035904324,1.6355192397050273,0.0,0,13,0.6274916529655457,12.630824504137765,8.642025467913223,0.0,1,12,0.4893154799938202,12.903707703648966,5.554234658270223,0.0,0,14,0.5410717725753784,17.79917557287142,7.276758821502341,0.0,1,4,0.5741961598396301,18.316622675069887,-1.1243271232406316,0.0,1,10,0.7167024612426758,22.172039793348947,1.8548159291809385,0.0,0,17,0.7377969622612,13.24753018134866,-1.2499912827493596,0.0,2,15,0.6289634108543396,22.676470955714557,4.53056448909976,0.0,0,20,0.6840333342552185,24.317630440637256,3.6012464702405538,0.0,0,22,0.8135830760002136,22.426512536057054,7.331185898769584,0.0,1,23,0.6689104437828064,19.350747321567578,-1.2617783185521516,0.0,2,25,0.5096678137779236,26.049126497453425,5.878227281759698,0.0,1,24,0.7888631820678711,22.844134305919535,-1.090112976808799,0.0,1,18,0.7494903206825256,26.35495390841644,0.9059354004309926,0.0,1,29,0.7070631384849548,26.97642126495366,3.6710628200171302,0.0,1,28,0.7767010927200317
1777470424,122513772,map,2.8446049055631972,1.5206667418235478,0.0,0,0,0.4943963885307312,2.9130171132697154,-1.4211973994343716,0.0,1,1,0.4851328432559967,7.856638395617165,5.504549157104006,0.0,0,2,0.492816686630249,7.996697292974774,1.6102035897008777,0.0,0,3,0.5415910482406616,17.86804210135502,1.7052078761045633,0.0,0,5,0.6895650625228882,18.062777093359855,4.628846070172051,0.0,0,16,0.6272628307342529,8.062469326377574,-1.4716423985196725,0.0,2,8,0.5838903188705444,8.508214899493177,-1.7862439229620541,0.0,2,11,0.4805823564529419,13.094890035904324,1.6355192397050273,0.0,0,13,0.6259205937385559,12.630824504137765,8.642025467913223,0.0,1,12,0.48835963010787964,12.903707703648966,5.554234658270223,0.0,0,14,0.5399032831192017,17.79917557287142,7.276758821502341,0.0,1,4,0.5728803873062134,18.316622675069887,-1.1243271232406316,0.0,1,10,0.7146536707878113,22.172039793348947,1.8548159291809385,0.0,0,17,0.7356259822845459,13.24753018134866,-1.2499912827493596,0.0,2,15,0.6273850202560425,22.676470955714557,4.53056448909976,0.0,0,20,0.6821668148040771,24.313509443871272,3.6050269706754157,0.0,0,22,0.8138715028762817,22.426512536057054,7.331185898769584,0.0,1,23,0.6671254634857178,19.350747321567578,-1.2617783185521516,0.0,2,25,0.5086308717727661,26.048931436028493,5.883698044048492,0.0,1,24,0.789496123790741,22.844134305919535,-1.090112976808799,0.0,1,18,0.7472501397132874,26.35495390841644,0.9059354004309926,0.0,1,29,0.7050690054893494,26.975093049721334,3.676155286861258,0.0,1,28,0.7776629328727722
1777470424,224089033,map,2.8446049055631972,1.5206667418235478,0.0,0,0,0.4934206008911133,2.9130171132697154,-1.4211973994343716,0.0,1,1,0.48419326543807983,7.856638395617165,5.504549157104006,0.0,0,2,0.49184712767601013,7.996697292974774,1.6102035897008777,0.0,0,3,0.5404202938079834,17.86804210135502,1.7052078761045633,0.0,0,5,0.6876682639122009,18.062777093359855,4.628846070172051,0.0,0,16,0.6256929636001587,8.062469326377574,-1.4716423985196725,0.0,2,8,0.5825297832489014,8.508214899493177,-1.7862439229620541,0.0,2,11,0.479660302400589,13.094890035904324,1.6355192397050273,0.0,0,13,0.6243574023246765,12.630824504137765,8.642025467913223,0.0,1,12,0.48740750551223755,12.903707703648966,5.554234658270223,0.0,0,14,0.538739800453186,17.79917557287142,7.276758821502341,0.0,1,4,0.571570634841919,18.316622675069887,-1.1243271232406316,0.0,1,10,0.7126165628433228,22.172039793348947,1.8548159291809385,0.0,0,17,0.7334677577018738,13.24753018134866,-1.2499912827493596,0.0,2,15,0.6258144974708557,22.676470955714557,4.53056448909976,0.0,0,20,0.6803104877471924,24.309354611109708,3.608998097852206,0.0,0,22,0.8141501545906067,22.426512536057054,7.331185898769584,0.0,1,23,0.6653499603271484,19.350747321567578,-1.2617783185521516,0.0,2,25,0.5075981616973877,26.048632121473084,5.889353248736264,0.0,1,24,0.790107250213623,22.844134305919535,-1.090112976808799,0.0,1,18,0.745023250579834,26.35495390841644,0.9059354004309926,0.0,1,29,0.7030861377716064,26.973731238209595,3.681409404515068,0.0,1,28,0.778590738773346
1777470424,322610495,map,2.8446049055631972,1.5206667418235478,0.0,0,0,0.49293413758277893,2.9130171132697154,-1.4211973994343716,0.0,1,1,0.48372483253479004,7.856638395617165,5.504549157104006,0.0,0,2,0.4913637936115265,7.996697292974774,1.6102035897008777,0.0,0,3,0.5398368239402771,17.86804210135502,1.7052078761045633,0.0,0,5,0.6867238283157349,18.062777093359855,4.628846070172051,0.0,0,16,0.6249109506607056,8.062469326377574,-1.4716423985196725,0.0,2,8,0.5818518400192261,8.508214899493177,-1.7862439229620541,0.0,2,11,0.4792005717754364,13.094890035904324,1.6355192397050273,0.0,0,13,0.6235787272453308,12.630824504137765,8.642025467913223,0.0,1,12,0.4869328439235687,12.903707703648966,5.554234658270223,0.0,0,14,0.538159966468811,17.79917557287142,7.276758821502341,0.0,1,4,0.5709179639816284,18.316622675069887,-1.1243271232406316,0.0,1,10,0.7116023898124695,22.172039793348947,1.8548159291809385,0.0,0,17,0.7323933839797974,13.24753018134866,-1.2499912827493596,0.0,2,15,0.6250321865081787,22.676470955714557,4.53056448909976,0.0,0,20,0.6793861389160156,24.307294365837173,3.6112195771850057,0.0,0,22,0.8142852783203125,22.426512536057054,7.331185898769584,0.0,1,23,0.6644657850265503,19.350747321567578,-1.2617783185521516,0.0,2,25,0.5070833563804626,26.048429615631427,5.892227786745487,0.0,1,24,0.7904051542282104,22.844134305919535,-1.090112976808799,0.0,1,18,0.743914783000946,26.35495390841644,0.9059354004309926,0.0,1,29,0.7020988464355469,26.972990089059603,3.684054052463938,0.0,1,28,0.7790429592132568
1777470424,423311943,map,2.8446049055631972,1.5206667418235478,0.0,0,0,0.4919641315937042,2.9130171132697154,-1.4211973994343716,0.0,1,1,0.48279067873954773,7.856638395617165,5.504549157104006,0.0,0,2,0.49039992690086365,7.996697292974774,1.6102035897008777,0.0,0,3,0.5386736392974854,17.86804210135502,1.7052078761045633,0.0,0,5,0.6848426461219788,18.062777093359855,4.628846070172051,0.0,0,16,0.6233527660369873,8.062469326377574,-1.4716423985196725,0.0,2,8,0.5805007815361023,8.508214899493177,-1.7862439229620541,0.0,2,11,0.4782838225364685,13.094890035904324,1.6355192397050273,0.0,0,13,0.6220272183418274,12.630824504137765,8.642025467913223,0.0,1,12,0.48598626255989075,12.903707703648966,5.554234658270223,0.0,0,14,0.5370039939880371,17.79917557287142,7.276758821502341,0.0,1,4,0.5696171522140503,18.316622675069887,-1.1243271232406316,0.0,1,10,0.7095826268196106,22.172039793348947,1.8548159291809385,0.0,0,17,0.730254054069519,13.24753018134866,-1.2499912827493596,0.0,2,15,0.6234734654426575,22.676470955714557,4.53056448909976,0.0,0,20,0.6775448322296143,24.303067606256697,3.6155510767887296,0.0,0,22,0.8145501017570496,22.426512536057054,7.331185898769584,0.0,1,23,0.6627044081687927,19.350747321567578,-1.2617783185521516,0.0,2,25,0.5060569047927856,26.047758824556926,5.898070521102309,0.0,1,24,0.7909879684448242,22.844134305919535,-1.090112976808799,0.0,1,18,0.7417076826095581,26.35495390841644,0.9059354004309926,0.0,1,29,0.7001326084136963,26.971366729465856,3.6894852801032196,0.0,1,28,0.7799249291419983
1777470424,522664733,map,2.8446049055631972,1.5206667418235478,0.0,0,0,0.4914805293083191,2.9130171132697154,-1.4211973994343716,0.0,1,1,0.4823249578475952,7.856638395617165,5.504549157104006,0.0,0,2,0.48991939425468445,7.996697292974774,1.6102035897008777,0.0,0,3,0.5380939245223999,17.86804210135502,1.7052078761045633,0.0,0,5,0.6839058995246887,18.062777093359855,4.628846070172051,0.0,0,16,0.6225765943527222,8.062469326377574,-1.4716423985196725,0.0,2,8,0.579827606678009,8.508214899493177,-1.7862439229620541,0.0,2,11,0.4778267443180084,13.094890035904324,1.6355192397050273,0.0,0,13,0.6212543249130249,12.630824504137765,8.642025467913223,0.0,1,12,0.485514372587204,12.903707703648966,5.554234658270223,0.0,0,14,0.5364278554916382,17.79917557287142,7.276758821502341,0.0,1,4,0.5689689517021179,18.316622675069887,-1.1243271232406316,0.0,1,10,0.708577036857605,22.172039793348947,1.8548159291809385,0.0,0,17,0.7291890978813171,13.24753018134866,-1.2499912827493596,0.0,2,15,0.6226969957351685,22.676470955714557,4.53056448909976,0.0,0,20,0.6766279935836792,24.300993108037115,3.6176320517193026,0.0,0,22,0.8146787881851196,22.426512536057054,7.331185898769584,0.0,1,23,0.6618272066116333,19.350747321567578,-1.2617783185521516,0.0,2,25,0.5055452585220337,26.047458412230736,5.900956396855036,0.0,1,24,0.7912712693214417,22.844134305919535,-1.090112976808799,0.0,1,18,0.7406090497970581,26.35495390841644,0.9059354004309926,0.0,1,29,0.6991536021232605,26.970541833722375,3.6921357434037922,0.0,1,28,0.7803544402122498
1777470424,624707217,map,2.8446049055631972,1.5206667418235478,0.0,0,0,0.49051621556282043,2.9130171132697154,-1.4211973994343716,0.0,1,1,0.4813961982727051,7.856638395617165,5.504549157104006,0.0,0,2,0.48896118998527527,7.996697292974774,1.6102035897008777,0.0,0,3,0.5369382500648499,17.86804210135502,1.7052078761045633,0.0,0,5,0.6820400953292847,18.062777093359855,4.628846070172051,0.0,0,16,0.6210300326347351,8.062469326377574,-1.4716423985196725,0.0,2,8,0.5784859657287598,8.508214899493177,-1.7862439229620541,0.0,2,11,0.4769152104854584,13.094890035904324,1.6355192397050273,0.0,0,13,0.6197143197059631,12.630824504137765,8.642025467913223,0.0,1,12,0.4845733046531677,12.903707703648966,5.554234658270223,0.0,0,14,0.5352792739868164,17.79917557287142,7.276758821502341,0.0,1,4,0.5676770210266113,18.316622675069887,-1.1243271232406316,0.0,1,10,0.7065743803977966,22.172039793348947,1.8548159291809385,0.0,0,17,0.7270684242248535,13.24753018134866,-1.2499912827493596,0.0,2,15,0.6211498379707336,22.676470955714557,4.53056448909976,0.0,0,20,0.6748015880584717,24.29657823045737,3.6221268705205802,0.0,0,22,0.8149322271347046,22.426512536057054,7.331185898769584,0.0,1,23,0.6600797772407532,19.350747321567578,-1.2617783185521516,0.0,2,25,0.5045250058174133,26.04661042581782,5.906792396325227,0.0,1,24,0.7918256521224976,22.844134305919535,-1.090112976808799,0.0,1,18,0.7384215593338013,26.35495390841644,0.9059354004309926,0.0,1,29,0.6972038149833679,26.96872766858524,3.697516506690384,0.0,1,28,0.7811927795410156
1777470424,722499139,map,2.8446049055631972,1.5206667418235478,0.0,0,0,0.4900354743003845,2.9130171132697154,-1.4211973994343716,0.0,1,1,0.48093315958976746,7.856638395617165,5.504549157104006,0.0,0,2,0.4884834885597229,7.996697292974774,1.6102035897008777,0.0,0,3,0.5363622903823853,17.86804210135502,1.7052078761045633,0.0,0,5,0.6811109781265259,18.062777093359855,4.628846070172051,0.0,0,16,0.6202596426010132,8.062469326377574,-1.4716423985196725,0.0,2,8,0.577817440032959,8.508214899493177,-1.7862439229620541,0.0,2,11,0.4764607548713684,13.094890035904324,1.6355192397050273,0.0,0,13,0.6189472079277039,12.630824504137765,8.642025467913223,0.0,1,12,0.48410412669181824,12.903707703648966,5.554234658270223,0.0,0,14,0.5347068309783936,17.79917557287142,7.276758821502341,0.0,1,4,0.5670332312583923,18.316622675069887,-1.1243271232406316,0.0,1,10,0.7055772542953491,22.172039793348947,1.8548159291809385,0.0,0,17,0.726012647151947,13.24753018134866,-1.2499912827493596,0.0,2,15,0.6203791499137878,22.676470955714557,4.53056448909976,0.0,0,20,0.6738921403884888,24.294303474538022,3.624536110635914,0.0,0,22,0.8150562644004822,22.426512536057054,7.331185898769584,0.0,1,23,0.6592094898223877,19.350747321567578,-1.2617783185521516,0.0,2,25,0.5040164589881897,26.04618814371969,5.909692410596833,0.0,1,24,0.7920955419540405,22.844134305919535,-1.090112976808799,0.0,1,18,0.7373326420783997,26.35495390841644,0.9059354004309926,0.0,1,29,0.6962329745292664,26.96780600909863,3.7001677170007254,0.0,1,28,0.7816011309623718
1777470424,823211654,map,2.8446049055631972,1.5206667418235478,0.0,0,0,0.4890768229961395,2.9130171132697154,-1.4211973994343716,0.0,1,1,0.4800097346305847,7.856638395617165,5.504549157104006,0.0,0,2,0.4875308871269226,7.996697292974774,1.6102035897008777,0.0,0,3,0.5352140069007874,17.86804210135502,1.7052078761045633,0.0,0,5,0.6792603731155396,18.062777093359855,4.628846070172051,0.0,0,16,0.6187245845794678,8.062469326377574,-1.4716423985196725,0.0,2,8,0.5764849781990051,8.508214899493177,-1.7862439229620541,0.0,2,11,0.4755544066429138,13.094890035904324,1.6355192397050273,0.0,0,13,0.6174185872077942,12.630824504137765,8.642025467913223,0.0,1,12,0.48316851258277893,12.903707703648966,5.554234658270223,0.0,0,14,0.5335656404495239,17.79917557287142,7.276758821502341,0.0,1,4,0.5657500624656677,18.316622675069887,-1.1243271232406316,0.0,1,10,0.703591525554657,22.172039793348947,1.8548159291809385,0.0,0,17,0.723910391330719,13.24753018134866,-1.2499912827493596,0.0,2,15,0.6188434362411499,22.676470955714557,4.53056448909976,0.0,0,20,0.6720804572105408,24.290025520838178,3.6291032710048508,0.0,0,22,0.8152953386306763,22.441094313983506,7.315525022680164,0.0,1,23,0.6624816060066223,19.350747321567578,-1.2617783185521516,0.0,2,25,0.5030023455619812,26.045580300940422,5.915401690365407,0.0,1,24,0.792618453502655,22.844134305919535,-1.090112976808799,0.0,1,18,0.7351644039154053,26.35495390841644,0.9059354004309926,0.0,1,29,0.6942993998527527,26.966106549904875,3.7053195467931093,0.0,1,28,0.7823948860168457
1777470424,922428730,map,2.8446049055631972,1.5206667418235478,0.0,0,0,0.48859891295433044,2.9130171132697154,-1.4211973994343716,0.0,1,1,0.4795493483543396,7.856638395617165,5.504549157104006,0.0,0,2,0.4870559871196747,7.996697292974774,1.6102035897008777,0.0,0,3,0.534641683101654,17.86804210135502,1.7052078761045633,0.0,0,5,0.6783388257026672,18.062777093359855,4.628846070172051,0.0,0,16,0.6179598569869995,8.062469326377574,-1.4716423985196725,0.0,2,8,0.5758211016654968,8.508214899493177,-1.7862439229620541,0.0,2,11,0.4751025438308716,13.094890035904324,1.6355192397050273,0.0,0,13,0.6166571378707886,12.630824504137765,8.642025467913223,0.0,1,12,0.4827020466327667,12.903707703648966,5.554234658270223,0.0,0,14,0.5329968929290771,17.79917557287142,7.276758821502341,0.0,1,4,0.5651106238365173,18.316622675069887,-1.1243271232406316,0.0,1,10,0.7026028633117676,22.172039793348947,1.8548159291809385,0.0,0,17,0.7228638529777527,13.24753018134866,-1.2499912827493596,0.0,2,15,0.6180784702301025,22.676470955714557,4.53056448909976,0.0,0,20,0.6711782813072205,24.288212716657373,3.6313071537256816,0.0,0,22,0.8154081106185913,22.45576724400471,7.299922158519037,0.0,1,23,0.6664823293685913,19.350747321567578,-1.2617783185521516,0.0,2,25,0.5024968385696411,26.04563429613447,5.918133055044924,0.0,1,24,0.7928690314292908,22.844134305919535,-1.090112976808799,0.0,1,18,0.7340850234031677,26.35495390841644,0.9059354004309926,0.0,1,29,0.6933366060256958,26.965450259335462,3.707689437944322,0.0,1,28,0.782779335975647
1777470425,25600761,map,2.8446049055631972,1.5206667418235478,0.0,0,0,0.48764583468437195,2.9130171132697154,-1.4211973994343716,0.0,1,1,0.47863125801086426,7.856638395617165,5.504549157104006,0.0,0,2,0.4861089289188385,7.996697292974774,1.6102035897008777,0.0,0,3,0.5335007905960083,17.86804210135502,1.7052078761045633,0.0,0,5,0.6765032410621643,18.062777093359855,4.628846070172051,0.0,0,16,0.6164361238479614,8.062469326377574,-1.4716423985196725,0.0,2,8,0.5744978785514832,8.508214899493177,-1.7862439229620541,0.0,2,11,0.47420135140419006,13.094890035904324,1.6355192397050273,0.0,0,13,0.6151398420333862,12.630824504137765,8.642025467913223,0.0,1,12,0.481771856546402,12.903707703648966,5.554234658270223,0.0,0,14,0.5318629145622253,17.79917557287142,7.276758821502341,0.0,1,4,0.5638360977172852,18.316622675069887,-1.1243271232406316,0.0,1,10,0.7006337642669678,22.172039793348947,1.8548159291809385,0.0,0,17,0.7207797169685364,13.24753018134866,-1.2499912827493596,0.0,2,15,0.6165541410446167,22.676470955714557,4.53056448909976,0.0,0,20,0.6693812012672424,24.285198411680234,3.635949695613119,0.0,0,22,0.8156201243400574,22.465082621090804,7.327118332035865,0.0,1,23,0.6741231679916382,19.350747321567578,-1.2617783185521516,0.0,2,25,0.5014888644218445,26.045922421275865,5.923312306729836,0.0,1,24,0.7933555245399475,22.844134305919535,-1.090112976808799,0.0,1,18,0.7319357991218567,26.35495390841644,0.9059354004309926,0.0,1,29,0.6914190649986267,26.964220952669095,3.712057412394005,0.0,1,28,0.783527672290802
1777470425,122849004,map,2.8446049055631972,1.5206667418235478,0.0,0,0,0.4871707260608673,2.9130171132697154,-1.4211973994343716,0.0,1,1,0.47817352414131165,7.856638395617165,5.504549157104006,0.0,0,2,0.48563680052757263,7.996697292974774,1.6102035897008777,0.0,0,3,0.5329321026802063,17.86804210135502,1.7052078761045633,0.0,0,5,0.6755892038345337,18.062777093359855,4.628846070172051,0.0,0,16,0.6156771183013916,8.062469326377574,-1.4716423985196725,0.0,2,8,0.5738385319709778,8.508214899493177,-1.7862439229620541,0.0,2,11,0.47375205159187317,13.094890035904324,1.6355192397050273,0.0,0,13,0.6143839359283447,12.630824504137765,8.642025467913223,0.0,1,12,0.48130807280540466,12.903707703648966,5.554234658270223,0.0,0,14,0.5312978029251099,17.79917557287142,7.276758821502341,0.0,1,4,0.5632010102272034,18.316622675069887,-1.1243271232406316,0.0,1,10,0.6996533870697021,22.172039793348947,1.8548159291809385,0.0,0,17,0.7197421789169312,13.24753018134866,-1.2499912827493596,0.0,2,15,0.615794837474823,22.676470955714557,4.53056448909976,0.0,0,20,0.6684862971305847,24.284016147426804,3.6383345982417183,0.0,0,22,0.8157193660736084,22.46988259523103,7.340695569606198,0.0,1,23,0.6777577996253967,19.350747321567578,-1.2617783185521516,0.0,2,25,0.5009863972663879,26.046185960139113,5.92586613898589,0.0,1,24,0.7935909628868103,22.844134305919535,-1.090112976808799,0.0,1,18,0.7308659553527832,26.35495390841644,0.9059354004309926,0.0,1,29,0.6904642581939697,26.96370737003761,3.714176781837927,0.0,1,28,0.783890962600708
1777470425,222243075,map,2.8446049055631972,1.5206667418235478,0.0,0,0,0.4862232208251953,2.9130171132697154,-1.4211973994343716,0.0,1,1,0.47726064920425415,7.856638395617165,5.504549157104006,0.0,0,2,0.4846952557563782,7.996697292974774,1.6102035897008777,0.0,0,3,0.5317984819412231,17.86804210135502,1.7052078761045633,0.0,0,5,0.6737684011459351,18.062777093359855,4.628846070172051,0.0,0,16,0.6141645908355713,8.062469326377574,-1.4716423985196725,0.0,2,8,0.57252436876297,8.508214899493177,-1.7862439229620541,0.0,2,11,0.47285598516464233,13.094890035904324,1.6355192397050273,0.0,0,13,0.6128777861595154,12.630824504137765,8.642025467913223,0.0,1,12,0.4803832471370697,12.903707703648966,5.554234658270223,0.0,0,14,0.5301710963249207,17.79917557287142,7.276758821502341,0.0,1,4,0.5619350671768188,18.316622675069887,-1.1243271232406316,0.0,1,10,0.6977007985115051,22.172039793348947,1.8548159291809385,0.0,0,17,0.7176759839057922,13.24753018134866,-1.2499912827493596,0.0,2,15,0.6142817139625549,22.676470955714557,4.53056448909976,0.0,0,20,0.6667035222053528,24.284016147426804,3.6383345982417183,0.0,0,22,0.8130664825439453,22.47782089210668,7.36665752995196,0.0,1,23,0.684721827507019,19.350747321567578,-1.2617783185521516,0.0,2,25,0.4999844431877136,26.046280942028353,5.931048658833338,0.0,1,24,0.7940542101860046,22.844134305919535,-1.090112976808799,0.0,1,18,0.7287355065345764,26.35495390841644,0.9059354004309926,0.0,1,29,0.6885625720024109,26.96251216020346,3.7185488407470673,0.0,1,28,0.7846002578735352
1777470425,322670735,map,2.8446049055631972,1.5206667418235478,0.0,0,0,0.48575085401535034,2.9130171132697154,-1.4211973994343716,0.0,1,1,0.47680553793907166,7.856638395617165,5.504549157104006,0.0,0,2,0.4842258393764496,7.996697292974774,1.6102035897008777,0.0,0,3,0.5312334895133972,17.86804210135502,1.7052078761045633,0.0,0,5,0.6728616952896118,18.062777093359855,4.628846070172051,0.0,0,16,0.6134111285209656,8.062469326377574,-1.4716423985196725,0.0,2,8,0.5718695521354675,8.508214899493177,-1.7862439229620541,0.0,2,11,0.4724092185497284,13.094890035904324,1.6355192397050273,0.0,0,13,0.6121274828910828,12.630824504137765,8.642025467913223,0.0,1,12,0.4799221456050873,12.903707703648966,5.554234658270223,0.0,0,14,0.5296095013618469,17.79917557287142,7.276758821502341,0.0,1,4,0.5613042116165161,18.316622675069887,-1.1243271232406316,0.0,1,10,0.696728527545929,22.172039793348947,1.8548159291809385,0.0,0,17,0.7166473865509033,13.24753018134866,-1.2499912827493596,0.0,2,15,0.6135279536247253,22.676470955714557,4.53056448909976,0.0,0,20,0.6658157110214233,24.284016147426804,3.6383345982417183,0.0,0,22,0.8117464780807495,22.480486496843735,7.37898664504617,0.0,1,23,0.6880683898925781,19.350747321567578,-1.2617783185521516,0.0,2,25,0.49948495626449585,26.045997168440227,5.933769428363714,0.0,1,24,0.7942832708358765,22.844134305919535,-1.090112976808799,0.0,1,18,0.7276749610900879,26.35495390841644,0.9059354004309926,0.0,1,29,0.6876156330108643,26.961746073060972,3.7209175817851183,0.0,1,28,0.784947395324707
1777470425,422276226,map,2.8446049055631972,1.5206667418235478,0.0,0,0,0.48480886220932007,2.9130171132697154,-1.4211973994343716,0.0,1,1,0.4758979082107544,7.856638395617165,5.504549157104006,0.0,0,2,0.48328977823257446,7.996697292974774,1.6102035897008777,0.0,0,3,0.5301070213317871,17.86804210135502,1.7052078761045633,0.0,0,5,0.6710556149482727,18.062777093359855,4.628846070172051,0.0,0,16,0.6119096875190735,8.062469326377574,-1.4716423985196725,0.0,2,8,0.5705643892288208,8.508214899493177,-1.7862439229620541,0.0,2,11,0.47151821851730347,13.094890035904324,1.6355192397050273,0.0,0,13,0.6106323003768921,12.630824504137765,8.642025467913223,0.0,1,12,0.47900259494781494,12.903707703648966,5.554234658270223,0.0,0,14,0.5284899473190308,17.79917557287142,7.276758821502341,0.0,1,4,0.5600467920303345,18.316622675069887,-1.1243271232406316,0.0,1,10,0.6947922110557556,22.172039793348947,1.8548159291809385,0.0,0,17,0.7145988941192627,13.24753018134866,-1.2499912827493596,0.0,2,15,0.6120259761810303,22.676470955714557,4.53056448909976,0.0,0,20,0.6640471816062927,24.284016147426804,3.6383345982417183,0.0,0,22,0.8091192245483398,22.486752270613124,7.403315483993072,0.0,1,23,0.6944437026977539,19.350747321567578,-1.2617783185521516,0.0,2,25,0.49848902225494385,26.046019312197142,5.939282927786295,0.0,1,24,0.7947220802307129,22.844134305919535,-1.090112976808799,0.0,1,18,0.7255630493164062,26.35495390841644,0.9059354004309926,0.0,1,29,0.6857295632362366,26.960703374997536,3.725661655977063,0.0,1,28,0.7856175899505615
1777470425,522537214,map,2.8446049055631972,1.5206667418235478,0.0,0,0,0.48433923721313477,2.9130171132697154,-1.4211973994343716,0.0,1,1,0.47544535994529724,7.856638395617165,5.504549157104006,0.0,0,2,0.48282307386398315,7.996697292974774,1.6102035897008777,0.0,0,3,0.5295456051826477,17.86804210135502,1.7052078761045633,0.0,0,5,0.6701561808586121,18.062777093359855,4.628846070172051,0.0,0,16,0.6111617684364319,8.062469326377574,-1.4716423985196725,0.0,2,8,0.5699140429496765,8.508214899493177,-1.7862439229620541,0.0,2,11,0.4710739850997925,13.094890035904324,1.6355192397050273,0.0,0,13,0.6098874807357788,12.630824504137765,8.642025467913223,0.0,1,12,0.478544145822525,12.903707703648966,5.554234658270223,0.0,0,14,0.5279319286346436,17.79917557287142,7.276758821502341,0.0,1,4,0.5594201683998108,18.316622675069887,-1.1243271232406316,0.0,1,10,0.6938281059265137,22.172039793348947,1.8548159291809385,0.0,0,17,0.7135790586471558,13.24753018134866,-1.2499912827493596,0.0,2,15,0.6112777590751648,22.676470955714557,4.53056448909976,0.0,0,20,0.6631664633750916,24.284016147426804,3.6383345982417183,0.0,0,22,0.8078120350837708,22.490351240758894,7.415171143661089,0.0,1,23,0.6974813342094421,19.350747321567578,-1.2617783185521516,0.0,2,25,0.49799251556396484,26.04620756854967,5.9418068206914985,0.0,1,24,0.7949342727661133,22.844134305919535,-1.090112976808799,0.0,1,18,0.7245116829872131,26.35495390841644,0.9059354004309926,0.0,1,29,0.6847904324531555,26.960282344770004,3.727703602082683,0.0,1,28,0.7859433889389038
1777470425,623806844,map,2.8446049055631972,1.5206667418235478,0.0,0,0,0.48340272903442383,2.9130171132697154,-1.4211973994343716,0.0,1,1,0.47454288601875305,7.856638395617165,5.504549157104006,0.0,0,2,0.4818924069404602,7.996697292974774,1.6102035897008777,0.0,0,3,0.5284262895584106,17.86804210135502,1.7052078761045633,0.0,0,5,0.6683645248413086,18.062777093359855,4.628846070172051,0.0,0,16,0.6096712946891785,8.062469326377574,-1.4716423985196725,0.0,2,8,0.5686178207397461,8.508214899493177,-1.7862439229620541,0.0,2,11,0.4701880216598511,13.094890035904324,1.6355192397050273,0.0,0,13,0.6084032654762268,12.630824504137765,8.642025467913223,0.0,1,12,0.4776298999786377,12.903707703648966,5.554234658270223,0.0,0,14,0.5268194079399109,17.79917557287142,7.276758821502341,0.0,1,4,0.5581712126731873,18.316622675069887,-1.1243271232406316,0.0,1,10,0.6919078230857849,22.172039793348947,1.8548159291809385,0.0,0,17,0.7115480899810791,13.24753018134866,-1.2499912827493596,0.0,2,15,0.6097867488861084,22.676470955714557,4.53056448909976,0.0,0,20,0.6614119410514832,24.284016147426804,3.6383345982417183,0.0,0,22,0.8052101731300354,22.496384193728183,7.437989835368553,0.0,1,23,0.703312337398529,19.350747321567578,-1.2617783185521516,0.0,2,25,0.497002512216568,26.046110742298797,5.9466532873504185,0.0,1,24,0.7953534722328186,22.844134305919535,-1.090112976808799,0.0,1,18,0.7224180698394775,26.35495390841644,0.9059354004309926,0.0,1,29,0.6829198002815247,26.9588183305514,3.7315590204058453,0.0,1,28,0.7865858674049377
1777470425,722711132,map,2.8446049055631972,1.5206667418235478,0.0,0,0,0.4829358160495758,2.9130171132697154,-1.4211973994343716,0.0,1,1,0.47409293055534363,7.856638395617165,5.504549157104006,0.0,0,2,0.4814284145832062,7.996697292974774,1.6102035897008777,0.0,0,3,0.527868390083313,17.86804210135502,1.7052078761045633,0.0,0,5,0.6674723029136658,18.062777093359855,4.628846070172051,0.0,0,16,0.6089288592338562,8.062469326377574,-1.4716423985196725,0.0,2,8,0.5679718852043152,8.508214899493177,-1.7862439229620541,0.0,2,11,0.46974626183509827,13.094890035904324,1.6355192397050273,0.0,0,13,0.6076638698577881,12.630824504137765,8.642025467913223,0.0,1,12,0.4771740734577179,12.903707703648966,5.554234658270223,0.0,0,14,0.5262649059295654,17.79917557287142,7.276758821502341,0.0,1,4,0.5575487613677979,18.316622675069887,-1.1243271232406316,0.0,1,10,0.6909517049789429,22.172039793348947,1.8548159291809385,0.0,0,17,0.7105368971824646,13.24753018134866,-1.2499912827493596,0.0,2,15,0.6090439558029175,22.676470955714557,4.53056448909976,0.0,0,20,0.6605381965637207,24.283984836583507,3.6437984686441895,0.0,0,22,0.8054848909378052,22.49856548795934,7.448791443400927,0.0,1,23,0.7061172127723694,19.350747321567578,-1.2617783185521516,0.0,2,25,0.49650898575782776,26.045886679362468,5.949237081187238,0.0,1,24,0.7955592274665833,22.844134305919535,-1.090112976808799,0.0,1,18,0.7213758230209351,26.35495390841644,0.9059354004309926,0.0,1,29,0.6819882988929749,26.958034954452398,3.733620863271218,0.0,1,28,0.786899209022522
1777470425,822379702,map,2.8446049055631972,1.5206667418235478,0.0,0,0,0.48200470209121704,2.9130171132697154,-1.4211973994343716,0.0,1,1,0.4731955826282501,7.856638395617165,5.504549157104006,0.0,0,2,0.4805030822753906,7.996697292974774,1.6102035897008777,0.0,0,3,0.5267561674118042,17.86804210135502,1.7052078761045633,0.0,0,5,0.6656949520111084,18.062777093359855,4.628846070172051,0.0,0,16,0.6074492335319519,8.062469326377574,-1.4716423985196725,0.0,2,8,0.5666844248771667,8.508214899493177,-1.7862439229620541,0.0,2,11,0.4688652753829956,13.094890035904324,1.6355192397050273,0.0,0,13,0.6061903834342957,12.630824504137765,8.642025467913223,0.0,1,12,0.476265013217926,12.903707703648966,5.554234658270223,0.0,0,14,0.5251594185829163,17.79917557287142,7.276758821502341,0.0,1,4,0.5563080906867981,18.316622675069887,-1.1243271232406316,0.0,1,10,0.6890472769737244,22.172039793348947,1.8548159291809385,0.0,0,17,0.708523154258728,13.24753018134866,-1.2499912827493596,0.0,2,15,0.607563853263855,22.676470955714557,4.53056448909976,0.0,0,20,0.658797562122345,24.283984836583507,3.6437984686441895,0.0,0,22,0.8028979897499084,22.501073528016533,7.46910682464846,0.0,1,23,0.711523711681366,19.350747321567578,-1.2617783185521516,0.0,2,25,0.4955248534679413,26.04490968754297,5.954671506045963,0.0,1,24,0.795965313911438,22.844134305919535,-1.090112976808799,0.0,1,18,0.7193002700805664,26.35495390841644,0.9059354004309926,0.0,1,29,0.6801329255104065,26.956313435489694,3.7379703547961145,0.0,1,28,0.7875112295150757
1777470425,922918349,map,2.8446049055631972,1.5206667418235478,0.0,0,0,0.4815405011177063,2.9130171132697154,-1.4211973994343716,0.0,1,1,0.47274819016456604,7.856638395617165,5.504549157104006,0.0,0,2,0.4800417721271515,7.996697292974774,1.6102035897008777,0.0,0,3,0.5262017846107483,17.86804210135502,1.7052078761045633,0.0,0,5,0.6648098826408386,18.062777093359855,4.628846070172051,0.0,0,16,0.6067121624946594,8.062469326377574,-1.4716423985196725,0.0,2,8,0.5660429000854492,8.508214899493177,-1.7862439229620541,0.0,2,11,0.46842601895332336,13.094890035904324,1.6355192397050273,0.0,0,13,0.6054563522338867,12.630824504137765,8.642025467913223,0.0,1,12,0.47581180930137634,12.903707703648966,5.554234658270223,0.0,0,14,0.5246084332466125,17.79917557287142,7.276758821502341,0.0,1,4,0.555689811706543,18.316622675069887,-1.1243271232406316,0.0,1,10,0.6880990266799927,22.172039793348947,1.8548159291809385,0.0,0,17,0.707520604133606,13.24753018134866,-1.2499912827493596,0.0,2,15,0.6068264842033386,22.676470955714557,4.53056448909976,0.0,0,20,0.6579306721687317,24.283984836583507,3.6437984686441895,0.0,0,22,0.8016107678413391,22.501708582154322,7.478412538099698,0.0,1,23,0.714126706123352,19.350747321567578,-1.2617783185521516,0.0,2,25,0.49503424763679504,26.044254319405887,5.957419591777992,0.0,1,24,0.7961649894714355,22.844134305919535,-1.090112976808799,0.0,1,18,0.7182669639587402,26.35495390841644,0.9059354004309926,0.0,1,29,0.6792089939117432,26.95536937870793,3.7401733537764565,0.0,1,28,0.7878103256225586
1777470426,22371393,map,2.8446049055631972,1.5206667418235478,0.0,0,0,0.4806147515773773,2.9130171132697154,-1.4211973994343716,0.0,1,1,0.47185590863227844,7.856638395617165,5.504549157104006,0.0,0,2,0.47912177443504333,7.996697292974774,1.6102035897008777,0.0,0,3,0.525096595287323,17.86804210135502,1.7052078761045633,0.0,0,5,0.663046658039093,18.062777093359855,4.628846070172051,0.0,0,16,0.6052433252334595,8.062469326377574,-1.4716423985196725,0.0,2,8,0.5647642016410828,8.508214899493177,-1.7862439229620541,0.0,2,11,0.46754997968673706,13.094890035904324,1.6355192397050273,0.0,0,13,0.6039935946464539,12.630824504137765,8.642025467913223,0.0,1,12,0.47490793466567993,12.903707703648966,5.554234658270223,0.0,0,14,0.5235098600387573,17.79917557287142,7.276758821502341,0.0,1,4,0.554457426071167,18.316622675069887,-1.1243271232406316,0.0,1,10,0.6862102746963501,22.172039793348947,1.8548159291809385,0.0,0,17,0.7055239081382751,13.24753018134866,-1.2499912827493596,0.0,2,15,0.6053571105003357,22.676470955714557,4.53056448909976,0.0,0,20,0.6562036871910095,24.283984836583507,3.6437984686441895,0.0,0,22,0.799048662185669,22.502948961256408,7.496007387781395,0.0,1,23,0.7191213965415955,19.350747321567578,-1.2617783185521516,0.0,2,25,0.49405595660209656,26.04295831235848,5.962919481553623,0.0,1,24,0.7965537905693054,22.844134305919535,-1.090112976808799,0.0,1,18,0.7162092328071594,26.35495390841644,0.9059354004309926,0.0,1,29,0.677368700504303,26.953441032687245,3.744586055919457,0.0,1,28,0.7883936762809753
1777470426,122638664,map,2.8446049055631972,1.5206667418235478,0.0,0,0,0.4801532030105591,2.9130171132697154,-1.4211973994343716,0.0,1,1,0.4714110195636749,7.856638395617165,5.504549157104006,0.0,0,2,0.4786631166934967,7.996697292974774,1.6102035897008777,0.0,0,3,0.5245457291603088,17.86804210135502,1.7052078761045633,0.0,0,5,0.662168562412262,18.062777093359855,4.628846070172051,0.0,0,16,0.604511559009552,8.062469326377574,-1.4716423985196725,0.0,2,8,0.5641270279884338,8.508214899493177,-1.7862439229620541,0.0,2,11,0.4671131670475006,13.094890035904324,1.6355192397050273,0.0,0,13,0.6032648682594299,12.630824504137765,8.642025467913223,0.0,1,12,0.4744572937488556,12.903707703648966,5.554234658270223,0.0,0,14,0.5229623317718506,17.79917557287142,7.276758821502341,0.0,1,4,0.5538432598114014,18.316622675069887,-1.1243271232406316,0.0,1,10,0.685269832611084,22.172039793348947,1.8548159291809385,0.0,0,17,0.7045297622680664,13.24753018134866,-1.2499912827493596,0.0,2,15,0.6046250462532043,22.676470955714557,4.53056448909976,0.0,0,20,0.6553436517715454,24.283984836583507,3.6437984686441895,0.0,0,22,0.7977737188339233,22.504064608094605,7.504557004504211,0.0,1,23,0.7215083241462708,19.350747321567578,-1.2617783185521516,0.0,2,25,0.4935682415962219,26.04247329254878,5.965531081773175,0.0,1,24,0.7967416048049927,22.844134305919535,-1.090112976808799,0.0,1,18,0.7151848077774048,26.35495390841644,0.9059354004309926,0.0,1,29,0.6764522790908813,26.952373367827366,3.746788101608284,0.0,1,28,0.7886791825294495
1777470426,222664475,map,2.8446049055631972,1.5206667418235478,0.0,0,0,0.4792327880859375,2.9130171132697154,-1.4211973994343716,0.0,1,1,0.47052377462387085,7.856638395617165,5.504549157104006,0.0,0,2,0.47774839401245117,7.996697292974774,1.6102035897008777,0.0,0,3,0.5234473943710327,17.86804210135502,1.7052078761045633,0.0,0,5,0.6604193449020386,18.062777093359855,4.628846070172051,0.0,0,16,0.6030533909797668,8.062469326377574,-1.4716423985196725,0.0,2,8,0.562856912612915,8.508214899493177,-1.7862439229620541,0.0,2,11,0.4662420153617859,13.094890035904324,1.6355192397050273,0.0,0,13,0.6018126606941223,12.630824504137765,8.642025467913223,0.0,1,12,0.47355854511260986,12.903707703648966,5.554234658270223,0.0,0,14,0.5218706727027893,17.79917557287142,7.276758821502341,0.0,1,4,0.5526189804077148,18.316622675069887,-1.1243271232406316,0.0,1,10,0.683396577835083,22.172039793348947,1.8548159291809385,0.0,0,17,0.702549934387207,13.24753018134866,-1.2499912827493596,0.0,2,15,0.6031662821769714,22.676470955714557,4.53056448909976,0.0,0,20,0.6536301970481873,24.283984836583507,3.6437984686441895,0.0,0,22,0.7952360510826111,22.50625219013536,7.521402126430502,0.0,1,23,0.7260890007019043,19.350747321567578,-1.2617783185521516,0.0,2,25,0.49259573221206665,26.041482829034404,5.97079675376203,0.0,1,24,0.7971076369285583,22.844134305919535,-1.090112976808799,0.0,1,18,0.7131446599960327,26.35495390841644,0.9059354004309926,0.0,1,29,0.674626886844635,26.950309444616874,3.7509512701960093,0.0,1,28,0.7892351746559143
1777470426,322579752,map,2.8446049055631972,1.5206667418235478,0.0,0,0,0.47877392172813416,2.9130171132697154,-1.4211973994343716,0.0,1,1,0.4700814187526703,7.856638395617165,5.504549157104006,0.0,0,2,0.47729232907295227,7.996697292974774,1.6102035897008777,0.0,0,3,0.5228999853134155,17.86804210135502,1.7052078761045633,0.0,0,5,0.6595481634140015,18.062777093359855,4.628846070172051,0.0,0,16,0.6023268699645996,8.062469326377574,-1.4716423985196725,0.0,2,8,0.5622240304946899,8.508214899493177,-1.7862439229620541,0.0,2,11,0.4658076763153076,13.094890035904324,1.6355192397050273,0.0,0,13,0.6010891795158386,12.630824504137765,8.642025467913223,0.0,1,12,0.47311046719551086,12.903707703648966,5.554234658270223,0.0,0,14,0.5213265419006348,17.79917557287142,7.276758821502341,0.0,1,4,0.552008867263794,18.316622675069887,-1.1243271232406316,0.0,1,10,0.6824637651443481,22.172039793348947,1.8548159291809385,0.0,0,17,0.7015641331672668,13.24753018134866,-1.2499912827493596,0.0,2,15,0.6024395823478699,22.676470955714557,4.53056448909976,0.0,0,20,0.652776837348938,24.283984836583507,3.6437984686441895,0.0,0,22,0.7939732670783997,22.507154357734173,7.52953324035394,0.0,1,23,0.7282907366752625,19.350747321567578,-1.2617783185521516,0.0,2,25,0.4921109080314636,26.040915873926355,5.973437740529579,0.0,1,24,0.7972866892814636,22.844134305919535,-1.090112976808799,0.0,1,18,0.7121289968490601,26.35495390841644,0.9059354004309926,0.0,1,29,0.6737178564071655,26.949245255135217,3.7530258562007845,0.0,1,28,0.7895064949989319
1777470426,422336156,map,2.8446049055631972,1.5206667418235478,0.0,0,0,0.4778587520122528,2.9130171132697154,-1.4211973994343716,0.0,1,1,0.46919918060302734,7.856638395617165,5.504549157104006,0.0,0,2,0.4763828217983246,7.996697292974774,1.6102035897008777,0.0,0,3,0.5218085646629333,17.86804210135502,1.7052078761045633,0.0,0,5,0.6578127145767212,18.062777093359855,4.628846070172051,0.0,0,16,0.6008791923522949,8.062469326377574,-1.4716423985196725,0.0,2,8,0.560962438583374,8.508214899493177,-1.7862439229620541,0.0,2,11,0.4649413824081421,13.094890035904324,1.6355192397050273,0.0,0,13,0.5996474027633667,12.630824504137765,8.642025467913223,0.0,1,12,0.47221681475639343,12.903707703648966,5.554234658270223,0.0,0,14,0.5202416777610779,17.79917557287142,7.276758821502341,0.0,1,4,0.5507926940917969,18.316622675069887,-1.1243271232406316,0.0,1,10,0.6806058287620544,22.172039793348947,1.8548159291809385,0.0,0,17,0.699600875377655,13.24753018134866,-1.2499912827493596,0.0,2,15,0.6009913086891174,22.676470955714557,4.53056448909976,0.0,0,20,0.6510768532752991,24.283984836583507,3.6437984686441895,0.0,0,22,0.7914596796035767,22.508512170661106,7.545178341099081,0.0,1,23,0.7325282096862793,19.350747321567578,-1.2617783185521516,0.0,2,25,0.4911441206932068,26.039600489794065,5.978747279615784,0.0,1,24,0.7976377010345459,22.844134305919535,-1.090112976808799,0.0,1,18,0.7101062536239624,26.35495390841644,0.9059354004309926,0.0,1,29,0.6719071865081787,26.94699239483841,3.7572075200367014,0.0,1,28,0.7900368571281433
1777470426,522868784,map,2.8446049055631972,1.5206667418235478,0.0,0,0,0.4774025082588196,2.9130171132697154,-1.4211973994343716,0.0,1,1,0.46875929832458496,7.856638395617165,5.504549157104006,0.0,0,2,0.4759293794631958,7.996697292974774,1.6102035897008777,0.0,0,3,0.5212646126747131,17.86804210135502,1.7052078761045633,0.0,0,5,0.656948447227478,18.062777093359855,4.628846070172051,0.0,0,16,0.6001579761505127,8.062469326377574,-1.4716423985196725,0.0,2,8,0.560333788394928,8.508214899493177,-1.7862439229620541,0.0,2,11,0.46450942754745483,13.094890035904324,1.6355192397050273,0.0,0,13,0.5989291071891785,12.630824504137765,8.642025467913223,0.0,1,12,0.4717712700366974,12.903707703648966,5.554234658270223,0.0,0,14,0.5197009444236755,17.79917557287142,7.276758821502341,0.0,1,4,0.5501866340637207,18.316622675069887,-1.1243271232406316,0.0,1,10,0.6796806454658508,22.172039793348947,1.8548159291809385,0.0,0,17,0.6986233592033386,13.24753018134866,-1.2499912827493596,0.0,2,15,0.6002697944641113,22.676470955714557,4.53056448909976,0.0,0,20,0.6502301096916199,24.283984836583507,3.6437984686441895,0.0,0,22,0.7902088761329651,22.50894950060298,7.552631706776622,0.0,1,23,0.7345683574676514,19.350747321567578,-1.2617783185521516,0.0,2,25,0.4906621277332306,26.03884775891704,5.981420351596406,0.0,1,24,0.7978097200393677,22.844134305919535,-1.090112976808799,0.0,1,18,0.7090991735458374,26.35495390841644,0.9059354004309926,0.0,1,29,0.6710054874420166,26.9458252052052,3.7593249428830195,0.0,1,28,0.7902957797050476
1777470426,624310841,map,2.8446049055631972,1.5206667418235478,0.0,0,0,0.47649258375167847,2.9130171132697154,-1.4211973994343716,0.0,1,1,0.467881977558136,7.856638395617165,5.504549157104006,0.0,0,2,0.4750250577926636,7.996697292974774,1.6102035897008777,0.0,0,3,0.5201799869537354,17.86804210135502,1.7052078761045633,0.0,0,5,0.6552266478538513,18.062777093359855,4.628846070172051,0.0,0,16,0.5987206101417542,8.062469326377574,-1.4716423985196725,0.0,2,8,0.5590807199478149,8.508214899493177,-1.7862439229620541,0.0,2,11,0.4636479616165161,13.094890035904324,1.6355192397050273,0.0,0,13,0.5974977016448975,12.630824504137765,8.642025467913223,0.0,1,12,0.4708826541900635,12.903707703648966,5.554234658270223,0.0,0,14,0.5186228156089783,17.79917557287142,7.276758821502341,0.0,1,4,0.5489784479141235,18.316622675069887,-1.1243271232406316,0.0,1,10,0.6778377890586853,22.172039793348947,1.8548159291809385,0.0,0,17,0.69667649269104,13.24753018134866,-1.2499912827493596,0.0,2,15,0.5988319516181946,22.676470955714557,4.53056448909976,0.0,0,20,0.6485432982444763,24.283984836583507,3.6437984686441895,0.0,0,22,0.7877190113067627,22.50871001357536,7.566478647263906,0.0,1,23,0.7385116219520569,19.350747321567578,-1.2617783185521516,0.0,2,25,0.4897010326385498,26.036837359913797,5.986775168473669,0.0,1,24,0.7981508374214172,22.844134305919535,-1.090112976808799,0.0,1,18,0.7070935368537903,26.35495390841644,0.9059354004309926,0.0,1,29,0.6692093014717102,26.943175824558356,3.763610911257053,0.0,1,28,0.7908042073249817
1777470426,722776976,map,2.8446049055631972,1.5206667418235478,0.0,0,0,0.47603893280029297,2.9130171132697154,-1.4211973994343716,0.0,1,1,0.4674445688724518,7.856638395617165,5.504549157104006,0.0,0,2,0.4745742082595825,7.996697292974774,1.6102035897008777,0.0,0,3,0.5196393728256226,17.86804210135502,1.7052078761045633,0.0,0,5,0.6543691158294678,18.062777093359855,4.628846070172051,0.0,0,16,0.5980045795440674,8.062469326377574,-1.4716423985196725,0.0,2,8,0.558456301689148,8.508214899493177,-1.7862439229620541,0.0,2,11,0.46321842074394226,13.094890035904324,1.6355192397050273,0.0,0,13,0.5967845320701599,12.630824504137765,8.642025467913223,0.0,1,12,0.470439612865448,12.903707703648966,5.554234658270223,0.0,0,14,0.5180854201316833,17.79917557287142,7.276758821502341,0.0,1,4,0.5483763813972473,18.316622675069887,-1.1243271232406316,0.0,1,10,0.6769201159477234,22.172039793348947,1.8548159291809385,0.0,0,17,0.6957071423530579,13.24753018134866,-1.2499912827493596,0.0,2,15,0.5981156229972839,22.676470955714557,4.53056448909976,0.0,0,20,0.6477031707763672,24.283984836583507,3.6437984686441895,0.0,0,22,0.7864799499511719,22.507593838767633,7.572452590647923,0.0,1,23,0.7404268980026245,19.350747321567578,-1.2617783185521516,0.0,2,25,0.48922187089920044,26.0354373468235,5.989565345831209,0.0,1,24,0.7983213067054749,22.844134305919535,-1.090112976808799,0.0,1,18,0.7060950398445129,26.35495390841644,0.9059354004309926,0.0,1,29,0.6683148145675659,26.941753413879503,3.7659636112838917,0.0,1,28,0.7910528182983398
1777470426,822650339,map,2.8446049055631972,1.5206667418235478,0.0,0,0,0.4751341938972473,2.9130171132697154,-1.4211973994343716,0.0,1,1,0.46657219529151917,7.856638395617165,5.504549157104006,0.0,0,2,0.473675012588501,7.996697292974774,1.6102035897008777,0.0,0,3,0.5185614824295044,17.86804210135502,1.7052078761045633,0.0,0,5,0.6526607871055603,18.062777093359855,4.628846070172051,0.0,0,16,0.596577525138855,8.062469326377574,-1.4716423985196725,0.0,2,8,0.5572115778923035,8.508214899493177,-1.7862439229620541,0.0,2,11,0.46236172318458557,13.094890035904324,1.6355192397050273,0.0,0,13,0.5953633189201355,12.630824504137765,8.642025467913223,0.0,1,12,0.4695560336112976,12.903707703648966,5.554234658270223,0.0,0,14,0.5170139670372009,17.79917557287142,7.276758821502341,0.0,1,4,0.5471761226654053,18.316622675069887,-1.1243271232406316,0.0,1,10,0.6750921607017517,22.172039793348947,1.8548159291809385,0.0,0,17,0.6937764883041382,13.24753018134866,-1.2499912827493596,0.0,2,15,0.5966880917549133,22.676470955714557,4.53056448909976,0.0,0,20,0.6460294723510742,24.283984836583507,3.6437984686441895,0.0,0,22,0.7840135097503662,22.50446914935028,7.583332452935814,0.0,1,23,0.7441301345825195,19.350747321567578,-1.2617783185521516,0.0,2,25,0.4882664084434509,26.03214882561916,5.9951518889258715,0.0,1,24,0.7986594438552856,22.844134305919535,-1.090112976808799,0.0,1,18,0.704106330871582,26.35495390841644,0.9059354004309926,0.0,1,29,0.6665329933166504,26.93852637830349,3.7706878487467272,0.0,1,28,0.7915421724319458
1777470426,922512778,map,2.8446049055631972,1.5206667418235478,0.0,0,0,0.47468313574790955,2.9130171132697154,-1.4211973994343716,0.0,1,1,0.46613720059394836,7.856638395617165,5.504549157104006,0.0,0,2,0.47322672605514526,7.996697292974774,1.6102035897008777,0.0,0,3,0.5180242657661438,17.86804210135502,1.7052078761045633,0.0,0,5,0.6518099904060364,18.062777093359855,4.628846070172051,0.0,0,16,0.5958665609359741,8.062469326377574,-1.4716423985196725,0.0,2,8,0.556591272354126,8.508214899493177,-1.7862439229620541,0.0,2,11,0.46193456649780273,13.094890035904324,1.6355192397050273,0.0,0,13,0.5946552157402039,12.630824504137765,8.642025467913223,0.0,1,12,0.4691154658794403,12.903707703648966,5.554234658270223,0.0,0,14,0.5164799094200134,17.79917557287142,7.276758821502341,0.0,1,4,0.5465779900550842,18.316622675069887,-1.1243271232406316,0.0,1,10,0.6741819381713867,22.172039793348947,1.8548159291809385,0.0,0,17,0.6928151845932007,13.24753018134866,-1.2499912827493596,0.0,2,15,0.5959768295288086,22.676470955714557,4.53056448909976,0.0,0,20,0.6451958417892456,24.283984836583507,3.6437984686441895,0.0,0,22,0.7827860713005066,22.502688405332325,7.588477983790117,0.0,1,23,0.7459161877632141,19.350747321567578,-1.2617783185521516,0.0,2,25,0.487790048122406,26.030368672171626,5.9979446813587405,0.0,1,24,0.7988258600234985,22.844134305919535,-1.090112976808799,0.0,1,18,0.703116238117218,26.35495390841644,0.9059354004309926,0.0,1,29,0.6656456589698792,26.936815399100883,3.773057419554617,0.0,1,28,0.7917819023132324
1777470427,22668451,map,2.8446049055631972,1.5206667418235478,0.0,0,0,0.4737835228443146,2.9130171132697154,-1.4211973994343716,0.0,1,1,0.46526968479156494,7.856638395617165,5.504549157104006,0.0,0,2,0.472332626581192,7.996697292974774,1.6102035897008777,0.0,0,3,0.5169530510902405,17.86804210135502,1.7052078761045633,0.0,0,5,0.6501149535179138,18.062777093359855,4.628846070172051,0.0,0,16,0.5944496989250183,8.062469326377574,-1.4716423985196725,0.0,2,8,0.5553548336029053,8.508214899493177,-1.7862439229620541,0.0,2,11,0.4610826075077057,13.094890035904324,1.6355192397050273,0.0,0,13,0.5932441353797913,12.630824504137765,8.642025467913223,0.0,1,12,0.4682368338108063,12.903707703648966,5.554234658270223,0.0,0,14,0.5154151320457458,17.79917557287142,7.276758821502341,0.0,1,4,0.5453855991363525,18.316622675069887,-1.1243271232406316,0.0,1,10,0.6723687052726746,22.172039793348947,1.8548159291809385,0.0,0,17,0.6909005045890808,13.24753018134866,-1.2499912827493596,0.0,2,15,0.5945594906806946,22.676470955714557,4.53056448909976,0.0,0,20,0.6435350179672241,24.283984836583507,3.6437984686441895,0.0,0,22,0.780342698097229,22.4981183063515,7.598224965249377,0.0,1,23,0.7493724822998047,19.350747321567578,-1.2617783185521516,0.0,2,25,0.486840158700943,26.026268233266343,6.003652796457397,0.0,1,24,0.7991563677787781,22.844134305919535,-1.090112976808799,0.0,1,18,0.701144278049469,26.35495390841644,0.9059354004309926,0.0,1,29,0.6638780236244202,26.93304057082872,3.778015675426972,0.0,1,28,0.792253315448761
1777470427,122863603,map,2.8446049055631972,1.5206667418235478,0.0,0,0,0.47333502769470215,2.9130171132697154,-1.4211973994343716,0.0,1,1,0.46483713388442993,7.856638395617165,5.504549157104006,0.0,0,2,0.47188687324523926,7.996697292974774,1.6102035897008777,0.0,0,3,0.5164191722869873,17.86804210135502,1.7052078761045633,0.0,0,5,0.64927077293396,18.062777093359855,4.628846070172051,0.0,0,16,0.5937438011169434,8.062469326377574,-1.4716423985196725,0.0,2,8,0.5547387003898621,8.508214899493177,-1.7862439229620541,0.0,2,11,0.4606578052043915,13.094890035904324,1.6355192397050273,0.0,0,13,0.5925410985946655,12.630824504137765,8.642025467913223,0.0,1,12,0.46779876947402954,12.903707703648966,5.554234658270223,0.0,0,14,0.514884352684021,17.79917557287142,7.276758821502341,0.0,1,4,0.5447913408279419,18.316622675069887,-1.1243271232406316,0.0,1,10,0.6714657545089722,22.172039793348947,1.8548159291809385,0.0,0,17,0.6899471282958984,13.24753018134866,-1.2499912827493596,0.0,2,15,0.5938532948493958,22.676470955714557,4.53056448909976,0.0,0,20,0.6427077651023865,24.283984836583507,3.6437984686441895,0.0,0,22,0.779126763343811,22.49648432492127,7.603253989538845,0.0,1,23,0.7510257959365845,19.350747321567578,-1.2617783185521516,0.0,2,25,0.4863665997982025,26.024448721989977,6.006432601192867,0.0,1,24,0.7993151545524597,22.844134305919535,-1.090112976808799,0.0,1,18,0.700162410736084,26.35495390841644,0.9059354004309926,0.0,1,29,0.6629977226257324,26.931204294880136,3.7803558501629366,0.0,1,28,0.792482852935791
1777470427,222761928,map,2.8446049055631972,1.5206667418235478,0.0,0,0,0.47244054079055786,2.9130171132697154,-1.4211973994343716,0.0,1,1,0.4639744460582733,7.856638395617165,5.504549157104006,0.0,0,2,0.4709978401660919,7.996697292974774,1.6102035897008777,0.0,0,3,0.515354573726654,17.86804210135502,1.7052078761045633,0.0,0,5,0.6475889086723328,18.062777093359855,4.628846070172051,0.0,0,16,0.5923370122909546,8.062469326377574,-1.4716423985196725,0.0,2,8,0.5535104870796204,8.508214899493177,-1.7862439229620541,0.0,2,11,0.4598105251789093,13.094890035904324,1.6355192397050273,0.0,0,13,0.5911399722099304,12.630824504137765,8.642025467913223,0.0,1,12,0.4669250547885895,12.903707703648966,5.554234658270223,0.0,0,14,0.5138261318206787,17.79917557287142,7.276758821502341,0.0,1,4,0.5436067581176758,18.316622675069887,-1.1243271232406316,0.0,1,10,0.66966712474823,22.172039793348947,1.8548159291809385,0.0,0,17,0.688048243522644,13.24753018134866,-1.2499912827493596,0.0,2,15,0.592445969581604,22.676470955714557,4.53056448909976,0.0,0,20,0.6410597562789917,24.283984836583507,3.6437984686441895,0.0,0,22,0.7767061591148376,22.494886378031907,7.614378647072911,0.0,1,23,0.7541804909706116,19.350747321567578,-1.2617783185521516,0.0,2,25,0.4854222238063812,26.02141802549533,6.011768551377032,0.0,1,24,0.7996184825897217,22.844134305919535,-1.090112976808799,0.0,1,18,0.6982070207595825,26.35495390841644,0.9059354004309926,0.0,1,29,0.6612440943717957,26.927453129324974,3.7846209848855743,0.0,1,28,0.7929322719573975
1777470427,323005285,map,2.8446049055631972,1.5206667418235478,0.0,0,0,0.471994549036026,2.9130171132697154,-1.4211973994343716,0.0,1,1,0.4635443091392517,7.856638395617165,5.504549157104006,0.0,0,2,0.47055456042289734,7.996697292974774,1.6102035897008777,0.0,0,3,0.5148239731788635,17.86804210135502,1.7052078761045633,0.0,0,5,0.6467512845993042,18.062777093359855,4.628846070172051,0.0,0,16,0.5916361212730408,8.062469326377574,-1.4716423985196725,0.0,2,8,0.5528984069824219,8.508214899493177,-1.7862439229620541,0.0,2,11,0.4593880772590637,13.094890035904324,1.6355192397050273,0.0,0,13,0.5904419422149658,12.630824504137765,8.642025467913223,0.0,1,12,0.46648943424224854,12.903707703648966,5.554234658270223,0.0,0,14,0.5132986307144165,17.79917557287142,7.276758821502341,0.0,1,4,0.5430163741111755,18.316622675069887,-1.1243271232406316,0.0,1,10,0.6687714457511902,22.172039793348947,1.8548159291809385,0.0,0,17,0.687102735042572,13.24753018134866,-1.2499912827493596,0.0,2,15,0.5917448401451111,22.676470955714557,4.53056448909976,0.0,0,20,0.640238881111145,24.283984836583507,3.6437984686441895,0.0,0,22,0.7755014300346375,22.494597380224693,7.620250798929801,0.0,1,23,0.7556905746459961,19.350747321567578,-1.2617783185521516,0.0,2,25,0.4849514067173004,26.020099713685916,6.014284832280709,0.0,1,24,0.7997645139694214,22.844134305919535,-1.090112976808799,0.0,1,18,0.6972333788871765,26.35495390841644,0.9059354004309926,0.0,1,29,0.6603707671165466,26.925520766545393,3.7865473259562337,0.0,1,28,0.7931525707244873
1777470427,422415935,map,2.8446049055631972,1.5206667418235478,0.0,0,0,0.47110509872436523,2.9130171132697154,-1.4211973994343716,0.0,1,1,0.4626864194869995,7.856638395617165,5.504549157104006,0.0,0,2,0.46967053413391113,7.996697292974774,1.6102035897008777,0.0,0,3,0.5137659907341003,17.86804210135502,1.7052078761045633,0.0,0,5,0.645082414150238,18.062777093359855,4.628846070172051,0.0,0,16,0.5902393460273743,8.062469326377574,-1.4716423985196725,0.0,2,8,0.5516783595085144,8.508214899493177,-1.7862439229620541,0.0,2,11,0.4585454761981964,13.094890035904324,1.6355192397050273,0.0,0,13,0.5890507102012634,12.630824504137765,8.642025467913223,0.0,1,12,0.46562060713768005,12.903707703648966,5.554234658270223,0.0,0,14,0.5122469067573547,17.79917557287142,7.276758821502341,0.0,1,4,0.5418394804000854,18.316622675069887,-1.1243271232406316,0.0,1,10,0.6669871807098389,22.172039793348947,1.8548159291809385,0.0,0,17,0.6852194666862488,13.24753018134866,-1.2499912827493596,0.0,2,15,0.5903475284576416,22.676470955714557,4.53056448909976,0.0,0,20,0.6386034488677979,24.283984836583507,3.6437984686441895,0.0,0,22,0.7731032967567444,22.492846025861944,7.631585347360262,0.0,1,23,0.7586195468902588,19.350747321567578,-1.2617783185521516,0.0,2,25,0.48401251435279846,26.017025604909435,6.019344643035099,0.0,1,24,0.8000543117523193,22.844134305919535,-1.090112976808799,0.0,1,18,0.6952942609786987,26.35495390841644,0.9059354004309926,0.0,1,29,0.6586310267448425,26.921536108125856,3.7905391921380533,0.0,1,28,0.7935835123062134
1777470427,522619604,map,2.8446049055631972,1.5206667418235478,0.0,0,0,0.47066164016723633,2.9130171132697154,-1.4211973994343716,0.0,1,1,0.46225863695144653,7.856638395617165,5.504549157104006,0.0,0,2,0.4692297875881195,7.996697292974774,1.6102035897008777,0.0,0,3,0.5132386088371277,17.86804210135502,1.7052078761045633,0.0,0,5,0.6442512273788452,18.062777093359855,4.628846070172051,0.0,0,16,0.5895434021949768,8.062469326377574,-1.4716423985196725,0.0,2,8,0.5510703325271606,8.508214899493177,-1.7862439229620541,0.0,2,11,0.4581253230571747,13.094890035904324,1.6355192397050273,0.0,0,13,0.5883575677871704,12.630824504137765,8.642025467913223,0.0,1,12,0.4651874005794525,12.903707703648966,5.554234658270223,0.0,0,14,0.5117226243019104,17.79917557287142,7.276758821502341,0.0,1,4,0.5412529110908508,18.316622675069887,-1.1243271232406316,0.0,1,10,0.6660985946655273,22.172039793348947,1.8548159291809385,0.0,0,17,0.6842817068099976,13.24753018134866,-1.2499912827493596,0.0,2,15,0.5896512866020203,22.676470955714557,4.53056448909976,0.0,0,20,0.6377888321876526,24.283984836583507,3.6437984686441895,0.0,0,22,0.771909773349762,22.491470681390116,7.6367702915677595,0.0,1,23,0.7600405812263489,19.350747321567578,-1.2617783185521516,0.0,2,25,0.4835444390773773,26.01523536422748,6.02187760734788,0.0,1,24,0.8001985549926758,22.844134305919535,-1.090112976808799,0.0,1,18,0.6943287253379822,26.35495390841644,0.9059354004309926,0.0,1,29,0.6577645540237427,26.919459668454103,3.792570091978372,0.0,1,28,0.7937946915626526
1777470427,624230093,map,2.8446049055631972,1.5206667418235478,0.0,0,0,0.4697772264480591,2.9130171132697154,-1.4211973994343716,0.0,1,1,0.461405485868454,7.856638395617165,5.504549157104006,0.0,0,2,0.46835070848464966,7.996697292974774,1.6102035897008777,0.0,0,3,0.512187123298645,17.86804210135502,1.7052078761045633,0.0,0,5,0.6425952911376953,18.062777093359855,4.628846070172051,0.0,0,16,0.5881564021110535,8.062469326377574,-1.4716423985196725,0.0,2,8,0.5498582720756531,8.508214899493177,-1.7862439229620541,0.0,2,11,0.45728734135627747,13.094890035904324,1.6355192397050273,0.0,0,13,0.586976170539856,12.630824504137765,8.642025467913223,0.0,1,12,0.46432340145111084,12.903707703648966,5.554234658270223,0.0,0,14,0.5106773376464844,17.79917557287142,7.276758821502341,0.0,1,4,0.540083646774292,18.316622675069887,-1.1243271232406316,0.0,1,10,0.6643285751342773,22.172039793348947,1.8548159291809385,0.0,0,17,0.6824138760566711,13.24753018134866,-1.2499912827493596,0.0,2,15,0.5882638096809387,22.676470955714557,4.53056448909976,0.0,0,20,0.6361659169197083,24.283984836583507,3.6437984686441895,0.0,0,22,0.7695336937904358,22.48754141360522,7.6460087597371205,0.0,1,23,0.7628036141395569,19.350747321567578,-1.2617783185521516,0.0,2,25,0.4826109707355499,26.011057804353467,6.026991918860042,0.0,1,24,0.8004868030548096,22.844134305919535,-1.090112976808799,0.0,1,18,0.6924057006835938,26.35495390841644,0.9059354004309926,0.0,1,29,0.6560384631156921,26.915145964388508,3.7968030022208956,0.0,1,28,0.7942084074020386
1777470427,722646010,map,2.8446049055631972,1.5206667418235478,0.0,0,0,0.46933627128601074,2.9130171132697154,-1.4211973994343716,0.0,1,1,0.460980087518692,7.856638395617165,5.504549157104006,0.0,0,2,0.4679124355316162,7.996697292974774,1.6102035897008777,0.0,0,3,0.5116629600524902,17.86804210135502,1.7052078761045633,0.0,0,5,0.6417704820632935,18.062777093359855,4.628846070172051,0.0,0,16,0.5874653458595276,8.062469326377574,-1.4716423985196725,0.0,2,8,0.5492542386054993,8.508214899493177,-1.7862439229620541,0.0,2,11,0.456869512796402,13.094890035904324,1.6355192397050273,0.0,0,13,0.5862879157066345,12.630824504137765,8.642025467913223,0.0,1,12,0.4638926088809967,12.903707703648966,5.554234658270223,0.0,0,14,0.5101562738418579,17.79917557287142,7.276758821502341,0.0,1,4,0.539500892162323,18.316622675069887,-1.1243271232406316,0.0,1,10,0.6634470820426941,22.172039793348947,1.8548159291809385,0.0,0,17,0.6814837455749512,13.24753018134866,-1.2499912827493596,0.0,2,15,0.5875725150108337,22.676470955714557,4.53056448909976,0.0,0,20,0.6353574991226196,24.283984836583507,3.6437984686441895,0.0,0,22,0.7683511972427368,22.485431980746576,7.650359965421022,0.0,1,23,0.7641393542289734,19.350747321567578,-1.2617783185521516,0.0,2,25,0.48214560747146606,26.00884420477893,6.029509045759944,0.0,1,24,0.8006289601325989,22.844134305919535,-1.090112976808799,0.0,1,18,0.6914481520652771,26.35495390841644,0.9059354004309926,0.0,1,29,0.6551788449287415,26.91289775470606,3.7988894227948777,0.0,1,28,0.7944114208221436
1777470427,822497016,map,2.8446049055631972,1.5206667418235478,0.0,0,0,0.46845680475234985,2.9130171132697154,-1.4211973994343716,0.0,1,1,0.4601316452026367,7.856638395617165,5.504549157104006,0.0,0,2,0.4670383036136627,7.996697292974774,1.6102035897008777,0.0,0,3,0.5106179118156433,17.86804210135502,1.7052078761045633,0.0,0,5,0.6401271820068359,18.062777093359855,4.628846070172051,0.0,0,16,0.5860881209373474,8.062469326377574,-1.4716423985196725,0.0,2,8,0.5480501651763916,8.508214899493177,-1.7862439229620541,0.0,2,11,0.45603612065315247,13.094890035904324,1.6355192397050273,0.0,0,13,0.5849161744117737,12.630824504137765,8.642025467913223,0.0,1,12,0.46303343772888184,12.903707703648966,5.554234658270223,0.0,0,14,0.5091173648834229,17.810638383556455,7.303792736789462,0.0,1,4,0.551749050617218,18.316622675069887,-1.1243271232406316,0.0,1,10,0.6616911292076111,22.172039793348947,1.8548159291809385,0.0,0,17,0.6796311140060425,13.24753018134866,-1.2499912827493596,0.0,2,15,0.5861948132514954,22.676470955714557,4.53056448909976,0.0,0,20,0.633746862411499,24.283984836583507,3.6437984686441895,0.0,0,22,0.7659969329833984,22.481205853433973,7.658811121771735,0.0,1,23,0.766718327999115,19.350747321567578,-1.2617783185521516,0.0,2,25,0.48121753334999084,26.004526214397586,6.03430057439299,0.0,1,24,0.8009060025215149,22.844134305919535,-1.090112976808799,0.0,1,18,0.6895410418510437,26.35495390841644,0.9059354004309926,0.0,1,29,0.6534662842750549,26.908245237859933,3.802904664324971,0.0,1,28,0.7948098182678223
1777470427,922818174,map,2.8446049055631972,1.5206667418235478,0.0,0,0,0.4680183231830597,2.9130171132697154,-1.4211973994343716,0.0,1,1,0.4597086012363434,7.856638395617165,5.504549157104006,0.0,0,2,0.4666024446487427,7.996697292974774,1.6102035897008777,0.0,0,3,0.5100969672203064,17.86804210135502,1.7052078761045633,0.0,0,5,0.639308750629425,18.062777093359855,4.628846070172051,0.0,0,16,0.5854019522666931,8.062469326377574,-1.4716423985196725,0.0,2,8,0.5474501252174377,8.508214899493177,-1.7862439229620541,0.0,2,11,0.45562055706977844,13.094890035904324,1.6355192397050273,0.0,0,13,0.584232747554779,12.630824504137765,8.642025467913223,0.0,1,12,0.4626050293445587,12.903707703648966,5.554234658270223,0.0,0,14,0.5085995197296143,17.81557786050028,7.320826124973027,0.0,1,4,0.5640311241149902,18.316622675069887,-1.1243271232406316,0.0,1,10,0.6608166098594666,22.172039793348947,1.8548159291809385,0.0,0,17,0.678708553314209,13.24753018134866,-1.2499912827493596,0.0,2,15,0.5855083465576172,22.676470955714557,4.53056448909976,0.0,0,20,0.632944643497467,24.283984836583507,3.6437984686441895,0.0,0,22,0.7648252248764038,22.478994748550804,7.662919774657204,0.0,1,23,0.7679645419120789,19.350747321567578,-1.2617783185521516,0.0,2,25,0.4807548224925995,26.002386102905234,6.036595652710895,0.0,1,24,0.8010412454605103,22.844134305919535,-1.090112976808799,0.0,1,18,0.6885914206504822,26.35495390841644,0.9059354004309926,0.0,1,29,0.6526133418083191,26.905842850170362,3.8048572437274903,0.0,1,28,0.795005202293396
1777470428,23608805,map,2.8446049055631972,1.5206667418235478,0.0,0,0,0.4671437740325928,2.9130171132697154,-1.4211973994343716,0.0,1,1,0.45886480808258057,7.856638395617165,5.504549157104006,0.0,0,2,0.46573320031166077,7.996697292974774,1.6102035897008777,0.0,0,3,0.5090582966804504,17.86804210135502,1.7052078761045633,0.0,0,5,0.6376780271530151,18.062777093359855,4.628846070172051,0.0,0,16,0.5840343832969666,8.062469326377574,-1.4716423985196725,0.0,2,8,0.5462539196014404,8.508214899493177,-1.7862439229620541,0.0,2,11,0.45479169487953186,13.094890035904324,1.6355192397050273,0.0,0,13,0.582870602607727,12.630824504137765,8.642025467913223,0.0,1,12,0.4617505967617035,12.903707703648966,5.554234658270223,0.0,0,14,0.5075668692588806,17.822359039915685,7.36787204091668,0.0,1,4,0.5863803625106812,18.316622675069887,-1.1243271232406316,0.0,1,10,0.6590744853019714,22.172039793348947,1.8548159291809385,0.0,0,17,0.6768710017204285,13.24753018134866,-1.2499912827493596,0.0,2,15,0.5841403007507324,22.676470955714557,4.53056448909976,0.0,0,20,0.6313462257385254,24.283984836583507,3.6437984686441895,0.0,0,22,0.7624925374984741,22.47420895415195,7.670692567050502,0.0,1,23,0.7703779339790344,19.350747321567578,-1.2617783185521516,0.0,2,25,0.47983211278915405,25.99783946000553,6.040994857841455,0.0,1,24,0.8013089299201965,22.844134305919535,-1.090112976808799,0.0,1,18,0.6866999864578247,26.35495390841644,0.9059354004309926,0.0,1,29,0.650914192199707,26.900778751101043,3.8085796167209036,0.0,1,28,0.7953901290893555
1777470428,122865800,map,2.8446049055631972,1.5206667418235478,0.0,0,0,0.4667077362537384,2.9130171132697154,-1.4211973994343716,0.0,1,1,0.45844408869743347,7.856638395617165,5.504549157104006,0.0,0,2,0.4652997851371765,7.996697292974774,1.6102035897008777,0.0,0,3,0.5085405707359314,17.86804210135502,1.7052078761045633,0.0,0,5,0.6368657946586609,18.062777093359855,4.628846070172051,0.0,0,16,0.5833529829978943,8.062469326377574,-1.4716423985196725,0.0,2,8,0.545657753944397,8.508214899493177,-1.7862439229620541,0.0,2,11,0.4543783962726593,13.094890035904324,1.6355192397050273,0.0,0,13,0.5821918845176697,12.630824504137765,8.642025467913223,0.0,1,12,0.461324542760849,12.903707703648966,5.554234658270223,0.0,0,14,0.5070521831512451,17.823438243645317,7.384605612825443,0.0,1,4,0.596716046333313,18.316622675069887,-1.1243271232406316,0.0,1,10,0.6582068800926208,22.172039793348947,1.8548159291809385,0.0,0,17,0.6759558916091919,13.24753018134866,-1.2499912827493596,0.0,2,15,0.583458662033081,22.676470955714557,4.53056448909976,0.0,0,20,0.6305500268936157,24.283984836583507,3.6437984686441895,0.0,0,22,0.7613315582275391,22.47122545066012,7.674060845781288,0.0,1,23,0.7715537548065186,19.350747321567578,-1.2617783185521516,0.0,2,25,0.4793720841407776,25.995309310682796,6.043203063682771,0.0,1,24,0.801442563533783,22.844134305919535,-1.090112976808799,0.0,1,18,0.6857581734657288,26.35495390841644,0.9059354004309926,0.0,1,29,0.650067925453186,26.89818607281673,3.810524098934088,0.0,1,28,0.7955785989761353
1777470428,222935455,map,2.8446049055631972,1.5206667418235478,0.0,0,0,0.4662725031375885,2.9130171132697154,-1.4211973994343716,0.0,1,1,0.45802414417266846,7.856638395617165,5.504549157104006,0.0,0,2,0.46486717462539673,7.996697292974774,1.6102035897008777,0.0,0,3,0.5080238580703735,17.86804210135502,1.7052078761045633,0.0,0,5,0.6360556483268738,18.062777093359855,4.628846070172051,0.0,0,16,0.5826731324195862,8.062469326377574,-1.4716423985196725,0.0,2,8,0.5450629591941833,8.508214899493177,-1.7862439229620541,0.0,2,11,0.4539658725261688,13.094890035904324,1.6355192397050273,0.0,0,13,0.5815147757530212,12.630824504137765,8.642025467913223,0.0,1,12,0.460899293422699,12.903707703648966,5.554234658270223,0.0,0,14,0.5065385103225708,17.825011312235887,7.399805716740497,0.0,1,4,0.606480598449707,18.316622675069887,-1.1243271232406316,0.0,1,10,0.6573415398597717,22.172039793348947,1.8548159291809385,0.0,0,17,0.6750432848930359,13.24753018134866,-1.2499912827493596,0.0,2,15,0.5827785730361938,22.676470955714557,4.53056448909976,0.0,0,20,0.6297557950019836,24.283984836583507,3.6437984686441895,0.0,0,22,0.760174036026001,22.468189205233337,7.67736324234886,0.0,1,23,0.7727036476135254,19.350747321567578,-1.2617783185521516,0.0,2,25,0.47891291975975037,25.992758026975107,6.045454509757985,0.0,1,24,0.801574170589447,22.844134305919535,-1.090112976808799,0.0,1,18,0.6848189234733582,26.35495390841644,0.9059354004309926,0.0,1,29,0.649223804473877,26.89818607281673,3.810524098934088,0.0,1,28,0.7943147420883179
1777470428,322402400,map,2.8446049055631972,1.5206667418235478,0.0,0,0,0.4654045104980469,2.9130171132697154,-1.4211973994343716,0.0,1,1,0.4571865200996399,7.856638395617165,5.504549157104006,0.0,0,2,0.46400439739227295,7.996697292974774,1.6102035897008777,0.0,0,3,0.5069935917854309,17.86804210135502,1.7052078761045633,0.0,0,5,0.6344414949417114,18.062777093359855,4.628846070172051,0.0,0,16,0.5813182592391968,8.062469326377574,-1.4716423985196725,0.0,2,8,0.5438771843910217,8.508214899493177,-1.7862439229620541,0.0,2,11,0.45314303040504456,13.094890035904324,1.6355192397050273,0.0,0,13,0.5801653265953064,12.630824504137765,8.642025467913223,0.0,1,12,0.46005114912986755,12.903707703648966,5.554234658270223,0.0,0,14,0.5055142641067505,17.828509615654443,7.427775999163821,0.0,1,4,0.6244722008705139,18.316622675069887,-1.1243271232406316,0.0,1,10,0.6556176543235779,22.172039793348947,1.8548159291809385,0.0,0,17,0.673225462436676,13.24753018134866,-1.2499912827493596,0.0,2,15,0.5814232230186462,22.664908530686965,4.547170479265532,0.0,0,20,0.6346763372421265,24.283984836583507,3.6437984686441895,0.0,0,22,0.7578696012496948,22.462080687518664,7.6837290734417865,0.0,1,23,0.7749272584915161,19.350747321567578,-1.2617783185521516,0.0,2,25,0.4779972434043884,25.992758026975107,6.045454509757985,0.0,1,24,0.799012303352356,22.844134305919535,-1.090112976808799,0.0,1,18,0.6829481720924377,26.35495390841644,0.9059354004309926,0.0,1,29,0.6475422382354736,26.89818607281673,3.810524098934088,0.0,1,28,0.791799008846283
1777470428,422811188,map,2.8446049055631972,1.5206667418235478,0.0,0,0,0.4649716913700104,2.9130171132697154,-1.4211973994343716,0.0,1,1,0.45676887035369873,7.856638395617165,5.504549157104006,0.0,0,2,0.4635741710662842,7.996697292974774,1.6102035897008777,0.0,0,3,0.5064800381660461,17.86804210135502,1.7052078761045633,0.0,0,5,0.6336374878883362,18.062777093359855,4.628846070172051,0.0,0,16,0.5806431770324707,8.062469326377574,-1.4716423985196725,0.0,2,8,0.5432862043380737,8.508214899493177,-1.7862439229620541,0.0,2,11,0.45273271203041077,13.094890035904324,1.6355192397050273,0.0,0,13,0.5794929265975952,12.630824504137765,8.642025467913223,0.0,1,12,0.45962825417518616,12.903707703648966,5.554234658270223,0.0,0,14,0.5050036907196045,17.83103608921294,7.441363451246765,0.0,1,4,0.6327534317970276,18.316622675069887,-1.1243271232406316,0.0,1,10,0.6547591090202332,22.172039793348947,1.8548159291809385,0.0,0,17,0.6723202466964722,13.24753018134866,-1.2499912827493596,0.0,2,15,0.5807479023933411,22.653955588958095,4.5622936331265285,0.0,0,20,0.6401808857917786,24.283984836583507,3.6437984686441895,0.0,0,22,0.7567225694656372,22.45927816464027,7.686893619438828,0.0,1,23,0.775998055934906,19.350747321567578,-1.2617783185521516,0.0,2,25,0.4775407016277313,25.992758026975107,6.045454509757985,0.0,1,24,0.7977374792098999,22.844134305919535,-1.090112976808799,0.0,1,18,0.6820166110992432,26.35495390841644,0.9059354004309926,0.0,1,29,0.6467046737670898,26.89818607281673,3.810524098934088,0.0,1,28,0.7905470728874207
1777470428,522553049,map,2.8446049055631972,1.5206667418235478,0.0,0,0,0.46410849690437317,2.9130171132697154,-1.4211973994343716,0.0,1,1,0.45593583583831787,7.856638395617165,5.504549157104006,0.0,0,2,0.46271616220474243,7.996697292974774,1.6102035897008777,0.0,0,3,0.5054560303688049,17.86804210135502,1.7052078761045633,0.0,0,5,0.6320355534553528,18.062777093359855,4.628846070172051,0.0,0,16,0.5792977213859558,8.062469326377574,-1.4716423985196725,0.0,2,8,0.5421081185340881,8.508214899493177,-1.7862439229620541,0.0,2,11,0.45191434025764465,13.094890035904324,1.6355192397050273,0.0,0,13,0.5781527757644653,12.630824504137765,8.642025467913223,0.0,1,12,0.4587847590446472,12.903707703648966,5.554234658270223,0.0,0,14,0.503985583782196,17.83530917254933,7.4707881534382325,0.0,1,4,0.6480728983879089,18.316622675069887,-1.1243271232406316,0.0,1,10,0.6530487537384033,22.172039793348947,1.8548159291809385,0.0,0,17,0.6705170273780823,13.24753018134866,-1.2499912827493596,0.0,2,15,0.579401969909668,22.634658530278877,4.590324690931575,0.0,0,20,0.650579571723938,24.283984836583507,3.6437984686441895,0.0,0,22,0.7544389963150024,22.454117154010312,7.6934928418677995,0.0,1,23,0.7780605554580688,19.350747321567578,-1.2617783185521516,0.0,2,25,0.4766302704811096,25.992758026975107,6.045454509757985,0.0,1,24,0.7952000498771667,22.844134305919535,-1.090112976808799,0.0,1,18,0.6801610589027405,26.35495390841644,0.9059354004309926,0.0,1,29,0.6450361013412476,26.89818607281673,3.810524098934088,0.0,1,28,0.7880551218986511
1777470428,624518440,map,2.8446049055631972,1.5206667418235478,0.0,0,0,0.46367812156677246,2.9130171132697154,-1.4211973994343716,0.0,1,1,0.4555204510688782,7.856638395617165,5.504549157104006,0.0,0,2,0.46228834986686707,7.996697292974774,1.6102035897008777,0.0,0,3,0.5049455761909485,17.86804210135502,1.7052078761045633,0.0,0,5,0.6312376260757446,18.062777093359855,4.628846070172051,0.0,0,16,0.578627347946167,8.062469326377574,-1.4716423985196725,0.0,2,8,0.5415210127830505,8.508214899493177,-1.7862439229620541,0.0,2,11,0.45150622725486755,13.094890035904324,1.6355192397050273,0.0,0,13,0.5774850249290466,12.630824504137765,8.642025467913223,0.0,1,12,0.45836418867111206,12.903707703648966,5.554234658270223,0.0,0,14,0.5034781098365784,17.836851357985108,7.483310852599767,0.0,1,4,0.6552032828330994,18.316622675069887,-1.1243271232406316,0.0,1,10,0.6521969437599182,22.172039793348947,1.8548159291809385,0.0,0,17,0.6696190237998962,13.24753018134866,-1.2499912827493596,0.0,2,15,0.5787312984466553,22.626024389677106,4.602621082144374,0.0,0,20,0.6555001139640808,24.283984836583507,3.6437984686441895,0.0,0,22,0.7533023357391357,22.451456292712255,7.696514066404044,0.0,1,23,0.779059648513794,19.350747321567578,-1.2617783185521516,0.0,2,25,0.47617635130882263,25.992758026975107,6.045454509757985,0.0,1,24,0.7939373850822449,22.844134305919535,-1.090112976808799,0.0,1,18,0.6792370676994324,26.35495390841644,0.9059354004309926,0.0,1,29,0.6442050337791443,26.89818607281673,3.810524098934088,0.0,1,28,0.7868149876594543
1777470428,722569340,map,2.8446049055631972,1.5206667418235478,0.0,0,0,0.4628197252750397,2.9130171132697154,-1.4211973994343716,0.0,1,1,0.45469197630882263,7.856638395617165,5.504549157104006,0.0,0,2,0.46143507957458496,7.996697292974774,1.6102035897008777,0.0,0,3,0.5039277076721191,17.86804210135502,1.7052078761045633,0.0,0,5,0.6296477913856506,18.062777093359855,4.628846070172051,0.0,0,16,0.5772911906242371,8.062469326377574,-1.4716423985196725,0.0,2,8,0.5403505563735962,8.508214899493177,-1.7862439229620541,0.0,2,11,0.4506922662258148,13.094890035904324,1.6355192397050273,0.0,0,13,0.5761541128158569,12.630824504137765,8.642025467913223,0.0,1,12,0.4575253427028656,12.903707703648966,5.554234658270223,0.0,0,14,0.5024662017822266,17.83909831913381,7.506794306058616,0.0,1,4,0.6684905886650085,18.316622675069887,-1.1243271232406316,0.0,1,10,0.6504999399185181,22.172039793348947,1.8548159291809385,0.0,0,17,0.6678302884101868,13.24753018134866,-1.2499912827493596,0.0,2,15,0.5773946642875671,22.609998273979674,4.6250550772057775,0.0,0,20,0.6648337244987488,24.283984836583507,3.6437984686441895,0.0,0,22,0.7510393261909485,22.446139507610916,7.702423573055272,0.0,1,23,0.7809921503067017,19.350747321567578,-1.2617783185521516,0.0,2,25,0.4752711057662964,25.992758026975107,6.045454509757985,0.0,1,24,0.791424036026001,22.844134305919535,-1.090112976808799,0.0,1,18,0.6773966550827026,26.35495390841644,0.9059354004309926,0.0,1,29,0.6425492763519287,26.89818607281673,3.810524098934088,0.0,1,28,0.7843464612960815
1777470428,822396502,map,2.8446049055631972,1.5206667418235478,0.0,0,0,0.4623917043209076,2.9130171132697154,-1.4211973994343716,0.0,1,1,0.4542788565158844,7.856638395617165,5.504549157104006,0.0,0,2,0.4610096514225006,7.996697292974774,1.6102035897008777,0.0,0,3,0.503420352935791,17.86804210135502,1.7052078761045633,0.0,0,5,0.6288558840751648,18.062777093359855,4.628846070172051,0.0,0,16,0.5766254663467407,8.062469326377574,-1.4716423985196725,0.0,2,8,0.5397672057151794,8.508214899493177,-1.7862439229620541,0.0,2,11,0.4502863883972168,13.094890035904324,1.6355192397050273,0.0,0,13,0.5754910111427307,12.630824504137765,8.642025467913223,0.0,1,12,0.4571070671081543,12.903707703648966,5.554234658270223,0.0,0,14,0.5019617676734924,17.8399006264269,7.5172575297219275,0.0,1,4,0.6746920943260193,18.316622675069887,-1.1243271232406316,0.0,1,10,0.649654746055603,22.172039793348947,1.8548159291809385,0.0,0,17,0.6669394969940186,13.24753018134866,-1.2499912827493596,0.0,2,15,0.5767287015914917,22.602612806796216,4.635197239912176,0.0,0,20,0.6692615151405334,24.283984836583507,3.6437984686441895,0.0,0,22,0.7499128580093384,22.44348755943527,7.705208952704705,0.0,1,23,0.7819271683692932,19.350747321567578,-1.2617783185521516,0.0,2,25,0.47481977939605713,25.992758026975107,6.045454509757985,0.0,1,24,0.7901732921600342,22.844134305919535,-1.090112976808799,0.0,1,18,0.6764801144599915,26.35495390841644,0.9059354004309926,0.0,1,29,0.6417245864868164,26.89818607281673,3.810524098934088,0.0,1,28,0.783117949962616
1777470428,922657323,map,2.8446049055631972,1.5206667418235478,0.0,0,0,0.46153807640075684,2.9130171132697154,-1.4211973994343716,0.0,1,1,0.4534548819065094,7.856638395617165,5.504549157104006,0.0,0,2,0.46016108989715576,7.996697292974774,1.6102035897008777,0.0,0,3,0.5024086833000183,17.86804210135502,1.7052078761045633,0.0,0,5,0.6272780299186707,18.056377958534103,4.656706098725856,0.0,0,16,0.587835967540741,8.062469326377574,-1.4716423985196725,0.0,2,8,0.5386043190956116,8.508214899493177,-1.7862439229620541,0.0,2,11,0.44947683811187744,13.094890035904324,1.6355192397050273,0.0,0,13,0.5741692781448364,12.630824504137765,8.642025467913223,0.0,1,12,0.45627281069755554,12.903707703648966,5.554234658270223,0.0,0,14,0.5009559392929077,17.84266612405373,7.53993347260314,0.0,1,4,0.6862272024154663,18.316622675069887,-1.1243271232406316,0.0,1,10,0.6479709148406982,22.172039793348947,1.8548159291809385,0.0,0,17,0.6651650071144104,13.24753018134866,-1.2499912827493596,0.0,2,15,0.5754013061523438,22.588952458069407,4.655063544512597,0.0,0,20,0.6776686906814575,24.283984836583507,3.6437984686441895,0.0,0,22,0.7476701140403748,22.438891653295464,7.711235898033812,0.0,1,23,0.7837241888046265,19.350747321567578,-1.2617783185521516,0.0,2,25,0.47391965985298157,25.992758026975107,6.045454509757985,0.0,1,24,0.7876836657524109,22.844134305919535,-1.090112976808799,0.0,1,18,0.6746546030044556,26.35495390841644,0.9059354004309926,0.0,1,29,0.6400815844535828,26.89818607281673,3.810524098934088,0.0,1,28,0.780672550201416
1777470429,22742330,map,2.8446049055631972,1.5206667418235478,0.0,0,0,0.4611124098300934,2.9130171132697154,-1.4211973994343716,0.0,1,1,0.45304399728775024,7.856638395617165,5.504549157104006,0.0,0,2,0.45973798632621765,7.996697292974774,1.6102035897008777,0.0,0,3,0.5019043684005737,17.86804210135502,1.7052078761045633,0.0,0,5,0.6264920234680176,18.048783621925608,4.682779335897759,0.0,0,16,0.599041759967804,8.062469326377574,-1.4716423985196725,0.0,2,8,0.5380247831344604,8.508214899493177,-1.7862439229620541,0.0,2,11,0.4490731358528137,13.094890035904324,1.6355192397050273,0.0,0,13,0.5735107064247131,12.630824504137765,8.642025467913223,0.0,1,12,0.4558568000793457,12.903707703648966,5.554234658270223,0.0,0,14,0.5004544854164124,17.844031097335336,7.552097233781667,0.0,1,4,0.6916073560714722,18.316622675069887,-1.1243271232406316,0.0,1,10,0.6471322774887085,22.172039793348947,1.8548159291809385,0.0,0,17,0.6642812490463257,13.24753018134866,-1.2499912827493596,0.0,2,15,0.5747398734092712,22.582663418722895,4.66484335629864,0.0,0,20,0.6816605925559998,24.283984836583507,3.6437984686441895,0.0,0,22,0.7465537786483765,22.436922693599705,7.714421803454778,0.0,1,23,0.7845879197120667,19.350747321567578,-1.2617783185521516,0.0,2,25,0.47347089648246765,25.992758026975107,6.045454509757985,0.0,1,24,0.7864447236061096,22.844134305919535,-1.090112976808799,0.0,1,18,0.6737455129623413,26.35495390841644,0.9059354004309926,0.0,1,29,0.6392632126808167,26.89818607281673,3.810524098934088,0.0,1,28,0.7794555425643921
1777470429,122400452,map,2.8446049055631972,1.5206667418235478,0.0,0,0,0.4602634906768799,2.9130171132697154,-1.4211973994343716,0.0,1,1,0.4522244930267334,7.856638395617165,5.504549157104006,0.0,0,2,0.45889410376548767,7.996697292974774,1.6102035897008777,0.0,0,3,0.5008987188339233,17.86804210135502,1.7052078761045633,0.0,0,5,0.624925971031189,18.040535491203617,4.708866101160074,0.0,0,16,0.6088677048683167,8.062469326377574,-1.4716423985196725,0.0,2,8,0.5368693470954895,8.508214899493177,-1.7862439229620541,0.0,2,11,0.4482679069042206,13.094890035904324,1.6355192397050273,0.0,0,13,0.5721980333328247,12.677986428031943,8.786575990296532,0.0,1,12,0.5076001286506653,12.903707703648966,5.554234658270223,0.0,0,14,0.49945467710494995,17.84657500521864,7.578026477862089,0.0,1,4,0.7016699910163879,18.316622675069887,-1.1243271232406316,0.0,1,10,0.6454614400863647,22.172039793348947,1.8548159291809385,0.0,0,17,0.6625208854675293,13.24753018134866,-1.2499912827493596,0.0,2,15,0.5734215974807739,22.571310891701835,4.684232993110236,0.0,0,20,0.6892467737197876,24.283984836583507,3.6437984686441895,0.0,0,22,0.7443310618400574,22.433649055792316,7.721101174481694,0.0,1,23,0.7862488627433777,19.350747321567578,-1.2617783185521516,0.0,2,25,0.4725758731365204,25.992758026975107,6.045454509757985,0.0,1,24,0.7839785218238831,22.844134305919535,-1.090112976808799,0.0,1,18,0.6719346046447754,26.35495390841644,0.9059354004309926,0.0,1,29,0.6376327872276306,26.89818607281673,3.810524098934088,0.0,1,28,0.7770329117774963
1777470429,222756252,map,2.8446049055631972,1.5206667418235478,0.0,0,0,0.45984017848968506,2.9130171132697154,-1.4211973994343716,0.0,1,1,0.4518158435821533,7.856638395617165,5.504549157104006,0.0,0,2,0.4584733247756958,7.996697292974774,1.6102035897008777,0.0,0,3,0.5003974437713623,17.86804210135502,1.7052078761045633,0.0,0,5,0.6241459250450134,18.040535491203617,4.708866101160074,0.0,0,16,0.6081271767616272,8.062469326377574,-1.4716423985196725,0.0,2,8,0.5362935066223145,8.508214899493177,-1.7862439229620541,0.0,2,11,0.44786638021469116,13.094890035904324,1.6355192397050273,0.0,0,13,0.5715439915657043,12.693562778850698,8.841751792929632,0.0,1,12,0.5298478603363037,12.903707703648966,5.554234658270223,0.0,0,14,0.49895626306533813,17.847744325748106,7.590093618680166,0.0,1,4,0.7063938975334167,18.316622675069887,-1.1243271232406316,0.0,1,10,0.6446292996406555,22.172039793348947,1.8548159291809385,0.0,0,17,0.6616441607475281,13.24753018134866,-1.2499912827493596,0.0,2,15,0.5727647542953491,22.56606862748186,4.6935118016758155,0.0,0,20,0.6928563117980957,24.283984836583507,3.6437984686441895,0.0,0,22,0.7432246208190918,22.432117515563675,7.724432847608841,0.0,1,23,0.7870507836341858,19.350747321567578,-1.2617783185521516,0.0,2,25,0.4721296429634094,25.992758026975107,6.045454509757985,0.0,1,24,0.782751202583313,22.844134305919535,-1.090112976808799,0.0,1,18,0.6710328459739685,26.35495390841644,0.9059354004309926,0.0,1,29,0.6368206739425659,26.89818607281673,3.810524098934088,0.0,1,28,0.7758272290229797
1777470429,322714685,map,2.8446049055631972,1.5206667418235478,0.0,0,0,0.4589959383010864,2.9130171132697154,-1.4211973994343716,0.0,1,1,0.45100077986717224,7.856638395617165,5.504549157104006,0.0,0,2,0.4576340615749359,7.996697292974774,1.6102035897008777,0.0,0,3,0.4993978440761566,17.86804210135502,1.7052078761045633,0.0,0,5,0.6225915551185608,18.040535491203617,4.708866101160074,0.0,0,16,0.6066514849662781,8.062469326377574,-1.4716423985196725,0.0,2,8,0.5351455807685852,8.508214899493177,-1.7862439229620541,0.0,2,11,0.44706547260284424,13.094890035904324,1.6355192397050273,0.0,0,13,0.570240318775177,12.708172738272838,8.90735469428276,0.0,1,12,0.5692139267921448,12.903707703648966,5.554234658270223,0.0,0,14,0.49796241521835327,17.848303774949827,7.608301200952125,0.0,1,4,0.7153499126434326,18.316622675069887,-1.1243271232406316,0.0,1,10,0.642971396446228,22.172039793348947,1.8548159291809385,0.0,0,17,0.6598976850509644,13.24753018134866,-1.2499912827493596,0.0,2,15,0.5714554786682129,22.55577225836877,4.708783621260222,0.0,0,20,0.6997542977333069,24.283984836583507,3.6437984686441895,0.0,0,22,0.7410216331481934,22.42825155784228,7.730307586350448,0.0,1,23,0.7886168956756592,19.350747321567578,-1.2617783185521516,0.0,2,25,0.47123971581459045,25.992758026975107,6.045454509757985,0.0,1,24,0.7803080677986145,22.844134305919535,-1.090112976808799,0.0,1,18,0.6692365407943726,26.35495390841644,0.9059354004309926,0.0,1,29,0.6352025866508484,26.89818607281673,3.810524098934088,0.0,1,28,0.7734270095825195
1777470429,422805257,map,2.8446049055631972,1.5206667418235478,0.0,0,0,0.45857495069503784,2.9130171132697154,-1.4211973994343716,0.0,1,1,0.45059433579444885,7.856638395617165,5.504549157104006,0.0,0,2,0.4572155773639679,7.996697292974774,1.6102035897008777,0.0,0,3,0.49889954924583435,17.86804210135502,1.7052078761045633,0.0,0,5,0.6218172907829285,18.040535491203617,4.708866101160074,0.0,0,16,0.6059163212776184,8.062469326377574,-1.4716423985196725,0.0,2,8,0.5345733761787415,8.508214899493177,-1.7862439229620541,0.0,2,11,0.44666609168052673,13.094890035904324,1.6355192397050273,0.0,0,13,0.56959068775177,12.711518504342163,8.926850816133088,0.0,1,12,0.5865837931632996,12.903707703648966,5.554234658270223,0.0,0,14,0.4974669814109802,17.847810955830013,7.615233342508013,0.0,1,4,0.7195916771888733,18.316622675069887,-1.1243271232406316,0.0,1,10,0.6421456336975098,22.172039793348947,1.8548159291809385,0.0,0,17,0.6590279340744019,13.24753018134866,-1.2499912827493596,0.0,2,15,0.5708031058311462,22.550826931299,4.71567640571176,0.0,0,20,0.7030459046363831,24.283984836583507,3.6437984686441895,0.0,0,22,0.7399250268936157,22.425924809414106,7.73277014241717,0.0,1,23,0.7893820405006409,19.350747321567578,-1.2617783185521516,0.0,2,25,0.47079598903656006,25.992758026975107,6.045454509757985,0.0,1,24,0.7790921926498413,22.844134305919535,-1.090112976808799,0.0,1,18,0.6683419942855835,26.35495390841644,0.9059354004309926,0.0,1,29,0.6343966722488403,26.89818607281673,3.810524098934088,0.0,1,28,0.7722324728965759
1777470429,522328520,map,2.8446049055631972,1.5206667418235478,0.0,0,0,0.4577353298664093,2.9130171132697154,-1.4211973994343716,0.0,1,1,0.44978365302085876,7.856638395617165,5.504549157104006,0.0,0,2,0.4563809335231781,7.996697292974774,1.6102035897008777,0.0,0,3,0.4979059100151062,17.86804210135502,1.7052078761045633,0.0,0,5,0.6202744841575623,18.012656695251998,4.743991513661642,0.0,0,16,0.626089870929718,8.062469326377574,-1.4716423985196725,0.0,2,8,0.5334327816963196,8.508214899493177,-1.7862439229620541,0.0,2,11,0.44586947560310364,13.094890035904324,1.6355192397050273,0.0,0,13,0.5682958960533142,12.718774528856244,8.949494607477432,0.0,1,12,0.6173146963119507,12.903707703648966,5.554234658270223,0.0,0,14,0.4964790642261505,17.845928190971108,7.625965890167231,0.0,1,4,0.7276235222816467,18.316622675069887,-1.1243271232406316,0.0,1,10,0.6405004262924194,22.172039793348947,1.8548159291809385,0.0,0,17,0.6572952270507812,13.24753018134866,-1.2499912827493596,0.0,2,15,0.5695028305053711,22.541269044727308,4.728141821600683,0.0,0,20,0.709335207939148,24.283984836583507,3.6437984686441895,0.0,0,22,0.7377415895462036,22.42074520310619,7.737044102009314,0.0,1,23,0.7908734679222107,19.350747321567578,-1.2617783185521516,0.0,2,25,0.4699110686779022,25.992758026975107,6.045454509757985,0.0,1,24,0.7766717672348022,22.844134305919535,-1.090112976808799,0.0,1,18,0.6665599942207336,26.35495390841644,0.9059354004309926,0.0,1,29,0.6327909231185913,26.89818607281673,3.810524098934088,0.0,1,28,0.7698544859886169,8.496841481216103,8.849401810449384,0.0,1,31,0.6836749315261841
1777470429,624530690,map,2.8446049055631972,1.5206667418235478,0.0,0,0,0.45731666684150696,2.9130171132697154,-1.4211973994343716,0.0,1,1,0.44937941431999207,7.856638395617165,5.504549157104006,0.0,0,2,0.45596474409103394,7.996697292974774,1.6102035897008777,0.0,0,3,0.4974105954170227,17.86804210135502,1.7052078761045633,0.0,0,5,0.6195059418678284,18.00173754269099,4.757805054103891,0.0,0,16,0.6353132724761963,8.062469326377574,-1.4716423985196725,0.0,2,8,0.5328642725944519,8.508214899493177,-1.7862439229620541,0.0,2,11,0.44547224044799805,13.094890035904324,1.6355192397050273,0.0,0,13,0.5676507353782654,12.722183880363044,8.957176992637558,0.0,1,12,0.6309265494346619,12.903707703648966,5.554234658270223,0.0,0,14,0.49598655104637146,17.844791176387307,7.630677640947062,0.0,1,4,0.7314173579216003,18.316622675069887,-1.1243271232406316,0.0,1,10,0.6396809816360474,22.172039793348947,1.8548159291809385,0.0,0,17,0.6564322710037231,13.24753018134866,-1.2499912827493596,0.0,2,15,0.5688548684120178,22.536578744538627,4.7339313002776,0.0,0,20,0.7123409509658813,24.283984836583507,3.6437984686441895,0.0,0,22,0.7366546392440796,22.418075737384964,7.739055159895361,0.0,1,23,0.7915970683097839,19.350747321567578,-1.2617783185521516,0.0,2,25,0.4694698452949524,25.992758026975107,6.045454509757985,0.0,1,24,0.7754672169685364,22.844134305919535,-1.090112976808799,0.0,1,18,0.6656726002693176,26.35495390841644,0.9059354004309926,0.0,1,29,0.6319910883903503,26.89818607281673,3.810524098934088,0.0,1,28,0.768670916557312,8.501083218927603,8.833773227235909,0.0,1,31,0.698853611946106
1777470429,722493247,map,2.8446049055631972,1.5206667418235478,0.0,0,0,0.4564816653728485,2.9130171132697154,-1.4211973994343716,0.0,1,1,0.4485730826854706,7.856638395617165,5.504549157104006,0.0,0,2,0.45513463020324707,7.996697292974774,1.6102035897008777,0.0,0,3,0.4964228868484497,17.86804210135502,1.7052078761045633,0.0,0,5,0.617974579334259,17.98464469550527,4.7823600249179865,0.0,0,16,0.6522369980812073,8.062469326377574,-1.4716423985196725,0.0,2,8,0.5317308902740479,8.508214899493177,-1.7862439229620541,0.0,2,11,0.444679856300354,13.094890035904324,1.6355192397050273,0.0,0,13,0.5663647055625916,12.728345298264244,8.970263247862968,0.0,1,12,0.6551957130432129,12.903707703648966,5.554234658270223,0.0,0,14,0.4950045049190521,17.84226757424544,7.639512357069913,0.0,1,4,0.7385897040367126,18.316622675069887,-1.1243271232406316,0.0,1,10,0.6380484104156494,22.172039793348947,1.8548159291809385,0.0,0,17,0.6547131538391113,13.24753018134866,-1.2499912827493596,0.0,2,15,0.5675634741783142,22.52736468708613,4.744724823451005,0.0,0,20,0.7180917263031006,24.283984836583507,3.6437984686441895,0.0,0,22,0.7344903945922852,22.41275291694709,7.742885085748199,0.0,1,23,0.7929993271827698,19.350747321567578,-1.2617783185521516,0.0,2,25,0.4685898721218109,25.992758026975107,6.045454509757985,0.0,1,24,0.7730692625045776,22.844134305919535,-1.090112976808799,0.0,1,18,0.6639048457145691,26.35495390841644,0.9059354004309926,0.0,1,29,0.6303974390029907,26.89818607281673,3.810524098934088,0.0,1,28,0.7663147449493408,8.507940146311428,8.808553394614957,0.0,1,31,0.7248906493186951
1777470429,822843474,map,2.8446049055631972,1.5206667418235478,0.0,0,0,0.45606529712677,2.9130171132697154,-1.4211973994343716,0.0,1,1,0.4481710195541382,7.856638395617165,5.504549157104006,0.0,0,2,0.45472070574760437,7.996697292974774,1.6102035897008777,0.0,0,3,0.4959304928779602,17.86804210135502,1.7052078761045633,0.0,0,5,0.6172117590904236,17.977972876599672,4.7939646826871565,0.0,0,16,0.6600133776664734,8.062469326377574,-1.4716423985196725,0.0,2,8,0.5311660170555115,8.508214899493177,-1.7862439229620541,0.0,2,11,0.44428473711013794,13.094890035904324,1.6355192397050273,0.0,0,13,0.5657238960266113,12.731502048194576,8.977309914244376,0.0,1,12,0.6660193800926208,12.903707703648966,5.554234658270223,0.0,0,14,0.49451494216918945,17.84099136646199,7.644089534798625,0.0,1,4,0.7419761419296265,18.316622675069887,-1.1243271232406316,0.0,1,10,0.6372352242469788,22.172039793348947,1.8548159291809385,0.0,0,17,0.6538569927215576,13.24753018134866,-1.2499912827493596,0.0,2,15,0.5669199228286743,22.52286001065927,4.7499000778490545,0.0,0,20,0.7208423018455505,24.283984836583507,3.6437984686441895,0.0,0,22,0.7334129810333252,22.410199577218354,7.744811907184639,0.0,1,23,0.7936769723892212,19.350747321567578,-1.2617783185521516,0.0,2,25,0.46815115213394165,25.992758026975107,6.045454509757985,0.0,1,24,0.77187579870224,22.844134305919535,-1.090112976808799,0.0,1,18,0.6630244255065918,26.35495390841644,0.9059354004309926,0.0,1,29,0.6296036243438721,26.89818607281673,3.810524098934088,0.0,1,28,0.7651420831680298,8.512053737955375,8.800604280408804,0.0,1,31,0.7360445857048035
1777470429,922612581,map,2.8446049055631972,1.5206667418235478,0.0,0,0,0.4552348256111145,2.9130171132697154,-1.4211973994343716,0.0,1,1,0.4473690390586853,7.856638395617165,5.504549157104006,0.0,0,2,0.4538951516151428,7.996697292974774,1.6102035897008777,0.0,0,3,0.4949486553668976,17.86804210135502,1.7052078761045633,0.0,0,5,0.6156917214393616,17.966228240321346,4.815949043953833,0.0,0,16,0.6743941903114319,8.062469326377574,-1.4716423985196725,0.0,2,8,0.53003990650177,8.508214899493177,-1.7862439229620541,0.0,2,11,0.44349658489227295,13.094890035904324,1.6355192397050273,0.0,0,13,0.5644466280937195,12.737267618921214,8.992166484151634,0.0,1,12,0.6854806542396545,12.903707703648966,5.554234658270223,0.0,0,14,0.49353867769241333,17.838287482091786,7.653386988634908,0.0,1,4,0.7483845353126526,18.316622675069887,-1.1243271232406316,0.0,1,10,0.6356151103973389,22.172039793348947,1.8548159291809385,0.0,0,17,0.652151346206665,13.24753018134866,-1.2499912827493596,0.0,2,15,0.5656372308731079,22.513951694616008,4.759702951210616,0.0,0,20,0.7261108160018921,24.283984836583507,3.6437984686441895,0.0,0,22,0.7312677502632141,22.405228108940257,7.748571967653976,0.0,1,23,0.7949885129928589,19.350747321567578,-1.2617783185521516,0.0,2,25,0.46727612614631653,25.992758026975107,6.045454509757985,0.0,1,24,0.7695000171661377,22.844134305919535,-1.090112976808799,0.0,1,18,0.6612706780433655,26.35495390841644,0.9059354004309926,0.0,1,29,0.6280220150947571,26.89818607281673,3.810524098934088,0.0,1,28,0.7628074288368225,8.521770177226312,8.791184795917554,0.0,1,31,0.7553983926773071
1777470430,22492081,map,2.8446049055631972,1.5206667418235478,0.0,0,0,0.45440736413002014,2.9130171132697154,-1.4211973994343716,0.0,1,1,0.44656988978385925,7.856638395617165,5.504549157104006,0.0,0,2,0.45307254791259766,7.996697292974774,1.6102035897008777,0.0,0,3,0.49397069215774536,17.86804210135502,1.7052078761045633,0.0,0,5,0.6141791343688965,17.956247110456637,4.833452315408869,0.0,0,16,0.687407374382019,8.062469326377574,-1.4716423985196725,0.0,2,8,0.5289185047149658,8.508214899493177,-1.7862439229620541,0.0,2,11,0.44271120429039,13.094890035904324,1.6355192397050273,0.0,0,13,0.5631750822067261,12.74039826614383,9.00143570379251,0.0,1,12,0.7026088237762451,12.903707703648966,5.554234658270223,0.0,0,14,0.4925662875175476,17.834909314262347,7.66099777897402,0.0,1,4,0.7543667554855347,18.316622675069887,-1.1243271232406316,0.0,1,10,0.6340031623840332,22.172039793348947,1.8548159291809385,0.0,0,17,0.650454580783844,13.24753018134866,-1.2499912827493596,0.0,2,15,0.5643603205680847,22.505390919066528,4.768428805405456,0.0,0,20,0.7310855388641357,24.283984836583507,3.6437984686441895,0.0,0,22,0.7291349768638611,22.40008394472859,7.751889939949515,0.0,1,23,0.7962501049041748,19.350747321567578,-1.2617783185521516,0.0,2,25,0.46640434861183167,25.992758026975107,6.045454509757985,0.0,1,24,0.7671387195587158,22.844134305919535,-1.090112976808799,0.0,1,18,0.6595261693000793,26.35495390841644,0.9059354004309926,0.0,1,29,0.6264483332633972,26.89818607281673,3.810524098934088,0.0,1,28,0.7604870200157166,8.531747827936254,8.777998394635905,0.0,1,31,0.7718082070350647
1777470430,122564387,map,2.8446049055631972,1.5206667418235478,0.0,0,0,0.4539947807788849,2.9130171132697154,-1.4211973994343716,0.0,1,1,0.4461714029312134,7.856638395617165,5.504549157104006,0.0,0,2,0.4526623785495758,7.996697292974774,1.6102035897008777,0.0,0,3,0.49348318576812744,17.86804210135502,1.7052078761045633,0.0,0,5,0.613425612449646,17.951929712972795,4.840692156534003,0.0,0,16,0.693454384803772,8.062469326377574,-1.4716423985196725,0.0,2,8,0.528359591960907,8.508214899493177,-1.7862439229620541,0.0,2,11,0.4423195719718933,13.094890035904324,1.6355192397050273,0.0,0,13,0.5625414848327637,12.741334693526955,9.004390737155513,0.0,1,12,0.710414469242096,12.903707703648966,5.554234658270223,0.0,0,14,0.49208152294158936,17.83296514308277,7.664228268328812,0.0,1,4,0.7572100162506104,18.316622675069887,-1.1243271232406316,0.0,1,10,0.6332002878189087,22.172039793348947,1.8548159291809385,0.0,0,17,0.6496094465255737,13.24753018134866,-1.2499912827493596,0.0,2,15,0.5637240409851074,22.50119241044739,4.772440360768589,0.0,0,20,0.7334697246551514,24.283984836583507,3.6437984686441895,0.0,0,22,0.728073239326477,22.397430119304655,7.75338909243732,0.0,1,23,0.7968630790710449,19.350747321567578,-1.2617783185521516,0.0,2,25,0.4659697115421295,25.992758026975107,6.045454509757985,0.0,1,24,0.7659635543823242,22.844134305919535,-1.090112976808799,0.0,1,18,0.6586573719978333,26.35495390841644,0.9059354004309926,0.0,1,29,0.6256644129753113,26.89818607281673,3.810524098934088,0.0,1,28,0.7593321204185486,8.537055208316946,8.770411615377757,0.0,1,31,0.7790931463241577
1777470430,222389384,map,2.8446049055631972,1.5206667418235478,0.0,0,0,0.45317181944847107,2.9130171132697154,-1.4211973994343716,0.0,1,1,0.44537654519081116,7.856638395617165,5.504549157104006,0.0,0,2,0.4518442451953888,7.996697292974774,1.6102035897008777,0.0,0,3,0.49251100420951843,17.86804210135502,1.7052078761045633,0.0,0,5,0.6119241714477539,17.944323667851275,4.8530876525518005,0.0,0,16,0.7047244906425476,8.062469326377574,-1.4716423985196725,0.0,2,8,0.527245283126831,8.508214899493177,-1.7862439229620541,0.0,2,11,0.44153836369514465,13.094890035904324,1.6355192397050273,0.0,0,13,0.5612785220146179,12.742363205792902,9.00868637587257,0.0,1,12,0.7246867418289185,12.903707703648966,5.554234658270223,0.0,0,14,0.4911148250102997,17.828927196616608,7.669905954113451,0.0,1,4,0.762613832950592,18.316622675069887,-1.1243271232406316,0.0,1,10,0.631600558757782,22.172039793348947,1.8548159291809385,0.0,0,17,0.647925853729248,13.24753018134866,-1.2499912827493596,0.0,2,15,0.5624557733535767,22.492978826080392,4.779860645251977,0.0,0,20,0.7380430102348328,24.283984836583507,3.6437984686441895,0.0,0,22,0.7259590029716492,22.392067970856345,7.756146881268767,0.0,1,23,0.7980530261993408,19.350747321567578,-1.2617783185521516,0.0,2,25,0.46510279178619385,25.992758026975107,6.045454509757985,0.0,1,24,0.7636238932609558,22.844134305919535,-1.090112976808799,0.0,1,18,0.6569266319274902,26.35495390841644,0.9059354004309926,0.0,1,29,0.6241025328636169,26.89818607281673,3.810524098934088,0.0,1,28,0.7570327520370483,8.548376463426253,8.75523261443409,0.0,1,31,0.7920902967453003
1777470430,322504492,map,2.8446049055631972,1.5206667418235478,0.0,0,0,0.4527614712715149,2.9130171132697154,-1.4211973994343716,0.0,1,1,0.4449801743030548,7.856638395617165,5.504549157104006,0.0,0,2,0.45143628120422363,7.996697292974774,1.6102035897008777,0.0,0,3,0.49202632904052734,17.86804210135502,1.7052078761045633,0.0,0,5,0.6111761331558228,17.941016107202586,4.858133914498068,0.0,0,16,0.7099816203117371,8.062469326377574,-1.4716423985196725,0.0,2,8,0.526689887046814,8.508214899493177,-1.7862439229620541,0.0,2,11,0.4411488175392151,13.094890035904324,1.6355192397050273,0.0,0,13,0.5606491565704346,12.74235186386738,9.009791013933757,0.0,1,12,0.7312312722206116,12.903707703648966,5.554234658270223,0.0,0,14,0.49063292145729065,17.826875532824413,7.672186092181679,0.0,1,4,0.7651832699775696,18.316622675069887,-1.1243271232406316,0.0,1,10,0.6308037042617798,22.172039793348947,1.8548159291809385,0.0,0,17,0.6470873355865479,13.24753018134866,-1.2499912827493596,0.0,2,15,0.5618237853050232,22.48897303276722,4.7832118667175445,0.0,0,20,0.7402365803718567,24.283984836583507,3.6437984686441895,0.0,0,22,0.7249065041542053,22.389349994062435,7.757350722327287,0.0,1,23,0.7986310124397278,19.350747321567578,-1.2617783185521516,0.0,2,25,0.4646705687046051,25.992758026975107,6.045454509757985,0.0,1,24,0.7624594569206238,22.844134305919535,-1.090112976808799,0.0,1,18,0.6560646891593933,26.35495390841644,0.9059354004309926,0.0,1,29,0.6233245134353638,26.89818607281673,3.810524098934088,0.0,1,28,0.7558882832527161,8.554382645667165,8.747082135838747,0.0,1,31,0.7979133129119873
1777470430,422393886,map,2.8446049055631972,1.5206667418235478,0.0,0,0,0.45194298028945923,2.9130171132697154,-1.4211973994343716,0.0,1,1,0.44418957829475403,7.856638395617165,5.504549157104006,0.0,0,2,0.45062255859375,7.996697292974774,1.6102035897008777,0.0,0,3,0.4910598695278168,17.86804210135502,1.7052078761045633,0.0,0,5,0.6096856594085693,17.93458073513986,4.8700518809753826,0.0,0,16,0.7198058366775513,8.062469326377574,-1.4716423985196725,0.0,2,8,0.5255826115608215,8.508214899493177,-1.7862439229620541,0.0,2,11,0.44037172198295593,13.094890035904324,1.6355192397050273,0.0,0,13,0.5593946576118469,12.743619152100667,9.017888696414657,0.0,1,12,0.7431300282478333,12.903707703648966,5.554234658270223,0.0,0,14,0.489671915769577,17.823381412813337,7.678363307640977,0.0,1,4,0.7700448632240295,18.316622675069887,-1.1243271232406316,0.0,1,10,0.6292160749435425,22.172039793348947,1.8548159291809385,0.0,0,17,0.645416796207428,13.24753018134866,-1.2499912827493596,0.0,2,15,0.5605640411376953,22.480897397756475,4.790052855315968,0.0,0,20,0.7444491386413574,24.283984836583507,3.6437984686441895,0.0,0,22,0.7228106260299683,22.38430548800663,7.760012030137456,0.0,1,23,0.7997455596923828,19.350747321567578,-1.2617783185521516,0.0,2,25,0.46380850672721863,25.992758026975107,6.045454509757985,0.0,1,24,0.760141134262085,22.844134305919535,-1.090112976808799,0.0,1,18,0.6543474793434143,26.35495390841644,0.9059354004309926,0.0,1,29,0.6217741966247559,26.89818607281673,3.810524098934088,0.0,1,28,0.7536097168922424,8.568347106226843,8.74154253569858,0.0,1,31,0.8081791400909424
1777470430,522691483,map,2.8446049055631972,1.5206667418235478,0.0,0,0,0.45153483748435974,2.9130171132697154,-1.4211973994343716,0.0,1,1,0.4437952935695648,7.951343592671086,5.590788008177031,0.0,0,2,0.5146412253379822,7.996697292974774,1.6102035897008777,0.0,0,3,0.4905780553817749,17.86804210135502,1.7052078761045633,0.0,0,5,0.6089431047439575,17.931105475668247,4.876601898618856,0.0,0,16,0.7244079113006592,8.062469326377574,-1.4716423985196725,0.0,2,8,0.5250307321548462,8.508214899493177,-1.7862439229620541,0.0,2,11,0.43998420238494873,13.094890035904324,1.6355192397050273,0.0,0,13,0.5587695240974426,12.744565728719591,9.02341116370508,0.0,1,12,0.7485682964324951,12.903707703648966,5.554234658270223,0.0,0,14,0.4891928434371948,17.82187123077451,7.68186195941471,0.0,1,4,0.7723485827445984,18.316622675069887,-1.1243271232406316,0.0,1,10,0.6284252405166626,22.172039793348947,1.8548159291809385,0.0,0,17,0.6445847153663635,13.24753018134866,-1.2499912827493596,0.0,2,15,0.5599362850189209,22.47693299664137,4.79337197671012,0.0,0,20,0.7464709281921387,24.283984836583507,3.6437984686441895,0.0,0,22,0.721767246723175,22.381978533153454,7.761400999777004,0.0,1,23,0.8002831339836121,19.350747321567578,-1.2617783185521516,0.0,2,25,0.4633786678314209,25.992758026975107,6.045454509757985,0.0,1,24,0.7589872479438782,22.844134305919535,-1.090112976808799,0.0,1,18,0.653492271900177,26.35495390841644,0.9059354004309926,0.0,1,29,0.6210019588470459,26.89818607281673,3.810524098934088,0.0,1,28,0.7524755597114563,8.575197546927798,8.742000689068869,0.0,1,31,0.812756359577179
1777470430,624469415,map,3.170216592737946,1.6093323048937802,0.0,0,0,0.7201269268989563,2.9130171132697154,-1.4211973994343716,0.0,1,1,0.4430088698863983,8.047163892402235,5.62252892957331,0.0,0,2,0.6078232526779175,7.996697292974774,1.6102035897008777,0.0,0,3,0.4896172881126404,17.86804210135502,1.7052078761045633,0.0,0,5,0.6074634790420532,17.923884212314178,4.88546461997294,0.0,0,16,0.7330755591392517,8.062469326377574,-1.4716423985196725,0.0,2,8,0.5239303708076477,8.508214899493177,-1.7862439229620541,0.0,2,11,0.4392112195491791,13.094890035904324,1.6355192397050273,0.0,0,13,0.5575234293937683,12.743757946579397,9.026409099765718,0.0,1,12,0.7587548494338989,12.903707703648966,5.554234658270223,0.0,0,14,0.4882374703884125,17.817796523715664,7.6860542112721,0.0,1,4,0.7767696976661682,18.316622675069887,-1.1243271232406316,0.0,1,10,0.6268495321273804,22.172039793348947,1.8548159291809385,0.0,0,17,0.6429270505905151,13.24753018134866,-1.2499912827493596,0.0,2,15,0.5586849451065063,22.469224181665126,4.799006774739419,0.0,0,20,0.7503564357757568,24.283984836583507,3.6437984686441895,0.0,0,22,0.7196894288063049,22.37674614680412,7.763540618963759,0.0,1,23,0.8013356924057007,19.350747321567578,-1.2617783185521516,0.0,2,25,0.46252137422561646,25.992758026975107,6.045454509757985,0.0,1,24,0.7566899657249451,22.844134305919535,-1.090112976808799,0.0,1,18,0.6517885327339172,26.35495390841644,0.9059354004309926,0.0,1,29,0.6194632053375244,26.89818607281673,3.810524098934088,0.0,1,28,0.7502174973487854,8.585837627942889,8.732475270599043,0.0,1,31,0.8212828040122986
1777470430,722404029,map,3.3150546192080896,1.6138114621535327,0.0,0,0,0.8058441877365112,2.9130171132697154,-1.4211973994343716,0.0,1,1,0.442616730928421,8.076219382812969,5.61643426715404,0.0,0,2,0.6423007845878601,7.996697292974774,1.6102035897008777,0.0,0,3,0.48913830518722534,17.86804210135502,1.7052078761045633,0.0,0,5,0.606726348400116,17.9207266544715,4.888060100437756,0.0,0,16,0.7371473908424377,8.062469326377574,-1.4716423985196725,0.0,2,8,0.5233819484710693,8.508214899493177,-1.7862439229620541,0.0,2,11,0.4388257563114166,13.120664592159326,1.674604147620132,0.0,0,13,0.5821839570999146,12.74249513639873,9.02508966764602,0.0,1,12,0.7635117173194885,12.903707703648966,5.554234658270223,0.0,0,14,0.48776116967201233,17.815369631024836,7.687046685137872,0.0,1,4,0.7788880467414856,18.316622675069887,-1.1243271232406316,0.0,1,10,0.6260645985603333,22.172039793348947,1.8548159291809385,0.0,0,17,0.6421014070510864,13.24753018134866,-1.2499912827493596,0.0,2,15,0.5580613613128662,22.465445287997916,4.801469718117548,0.0,0,20,0.752223551273346,24.283984836583507,3.6437984686441895,0.0,0,22,0.7186550498008728,22.373881669961825,7.7643170975395215,0.0,1,23,0.8018503785133362,19.350747321567578,-1.2617783185521516,0.0,2,25,0.46209391951560974,25.992758026975107,6.045454509757985,0.0,1,24,0.7555465698242188,22.844134305919535,-1.090112976808799,0.0,1,18,0.65093994140625,26.35495390841644,0.9059354004309926,0.0,1,29,0.6186966896057129,26.89818607281673,3.810524098934088,0.0,1,28,0.7490935325622559,8.590854846593174,8.724018363850615,0.0,1,31,0.8252227902412415
1777470430,822332518,map,3.4811864672931643,1.6379613778667612,0.0,0,0,0.874703049659729,2.9130171132697154,-1.4211973994343716,0.0,1,1,0.4418344497680664,8.127376001174385,5.61375157034849,0.0,0,2,0.69475257396698,7.996697292974774,1.6102035897008777,0.0,0,3,0.4881831407546997,17.86804210135502,1.7052078761045633,0.0,0,5,0.6052574515342712,17.915608074192953,4.892533506340147,0.0,0,16,0.7447912096977234,8.062469326377574,-1.4716423985196725,0.0,2,8,0.5222885608673096,8.508214899493177,-1.7862439229620541,0.0,2,11,0.4380568265914917,13.157152692452307,1.7265141853121504,0.0,0,13,0.6239054799079895,12.740414455673987,9.022917670256083,0.0,1,12,0.7723120450973511,12.903707703648966,5.554234658270223,0.0,0,14,0.48681139945983887,17.81073059284241,7.688869906245636,0.0,1,4,0.7829229831695557,18.316622675069887,-1.1243271232406316,0.0,1,10,0.6245006918907166,22.172039793348947,1.8548159291809385,0.0,0,17,0.6404564380645752,13.24753018134866,-1.2499912827493596,0.0,2,15,0.556818425655365,22.4581327160473,4.805982427863091,0.0,0,20,0.7558119893074036,24.283984836583507,3.6437984686441895,0.0,0,22,0.7165950536727905,22.368328573492413,7.765674587851137,0.0,1,23,0.8028477430343628,19.350747321567578,-1.2617783185521516,0.0,2,25,0.46124136447906494,25.992758026975107,6.045454509757985,0.0,1,24,0.7532700300216675,22.844134305919535,-1.090112976808799,0.0,1,18,0.6492494940757751,26.35495390841644,0.9059354004309926,0.0,1,29,0.6171693205833435,26.89818607281673,3.810524098934088,0.0,1,28,0.7468556761741638,8.601715594795017,8.70906245517539,0.0,1,31,0.8323728442192078
1777470430,922642500,map,3.5310640097567765,1.6511842417447689,0.0,0,0,0.892454981803894,2.9130171132697154,-1.4211973994343716,0.0,1,1,0.44144436717033386,8.148388594331468,5.614455059790555,0.0,0,2,0.7152275443077087,7.996697292974774,1.6102035897008777,0.0,0,3,0.4877069592475891,17.86804210135502,1.7052078761045633,0.0,0,5,0.6045256853103638,17.913668851926587,4.894722289574523,0.0,0,16,0.7483779788017273,8.062469326377574,-1.4716423985196725,0.0,2,8,0.5217435359954834,8.508214899493177,-1.7862439229620541,0.0,2,11,0.4376733899116516,13.168245093111494,1.7482224325622018,0.0,0,13,0.6417299509048462,12.739857802956562,9.022232271468553,0.0,1,12,0.7763793468475342,12.903707703648966,5.554234658270223,0.0,0,14,0.4863378703594208,17.808718070936013,7.689828199843217,0.0,1,4,0.7848407626152039,18.316622675069887,-1.1243271232406316,0.0,1,10,0.6237216591835022,22.172039793348947,1.8548159291809385,0.0,0,17,0.6396371126174927,13.24753018134866,-1.2499912827493596,0.0,2,15,0.5561990141868591,22.454725851975464,4.80815773475226,0.0,0,20,0.7575340270996094,24.283984836583507,3.6437984686441895,0.0,0,22,0.7155695557594299,22.36575762213645,7.766354898748374,0.0,1,23,0.8033288717269897,19.350747321567578,-1.2617783185521516,0.0,2,25,0.46081626415252686,25.992758026975107,6.045454509757985,0.0,1,24,0.7521368861198425,22.844134305919535,-1.090112976808799,0.0,1,18,0.648407518863678,26.35495390841644,0.9059354004309926,0.0,1,29,0.6164084672927856,26.89818607281673,3.810524098934088,0.0,1,28,0.7457417249679565,8.607500460396047,8.702688904877842,0.0,1,31,0.8356181383132935
1777470431,22603531,map,3.599906200087047,1.7324815268758262,0.0,0,0,0.9139707684516907,2.9130171132697154,-1.4211973994343716,0.0,1,1,0.4406662583351135,8.179630458154174,5.6464301340346745,0.0,0,2,0.7478254437446594,7.996697292974774,1.6102035897008777,0.0,0,3,0.48675739765167236,17.86804210135502,1.7052078761045633,0.0,0,5,0.6030673980712891,17.90881388899323,4.902155458724139,0.0,0,16,0.7551451325416565,8.062469326377574,-1.4716423985196725,0.0,2,8,0.520656943321228,8.508214899493177,-1.7862439229620541,0.0,2,11,0.436908483505249,13.174820055447956,1.7996100806710735,0.0,0,13,0.6727358102798462,12.740354293106678,9.028373485452033,0.0,1,12,0.7838208079338074,12.903707703648966,5.554234658270223,0.0,0,14,0.48539361357688904,17.805279483450192,7.694135185755317,0.0,1,4,0.7884739637374878,18.316622675069887,-1.1243271232406316,0.0,1,10,0.6221694350242615,22.172039793348947,1.8548159291809385,0.0,0,17,0.6380047798156738,13.24753018134866,-1.2499912827493596,0.0,2,15,0.5549643635749817,22.447397791764683,4.8126789337507745,0.0,0,20,0.7608552575111389,24.283984836583507,3.6437984686441895,0.0,0,22,0.7135272026062012,22.361042041014574,7.768079725064582,0.0,1,23,0.8042556047439575,19.350747321567578,-1.2617783185521516,0.0,2,25,0.4599684178829193,25.992758026975107,6.045454509757985,0.0,1,24,0.749880850315094,22.844134305919535,-1.090112976808799,0.0,1,18,0.6467301249504089,26.35495390841644,0.9059354004309926,0.0,1,29,0.6148923635482788,26.89818607281673,3.810524098934088,0.0,1,28,0.7435238361358643,8.619202743910023,8.702251743170219,0.0,1,31,0.8413820266723633
1777470431,122686389,map,3.6280010612524825,1.7691214067661087,0.0,0,0,0.9211001396179199,2.9130171132697154,-1.4211973994343716,0.0,1,1,0.44027823209762573,8.191080726890048,5.663244008648316,0.0,0,2,0.7611956000328064,7.996697292974774,1.6102035897008777,0.0,0,3,0.4862839877605438,17.86804210135502,1.7052078761045633,0.0,0,5,0.6023408770561218,17.906053653123543,4.906313511179733,0.0,0,16,0.7583416700363159,8.062469326377574,-1.4716423985196725,0.0,2,8,0.520115315914154,8.508214899493177,-1.7862439229620541,0.0,2,11,0.4365270435810089,13.17532677481458,1.8227245353869337,0.0,0,13,0.6862171292304993,12.74101839348069,9.03228097372086,0.0,1,12,0.7872647047042847,12.903707703648966,5.554234658270223,0.0,0,14,0.484922856092453,17.80383779519821,7.696575656225414,0.0,1,4,0.7902007102966309,18.316622675069887,-1.1243271232406316,0.0,1,10,0.6213962435722351,22.172039793348947,1.8548159291809385,0.0,0,17,0.6371917128562927,13.24753018134866,-1.2499912827493596,0.0,2,15,0.5543490648269653,22.44389626666789,4.814877948477713,0.0,0,20,0.762451171875,24.283984836583507,3.6437984686441895,0.0,0,22,0.7125104069709778,22.358888252066272,7.768992579328417,0.0,1,23,0.8047024011611938,19.350747321567578,-1.2617783185521516,0.0,2,25,0.45954567193984985,25.992758026975107,6.045454509757985,0.0,1,24,0.7487578988075256,22.844134305919535,-1.090112976808799,0.0,1,18,0.6458947062492371,26.35495390841644,0.9059354004309926,0.0,1,29,0.6141371130943298,26.89818607281673,3.810524098934088,0.0,1,28,0.7424198389053345,8.624647534195194,8.703722038033746,0.0,1,31,0.8440066576004028
1777470431,222358889,map,3.6675377223713332,1.8323939116596104,0.0,0,0,0.9316361546516418,2.9130171132697154,-1.4211973994343716,0.0,1,1,0.4395042061805725,8.20628362774559,5.6962928801834565,0.0,0,2,0.7836834192276001,7.996697292974774,1.6102035897008777,0.0,0,3,0.4853399395942688,17.86804210135502,1.7052078761045633,0.0,0,5,0.6008931398391724,17.90072621677466,4.914658454393622,0.0,0,16,0.7643793821334839,8.062469326377574,-1.4716423985196725,0.0,2,8,0.5190355181694031,8.508214899493177,-1.7862439229620541,0.0,2,11,0.43576616048812866,13.17197250930073,1.863662338512883,0.0,0,13,0.7099334597587585,12.742592278758217,9.040935627066911,0.0,1,12,0.7936721444129944,12.903707703648966,5.554234658270223,0.0,0,14,0.4839840829372406,17.801181271586568,7.701643256672456,0.0,1,4,0.7934930920600891,18.316622675069887,-1.1243271232406316,0.0,1,10,0.619855523109436,22.172039793348947,1.8548159291809385,0.0,0,17,0.6355717778205872,13.24753018134866,-1.2499912827493596,0.0,2,15,0.5531225800514221,22.422890993516535,4.818327985604095,0.0,0,20,0.7657355666160583,24.283984836583507,3.6437984686441895,0.0,0,22,0.7104855179786682,22.355020578297875,7.770673167516002,0.0,1,23,0.8055644631385803,19.350747321567578,-1.2617783185521516,0.0,2,25,0.4587025046348572,25.992758026975107,6.045454509757985,0.0,1,24,0.746522068977356,22.844134305919535,-1.090112976808799,0.0,1,18,0.6442302465438843,26.35495390841644,0.9059354004309926,0.0,1,29,0.612632155418396,26.89818607281673,3.810524098934088,0.0,1,28,0.7402216196060181,8.634831783357056,8.708660617432598,0.0,1,31,0.848816990852356,6.95881811090205,-0.976304308114081,0.0,1,32,0.66949063539505
1777470431,322393939,map,3.68414655724713,1.8413004093582135,0.0,0,0,0.9358028173446655,2.9130171132697154,-1.4211973994343716,0.0,1,1,0.4391182065010071,8.211752806581904,5.701175734539121,0.0,0,2,0.7934083938598633,7.996697292974774,1.6102035897008777,0.0,0,3,0.4848692715167999,17.86804210135502,1.7052078761045633,0.0,0,5,0.6001718044281006,17.898454191110996,4.917292173283946,0.0,0,16,0.7672343850135803,8.062469326377574,-1.4716423985196725,0.0,2,8,0.5184972882270813,8.508214899493177,-1.7862439229620541,0.0,2,11,0.43538668751716614,13.170590511879862,1.875407981237817,0.0,0,13,0.7203801870346069,12.7425391069176,9.042370704704528,0.0,1,12,0.7967105507850647,12.903707703648966,5.554234658270223,0.0,0,14,0.48351606726646423,17.799565994619435,7.703083307777715,0.0,1,4,0.7950767874717712,18.316622675069887,-1.1243271232406316,0.0,1,10,0.6190879940986633,22.172039793348947,1.8548159291809385,0.0,0,17,0.6347649097442627,13.24753018134866,-1.2499912827493596,0.0,2,15,0.5525113344192505,22.422890993516535,4.818327985604095,0.0,0,20,0.7645646333694458,24.283984836583507,3.6437984686441895,0.0,0,22,0.7094773650169373,22.352890415293125,7.771310174092766,0.0,1,23,0.8059859871864319,19.350747321567578,-1.2617783185521516,0.0,2,25,0.4582820534706116,25.992758026975107,6.045454509757985,0.0,1,24,0.7454091310501099,22.844134305919535,-1.090112976808799,0.0,1,18,0.6434012651443481,26.35495390841644,0.9059354004309926,0.0,1,29,0.6118824481964111,26.89818607281673,3.810524098934088,0.0,1,28,0.7391273379325867,8.638723646190703,8.707088397902451,0.0,1,31,0.8511083722114563,7.05843720208673,-0.9926920339593118,0.0,1,32,0.7098303437232971
1777470431,422826441,map,3.7013837758510184,1.8446099849274946,0.0,0,0,0.9392802119255066,2.9130171132697154,-1.4211973994343716,0.0,1,1,0.43873292207717896,8.216668778022612,5.703270491340436,0.0,0,2,0.8022098541259766,7.996697292974774,1.6102035897008777,0.0,0,3,0.4843995273113251,17.86804210135502,1.7052078761045633,0.0,0,5,0.5994522571563721,17.89627759276023,4.919433536474377,0.0,0,16,0.7699872255325317,7.934774914875826,-1.3686826053115915,0.0,2,8,0.5990371704101562,8.508214899493177,-1.7862439229620541,0.0,2,11,0.43500789999961853,13.170054967614943,1.884047365791463,0.0,0,13,0.7299951314926147,12.74207768427772,9.043106824352964,0.0,1,12,0.7996305823326111,12.903707703648966,5.554234658270223,0.0,0,14,0.4830489456653595,17.797773188705694,7.704213924231103,0.0,1,4,0.7966179251670837,18.316622675069887,-1.1243271232406316,0.0,1,10,0.6183224320411682,22.172039793348947,1.8548159291809385,0.0,0,17,0.6339600682258606,13.24753018134866,-1.2499912827493596,0.0,2,15,0.5519015192985535,22.422890993516535,4.818327985604095,0.0,0,20,0.7633972764015198,24.283984836583507,3.6437984686441895,0.0,0,22,0.7084720730781555,22.350679130555218,7.772002421375059,0.0,1,23,0.8063998818397522,19.350747321567578,-1.2617783185521516,0.0,2,25,0.45786240696907043,25.992758026975107,6.045454509757985,0.0,1,24,0.7442995309829712,22.844134305919535,-1.090112976808799,0.0,1,18,0.6425744295120239,26.35495390841644,0.9059354004309926,0.0,1,29,0.6111345887184143,26.89818607281673,3.810524098934088,0.0,1,28,0.7380363345146179,8.642132404809264,8.704649381017061,0.0,1,31,0.8533004522323608,7.05843720208673,-0.9926920339593118,0.0,1,32,0.7088240385055542
1777470431,522467407,map,3.7289079732944224,1.8624423826214704,0.0,0,0,0.9446247816085815,2.9130171132697154,-1.4211973994343716,0.0,1,1,0.4379643201828003,8.225869760768335,5.712930651886153,0.0,0,2,0.8172745704650879,7.996697292974774,1.6102035897008777,0.0,0,3,0.48346278071403503,17.86804210135502,1.7052078761045633,0.0,0,5,0.5980183482170105,17.89245587931137,4.923809102753512,0.0,0,16,0.7751924395561218,7.804192229337936,-1.2710215561356981,0.0,2,8,0.6995625495910645,8.508214899493177,-1.7862439229620541,0.0,2,11,0.4342522919178009,13.168230339786552,1.9016976433011104,0.0,0,13,0.7471234202384949,12.742420322765065,9.046274399521952,0.0,1,12,0.8050577640533447,12.903707703648966,5.554234658270223,0.0,0,14,0.4821173846721649,17.794881264925774,7.70674228750409,0.0,1,4,0.7995524406433105,18.316622675069887,-1.1243271232406316,0.0,1,10,0.6167969107627869,22.172039793348947,1.8548159291809385,0.0,0,17,0.6323565244674683,13.24753018134866,-1.2499912827493596,0.0,2,15,0.5506858229637146,22.422890993516535,4.818327985604095,0.0,0,20,0.7610732913017273,24.283984836583507,3.6437984686441895,0.0,0,22,0.7064700126647949,22.346776551646965,7.773075169397184,0.0,1,23,0.807198166847229,19.350747321567578,-1.2617783185521516,0.0,2,25,0.4570253789424896,25.992758026975107,6.045454509757985,0.0,1,24,0.7420901656150818,22.844134305919535,-1.090112976808799,0.0,1,18,0.6409270167350769,26.35495390841644,0.9059354004309926,0.0,1,29,0.6096442937850952,26.89818607281673,3.810524098934088,0.0,1,28,0.735863983631134,8.649495074229746,8.703304938150849,0.0,1,31,0.8572990894317627,7.05843720208673,-0.9926920339593118,0.0,1,32,0.706820011138916
1777470431,624930147,map,3.7376208021177697,1.8784655528352294,0.0,0,0,0.9467121958732605,2.9130171132697154,-1.4211973994343716,0.0,1,1,0.43758103251457214,8.229295412338757,5.722533693133465,0.0,0,2,0.8237342834472656,7.996697292974774,1.6102035897008777,0.0,0,3,0.48299574851989746,17.86804210135502,1.7052078761045633,0.0,0,5,0.5973039269447327,17.890425653779584,4.927030343593419,0.0,0,16,0.7776556015014648,7.765727068413614,-1.232458587824978,0.0,2,8,0.7329029440879822,8.508214899493177,-1.7862439229620541,0.0,2,11,0.4338754713535309,13.16545922301724,1.912599783306579,0.0,0,13,0.754810094833374,12.742623767325208,9.049438949851355,0.0,1,12,0.8075805902481079,12.903707703648966,5.554234658270223,0.0,0,14,0.48165297508239746,17.793360144714256,7.708689804086305,0.0,1,4,0.8009519577026367,18.316622675069887,-1.1243271232406316,0.0,1,10,0.6160369515419006,22.172039793348947,1.8548159291809385,0.0,0,17,0.6315577626228333,13.24753018134866,-1.2499912827493596,0.0,2,15,0.5500799417495728,22.422890993516535,4.818327985604095,0.0,0,20,0.7599166035652161,24.283984836583507,3.6437984686441895,0.0,0,22,0.7054732441902161,22.344707504424928,7.773810542617325,0.0,1,23,0.807586133480072,19.350747321567578,-1.2617783185521516,0.0,2,25,0.45660802721977234,25.992758026975107,6.045454509757985,0.0,1,24,0.740990400314331,22.844134305919535,-1.090112976808799,0.0,1,18,0.6401064991950989,26.35495390841644,0.9059354004309926,0.0,1,29,0.608901858329773,26.89818607281673,3.810524098934088,0.0,1,28,0.7347825765609741,8.65284756099049,8.705147149091028,0.0,1,31,0.8591187000274658,7.05843720208673,-0.9926920339593118,0.0,1,32,0.705822229385376
1777470431,722536089,map,3.752464447076351,1.9025339072286718,0.0,0,0,0.9501381516456604,2.9130171132697154,-1.4211973994343716,0.0,1,1,0.4368164539337158,8.23635194755368,5.735744484580634,0.0,0,2,0.8351083993911743,7.996697292974774,1.6102035897008777,0.0,0,3,0.482064425945282,17.86804210135502,1.7052078761045633,0.0,0,5,0.5958802700042725,17.887461442368625,4.931951677676916,0.0,0,16,0.7823175191879272,7.734470038719865,-1.2082584573638986,0.0,2,8,0.7582976818084717,8.508214899493177,-1.7862439229620541,0.0,2,11,0.43312376737594604,13.15906901668774,1.9306283422889055,0.0,0,13,0.7686663269996643,12.74389491759228,9.054341861484364,0.0,1,12,0.8123165369033813,12.903707703648966,5.554234658270223,0.0,0,14,0.48072677850723267,17.79102921381674,7.711963219469219,0.0,1,4,0.8036232590675354,18.316622675069887,-1.1243271232406316,0.0,1,10,0.6145226955413818,22.172039793348947,1.8548159291809385,0.0,0,17,0.6299663186073303,13.24753018134866,-1.2499912827493596,0.0,2,15,0.5488722324371338,22.422890993516535,4.818327985604095,0.0,0,20,0.7576137185096741,24.283984836583507,3.6437984686441895,0.0,0,22,0.7034880518913269,22.341203091792973,7.774781913592907,0.0,1,23,0.8083336353302002,19.350747321567578,-1.2617783185521516,0.0,2,25,0.45577558875083923,25.992758026975107,6.045454509757985,0.0,1,24,0.738800585269928,22.844134305919535,-1.090112976808799,0.0,1,18,0.638471782207489,26.35495390841644,0.9059354004309926,0.0,1,29,0.607422411441803,26.89818607281673,3.810524098934088,0.0,1,28,0.7326292991638184,8.65963571594889,8.707371507999145,0.0,1,31,0.8625109791755676,7.05843720208673,-0.9926920339593118,0.0,1,32,0.7038350701332092
1777470431,822578205,map,3.758585586235787,1.9126948555348051,0.0,0,0,0.9515405893325806,2.9130171132697154,-1.4211973994343716,0.0,1,1,0.43643516302108765,8.237831434455467,5.741685903327031,0.0,0,2,0.8401510715484619,7.996697292974774,1.6102035897008777,0.0,0,3,0.4816001057624817,17.86804210135502,1.7052078761045633,0.0,0,5,0.5951709747314453,17.885581901599068,4.934420822612569,0.0,0,16,0.7845364212989807,7.734470038719865,-1.2082584573638986,0.0,2,8,0.7571493983268738,8.508214899493177,-1.7862439229620541,0.0,2,11,0.4327489137649536,13.155608796688842,1.9385619638285203,0.0,0,13,0.7749215960502625,12.744124192502113,9.056710034377405,0.0,1,12,0.8145464062690735,12.903707703648966,5.554234658270223,0.0,0,14,0.4802650213241577,17.789653912626168,7.713589721084353,0.0,1,4,0.8049044013023376,18.316622675069887,-1.1243271232406316,0.0,1,10,0.6137683391571045,22.172039793348947,1.8548159291809385,0.0,0,17,0.6291736364364624,13.24753018134866,-1.2499912827493596,0.0,2,15,0.5482704043388367,22.422890993516535,4.818327985604095,0.0,0,20,0.7564674615859985,24.283984836583507,3.6437984686441895,0.0,0,22,0.7024996876716614,22.33925571031151,7.775400240615845,0.0,1,23,0.8086981773376465,19.350747321567578,-1.2617783185521516,0.0,2,25,0.4553605020046234,25.992758026975107,6.045454509757985,0.0,1,24,0.7377105951309204,22.844134305919535,-1.090112976808799,0.0,1,18,0.6376575231552124,26.35495390841644,0.9059354004309926,0.0,1,29,0.6066853404045105,26.89818607281673,3.810524098934088,0.0,1,28,0.7315573692321777,8.662299358206074,8.7084820246026,0.0,1,31,0.8640941977500916,7.05843720208673,-0.9926920339593118,0.0,1,32,0.7028456926345825
1777470431,922468726,map,3.7724390039383455,1.9163859582991385,0.0,0,0,0.9539292454719543,2.9130171132697154,-1.4211973994343716,0.0,1,1,0.4356745779514313,8.240814842259896,5.743546287317689,0.0,0,2,0.8492170572280884,7.996697292974774,1.6102035897008777,0.0,0,3,0.4806741178035736,17.86804210135502,1.7052078761045633,0.0,0,5,0.5937573909759521,17.883205830949993,4.93696091623391,0.0,0,16,0.7887405157089233,7.690753552066132,-1.2442305880688276,0.0,2,8,0.7785687446594238,8.508214899493177,-1.7862439229620541,0.0,2,11,0.43200111389160156,13.151307841029983,1.9462318684521256,0.0,0,13,0.7862261533737183,12.744654664634412,9.057562521130603,0.0,1,12,0.8187808394432068,12.903707703648966,5.554234658270223,0.0,0,14,0.4793441891670227,17.787251243196227,7.71481153597878,0.0,1,4,0.8073655366897583,18.316622675069887,-1.1243271232406316,0.0,1,10,0.6122651696205139,22.172039793348947,1.8548159291809385,0.0,0,17,0.6275941729545593,13.24753018134866,-1.2499912827493596,0.0,2,15,0.5470706224441528,22.422890993516535,4.818327985604095,0.0,0,20,0.7541854381561279,24.283984836583507,3.6437984686441895,0.0,0,22,0.7005311846733093,22.335747809644385,7.775616402683017,0.0,1,23,0.8094056844711304,19.350747321567578,-1.2617783185521516,0.0,2,25,0.45453259348869324,25.992758026975107,6.045454509757985,0.0,1,24,0.7355400919914246,22.844134305919535,-1.090112976808799,0.0,1,18,0.6360352039337158,26.35495390841644,0.9059354004309926,0.0,1,29,0.6052166819572449,26.89818607281673,3.810524098934088,0.0,1,28,0.729422926902771,8.66766423200553,8.706215940366064,0.0,1,31,0.8670958280563354,7.05843720208673,-0.9926920339593118,0.0,1,32,0.7008752822875977,0.7833714756954017,-5.259556546056593,0.0,0,33,0.7775432467460632
1777470432,23909856,map,3.790416527418007,1.8900392530411467,0.0,0,0,0.9559161067008972,2.9130171132697154,-1.4211973994343716,0.0,1,1,0.4349166750907898,8.243811188124884,5.728221703124836,0.0,0,2,0.8572006225585938,7.996697292974774,1.6102035897008777,0.0,0,3,0.47975170612335205,17.86804210135502,1.7052078761045633,0.0,0,5,0.5923505425453186,17.88091472129784,4.936087945696326,0.0,0,16,0.7926845550537109,7.6711826331004636,-1.3222698743763532,0.0,2,8,0.8107264637947083,8.508214899493177,-1.7862439229620541,0.0,2,11,0.43125590682029724,13.152716900902977,1.94124802617136,0.0,0,13,0.7960907220840454,12.742498099037098,9.051441817909271,0.0,1,12,0.8228010535240173,12.903707703648966,5.554234658270223,0.0,0,14,0.47842687368392944,17.78356271166931,7.713008813858965,0.0,1,4,0.8097265958786011,18.316622675069887,-1.1243271232406316,0.0,1,10,0.6107693910598755,22.172039793348947,1.8548159291809385,0.0,0,17,0.6260225772857666,13.24753018134866,-1.2499912827493596,0.0,2,15,0.5458760857582092,22.422890993516535,4.818327985604095,0.0,0,20,0.7519170641899109,24.283984836583507,3.6437984686441895,0.0,0,22,0.6985737085342407,22.33133631091923,7.775487389682918,0.0,1,23,0.8100981712341309,19.350747321567578,-1.2617783185521516,0.0,2,25,0.4537076950073242,25.992758026975107,6.045454509757985,0.0,1,24,0.7333824038505554,22.844134305919535,-1.090112976808799,0.0,1,18,0.634421169757843,26.35495390841644,0.9059354004309926,0.0,1,29,0.6037550568580627,26.89818607281673,3.810524098934088,0.0,1,28,0.7273008823394775,8.669634759144056,8.693372667111,0.0,1,31,0.8700021505355835,7.05843720208673,-0.9926920339593118,0.0,1,32,0.6989158987998962,0.85856737473195,-5.376695215735772,0.0,0,33,0.8313538432121277
1777470432,122443007,map,3.8002679969292936,1.8706514747010607,0.0,0,0,0.9567614197731018,2.9130171132697154,-1.4211973994343716,0.0,1,1,0.43453869223594666,8.244927075852686,5.717698913297607,0.0,0,2,0.8608123660087585,7.996697292974774,1.6102035897008777,0.0,0,3,0.4792918264865875,17.86804210135502,1.7052078761045633,0.0,0,5,0.5916496515274048,17.88015845176939,4.9349926148524,0.0,0,16,0.7945566773414612,7.6711826331004636,-1.3222698743763532,0.0,2,8,0.8094140291213989,8.274398492669118,-1.880504135480078,0.0,2,11,0.532122790813446,13.154557337219456,1.9365092375103516,0.0,0,13,0.800567626953125,12.74100749643687,9.046884884860287,0.0,1,12,0.8247172832489014,12.903707703648966,5.554234658270223,0.0,0,14,0.47796952724456787,17.781568160892242,7.711435863760494,0.0,1,4,0.8108642101287842,18.316622675069887,-1.1243271232406316,0.0,1,10,0.6100242137908936,22.172039793348947,1.8548159291809385,0.0,0,17,0.6252397894859314,13.24753018134866,-1.2499912827493596,0.0,2,15,0.5452807545661926,22.422890993516535,4.818327985604095,0.0,0,20,0.7507880330085754,24.283984836583507,3.6437984686441895,0.0,0,22,0.6975990533828735,22.329114819682903,7.775209969067547,0.0,1,23,0.8104355335235596,19.350747321567578,-1.2617783185521516,0.0,2,25,0.45329636335372925,25.992758026975107,6.045454509757985,0.0,1,24,0.7323082685470581,22.844134305919535,-1.090112976808799,0.0,1,18,0.6336172223091125,26.35495390841644,0.9059354004309926,0.0,1,29,0.6030268669128418,26.89818607281673,3.810524098934088,0.0,1,28,0.7262444496154785,8.67008299152933,8.684728661973871,0.0,1,31,0.871392548084259,7.05843720208673,-0.9926920339593118,0.0,1,32,0.6979402899742126,0.895855637633776,-5.421585109354309,0.0,0,33,0.848581075668335
1777470432,222356426,map,3.8002679969292936,1.8706514747010607,0.0,0,0,0.9531137943267822,2.9130171132697154,-1.4211973994343716,0.0,1,1,0.43378469347953796,8.244927075852686,5.717698913297607,0.0,0,2,0.8578585386276245,7.996697292974774,1.6102035897008777,0.0,0,3,0.4783746898174286,17.86804210135502,1.7052078761045633,0.0,0,5,0.5902527570724487,17.878888675870854,4.930840774205094,0.0,0,16,0.7981261610984802,7.6711826331004636,-1.3222698743763532,0.0,2,8,0.8068018555641174,8.274398492669118,-1.880504135480078,0.0,2,11,0.5309925675392151,13.158369106156757,1.9249866276658127,0.0,0,13,0.8087654709815979,12.739657190331611,9.04146800702864,0.0,1,12,0.8252033591270447,12.903707703648966,5.554234658270223,0.0,0,14,0.47705742716789246,17.777502167518364,7.707475811131639,0.0,1,4,0.8130521178245544,18.316622675069887,-1.1243271232406316,0.0,1,10,0.608539342880249,22.172039793348947,1.8548159291809385,0.0,0,17,0.6236799955368042,13.24753018134866,-1.2499912827493596,0.0,2,15,0.5440940260887146,22.422890993516535,4.818327985604095,0.0,0,20,0.7485400438308716,24.283984836583507,3.6437984686441895,0.0,0,22,0.6956578493118286,22.32443259904534,7.774376255667303,0.0,1,23,0.8110949397087097,19.350747321567578,-1.2617783185521516,0.0,2,25,0.4524759352207184,25.992758026975107,6.045454509757985,0.0,1,24,0.730169415473938,22.844134305919535,-1.090112976808799,0.0,1,18,0.6320153474807739,26.35495390841644,0.9059354004309926,0.0,1,29,0.6015758514404297,26.89818607281673,3.810524098934088,0.0,1,28,0.7241408824920654,8.67008299152933,8.684728661973871,0.0,1,31,0.8683657646179199,7.05843720208673,-0.9926920339593118,0.0,1,32,0.6959972381591797,1.0208667582918467,-5.473429387751235,0.0,0,33,0.8733454346656799
1777470432,322509093,map,3.8066932542115772,1.8620614100485324,0.0,0,0,0.9542726874351501,2.9130171132697154,-1.4211973994343716,0.0,1,1,0.4334086775779724,8.245289096197919,5.712588516797613,0.0,0,2,0.8613721132278442,7.996697292974774,1.6102035897008777,0.0,0,3,0.47791746258735657,17.86804210135502,1.7052078761045633,0.0,0,5,0.5895567536354065,17.877797528411094,4.929825679667877,0.0,0,16,0.7998284697532654,7.6711826331004636,-1.3222698743763532,0.0,2,8,0.8055021166801453,8.274398492669118,-1.880504135480078,0.0,2,11,0.5304293036460876,13.158077478380365,1.9234512832254187,0.0,0,13,0.8125587701797485,12.738682829685768,9.038915024477252,0.0,1,12,0.8270012140274048,12.903707703648966,5.554234658270223,0.0,0,14,0.476602703332901,17.775835591684274,7.706400662868075,0.0,1,4,0.8140904903411865,18.316622675069887,-1.1243271232406316,0.0,1,10,0.6077995896339417,22.172039793348947,1.8548159291809385,0.0,0,17,0.6229029893875122,13.24753018134866,-1.2499912827493596,0.0,2,15,0.5435026288032532,22.422890993516535,4.818327985604095,0.0,0,20,0.7474210858345032,24.283984836583507,3.6437984686441895,0.0,0,22,0.6946913599967957,22.32241085431005,7.773885139284097,0.0,1,23,0.8114116191864014,19.350747321567578,-1.2617783185521516,0.0,2,25,0.4520668387413025,25.992758026975107,6.045454509757985,0.0,1,24,0.7291046977043152,22.844134305919535,-1.090112976808799,0.0,1,18,0.6312174797058105,26.35495390841644,0.9059354004309926,0.0,1,29,0.600852906703949,26.89818607281673,3.810524098934088,0.0,1,28,0.7230936288833618,8.670468050375426,8.679404605638176,0.0,1,31,0.8697935342788696,7.05843720208673,-0.9926920339593118,0.0,1,32,0.6950297355651855,1.0861107967417263,-5.448828027711325,0.0,0,33,0.8839537501335144
1777470432,422398961,map,3.8066932542115772,1.8620614100485324,0.0,0,0,0.9524548649787903,2.9130171132697154,-1.4211973994343716,0.0,1,1,0.4330333173274994,8.245289096197919,5.712588516797613,0.0,0,2,0.8598907589912415,7.996697292974774,1.6102035897008777,0.0,0,3,0.4774610698223114,17.86804210135502,1.7052078761045633,0.0,0,5,0.588862419128418,17.87635251662029,4.92914421663321,0.0,0,16,0.8014811873435974,7.6711826331004636,-1.3222698743763532,0.0,2,8,0.8042065501213074,8.274398492669118,-1.880504135480078,0.0,2,11,0.5298671722412109,13.156784856025537,1.922351557715206,0.0,0,13,0.8161655068397522,12.738682829685768,9.038915024477252,0.0,1,12,0.8256356120109558,12.903707703648966,5.554234658270223,0.0,0,14,0.4761488437652588,17.77396744552622,7.70557486385827,0.0,1,4,0.8151017427444458,18.316622675069887,-1.1243271232406316,0.0,1,10,0.6070616245269775,22.172039793348947,1.8548159291809385,0.0,0,17,0.6221279501914978,13.237615102782001,-1.1893153806654209,0.0,2,15,0.5710744857788086,22.422890993516535,4.818327985604095,0.0,0,20,0.7463054656982422,24.283984836583507,3.6437984686441895,0.0,0,22,0.6937274932861328,22.319987722465434,7.773515878012186,0.0,1,23,0.8117265701293945,19.350747321567578,-1.2617783185521516,0.0,2,25,0.4516584873199463,25.992758026975107,6.045454509757985,0.0,1,24,0.7280430197715759,22.844134305919535,-1.090112976808799,0.0,1,18,0.6304216384887695,26.35495390841644,0.9059354004309926,0.0,1,29,0.6001317501068115,26.89818607281673,3.810524098934088,0.0,1,28,0.7220494151115417,8.670468050375426,8.679404605638176,0.0,1,31,0.8682830333709717,7.05843720208673,-0.9926920339593118,0.0,1,32,0.6940649747848511,1.0861107967417263,-5.448828027711325,0.0,0,33,0.8823937773704529
1777470432,522628869,map,3.813169410695513,1.8637813407085095,0.0,0,0,0.9536017775535583,2.9130171132697154,-1.4211973994343716,0.0,1,1,0.4326586127281189,8.247323034685456,5.712319380207224,0.0,0,2,0.8631673455238342,7.996697292974774,1.6102035897008777,0.0,0,3,0.47700557112693787,17.86804210135502,1.7052078761045633,0.0,0,5,0.5881697535514832,17.87576226910919,4.928974572588654,0.0,0,16,0.8030656576156616,7.6711826331004636,-1.3222698743763532,0.0,2,8,0.802915096282959,8.356476858949442,-1.6598707512281832,0.0,2,11,0.5924752354621887,13.156084688746782,1.9234005319840621,0.0,0,13,0.8195589184761047,12.739071900024557,9.038239886682703,0.0,1,12,0.8273777961730957,12.75686120938458,5.5858566080004985,0.0,0,14,0.5124410390853882,17.773219333845123,7.705141076531092,0.0,1,4,0.8160672783851624,18.316622675069887,-1.1243271232406316,0.0,1,10,0.6063255071640015,22.172039793348947,1.8548159291809385,0.0,0,17,0.6213548183441162,13.229910867257127,-1.1448944821699618,0.0,2,15,0.5953701138496399,22.422890993516535,4.818327985604095,0.0,0,20,0.7451931834220886,24.283984836583507,3.6437984686441895,0.0,0,22,0.6927663087844849,22.318594114385565,7.773106726763882,0.0,1,23,0.8120232820510864,19.350747321567578,-1.2617783185521516,0.0,2,25,0.4512508511543274,25.992758026975107,6.045454509757985,0.0,1,24,0.7269845008850098,22.844134305919535,-1.090112976808799,0.0,1,18,0.6296277642250061,26.35495390841644,0.9059354004309926,0.0,1,29,0.5994122624397278,26.89818607281673,3.810524098934088,0.0,1,28,0.7210081815719604,8.672058267416901,8.677273567380158,0.0,1,31,0.8696595430374146,7.05843720208673,-0.9926920339593118,0.0,1,32,0.6931028366088867,1.169877920327722,-5.391356978117852,0.0,0,33,0.8922517895698547
1777470432,626162787,map,3.8309183728397436,1.8599673642776016,0.0,0,35,0.958224892616272,2.9130171132697154,-1.4211973994343716,0.0,1,1,0.4319111406803131,8.246900890846062,5.712547469405591,0.0,0,2,0.8648717403411865,7.996697292974774,1.6102035897008777,0.0,0,3,0.4760971665382385,17.861816058773705,1.7115314783771296,0.0,0,5,0.5997560024261475,17.873235026861018,4.92815559785236,0.0,0,16,0.8061115145683289,7.6711826331004636,-1.3222698743763532,0.0,2,8,0.800344705581665,8.452078181511594,-1.441651320653897,0.0,2,11,0.6771182417869568,13.152692890682596,1.924528677616305,0.0,0,13,0.8258652687072754,12.737985245736661,9.036511269147594,0.0,1,12,0.8306977152824402,12.544990094673448,5.609575377033068,0.0,0,14,0.5721160769462585,17.770496576601627,7.704099295554551,0.0,1,4,0.8179383873939514,18.316622675069887,-1.1243271232406316,0.0,1,10,0.6048585176467896,22.172039793348947,1.8548159291809385,0.0,0,17,0.6198143362998962,13.206369370757908,-1.0921008154788996,0.0,2,15,0.6366033554077148,22.422890993516535,4.818327985604095,0.0,0,20,0.742978572845459,24.283984836583507,3.6437984686441895,0.0,0,22,0.6908519268035889,22.31462033695345,7.772266691838744,0.0,1,23,0.8126139640808105,19.350747321567578,-1.2617783185521516,0.0,2,25,0.4504378139972687,25.992758026975107,6.045454509757985,0.0,1,24,0.7248765826225281,22.844134305919535,-1.090112976808799,0.0,1,18,0.6280460357666016,26.35495390841644,0.9059354004309926,0.0,1,29,0.5979785323143005,26.89818607281673,3.810524098934088,0.0,1,28,0.7189347743988037,8.672524107239862,8.674242029318583,0.0,1,31,0.869484543800354,7.05843720208673,-0.9926920339593118,0.0,1,32,0.6911866068840027,1.3182260764227072,-5.294916519818076,0.0,0,33,0.9071269035339355
1777470432,722628289,map,3.832104393231196,1.8610794195030753,0.0,0,35,0.9587740302085876,2.9130171132697154,-1.4211973994343716,0.0,1,1,0.4315383732318878,8.246609727622038,5.712019479827969,0.0,0,2,0.8678534030914307,8.043055987002077,1.671287040992456,0.0,0,3,0.5579057335853577,17.856547985171787,1.7161262394338523,0.0,0,5,0.611251950263977,17.87184850142523,4.92779264014531,0.0,0,16,0.8075660467147827,7.6711826331004636,-1.3222698743763532,0.0,2,8,0.7990656495094299,8.481176979722974,-1.375025441396315,0.0,2,11,0.7071792483329773,13.15055871124289,1.9251881575734795,0.0,0,13,0.8287864923477173,12.737373127042364,9.035818803893127,0.0,1,12,0.8322645425796509,12.47587209893541,5.618794943949529,0.0,0,14,0.5964310169219971,17.769125254954627,7.7036462976631555,0.0,1,4,0.8188359141349792,18.316622675069887,-1.1243271232406316,0.0,1,10,0.6041277050971985,22.172039793348947,1.8548159291809385,0.0,0,17,0.6190469264984131,13.193887062839657,-1.0790438707501075,0.0,2,15,0.6541544198989868,22.422890993516535,4.818327985604095,0.0,0,20,0.7418761253356934,24.283984836583507,3.6437984686441895,0.0,0,22,0.689898669719696,22.31267351073744,7.771877704622434,0.0,1,23,0.8129002451896667,19.350747321567578,-1.2617783185521516,0.0,2,25,0.45003238320350647,25.992758026975107,6.045454509757985,0.0,1,24,0.7238272428512573,22.844134305919535,-1.090112976808799,0.0,1,18,0.6272581219673157,26.35495390841644,0.9059354004309926,0.0,1,29,0.5972642302513123,26.89818607281673,3.810524098934088,0.0,1,28,0.7179024815559387,8.67249763287003,8.672225834854471,0.0,1,31,0.8708263635635376,7.05843720208673,-0.9926920339593118,0.0,1,32,0.6902323961257935,1.3801507423195933,-5.253124852201862,0.0,0,33,0.9128936529159546
1777470432,822612751,map,3.8327665612836666,1.8640329465624237,0.0,0,35,0.9576237201690674,2.9130171132697154,-1.4211973994343716,0.0,1,1,0.43079474568367004,8.246351584174707,5.712342304251658,0.0,0,2,0.8692209720611572,8.115987421581039,1.725441153069782,0.0,0,3,0.6609642505645752,17.849192549767174,1.7227080117121252,0.0,0,5,0.6321423649787903,17.869627759104866,4.926851069177551,0.0,0,16,0.8103354573249817,7.6711826331004636,-1.3222698743763532,0.0,2,8,0.7965197563171387,8.520934232587582,-1.2837197488428995,0.0,2,11,0.7526044249534607,13.146680318793123,1.9264188042581707,0.0,0,13,0.8341901898384094,12.736771149790687,9.034629865997992,0.0,1,12,0.8352162837982178,12.37886253703843,5.6342569565161265,0.0,0,14,0.637045681476593,17.766878497660876,7.702604825517801,0.0,1,4,0.8205535411834717,18.316622675069887,-1.1243271232406316,0.0,1,10,0.6026713252067566,22.172039793348947,1.8548159291809385,0.0,0,17,0.6175178289413452,13.145576593274024,-1.0711211937691967,0.0,2,15,0.6851793527603149,22.422890993516535,4.818327985604095,0.0,0,20,0.7396811246871948,24.283984836583507,3.6437984686441895,0.0,0,22,0.6880000829696655,22.30907741078092,7.770912623486772,0.0,1,23,0.8134537935256958,19.350747321567578,-1.2617783185521516,0.0,2,25,0.44922372698783875,25.992758026975107,6.045454509757985,0.0,1,24,0.7217375636100769,22.844134305919535,-1.090112976808799,0.0,1,18,0.6256882548332214,26.35495390841644,0.9059354004309926,0.0,1,29,0.5958407521247864,26.89818607281673,3.810524098934088,0.0,1,28,0.7158468961715698,8.672504139914567,8.670707122081001,0.0,1,31,0.8706559538841248,7.05843720208673,-0.9926920339593118,0.0,1,32,0.6883319616317749,1.4468472569989432,-5.206965928793857,0.0,0,33,0.9164791107177734
1777470432,923274365,map,3.83468870850811,1.868634867425505,0.0,0,35,0.9587669372558594,2.9130171132697154,-1.4211973994343716,0.0,1,1,0.4300536811351776,8.246171303841122,5.712690600404825,0.0,0,2,0.874406635761261,8.150867210326789,1.7551102908907568,0.0,0,3,0.7242798209190369,17.84334149463798,1.7279386917527726,0.0,0,5,0.6506572365760803,17.86774357497004,4.926128271544163,0.0,0,16,0.8129335045814514,7.6711826331004636,-1.3222698743763532,0.0,2,8,0.7939900159835815,8.544397624192912,-1.22454489595281,0.0,2,11,0.7852683067321777,13.14218820382363,1.9274663277050064,0.0,0,13,0.8390910029411316,12.735908359296431,9.033593893677493,0.0,1,12,0.8379589915275574,12.310599599470956,5.645655727030467,0.0,0,14,0.6697705984115601,17.764614364203922,7.701648019579571,0.0,1,4,0.8221805095672607,18.316622675069887,-1.1243271232406316,0.0,1,10,0.6012219786643982,22.172039793348947,1.8548159291809385,0.0,0,17,0.6159963011741638,13.127805979772132,-1.0735802113946762,0.0,2,15,0.6974894404411316,22.422890993516535,4.818327985604095,0.0,0,20,0.7374990582466125,24.283984836583507,3.6437984686441895,0.0,0,22,0.6861118674278259,22.305489959724767,7.770078567189617,0.0,1,23,0.8139858841896057,19.350747321567578,-1.2617783185521516,0.0,2,25,0.4484179615974426,25.992758026975107,6.045454509757985,0.0,1,24,0.7196599245071411,22.844134305919535,-1.090112976808799,0.0,1,18,0.6241261959075928,26.35495390841644,0.9059354004309926,0.0,1,29,0.5944240093231201,26.89818607281673,3.810524098934088,0.0,1,28,0.7138029932975769,8.672403446340315,8.667656815916294,0.0,1,31,0.8731653690338135,7.05843720208673,-0.9926920339593118,0.0,1,32,0.686441957950592,1.5702310910707238,-5.125833330890147,0.0,0,33,0.9247971177101135,3.928690086751195,1.8629920145424241,0.0,0,36,0.7958123683929443
1777470433,22436647,map,3.8344319693882567,1.8752215078439212,0.0,0,35,0.9592281579971313,2.9130171132697154,-1.4211973994343716,0.0,1,1,0.4296841025352478,8.246107460647845,5.71485431021822,0.0,0,2,0.8767275214195251,8.157868310490935,1.7718902793557167,0.0,0,3,0.747650146484375,17.839717216476206,1.7308415952262413,0.0,0,5,0.6591672897338867,17.866640791225382,4.925806498961943,0.0,0,16,0.8141767978668213,7.6711826331004636,-1.3222698743763532,0.0,2,8,0.7927311658859253,8.549829426825006,-1.197309326341067,0.0,2,11,0.7984626889228821,13.139375148382426,1.928738094972301,0.0,0,13,0.8413761854171753,12.73583371753778,9.033743881055745,0.0,1,12,0.8392451405525208,12.283954268157773,5.652662602656702,0.0,0,14,0.6838022470474243,17.763698083962886,7.701287122282995,0.0,1,4,0.8229581713676453,18.316622675069887,-1.1243271232406316,0.0,1,10,0.6004999279975891,22.172039793348947,1.8548159291809385,0.0,0,17,0.6152383089065552,13.127805979772132,-1.0735802113946762,0.0,2,15,0.696517825126648,22.422890993516535,4.818327985604095,0.0,0,20,0.7364128828048706,24.283984836583507,3.6437984686441895,0.0,0,22,0.6851716637611389,22.303852222108862,7.769494397407732,0.0,1,23,0.8142431974411011,19.350747321567578,-1.2617783185521516,0.0,2,25,0.4480161666870117,25.992758026975107,6.045454509757985,0.0,1,24,0.7186256051063538,22.844134305919535,-1.090112976808799,0.0,1,18,0.6233481168746948,26.35495390841644,0.9059354004309926,0.0,1,29,0.5937181711196899,26.89818607281673,3.810524098934088,0.0,1,28,0.7127854228019714,8.672717753149161,8.667542646234814,0.0,1,31,0.8743144273757935,7.05843720208673,-0.9926920339593118,0.0,1,32,0.6855008602142334,1.6234875111212115,-5.082394993843244,0.0,0,33,0.9283246994018555,3.917332827593513,1.8802151041114514,0.0,0,36,0.8377106189727783
1777470433,125788097,map,3.833072456750934,1.892694758285428,0.0,0,35,0.9599770903587341,2.9130171132697154,-1.4211973994343716,0.0,1,1,0.428946852684021,8.245501610709747,5.7232293773314336,0.0,0,2,0.8809017539024353,8.158852765518906,1.809452111932117,0.0,0,3,0.7839200496673584,17.83139279138477,1.739903973451146,0.0,0,5,0.6748637557029724,17.864516249404495,4.926488406937371,0.0,0,16,0.8165467977523804,7.6711826331004636,-1.3222698743763532,0.0,2,8,0.7902254462242126,8.549610389938808,-1.143976873707816,0.0,2,11,0.8203967809677124,13.13299112143305,1.933960768737752,0.0,0,13,0.8456379175186157,12.735837270654661,9.036222474707303,0.0,1,12,0.8416578769683838,12.240497711010425,5.6711216382836245,0.0,0,14,0.7081672549247742,17.761940697311417,7.701711151477139,0.0,1,4,0.8244447112083435,18.316622675069887,-1.1243271232406316,0.0,1,10,0.5990609526634216,22.172039793348947,1.8548159291809385,0.0,0,17,0.6137279868125916,13.127805979772132,-1.0735802113946762,0.0,2,15,0.6945826411247253,22.422890993516535,4.818327985604095,0.0,0,20,0.734250009059906,24.283984836583507,3.6437984686441895,0.0,0,22,0.6832989454269409,22.302205488623656,7.769127599738312,0.0,1,23,0.8131701946258545,19.350747321567578,-1.2617783185521516,0.0,2,25,0.4472147226333618,25.992758026975107,6.045454509757985,0.0,1,24,0.7165658473968506,22.844134305919535,-1.090112976808799,0.0,1,18,0.6217977404594421,26.35495390841644,0.9059354004309926,0.0,1,29,0.5923115015029907,26.89818607281673,3.810524098934088,0.0,1,28,0.7107589244842529,8.673445463477421,8.670549803992685,0.0,1,31,0.8764204382896423,7.05843720208673,-0.9926920339593118,0.0,1,32,0.6836263537406921,1.71846473220722,-4.991034374878028,0.0,0,33,0.9343668222427368,3.8877295747117966,1.9344794333033077,0.0,0,36,0.8839045166969299
1777470433,222389679,map,3.8282876039904243,1.9170545252039717,0.0,0,35,0.9602110385894775,2.9130171132697154,-1.4211973994343716,0.0,1,1,0.428579181432724,8.24529015465705,5.734923595970258,0.0,0,2,0.8827051520347595,8.149718264675366,1.848798781888715,0.0,0,3,0.7982466220855713,17.83139279138477,1.739903973451146,0.0,0,5,0.6739541292190552,17.863075591583804,4.928728158704799,0.0,0,16,0.8176772594451904,7.6711826331004636,-1.3222698743763532,0.0,2,8,0.7889785170555115,8.539700211354734,-1.1021787638931495,0.0,2,11,0.8298107981681824,13.128092699793925,1.9415751677824953,0.0,0,13,0.8476398587226868,12.736939616222415,9.041147289424599,0.0,1,12,0.8427484631538391,12.223676526444383,5.69077505684001,0.0,0,14,0.7186558246612549,17.761545092371207,7.7036015694479545,0.0,1,4,0.8251422047615051,18.316622675069887,-1.1243271232406316,0.0,1,10,0.598344087600708,22.172039793348947,1.8548159291809385,0.0,0,17,0.612975537776947,13.127805979772132,-1.0735802113946762,0.0,2,15,0.6936190724372864,22.422890993516535,4.818327985604095,0.0,0,20,0.7331733703613281,24.283984836583507,3.6437984686441895,0.0,0,22,0.6823664307594299,22.302205488623656,7.769127599738312,0.0,1,23,0.81184983253479,19.350747321567578,-1.2617783185521516,0.0,2,25,0.4468151032924652,25.992758026975107,6.045454509757985,0.0,1,24,0.7155404090881348,22.844134305919535,-1.090112976808799,0.0,1,18,0.6210254430770874,26.35495390841644,0.9059354004309926,0.0,1,29,0.5916106700897217,26.89818607281673,3.810524098934088,0.0,1,28,0.7097499966621399,8.674930863846672,8.677898421710381,0.0,1,31,0.8773164749145508,7.05843720208673,-0.9926920339593118,0.0,1,32,0.6826929450035095,1.7556620736045405,-4.914732259597588,0.0,0,33,0.9375386238098145,3.867662561224946,2.0002616748694715,0.0,0,36,0.8972399234771729
1777470433,322743055,map,3.8229505035699822,1.9457179049018518,0.0,0,35,0.9603778719902039,2.9130171132697154,-1.4211973994343716,0.0,1,1,0.42821213603019714,8.245994091151651,5.748287829552506,0.0,0,2,0.8843618631362915,8.14010523538687,1.8895453001378415,0.0,0,3,0.8106060028076172,17.83139279138477,1.739903973451146,0.0,0,5,0.673046886920929,17.862053315428444,4.931719874900614,0.0,0,16,0.8187649250030518,7.6711826331004636,-1.3222698743763532,0.0,2,8,0.7877354621887207,8.531148463826911,-1.0585500485800714,0.0,2,11,0.8381467461585999,13.123673336780646,1.950910876380327,0.0,0,13,0.8495367765426636,12.738911313159626,9.047457174557032,0.0,1,12,0.8437739610671997,12.210476189049347,5.712729142096293,0.0,0,14,0.7282165288925171,17.76172480897649,7.7061163094881335,0.0,1,4,0.8258096575737,18.316622675069887,-1.1243271232406316,0.0,1,10,0.5976288914680481,22.172039793348947,1.8548159291809385,0.0,0,17,0.6122249960899353,13.091684364060507,-1.052938470405498,0.0,2,15,0.706811785697937,22.422890993516535,4.818327985604095,0.0,0,20,0.7320998311042786,24.283984836583507,3.6437984686441895,0.0,0,22,0.6814364790916443,22.302205488623656,7.769127599738312,0.0,1,23,0.8105338215827942,19.350747321567578,-1.2617783185521516,0.0,2,25,0.4464161694049835,25.992758026975107,6.045454509757985,0.0,1,24,0.7145178318023682,22.844134305919535,-1.090112976808799,0.0,1,18,0.6202550530433655,26.35495390841644,0.9059354004309926,0.0,1,29,0.5909115076065063,26.89818607281673,3.810524098934088,0.0,1,28,0.7087439298629761,8.677382270509053,8.687335588785471,0.0,1,31,0.8781329989433289,7.05843720208673,-0.9926920339593118,0.0,1,32,0.6817620992660522,1.7912823041372643,-4.82915542499018,0.0,0,33,0.9405471682548523,3.8546038342952986,2.0608778388375026,0.0,0,36,0.9072301983833313
1777470433,422346602,map,3.8083977908252997,1.984430778325932,0.0,0,35,0.9608660936355591,2.9130171132697154,-1.4211973994343716,0.0,1,1,0.42747992277145386,8.245889859076684,5.76812107950864,0.0,0,2,0.8874857425689697,8.117674591958478,1.9357068913249091,0.0,0,3,0.8312152028083801,17.83139279138477,1.739903973451146,0.0,0,5,0.6712397933006287,17.8597340676436,4.93582482504202,0.0,0,16,0.8208580017089844,7.6711826331004636,-1.3222698743763532,0.0,2,8,0.7852611541748047,8.520262772323063,-1.0008575314503383,0.0,2,11,0.852067232131958,13.115632667404443,1.9641522388394024,0.0,0,13,0.8530831336975098,12.742340817979377,9.056496100209763,0.0,1,12,0.845758318901062,12.187379522736796,5.7421130430215035,0.0,0,14,0.7453718185424805,17.761498132057447,7.709634557630287,0.0,1,4,0.8271089196205139,18.316622675069887,-1.1243271232406316,0.0,1,10,0.5962036848068237,22.172039793348947,1.8548159291809385,0.0,0,17,0.6107293963432312,13.029386765918156,-1.0328502344032162,0.0,2,15,0.7297901511192322,22.422890993516535,4.818327985604095,0.0,0,20,0.7299622297286987,24.283984836583507,3.6437984686441895,0.0,0,22,0.6795840859413147,22.302205488623656,7.769127599738312,0.0,1,23,0.8079144358634949,19.350747321567578,-1.2617783185521516,0.0,2,25,0.44562041759490967,25.992758026975107,6.045454509757985,0.0,1,24,0.7124814987182617,22.844134305919535,-1.090112976808799,0.0,1,18,0.6187199950218201,26.35495390841644,0.9059354004309926,0.0,1,29,0.5895180702209473,26.89818607281673,3.810524098934088,0.0,1,28,0.7067403793334961,8.681520650777463,8.700612077680654,0.0,1,31,0.8797347545623779,7.05843720208673,-0.9926920339593118,0.0,1,32,0.6799079179763794,1.8539904817110133,-4.72002930924292,0.0,0,33,0.9447936415672302,3.8349257637738368,2.1259970389794343,0.0,0,36,0.9220438599586487
1777470433,522742680,map,3.8006663986766447,1.9940768280647034,0.0,0,35,0.9611606001853943,2.9130171132697154,-1.4211973994343716,0.0,1,1,0.4271147847175598,8.245882584258812,5.774478282575322,0.0,0,2,0.888951301574707,8.107199501994426,1.9452612887794638,0.0,0,3,0.8398158550262451,17.83139279138477,1.739903973451146,0.0,0,5,0.6703398823738098,17.85884553592038,4.937157219647181,0.0,0,16,0.8218583464622498,7.6711826331004636,-1.3222698743763532,0.0,2,8,0.7840298414230347,8.519197193876591,-0.9834933506766186,0.0,2,11,0.8578637838363647,13.112749635577842,1.968415018114187,0.0,0,13,0.8547267913818359,12.743800555103874,9.059412197714739,0.0,1,12,0.8467172980308533,12.179688604345058,5.751172443863953,0.0,0,14,0.753023087978363,17.761282205507005,7.71080288703848,0.0,1,4,0.8277379274368286,18.316622675069887,-1.1243271232406316,0.0,1,10,0.5954936146736145,22.172039793348947,1.8548159291809385,0.0,0,17,0.6099843382835388,13.006178104177891,-1.0318989226791808,0.0,2,15,0.7397279739379883,22.422890993516535,4.818327985604095,0.0,0,20,0.7288981080055237,24.283984836583507,3.6437984686441895,0.0,0,22,0.6786617040634155,22.302205488623656,7.769127599738312,0.0,1,23,0.8066110610961914,19.350747321567578,-1.2617783185521516,0.0,2,25,0.4452236294746399,25.992758026975107,6.045454509757985,0.0,1,24,0.7114676833152771,22.844134305919535,-1.090112976808799,0.0,1,18,0.6179553270339966,26.35495390841644,0.9059354004309926,0.0,1,29,0.5888238549232483,26.89818607281673,3.810524098934088,0.0,1,28,0.7057427763938904,8.683412130063939,8.70460694429504,0.0,1,31,0.8805171251296997,7.05843720208673,-0.9926920339593118,0.0,1,32,0.6789846420288086,1.883568032880358,-4.687414809220993,0.0,0,33,0.9462733268737793,3.8304507713794114,2.1373547937228454,0.0,0,36,0.9275974631309509
1777470433,624850387,map,3.800747409182401,2.054062034464946,0.0,0,38,0.9754921197891235,2.9130171132697154,-1.4211973994343716,0.0,1,1,0.426386296749115,8.246794703437741,5.783207193000854,0.0,0,2,0.8916645050048828,8.09007069787179,1.9512491615108742,0.0,0,3,0.8542852997779846,17.825413828168557,1.7514777157089083,0.0,0,5,0.6848469972610474,17.85779650932191,4.938823782186526,0.0,0,16,0.8237669467926025,7.6711826331004636,-1.3222698743763532,0.0,2,8,0.7815787196159363,8.52084936544201,-0.960931198354199,0.0,2,11,0.8677486777305603,13.108589655318763,1.9741096248600651,0.0,0,13,0.8577830195426941,12.746251265172072,9.063394783185808,0.0,1,12,0.8485603332519531,12.169177637245475,5.763121594614594,0.0,0,14,0.7667618989944458,17.761121359446506,7.712314553955947,0.0,1,4,0.8289485573768616,18.316622675069887,-1.1243271232406316,0.0,1,10,0.594078540802002,22.172039793348947,1.8548159291809385,0.0,0,17,0.6084995865821838,12.972352668379195,-1.0355169928138492,0.0,2,15,0.7571069598197937,22.422890993516535,4.818327985604095,0.0,0,20,0.7267791032791138,24.283984836583507,3.6437984686441895,0.0,0,22,0.6768243312835693,22.302205488623656,7.769127599738312,0.0,1,23,0.8040169477462769,19.350747321567578,-1.2617783185521516,0.0,2,25,0.4444321393966675,25.992758026975107,6.045454509757985,0.0,1,24,0.7094486951828003,22.844134305919535,-1.090112976808799,0.0,1,18,0.6164315938949585,26.35495390841644,0.9059354004309926,0.0,1,29,0.5874402523040771,26.89818607281673,3.810524098934088,0.0,1,28,0.7037560939788818,8.686883799439583,8.709676232973468,0.0,1,31,0.8820198178291321,7.05843720208673,-0.9926920339593118,0.0,1,32,0.6771455407142639,1.9391991008393992,-4.642666530355406,0.0,0,33,0.9485196471214294
1777470433,722762014,map,3.8021743384862456,2.054735800863805,0.0,0,38,0.9744542241096497,2.9130171132697154,-1.4211973994343716,0.0,1,1,0.426023006439209,8.247367036919368,5.785209266577803,0.0,0,2,0.8929315805435181,8.084564811858607,1.9489513710416941,0.0,0,3,0.860369861125946,17.823651300892962,1.7559106637506874,0.0,0,5,0.6915283799171448,17.85739545712305,4.939229653765151,0.0,0,16,0.8246803879737854,7.6711826331004636,-1.3222698743763532,0.0,2,8,0.7803589105606079,8.523378174844538,-0.9550482900450664,0.0,2,11,0.8719767332077026,13.106994277097987,1.9755225680563566,0.0,0,13,0.8592089414596558,12.746788799501017,9.0644279192167,0.0,1,12,0.8494528532028198,12.165594781427934,5.766317505190876,0.0,0,14,0.772956132888794,17.760737738274024,7.712717792247019,0.0,1,4,0.829536497592926,18.316622675069887,-1.1243271232406316,0.0,1,10,0.5933734774589539,22.172039793348947,1.8548159291809385,0.0,0,17,0.607759952545166,12.960736911344425,-1.0393718081014356,0.0,2,15,0.7647316455841064,22.422890993516535,4.818327985604095,0.0,0,20,0.7257242202758789,24.283984836583507,3.6437984686441895,0.0,0,22,0.6759093999862671,22.302205488623656,7.769127599738312,0.0,1,23,0.802726149559021,19.350747321567578,-1.2617783185521516,0.0,2,25,0.44403746724128723,25.992758026975107,6.045454509757985,0.0,1,24,0.7084435224533081,22.844134305919535,-1.090112976808799,0.0,1,18,0.6156725883483887,26.35495390841644,0.9059354004309926,0.0,1,29,0.586750864982605,26.89818607281673,3.810524098934088,0.0,1,28,0.7027669548988342,8.687770704763428,8.710584378216017,0.0,1,31,0.8827527165412903,7.05843720208673,-0.9926920339593118,0.0,1,32,0.6762297749519348,1.9643778544525563,-4.629829235684929,0.0,0,33,0.949349045753479
1777470433,822348244,map,3.805112495681756,2.056725387948258,0.0,0,38,0.9725863337516785,2.9130171132697154,-1.4211973994343716,0.0,1,1,0.425298273563385,8.248664151156511,5.789296909815423,0.0,0,2,0.8952566981315613,8.067785256777972,1.9442369940203246,0.0,0,3,0.8709703683853149,17.82051931997844,1.7639036628184892,0.0,0,5,0.7039148807525635,17.856800692300787,4.939842489354003,0.0,0,16,0.8264281153678894,7.6711826331004636,-1.3222698743763532,0.0,2,8,0.7779306173324585,8.527918056971622,-0.945324548580919,0.0,2,11,0.8793811798095703,13.103887467643647,1.9778320859909362,0.0,0,13,0.8618824481964111,12.747302421948453,9.066304248451589,0.0,1,12,0.8511574268341064,12.1621964547307,5.771896019903069,0.0,0,14,0.7841231226921082,17.759952628983083,7.713385595374803,0.0,1,4,0.8306685090065002,18.316622675069887,-1.1243271232406316,0.0,1,10,0.5919684767723083,22.172039793348947,1.8548159291809385,0.0,0,17,0.6062860488891602,12.9436222521577,-1.043891851848069,0.0,2,15,0.7782990336418152,22.422890993516535,4.818327985604095,0.0,0,20,0.7236236333847046,24.283984836583507,3.6437984686441895,0.0,0,22,0.6740869283676147,22.302205488623656,7.769127599738312,0.0,1,23,0.8001569509506226,19.350747321567578,-1.2617783185521516,0.0,2,25,0.4432501792907715,25.992758026975107,6.045454509757985,0.0,1,24,0.7064415812492371,22.844134305919535,-1.090112976808799,0.0,1,18,0.6141600608825684,26.35495390841644,0.9059354004309926,0.0,1,29,0.5853769779205322,26.89818607281673,3.810524098934088,0.0,1,28,0.7007969617843628,8.688801347962457,8.712239528567409,0.0,1,31,0.8841381669044495,7.05843720208673,-0.9926920339593118,0.0,1,32,0.6744055151939392,2.0074031251579556,-4.6083316362211795,0.0,0,33,0.9507655501365662,3.597839329991592,1.951916743279113,0.0,0,39,0.74644935131073
1777470433,922770985,map,3.8071796054941127,2.055321233491077,0.0,0,38,0.971760094165802,2.9130171132697154,-1.4211973994343716,0.0,1,1,0.42493680119514465,8.24919467522301,5.790042714837412,0.0,0,2,0.8963406682014465,8.060273513838833,1.939371736108401,0.0,0,3,0.8755397200584412,17.819639442932615,1.7677346052297114,0.0,0,5,0.7096505761146545,17.85661103530425,4.940207902481019,0.0,0,16,0.8272632360458374,7.6711826331004636,-1.3222698743763532,0.0,2,8,0.7767221331596375,8.531174225912263,-0.9430729141680119,0.0,2,11,0.8825996518135071,13.102702856258723,1.9784460178867311,0.0,0,13,0.863131046295166,12.747227955502474,9.066875161102518,0.0,1,12,0.8519747853279114,12.162093804925938,5.773675060134092,0.0,0,14,0.7891747355461121,17.759462290247363,7.713776766125806,0.0,1,4,0.8312138319015503,18.316622675069887,-1.1243271232406316,0.0,1,10,0.5912684202194214,22.172039793348947,1.8548159291809385,0.0,0,17,0.6055517792701721,12.936946146484118,-1.0469693328941896,0.0,2,15,0.7843652963638306,22.422890993516535,4.818327985604095,0.0,0,20,0.7225778698921204,24.283984836583507,3.6437984686441895,0.0,0,22,0.6731793284416199,22.302205488623656,7.769127599738312,0.0,1,23,0.7988784909248352,19.350747321567578,-1.2617783185521516,0.0,2,25,0.4428575932979584,25.992758026975107,6.045454509757985,0.0,1,24,0.705444872379303,22.844134305919535,-1.090112976808799,0.0,1,18,0.6134065985679626,26.35495390841644,0.9059354004309926,0.0,1,29,0.5846924781799316,26.89818607281673,3.810524098934088,0.0,1,28,0.699816107749939,8.688898835230837,8.712183268698874,0.0,1,31,0.884803295135498,7.05843720208673,-0.9926920339593118,0.0,1,32,0.6734971404075623,2.027296164592557,-4.603097703704609,0.0,0,33,0.9512967467308044,3.600926068982588,1.9301466472024653,0.0,0,39,0.8145147562026978
1777470434,22672461,map,3.8071796054941127,2.055321233491077,0.0,0,38,0.9679974317550659,3.435069645962197,-1.2662577065370577,0.0,1,1,0.7013362646102905,8.249793271429377,5.786716110854185,0.0,0,2,0.8983941674232483,8.049144002133191,1.9183632357752274,0.0,0,3,0.883478045463562,17.81861481999427,1.7720940523114066,0.0,0,5,0.7203226089477539,17.856338687940646,4.93914082208635,0.0,0,16,0.828869640827179,7.6711826331004636,-1.3222698743763532,0.0,2,8,0.7743164300918579,8.539976300246373,-0.9487212993070202,0.0,2,11,0.8882090449333191,13.101191457124454,1.9753283885309953,0.0,0,13,0.8654720187187195,12.746210122513403,9.064663218954621,0.0,1,12,0.8535711169242859,12.162398176157222,5.770323437233491,0.0,0,14,0.7984586358070374,17.75812864817244,7.7129246785114285,0.0,1,4,0.8322771787643433,18.316622675069887,-1.1243271232406316,0.0,1,10,0.5898733139038086,22.172039793348947,1.8548159291809385,0.0,0,17,0.604088544845581,12.928150783071963,-1.0602415280083204,0.0,2,15,0.7952318787574768,22.422890993516535,4.818327985604095,0.0,0,20,0.7204954028129578,24.283984836583507,3.6437984686441895,0.0,0,22,0.6713715195655823,22.302205488623656,7.769127599738312,0.0,1,23,0.7963337898254395,19.350747321567578,-1.2617783185521516,0.0,2,25,0.4420744776725769,25.992758026975107,6.045454509757985,0.0,1,24,0.7034598588943481,22.844134305919535,-1.090112976808799,0.0,1,18,0.6119052171707153,26.35495390841644,0.9059354004309926,0.0,1,29,0.5833281874656677,26.89818607281673,3.810524098934088,0.0,1,28,0.6978626251220703,8.688113890949923,8.70693578829121,0.0,1,31,0.8861231803894043,7.05843720208673,-0.9926920339593118,0.0,1,32,0.6716876029968262,2.0662180781514876,-4.604928132240488,0.0,0,33,0.9520149230957031,3.612600401126607,1.8509105300173887,0.0,0,39,0.8792479038238525
1777470434,122631068,map,3.8071796054941127,2.055321233491077,0.0,0,38,0.9661270380020142,3.435069645962197,-1.2662577065370577,0.0,1,1,0.7003539204597473,8.24996890546938,5.784600331506537,0.0,0,2,0.8993475437164307,8.044741153664887,1.90786124082532,0.0,0,3,0.8869243264198303,17.8181722392831,1.7738483468783448,0.0,0,5,0.72529536485672,17.856221937467158,4.938115736768396,0.0,0,16,0.8296410441398621,7.6711826331004636,-1.3222698743763532,0.0,2,8,0.7731191515922546,8.545346332921081,-0.9527643539114321,0.0,2,11,0.8906661868095398,13.100577273372268,1.9731404933234622,0.0,0,13,0.8665703535079956,12.745621252723002,9.063112289572564,0.0,1,12,0.8543354868888855,12.163466790130574,5.768120169889932,0.0,0,14,0.8026902675628662,17.757425445480916,7.7120719387208805,0.0,1,4,0.8327917456626892,18.316622675069887,-1.1243271232406316,0.0,1,10,0.5891782641410828,22.172039793348947,1.8548159291809385,0.0,0,17,0.603359580039978,12.925528729027693,-1.067429771566519,0.0,2,15,0.8001194596290588,22.422890993516535,4.818327985604095,0.0,0,20,0.7194586992263794,24.283984836583507,3.6437984686441895,0.0,0,22,0.6704712510108948,22.302205488623656,7.769127599738312,0.0,1,23,0.7950674891471863,19.350747321567578,-1.2617783185521516,0.0,2,25,0.44168394804000854,25.992758026975107,6.045454509757985,0.0,1,24,0.7024715542793274,22.844134305919535,-1.090112976808799,0.0,1,18,0.6111572980880737,26.35495390841644,0.9059354004309926,0.0,1,29,0.5826484560966492,26.89818607281673,3.810524098934088,0.0,1,28,0.6968899369239807,8.687554126781825,8.703892893131284,0.0,1,31,0.8867508172988892,7.05843720208673,-0.9926920339593118,0.0,1,32,0.6707864999771118,2.0842153081852866,-4.606420762515943,0.0,0,33,0.9523167014122009,3.6173569381827635,1.8271914455451843,0.0,0,39,0.8966417908668518
1777470434,222502552,map,3.8071796054941127,2.055321233491077,0.0,0,38,0.9624078273773193,3.435069645962197,-1.2662577065370577,0.0,1,1,0.6983973979949951,8.250436586481426,5.782340640757059,0.0,0,2,0.9010884761810303,8.036034208199826,1.8937900946374824,0.0,0,3,0.8929665684700012,17.816939649775765,1.777453787168339,0.0,0,5,0.7345946431159973,17.85609230693191,4.9364559286817125,0.0,0,16,0.8311173915863037,7.6711826331004636,-1.3222698743763532,0.0,2,8,0.7707356810569763,8.55375163441653,-0.9563602309034895,0.0,2,11,0.8951016664505005,13.098926620299785,1.9703433226750922,0.0,0,13,0.8686389923095703,12.745011453661123,9.061280962441042,0.0,1,12,0.8557721972465515,12.168195969008133,5.766627188092075,0.0,0,14,0.8103778958320618,17.75637001659997,7.710763732386262,0.0,1,4,0.8337756991386414,18.316622675069887,-1.1243271232406316,0.0,1,10,0.5877929925918579,22.172039793348947,1.8548159291809385,0.0,0,17,0.601906955242157,12.919573506888359,-1.0783163278130021,0.0,2,15,0.8090553283691406,22.422890993516535,4.818327985604095,0.0,0,20,0.7173941135406494,24.283984836583507,3.6437984686441895,0.0,0,22,0.6686779260635376,22.302205488623656,7.769127599738312,0.0,1,23,0.7925469875335693,19.350747321567578,-1.2617783185521516,0.0,2,25,0.44090500473976135,25.992758026975107,6.045454509757985,0.0,1,24,0.7005032300949097,22.844134305919535,-1.090112976808799,0.0,1,18,0.6096668839454651,26.35495390841644,0.9059354004309926,0.0,1,29,0.5812937021255493,26.89818607281673,3.810524098934088,0.0,1,28,0.6949527263641357,8.68694671422306,8.699998024464115,0.0,1,31,0.8879028558731079,7.05843720208673,-0.9926920339593118,0.0,1,32,0.6689915060997009,2.1159308603974383,-4.604966760136388,0.0,0,33,0.9529244303703308,3.620529258390897,1.8132924982939462,0.0,0,39,0.9187191724777222
1777470434,322693439,map,3.8071796054941127,2.055321233491077,0.0,0,38,0.9605588912963867,3.435069645962197,-1.2662577065370577,0.0,1,1,0.6974232792854309,8.25039024396379,5.783517739360484,0.0,0,2,0.901873767375946,8.030163827885296,1.8917095942139153,0.0,0,3,0.8956453800201416,17.815399287436072,1.7797871019525608,0.0,0,5,0.7389612793922424,17.855864795764727,4.936137180608436,0.0,0,16,0.8318255543708801,7.6711826331004636,-1.3222698743763532,0.0,2,8,0.7695494294166565,8.555034345062335,-0.9545082626608333,0.0,2,11,0.8971499800682068,13.097194314816923,1.9703591274563477,0.0,0,13,0.8696233034133911,12.745012667576038,9.061526461573099,0.0,1,12,0.8564415574073792,12.171150183624526,5.768219315859593,0.0,0,14,0.8138755559921265,17.755960268772444,7.7105841556283075,0.0,1,4,0.8342450857162476,18.316622675069887,-1.1243271232406316,0.0,1,10,0.5871028304100037,22.172039793348947,1.8548159291809385,0.0,0,17,0.6011832356452942,12.914605560366322,-1.0808309558501203,0.0,2,15,0.8131876587867737,22.422890993516535,4.818327985604095,0.0,0,20,0.7163662910461426,24.283984836583507,3.6437984686441895,0.0,0,22,0.6677848696708679,22.302205488623656,7.769127599738312,0.0,1,23,0.7912927269935608,19.350747321567578,-1.2617783185521516,0.0,2,25,0.44051656126976013,25.992758026975107,6.045454509757985,0.0,1,24,0.6995232105255127,22.844134305919535,-1.090112976808799,0.0,1,18,0.608924388885498,26.35495390841644,0.9059354004309926,0.0,1,29,0.580618679523468,26.89818607281673,3.810524098934088,0.0,1,28,0.6939881443977356,8.686876955463019,8.700057307740545,0.0,1,31,0.8884199261665344,7.05843720208673,-0.9926920339593118,0.0,1,32,0.6680975556373596,2.1278435582229505,-4.59858017191439,0.0,0,33,0.9532997012138367,3.6161724636895243,1.82322328749133,0.0,0,39,0.9260831475257874
1777470434,422427910,map,3.788158403069922,2.067893851015545,0.0,0,38,0.9593443274497986,3.435069645962197,-1.2662577065370577,0.0,1,1,0.6954830884933472,8.250601591160999,5.787036050709239,0.0,0,2,0.9009652137756348,8.014635609989122,1.9045495877581,0.0,0,3,0.9004019498825073,17.813547665299595,1.782923934901934,0.0,0,5,0.7420435547828674,17.85528147962303,4.937733435913381,0.0,0,16,0.8331770300865173,7.6711826331004636,-1.3222698743763532,0.0,2,8,0.7671878933906555,8.547981286590058,-0.9367329354096813,0.0,2,11,0.9010462164878845,13.091315047913417,1.9762161561310378,0.0,0,13,0.8715018033981323,12.746659220990475,9.066623901593179,0.0,1,12,0.8576532602310181,12.178487691258969,5.779699502079823,0.0,0,14,0.8202148079872131,17.755961797969917,7.712258616692453,0.0,1,4,0.8351266980171204,18.316622675069887,-1.1243271232406316,0.0,1,10,0.5857272744178772,22.172039793348947,1.8548159291809385,0.0,0,17,0.5997409820556641,12.89760032674304,-1.0757405131549402,0.0,2,15,0.8209420442581177,22.422890993516535,4.818327985604095,0.0,0,20,0.7143194675445557,24.283984836583507,3.6437984686441895,0.0,0,22,0.6660059094429016,22.302205488623656,7.769127599738312,0.0,1,23,0.788796067237854,19.350747321567578,-1.2617783185521516,0.0,2,25,0.43974170088768005,25.992758026975107,6.045454509757985,0.0,1,24,0.697571337223053,22.844134305919535,-1.090112976808799,0.0,1,18,0.6074448227882385,26.35495390841644,0.9059354004309926,0.0,1,29,0.5792732834815979,26.89818607281673,3.810524098934088,0.0,1,28,0.69206702709198,8.688259980769077,8.707705584557775,0.0,1,31,0.8892902731895447,7.05843720208673,-0.9926920339593118,0.0,1,32,0.6663169264793396,2.1403027377316426,-4.561048173474918,0.0,0,33,0.9543957114219666,3.6087628173679454,1.8449446635279763,0.0,0,39,0.9301323294639587
1777470434,524014117,map,3.7484170408264372,2.1040795006203665,0.0,0,38,0.9603466391563416,3.435069645962197,-1.2662577065370577,0.0,1,1,0.6935536861419678,8.250601591160999,5.787036050709239,0.0,0,2,0.8977298736572266,7.99653969442394,1.9316001115768724,0.0,0,3,0.9044631123542786,17.813547665299595,1.782923934901934,0.0,0,5,0.7398476004600525,17.854224490339732,4.941440484571792,0.0,0,16,0.8344539999961853,7.6711826331004636,-1.3222698743763532,0.0,2,8,0.7648407816886902,8.534291195644217,-0.9066270457045638,0.0,2,11,0.9045819044113159,13.083248317032623,1.9874183850644933,0.0,0,13,0.8732582330703735,12.749323756061512,9.076116133757186,0.0,1,12,0.8587340712547302,12.184892173216383,5.798301630818459,0.0,0,14,0.8258612751960754,17.75644876872952,7.715863375173359,0.0,1,4,0.8359472155570984,18.316622675069887,-1.1243271232406316,0.0,1,10,0.5843581557273865,22.172039793348947,1.8548159291809385,0.0,0,17,0.5983057022094727,12.878315441684064,-1.0648454544246424,0.0,2,15,0.8279346227645874,22.422890993516535,4.818327985604095,0.0,0,20,0.7122842669487,24.283984836583507,3.6437984686441895,0.0,0,22,0.6642363667488098,22.302205488623656,7.769127599738312,0.0,1,23,0.7863150835037231,19.350747321567578,-1.2617783185521516,0.0,2,25,0.43896955251693726,25.992758026975107,6.045454509757985,0.0,1,24,0.6956303119659424,22.844134305919535,-1.090112976808799,0.0,1,18,0.6059724688529968,26.35495390841644,0.9059354004309926,0.0,1,29,0.577934205532074,26.89818607281673,3.810524098934088,0.0,1,28,0.6901564598083496,8.690636061193448,8.722232149967159,0.0,1,31,0.8900004029273987,7.05843720208673,-0.9926920339593118,0.0,1,32,0.6645457148551941,2.1384272437571,-4.500461143870897,0.0,0,33,0.9557475447654724,3.6087628173679454,1.8449446635279763,0.0,0,39,0.9266846179962158
1777470434,625041376,map,3.690144377497402,2.021067477286926,0.0,0,40,0.9735987186431885,3.435069645962197,-1.2662577065370577,0.0,1,1,0.692592978477478,8.250601591160999,5.787036050709239,0.0,0,2,0.8961209654808044,7.990526336085698,1.9382075510291272,0.0,0,3,0.906258761882782,17.813547665299595,1.782923934901934,0.0,0,5,0.7387544512748718,17.854126180385432,4.942739804715476,0.0,0,16,0.8350626826286316,7.6711826331004636,-1.3222698743763532,0.0,2,8,0.7636725902557373,8.530902086383737,-0.8980202539750343,0.0,2,11,0.9061047434806824,13.080529281512504,1.9908051009198524,0.0,0,13,0.8740712404251099,12.750332547947856,9.079238870982733,0.0,1,12,0.8592665195465088,12.188208158467017,5.80429442568486,0.0,0,14,0.8284993767738342,17.756671919346175,7.717162208000134,0.0,1,4,0.8363451361656189,18.316622675069887,-1.1243271232406316,0.0,1,10,0.5836760401725769,22.172039793348947,1.8548159291809385,0.0,0,17,0.5975906252861023,12.871974266645644,-1.0622296903442314,0.0,2,15,0.8310828804969788,22.422890993516535,4.818327985604095,0.0,0,20,0.7112709879875183,24.283984836583507,3.6437984686441895,0.0,0,22,0.6633551120758057,22.302205488623656,7.769127599738312,0.0,1,23,0.7850804328918457,19.350747321567578,-1.2617783185521516,0.0,2,25,0.43858450651168823,25.992758026975107,6.045454509757985,0.0,1,24,0.6946638822555542,22.844134305919535,-1.090112976808799,0.0,1,18,0.6052389740943909,26.35495390841644,0.9059354004309926,0.0,1,29,0.5772669315338135,26.89818607281673,3.810524098934088,0.0,1,28,0.6892051696777344,8.691480777264005,8.726698841823424,0.0,1,31,0.8903684616088867,7.05843720208673,-0.9926920339593118,0.0,1,32,0.6636636257171631,2.142981576539952,-4.484070444929094,0.0,0,33,0.9561319947242737
1777470434,724533571,map,3.6690615518860157,2.01495458658428,0.0,0,40,0.9722498059272766,3.435069645962197,-1.2662577065370577,0.0,1,1,0.6906795501708984,8.250601591160999,5.787036050709239,0.0,0,2,0.8929203152656555,7.981394140880344,1.9368246179859747,0.0,0,3,0.9095022678375244,17.811545486212992,1.7854128011229733,0.0,0,5,0.7419105172157288,17.85369447830681,4.943638765649915,0.0,0,16,0.8362410664558411,7.6711826331004636,-1.3222698743763532,0.0,2,8,0.7613469362258911,8.528962744990702,-0.8946272789160897,0.0,2,11,0.908750057220459,13.076107351597146,1.992351329690453,0.0,0,13,0.8756028413772583,12.750274089966263,9.081462200549922,0.0,1,12,0.8603416681289673,12.193143391136807,5.808983832841615,0.0,0,14,0.8334861993789673,17.755942575995594,7.718202508473151,0.0,1,4,0.8371349573135376,18.316622675069887,-1.1243271232406316,0.0,1,10,0.582316517829895,22.172039793348947,1.8548159291809385,0.0,0,17,0.5961655378341675,12.863469327816265,-1.0638616056020334,0.0,2,15,0.83680260181427,22.422890993516535,4.818327985604095,0.0,0,20,0.7092531323432922,24.283984836583507,3.6437984686441895,0.0,0,22,0.6615995764732361,22.302205488623656,7.769127599738312,0.0,1,23,0.782622754573822,19.350747321567578,-1.2617783185521516,0.0,2,25,0.43781644105911255,25.992758026975107,6.045454509757985,0.0,1,24,0.692738950252533,22.844134305919535,-1.090112976808799,0.0,1,18,0.6037772297859192,26.35495390841644,0.9059354004309926,0.0,1,29,0.575937032699585,26.89818607281673,3.810524098934088,0.0,1,28,0.6873103380203247,8.69073240706727,8.728782217799093,0.0,1,31,0.8911628127098083,7.05843720208673,-0.9926920339593118,0.0,1,32,0.6619065403938293,2.1586416682730856,-4.477196296060983,0.0,0,33,0.9564133286476135
1777470434,822594096,map,3.6564185011024044,2.007072879687895,0.0,0,40,0.9717171788215637,3.435069645962197,-1.2662577065370577,0.0,1,1,0.6897267699241638,8.250601591160999,5.787036050709239,0.0,0,2,0.8913285136222839,7.976743078638247,1.9330495685850932,0.0,0,3,0.9109774231910706,17.808784188243838,1.7872136461819252,0.0,0,5,0.7459947466850281,17.853146175770235,4.943402430318906,0.0,0,16,0.8368139863014221,7.6711826331004636,-1.3222698743763532,0.0,2,8,0.7601893544197083,8.527744983605091,-0.8957329746556021,0.0,2,11,0.909947395324707,13.073658900513466,1.9916825503769973,0.0,0,13,0.8763328790664673,12.749144606906842,9.081467937845758,0.0,1,12,0.8608771562576294,12.194909556699086,5.809425980756544,0.0,0,14,0.8358293771743774,17.755005447525996,7.718099774859309,0.0,1,4,0.8375260829925537,18.316622675069887,-1.1243271232406316,0.0,1,10,0.5816391110420227,22.172039793348947,1.8548159291809385,0.0,0,17,0.5954555869102478,12.859244760728474,-1.066142114905064,0.0,2,15,0.8394433856010437,22.422890993516535,4.818327985604095,0.0,0,20,0.7082484364509583,24.283984836583507,3.6437984686441895,0.0,0,22,0.6607252955436707,22.302205488623656,7.769127599738312,0.0,1,23,0.781399667263031,19.350747321567578,-1.2617783185521516,0.0,2,25,0.4374333918094635,25.992758026975107,6.045454509757985,0.0,1,24,0.6917805075645447,22.844134305919535,-1.090112976808799,0.0,1,18,0.6030490398406982,26.35495390841644,0.9059354004309926,0.0,1,29,0.5752744078636169,26.89818607281673,3.810524098934088,0.0,1,28,0.686366856098175,8.689214532217623,8.728193439375357,0.0,1,31,0.8915673494338989,7.05843720208673,-0.9926920339593118,0.0,1,32,0.6610314249992371,2.1657694907929743,-4.477788175381061,0.0,0,33,0.9564833045005798
1777470434,922286535,map,3.6321732267707687,1.9987620633988161,0.0,0,40,0.9707594513893127,3.435069645962197,-1.2662577065370577,0.0,1,1,0.6878290772438049,8.250601591160999,5.787036050709239,0.0,0,2,0.8881619572639465,7.970863507224726,1.9304757656849394,0.0,0,3,0.9135603308677673,17.806183402502217,1.7925991802790873,0.0,0,5,0.7535998821258545,17.853459492719523,4.943498904176446,0.0,0,16,0.837892472743988,7.6711826331004636,-1.3222698743763532,0.0,2,8,0.7578848600387573,8.52704721497267,-0.8940879879497743,0.0,2,11,0.9120985269546509,13.070281373247477,1.9920476305259753,0.0,0,13,0.8776842355728149,12.748786238610053,9.08289873660023,0.0,1,12,0.8618630170822144,12.201371673397936,5.812592048650971,0.0,0,14,0.8401164412498474,17.7546494537899,7.718427099947327,0.0,1,4,0.8382576107978821,18.316622675069887,-1.1243271232406316,0.0,1,10,0.5802890062332153,22.172039793348947,1.8548159291809385,0.0,0,17,0.5940406918525696,12.853723662542668,-1.0673773895469276,0.0,2,15,0.8442859649658203,22.422890993516535,4.818327985604095,0.0,0,20,0.7062476873397827,24.283984836583507,3.6437984686441895,0.0,0,22,0.6589837074279785,22.302205488623656,7.769127599738312,0.0,1,23,0.7789649367332458,19.350747321567578,-1.2617783185521516,0.0,2,25,0.43666934967041016,25.992758026975107,6.045454509757985,0.0,1,24,0.6898715496063232,22.844134305919535,-1.090112976808799,0.0,1,18,0.6015978455543518,26.35495390841644,0.9059354004309926,0.0,1,29,0.5739536881446838,26.89818607281673,3.810524098934088,0.0,1,28,0.6844876408576965,8.688545425825694,8.729384388073644,0.0,1,31,0.8922798037528992,7.05843720208673,-0.9926920339593118,0.0,1,32,0.6592881679534912,2.1821149721998445,-4.471776733480918,0.0,0,33,0.9566851258277893
1777470435,22383198,map,3.6189674694582186,1.993895543163276,0.0,0,40,0.9703717827796936,3.435069645962197,-1.2662577065370577,0.0,1,1,0.6868841648101807,8.250601591160999,5.787036050709239,0.0,0,2,0.8865870833396912,7.968367319989929,1.9292049928544281,0.0,0,3,0.9147192239761353,17.80504097025737,1.7950840914232937,0.0,0,5,0.7571688294410706,17.853716948950016,4.943668602917262,0.0,0,16,0.838408350944519,7.6711826331004636,-1.3222698743763532,0.0,2,8,0.7567378282546997,8.526681835095564,-0.8935342887522917,0.0,2,11,0.9130754470825195,13.068720648334109,1.9922744538216304,0.0,0,13,0.8783202171325684,12.748691077047448,9.083662764576625,0.0,1,12,0.8623314499855042,12.204696624254225,5.8142412051746835,0.0,0,14,0.842108428478241,17.75454977714897,7.718702256079177,0.0,1,4,0.8386083245277405,18.316622675069887,-1.1243271232406316,0.0,1,10,0.5796163082122803,22.172039793348947,1.8548159291809385,0.0,0,17,0.593335747718811,12.851347372946567,-1.0681827068327148,0.0,2,15,0.8465232253074646,22.422890993516535,4.818327985604095,0.0,0,20,0.7052515149116516,24.283984836583507,3.6437984686441895,0.0,0,22,0.658116340637207,22.302205488623656,7.769127599738312,0.0,1,23,0.7777532339096069,19.350747321567578,-1.2617783185521516,0.0,2,25,0.43628832697868347,25.992758026975107,6.045454509757985,0.0,1,24,0.6889210343360901,22.844134305919535,-1.090112976808799,0.0,1,18,0.6008749008178711,26.35495390841644,0.9059354004309926,0.0,1,29,0.5732955932617188,26.89818607281673,3.810524098934088,0.0,1,28,0.6835518479347229,8.688278588360125,8.729946642094033,0.0,1,31,0.8926151394844055,7.05843720208673,-0.9926920339593118,0.0,1,32,0.6584200263023376,2.190178812795358,-4.470037320756215,0.0,0,33,0.9567541480064392
1777470435,122570841,map,3.5913506164089326,1.9822782581274103,0.0,0,40,0.9697521328926086,3.435069645962197,-1.2662577065370577,0.0,1,1,0.6850021481513977,8.250601591160999,5.787036050709239,0.0,0,2,0.8834540247917175,7.963992757791323,1.9257711799011166,0.0,0,3,0.9168128371238708,17.803110805819404,1.799341066568805,0.0,0,5,0.7638797163963318,17.854406924054615,4.943901661393446,0.0,0,16,0.8393970727920532,7.6711826331004636,-1.3222698743763532,0.0,2,8,0.7544540762901306,8.525646853891603,-0.8936680200001029,0.0,2,11,0.9148581624031067,13.065758370013745,1.9922604193669287,0.0,0,13,0.8795208930969238,12.748645735562409,9.084796910017117,0.0,1,12,0.8632264733314514,12.211179293697539,5.816883531806246,0.0,0,14,0.8458303809165955,17.754482778579415,7.719145835354482,0.0,1,4,0.8392828702926636,18.316622675069887,-1.1243271232406316,0.0,1,10,0.5782756209373474,22.172039793348947,1.8548159291809385,0.0,0,17,0.5919308662414551,12.847141921194813,-1.0701368600385688,0.0,2,15,0.8506704568862915,22.422890993516535,4.818327985604095,0.0,0,20,0.7032675743103027,24.283984836583507,3.6437984686441895,0.0,0,22,0.6563884019851685,22.302205488623656,7.769127599738312,0.0,1,23,0.7753411531448364,19.350747321567578,-1.2617783185521516,0.0,2,25,0.4355282485485077,25.992758026975107,6.045454509757985,0.0,1,24,0.6870278120040894,22.844134305919535,-1.090112976808799,0.0,1,18,0.5994341373443604,26.35495390841644,0.9059354004309926,0.0,1,29,0.5719839334487915,26.89818607281673,3.810524098934088,0.0,1,28,0.6816879510879517,8.687816744607892,8.730463017234207,0.0,1,31,0.89325350522995,7.05843720208673,-0.9926920339593118,0.0,1,32,0.6566904783248901,2.2055695952862484,-4.4675840924604895,0.0,0,33,0.9568606615066528
1777470435,222427217,map,3.578890174373456,1.9695693625597022,0.0,0,40,0.969528079032898,3.435069645962197,-1.2662577065370577,0.0,1,1,0.6840649247169495,8.250601591160999,5.787036050709239,0.0,0,2,0.8818958401679993,7.962619405555564,1.9208892615736932,0.0,0,3,0.9177605509757996,17.80263579753541,1.8010179043640275,0.0,0,5,0.7670300602912903,17.854794780778953,4.943683495466096,0.0,0,16,0.8398724794387817,7.6711826331004636,-1.3222698743763532,0.0,2,8,0.7533174157142639,8.526194171433922,-0.896697098971847,0.0,2,11,0.9156455993652344,13.064657184458364,1.9910357097647913,0.0,0,13,0.8800851702690125,12.748267213454223,9.084347266044176,0.0,1,12,0.8636664152145386,12.214091082543767,5.816628242292815,0.0,0,14,0.84758460521698,17.754267883233936,7.719044794439209,0.0,1,4,0.8396118879318237,18.316622675069887,-1.1243271232406316,0.0,1,10,0.5776075720787048,22.172039793348947,1.8548159291809385,0.0,0,17,0.5912309288978577,12.846140298083844,-1.0722081259913738,0.0,2,15,0.8525755405426025,22.422890993516535,4.818327985604095,0.0,0,20,0.702279806137085,24.283984836583507,3.6437984686441895,0.0,0,22,0.6555278301239014,22.302205488623656,7.769127599738312,0.0,1,23,0.7741407155990601,19.350747321567578,-1.2617783185521516,0.0,2,25,0.435149222612381,25.992758026975107,6.045454509757985,0.0,1,24,0.6860851049423218,22.844134305919535,-1.090112976808799,0.0,1,18,0.5987163782119751,26.35495390841644,0.9059354004309926,0.0,1,29,0.5713303685188293,26.89818607281673,3.810524098934088,0.0,1,28,0.680759847164154,8.68711874526842,8.728921844787177,0.0,1,31,0.8935791254043579,7.05843720208673,-0.9926920339593118,0.0,1,32,0.655829131603241,2.2148382113657465,-4.471019055419157,0.0,0,33,0.9568240642547607
1777470435,322509976,map,3.556355423833581,1.9442023930723358,0.0,0,40,0.969150185585022,3.435069645962197,-1.2662577065370577,0.0,1,1,0.6821982860565186,8.250601591160999,5.787036050709239,0.0,0,2,0.8787958025932312,7.96049351317742,1.9103672720021865,0.0,0,3,0.9194762706756592,17.80263579753541,1.8010179043640275,0.0,0,5,0.7646839022636414,17.855662383229163,4.942735908111265,0.0,0,16,0.8407865166664124,7.6711826331004636,-1.3222698743763532,0.0,2,8,0.7510542869567871,8.527758597187269,-0.903956357115031,0.0,2,11,0.9170715808868408,13.06263185740809,1.9876069512231207,0.0,0,13,0.8811520338058472,12.747486426240986,9.082713571561946,0.0,1,12,0.8645129799842834,12.219974147666827,5.815186822149029,0.0,0,14,0.850869357585907,17.753889516624245,7.71834900650939,0.0,1,4,0.8402480483055115,18.316622675069887,-1.1243271232406316,0.0,1,10,0.5762761235237122,22.172039793348947,1.8548159291809385,0.0,0,17,0.589836061000824,12.844382072580933,-1.0767187757799137,0.0,2,15,0.8561191558837891,22.422890993516535,4.818327985604095,0.0,0,20,0.7003125548362732,24.283984836583507,3.6437984686441895,0.0,0,22,0.6538134813308716,22.302205488623656,7.769127599738312,0.0,1,23,0.7717509269714355,19.350747321567578,-1.2617783185521516,0.0,2,25,0.43439310789108276,25.992758026975107,6.045454509757985,0.0,1,24,0.6842073798179626,22.844134305919535,-1.090112976808799,0.0,1,18,0.5972859263420105,26.35495390841644,0.9059354004309926,0.0,1,29,0.5700276494026184,26.89818607281673,3.810524098934088,0.0,1,28,0.6789111495018005,8.685750442637026,8.725077405751342,0.0,1,31,0.894202709197998,7.05843720208673,-0.9926920339593118,0.0,1,32,0.654113233089447,2.232456543346155,-4.478481385791237,0.0,0,33,0.9567430019378662
1777470435,422590256,map,3.546876228580904,1.9288249319663957,0.0,0,40,0.9690006375312805,3.435069645962197,-1.2662577065370577,0.0,1,1,0.6812687516212463,8.250601591160999,5.787036050709239,0.0,0,2,0.8772539496421814,7.9601546902606986,1.9038264384226677,0.0,0,3,0.9202486872673035,17.80263579753541,1.8010179043640275,0.0,0,5,0.7635162472724915,17.856187664633868,4.941975024299635,0.0,0,16,0.8412253856658936,7.6711826331004636,-1.3222698743763532,0.0,2,8,0.749927818775177,8.5296116762978,-0.908773337946762,0.0,2,11,0.9177005290985107,13.062008036716742,1.985267157218985,0.0,0,13,0.8816518187522888,12.746971450721157,9.081353180013334,0.0,1,12,0.8649231791496277,12.222779213098583,5.813685553683695,0.0,0,14,0.8524131774902344,17.753648031421122,7.717730797989662,0.0,1,4,0.8405567407608032,18.316622675069887,-1.1243271232406316,0.0,1,10,0.5756127238273621,22.172039793348947,1.8548159291809385,0.0,0,17,0.5891410112380981,12.844276270803176,-1.0798001514242344,0.0,2,15,0.8577542901039124,22.422890993516535,4.818327985604095,0.0,0,20,0.6993330121040344,24.283984836583507,3.6437984686441895,0.0,0,22,0.6529596447944641,22.302205488623656,7.769127599738312,0.0,1,23,0.7705615758895874,19.350747321567578,-1.2617783185521516,0.0,2,25,0.43401604890823364,25.992758026975107,6.045454509757985,0.0,1,24,0.6832723617553711,22.844134305919535,-1.090112976808799,0.0,1,18,0.5965732932090759,26.35495390841644,0.9059354004309926,0.0,1,29,0.5693785548210144,26.89818607281673,3.810524098934088,0.0,1,28,0.6779905557632446,8.684890468066547,8.722271644552109,0.0,1,31,0.894508957862854,7.05843720208673,-0.9926920339593118,0.0,1,32,0.6532586216926575,2.242209991034285,-4.485155324775277,0.0,0,33,0.9566485285758972
1777470435,522736413,map,3.530685592612659,1.9000791327377793,0.0,0,40,0.9687325358390808,3.435069645962197,-1.2662577065370577,0.0,1,1,0.6794173121452332,8.250601591160999,5.787036050709239,0.0,0,2,0.8741863965988159,7.960163095274743,1.891304503982386,0.0,0,3,0.9216429591178894,17.80263579753541,1.8010179043640275,0.0,0,5,0.7611914873123169,17.85714906996158,4.940394984455933,0.0,0,16,0.8420701622962952,7.6711826331004636,-1.3222698743763532,0.0,2,8,0.7476849555969238,8.53423080763132,-0.9177931248844557,0.0,2,11,0.9188342690467834,13.061043069334424,1.9806028815344725,0.0,0,13,0.8825932741165161,12.745812159007217,9.078612086307798,0.0,1,12,0.8657088279724121,12.227774812639518,5.810725831505822,0.0,0,14,0.8553140163421631,17.753048209179084,7.716438007754574,0.0,1,4,0.8411537408828735,18.316622675069887,-1.1243271232406316,0.0,1,10,0.5742904543876648,22.172039793348947,1.8548159291809385,0.0,0,17,0.5877559781074524,12.84375612667811,-1.0858760951769129,0.0,2,15,0.860812246799469,22.422890993516535,4.818327985604095,0.0,0,20,0.6973822116851807,24.283984836583507,3.6437984686441895,0.0,0,22,0.651258647441864,22.302205488623656,7.769127599738312,0.0,1,23,0.768193781375885,19.350747321567578,-1.2617783185521516,0.0,2,25,0.4332638680934906,25.992758026975107,6.045454509757985,0.0,1,24,0.681410014629364,22.844134305919535,-1.090112976808799,0.0,1,18,0.5951530933380127,26.35495390841644,0.9059354004309926,0.0,1,29,0.568084716796875,26.89818607281673,3.810524098934088,0.0,1,28,0.6761568188667297,8.68294450021058,8.716706714810307,0.0,1,31,0.8950910568237305,7.05843720208673,-0.9926920339593118,0.0,1,32,0.6515560746192932,2.2601859667380566,-4.498249480857406,0.0,0,33,0.9564778208732605
1777470435,624922131,map,3.5226200815019566,1.8883917255671587,0.0,0,40,0.9686170816421509,3.435069645962197,-1.2662577065370577,0.0,1,1,0.6784953474998474,8.250601591160999,5.787036050709239,0.0,0,2,0.8726606369018555,7.959832674236394,1.8860652420668562,0.0,0,3,0.9222800731658936,17.80263579753541,1.8010179043640275,0.0,0,5,0.760034441947937,17.857621384865432,4.939647049539889,0.0,0,16,0.8424760103225708,7.6711826331004636,-1.3222698743763532,0.0,2,8,0.7465685606002808,8.535857833147732,-0.9214837224844661,0.0,2,11,0.9193644523620605,13.060328689047532,1.9785517507228012,0.0,0,13,0.883041501045227,12.745334136828827,9.07749791672602,0.0,1,12,0.8660807013511658,12.230196691838586,5.809640769955955,0.0,0,14,0.8566708564758301,17.75284667629665,7.715832159205481,0.0,1,4,0.8414400219917297,18.316622675069887,-1.1243271232406316,0.0,1,10,0.5736315846443176,22.172039793348947,1.8548159291809385,0.0,0,17,0.5870658755302429,12.843359686548746,-1.0886067451130201,0.0,2,15,0.8622428178787231,22.422890993516535,4.818327985604095,0.0,0,20,0.6964108943939209,24.283984836583507,3.6437984686441895,0.0,0,22,0.6504114866256714,22.302205488623656,7.769127599738312,0.0,1,23,0.7670153379440308,19.350747321567578,-1.2617783185521516,0.0,2,25,0.43288877606391907,25.992758026975107,6.045454509757985,0.0,1,24,0.6804826855659485,22.844134305919535,-1.090112976808799,0.0,1,18,0.594445526599884,26.35495390841644,0.9059354004309926,0.0,1,29,0.5674400329589844,26.89818607281673,3.810524098934088,0.0,1,28,0.6752436757087708,8.682123318256094,8.714397573926425,0.0,1,31,0.8953601717948914,7.05843720208673,-0.9926920339593118,0.0,1,32,0.6507081389427185,2.2682141285746336,-4.503530966296367,0.0,0,33,0.956419050693512
1777470435,722259442,map,3.50577187084878,1.8704460403010283,0.0,0,40,0.9684227108955383,3.435069645962197,-1.2662577065370577,0.0,1,1,0.6766588687896729,8.250601591160999,5.787036050709239,0.0,0,2,0.8696250915527344,7.958270434221262,1.8777351344229858,0.0,0,3,0.9234508872032166,17.80263579753541,1.8010179043640275,0.0,0,5,0.7577308416366577,17.858533001744444,4.9383791215795405,0.0,0,16,0.8432556986808777,7.6711826331004636,-1.3222698743763532,0.0,2,8,0.7443457841873169,8.537739447832571,-0.9272437521718596,0.0,2,11,0.920360267162323,13.058295816343534,1.975132577448102,0.0,0,13,0.8838979601860046,12.744606168540447,9.075831293342546,0.0,1,12,0.8667840361595154,12.235024644283445,5.8084026952548715,0.0,0,14,0.8592093586921692,17.752562740955078,7.714828933775604,0.0,1,4,0.8419894576072693,18.316622675069887,-1.1243271232406316,0.0,1,10,0.5723183751106262,22.172039793348947,1.8548159291809385,0.0,0,17,0.5856904983520508,12.841844350233183,-1.0931789467396693,0.0,2,15,0.8649328947067261,22.422890993516535,4.818327985604095,0.0,0,20,0.694476306438446,24.283984836583507,3.6437984686441895,0.0,0,22,0.6487237215042114,22.302205488623656,7.769127599738312,0.0,1,23,0.7646692991256714,19.350747321567578,-1.2617783185521516,0.0,2,25,0.4321404993534088,25.992758026975107,6.045454509757985,0.0,1,24,0.6786354780197144,22.844134305919535,-1.090112976808799,0.0,1,18,0.5930353999137878,26.35495390841644,0.9059354004309926,0.0,1,29,0.566154956817627,26.89818607281673,3.810524098934088,0.0,1,28,0.6734247803688049,8.680694426556176,8.71083420286261,0.0,1,31,0.8958566784858704,7.05843720208673,-0.9926920339593118,0.0,1,32,0.6490188241004944,2.281738631412872,-4.510975872371226,0.0,0,33,0.9563645124435425
1777470435,822668555,map,3.4952837693125574,1.8707738388760813,0.0,0,40,0.9683169722557068,3.435069645962197,-1.2662577065370577,0.0,1,1,0.6757444143295288,8.250601591160999,5.787036050709239,0.0,0,2,0.868115246295929,7.956016340745977,1.8773664607895448,0.0,0,3,0.9239956736564636,17.80263579753541,1.8010179043640275,0.0,0,5,0.7565842270851135,17.85885344032338,4.938127176118117,0.0,0,16,0.8436307907104492,7.6711826331004636,-1.3222698743763532,0.0,2,8,0.7432392835617065,8.536462475772476,-0.9268236811755264,0.0,2,11,0.9208590984344482,13.056342264979556,1.9747838258591728,0.0,0,13,0.8843146562576294,12.744701878937743,9.076151425368808,0.0,1,12,0.867104709148407,12.237270335147231,5.809471476228231,0.0,0,14,0.8603899478912354,17.752627551824972,7.714693412882102,0.0,1,4,0.8422497510910034,18.316622675069887,-1.1243271232406316,0.0,1,10,0.571664035320282,22.172039793348947,1.8548159291809385,0.0,0,17,0.5850052237510681,12.83959022615083,-1.0938020560041917,0.0,2,15,0.8662205338478088,22.422890993516535,4.818327985604095,0.0,0,20,0.6935130953788757,24.283984836583507,3.6437984686441895,0.0,0,22,0.6478831171989441,22.302205488623656,7.769127599738312,0.0,1,23,0.7635016441345215,19.350747321567578,-1.2617783185521516,0.0,2,25,0.4317673146724701,25.992758026975107,6.045454509757985,0.0,1,24,0.6777155995368958,22.844134305919535,-1.090112976808799,0.0,1,18,0.5923328399658203,26.35495390841644,0.9059354004309926,0.0,1,29,0.5655146241188049,26.89818607281673,3.810524098934088,0.0,1,28,0.6725190281867981,8.680448937607606,8.71120788893257,0.0,1,31,0.8960639238357544,7.05843720208673,-0.9926920339593118,0.0,1,32,0.648177444934845,2.284332256879,-4.507688838334965,0.0,0,33,0.9564667344093323
1777470435,922490581,map,3.4840505849350762,1.8759992421476315,0.0,0,40,0.9663313627243042,3.435069645962197,-1.2662577065370577,0.0,1,1,0.6739227771759033,8.250601591160999,5.787036050709239,0.0,0,2,0.8651111721992493,7.949959948501917,1.8815468764343066,0.0,0,3,0.924999475479126,17.80263579753541,1.8010179043640275,0.0,0,5,0.7543014883995056,17.859347238637636,4.938329634339707,0.0,0,16,0.8443514108657837,7.6711826331004636,-1.3222698743763532,0.0,2,8,0.7410362362861633,8.529648617797571,-0.9216963568437079,0.0,2,11,0.9218528270721436,13.051281207789035,1.9761384938932007,0.0,0,13,0.8851173520088196,12.74537740992578,9.078494400949484,0.0,1,12,0.86769700050354,12.24154016233675,5.813934443020035,0.0,0,14,0.8625932335853577,17.7530384877867,7.715085741304284,0.0,1,4,0.8427444696426392,18.316622675069887,-1.1243271232406316,0.0,1,10,0.5703598260879517,22.172039793348947,1.8548159291809385,0.0,0,17,0.5836395025253296,12.83382004399444,-1.0934437532890477,0.0,2,15,0.8686590194702148,22.422890993516535,4.818327985604095,0.0,0,20,0.6915945410728455,24.283984836583507,3.6437984686441895,0.0,0,22,0.6462084650993347,22.302205488623656,7.769127599738312,0.0,1,23,0.7611770033836365,19.350747321567578,-1.2617783185521516,0.0,2,25,0.43102291226387024,25.992758026975107,6.045454509757985,0.0,1,24,0.675883412361145,22.844134305919535,-1.090112976808799,0.0,1,18,0.5909327268600464,26.35495390841644,0.9059354004309926,0.0,1,29,0.5642383098602295,26.89818607281673,3.810524098934088,0.0,1,28,0.6707147359848022,8.680580364002742,8.71476991033116,0.0,1,31,0.8964188098907471,7.05843720208673,-0.9926920339593118,0.0,1,32,0.6465013027191162,2.2850328692958,-4.500644026638848,0.0,0,33,0.9548013806343079
1777470436,22734035,map,3.4840505849350762,1.8759992421476315,0.0,0,40,0.9644674062728882,3.435069645962197,-1.2662577065370577,0.0,1,1,0.6730156540870667,8.250601591160999,5.787036050709239,0.0,0,2,0.863616943359375,7.94717500767398,1.8854441871009522,0.0,0,3,0.9254480004310608,17.80263579753541,1.8010179043640275,0.0,0,5,0.7531652450561523,17.85959007573076,4.938602271351195,0.0,0,16,0.8446971774101257,7.6711826331004636,-1.3222698743763532,0.0,2,8,0.7399395704269409,8.526401029538881,-0.9176501725665431,0.0,2,11,0.9223105311393738,13.048866064472076,1.9774868710480127,0.0,0,13,0.8854947090148926,12.745706621443146,9.080248699283747,0.0,1,12,0.867974579334259,12.243701543520364,5.816957193118397,0.0,0,14,0.8636212944984436,17.753241473599566,7.71544292803789,0.0,1,4,0.8429819941520691,18.316622675069887,-1.1243271232406316,0.0,1,10,0.5697099566459656,22.172039793348947,1.8548159291809385,0.0,0,17,0.5829590559005737,12.831076978913908,-1.0933249842059733,0.0,2,15,0.8697999715805054,22.422890993516535,4.818327985604095,0.0,0,20,0.6906392574310303,24.283984836583507,3.6437984686441895,0.0,0,22,0.6453743577003479,22.302205488623656,7.769127599738312,0.0,1,23,0.7600200176239014,19.350747321567578,-1.2617783185521516,0.0,2,25,0.4306516647338867,25.992758026975107,6.045454509757985,0.0,1,24,0.6749709844589233,22.844134305919535,-1.090112976808799,0.0,1,18,0.59023517370224,26.35495390841644,0.9059354004309926,0.0,1,29,0.5636022686958313,26.89818607281673,3.810524098934088,0.0,1,28,0.669816255569458,8.680580364002742,8.71476991033116,0.0,1,31,0.8948145508766174,7.05843720208673,-0.9926920339593118,0.0,1,32,0.6456664204597473,2.2453240825028002,-4.525609990220293,0.0,0,33,0.9548585414886475
1777470436,122270057,map,3.4636889368028467,1.873486563413451,0.0,0,40,0.9651245474815369,3.435069645962197,-1.2662577065370577,0.0,1,1,0.6712087392807007,8.250601591160999,5.787036050709239,0.0,0,2,0.8606438636779785,7.944393784955319,1.8843488020517605,0.0,0,3,0.9262610077857971,17.80263579753541,1.8010179043640275,0.0,0,5,0.7509030103683472,17.86046768202577,4.9383277565726615,0.0,0,16,0.8453598618507385,7.6711826331004636,-1.3222698743763532,0.0,2,8,0.7377560138702393,8.524135205443285,-0.9178690360547671,0.0,2,11,0.9230740070343018,13.045836530220578,1.9770668323560996,0.0,0,13,0.8861912488937378,12.745478602944374,9.081137885905893,0.0,1,12,0.8685370087623596,12.24805676003902,5.819111736838044,0.0,0,14,0.8655824065208435,17.753331340151618,7.715362072496487,0.0,1,4,0.8434481620788574,18.316622675069887,-1.1243271232406316,0.0,1,10,0.5684146285057068,22.172039793348947,1.8548159291809385,0.0,0,17,0.5816028118133545,12.828703560142436,-1.096169251896381,0.0,2,15,0.8718850612640381,22.422890993516535,4.818327985604095,0.0,0,20,0.688736617565155,24.283984836583507,3.6437984686441895,0.0,0,22,0.6437126398086548,22.302205488623656,7.769127599738312,0.0,1,23,0.7577164769172668,19.350747321567578,-1.2617783185521516,0.0,2,25,0.4299111068248749,25.992758026975107,6.045454509757985,0.0,1,24,0.6731535196304321,22.844134305919535,-1.090112976808799,0.0,1,18,0.588844895362854,26.35495390841644,0.9059354004309926,0.0,1,29,0.5623345375061035,26.89818607281673,3.810524098934088,0.0,1,28,0.6680263876914978,8.679660468719176,8.715452483950225,0.0,1,31,0.8953018188476562,7.05843720208673,-0.9926920339593118,0.0,1,32,0.6440032124519348,2.2453240825028002,-4.525609990220293,0.0,0,33,0.9512253999710083
1777470436,222722951,map,3.4557741083607216,1.8644768159489151,0.0,0,40,0.9654391407966614,3.435069645962197,-1.2662577065370577,0.0,1,1,0.6703088879585266,8.250601591160999,5.787036050709239,0.0,0,2,0.8591650128364563,7.943792091405019,1.8806927787589582,0.0,0,3,0.9266325831413269,17.80263579753541,1.8010179043640275,0.0,0,5,0.7497770190238953,17.861021701086763,4.937823417305558,0.0,0,16,0.8456782102584839,7.6711826331004636,-1.3222698743763532,0.0,2,8,0.7366690635681152,8.524139751750626,-0.9208057843134009,0.0,2,11,0.923401951789856,13.044819269724773,1.9755320051496053,0.0,0,13,0.8865171074867249,12.74517134550311,9.08044051895017,0.0,1,12,0.8688174486160278,12.250210881424055,5.818567511855977,0.0,0,14,0.866516649723053,17.75332304309599,7.714959609400351,0.0,1,4,0.8436754941940308,18.316622675069887,-1.1243271232406316,0.0,1,10,0.5677691698074341,22.172039793348947,1.8548159291809385,0.0,0,17,0.5809270739555359,12.828044104657392,-1.0979349132386804,0.0,2,15,0.8728542327880859,22.422890993516535,4.818327985604095,0.0,0,20,0.6877892017364502,24.283984836583507,3.6437984686441895,0.0,0,22,0.6428849697113037,22.302205488623656,7.769127599738312,0.0,1,23,0.7565699815750122,19.350747321567578,-1.2617783185521516,0.0,2,25,0.42954176664352417,25.992758026975107,6.045454509757985,0.0,1,24,0.6722484827041626,22.844134305919535,-1.090112976808799,0.0,1,18,0.588152289390564,26.35495390841644,0.9059354004309926,0.0,1,29,0.5617028474807739,26.89818607281673,3.810524098934088,0.0,1,28,0.6671350598335266,8.678993257427015,8.713826667784769,0.0,1,31,0.8955549597740173,7.05843720208673,-0.9926920339593118,0.0,1,32,0.6431747674942017,2.2453240825028002,-4.525609990220293,0.0,0,33,0.9494191408157349
1777470436,322551323,map,3.441330729551306,1.8460727132879493,0.0,0,40,0.9659799933433533,3.435069645962197,-1.2662577065370577,0.0,1,1,0.6685164570808411,8.250601591160999,5.787036050709239,0.0,0,2,0.8562224507331848,7.94260317538368,1.8726540939530234,0.0,0,3,0.9273171424865723,17.80263579753541,1.8010179043640275,0.0,0,5,0.7475350499153137,17.862051260494468,4.93650142529679,0.0,0,16,0.8462927937507629,7.6711826331004636,-1.3222698743763532,0.0,2,8,0.7345046997070312,8.524559339459012,-0.926610309122135,0.0,2,11,0.9239982962608337,13.042811324349593,1.9718337311329355,0.0,0,13,0.8871361613273621,12.744369284030409,9.078459852558005,0.0,1,12,0.8693609237670898,12.254181350733807,5.816739469079672,0.0,0,14,0.8682863712310791,17.753191984182223,7.7138396398391045,0.0,1,4,0.8441170454025269,18.316622675069887,-1.1243271232406316,0.0,1,10,0.5664826035499573,22.172039793348947,1.8548159291809385,0.0,0,17,0.5795803070068359,12.826977849584127,-1.1018600626484454,0.0,2,15,0.8746705055236816,22.422890993516535,4.818327985604095,0.0,0,20,0.6859021782875061,24.283984836583507,3.6437984686441895,0.0,0,22,0.6412360072135925,22.302205488623656,7.769127599738312,0.0,1,23,0.7542872428894043,19.350747321567578,-1.2617783185521516,0.0,2,25,0.42880502343177795,25.992758026975107,6.045454509757985,0.0,1,24,0.6704456806182861,22.844134305919535,-1.090112976808799,0.0,1,18,0.5867717862129211,26.35495390841644,0.9059354004309926,0.0,1,29,0.5604435801506042,26.89818607281673,3.810524098934088,0.0,1,28,0.6653595566749573,8.6773860831419,8.709918894894827,0.0,1,31,0.8960442543029785,7.05843720208673,-0.9926920339593118,0.0,1,32,0.6415243148803711,2.2453240825028002,-4.525609990220293,0.0,0,33,0.9458271861076355
1777470436,422627725,map,3.4354574145178756,1.8354106903951473,0.0,0,40,0.9662119746208191,3.435069645962197,-1.2662577065370577,0.0,1,1,0.6676238179206848,8.250601591160999,5.787036050709239,0.0,0,2,0.8547587394714355,7.942379827463828,1.8679766587622102,0.0,0,3,0.9276277422904968,17.80263579753541,1.8010179043640275,0.0,0,5,0.7464191317558289,17.862618755753022,4.935703749715129,0.0,0,16,0.8465880155563354,7.6711826331004636,-1.3222698743763532,0.0,2,8,0.7334272861480713,8.52523500993558,-0.9298008509785675,0.0,2,11,0.9242640733718872,13.042040034043978,1.9696686720206498,0.0,0,13,0.887427031993866,12.743898296423462,9.077153698368933,0.0,1,12,0.8696243166923523,12.256122768700122,5.815430816460167,0.0,0,14,0.8691232204437256,17.753107530106114,7.713139205345017,0.0,1,4,0.8443309664726257,18.316622675069887,-1.1243271232406316,0.0,1,10,0.565841555595398,22.172039793348947,1.8548159291809385,0.0,0,17,0.5789092779159546,12.826840151230499,-1.104179445812054,0.0,2,15,0.8755165934562683,22.422890993516535,4.818327985604095,0.0,0,20,0.6849625110626221,24.283984836583507,3.6437984686441895,0.0,0,22,0.6404147148132324,22.302205488623656,7.769127599738312,0.0,1,23,0.7531510591506958,19.350747321567578,-1.2617783185521516,0.0,2,25,0.42843759059906006,25.992758026975107,6.045454509757985,0.0,1,24,0.6695478558540344,22.844134305919535,-1.090112976808799,0.0,1,18,0.5860840082168579,26.35495390841644,0.9059354004309926,0.0,1,29,0.5598161220550537,26.89818607281673,3.810524098934088,0.0,1,28,0.6644753217697144,8.67647034004794,8.707451628029023,0.0,1,31,0.8962826132774353,7.05843720208673,-0.9926920339593118,0.0,1,32,0.6407022476196289,2.2453240825028002,-4.525609990220293,0.0,0,33,0.9440414309501648
1777470436,522298632,map,3.422574780140132,1.8240052434424754,0.0,0,40,0.9665746688842773,3.435069645962197,-1.2662577065370577,0.0,1,1,0.6658456921577454,8.250601591160999,5.787036050709239,0.0,0,2,0.8518462181091309,7.940836626522853,1.8618993390042844,0.0,0,3,0.9282046556472778,17.80263579753541,1.8010179043640275,0.0,0,5,0.7441971898078918,17.863610825265404,4.934309370266225,0.0,0,16,0.8471572399139404,7.6711826331004636,-1.3222698743763532,0.0,2,8,0.7312819361686707,8.525012920357327,-0.9337202905321502,0.0,2,11,0.9247819781303406,13.039827637022809,1.9664823120890493,0.0,0,13,0.887986421585083,12.74335424213405,9.075522782003741,0.0,1,12,0.8701156973838806,12.259832361460132,5.814183946773578,0.0,0,14,0.8706939816474915,17.753113557495908,7.711937478589829,0.0,1,4,0.8447405695915222,18.316622675069887,-1.1243271232406316,0.0,1,10,0.5645637512207031,22.172039793348947,1.8548159291809385,0.0,0,17,0.5775718092918396,12.795560937416349,-1.1135536880252215,0.0,2,15,0.8752775192260742,22.422890993516535,4.818327985604095,0.0,0,20,0.6830909848213196,24.283984836583507,3.6437984686441895,0.0,0,22,0.6387783288955688,22.302205488623656,7.769127599738312,0.0,1,23,0.7508889436721802,19.350747321567578,-1.2617783185521516,0.0,2,25,0.4277046024799347,25.992758026975107,6.045454509757985,0.0,1,24,0.6677594780921936,22.844134305919535,-1.090112976808799,0.0,1,18,0.5847132802009583,26.35495390841644,0.9059354004309926,0.0,1,29,0.5585653185844421,26.89818607281673,3.810524098934088,0.0,1,28,0.662713885307312,8.675014610713584,8.704468341732849,0.0,1,31,0.8967104554176331,7.05843720208673,-0.9926920339593118,0.0,1,32,0.6390644907951355,2.2453240825028002,-4.525609990220293,0.0,0,33,0.9404899477958679
1777470436,624807217,map,3.4152964910313957,1.8242955553182598,0.0,0,40,0.9667049646377563,3.435069645962197,-1.2662577065370577,0.0,1,1,0.6649601459503174,8.250601591160999,5.787036050709239,0.0,0,2,0.8503974080085754,7.939341772043648,1.8610301726565721,0.0,0,3,0.9284734725952148,17.80263579753541,1.8010179043640275,0.0,0,5,0.7430911660194397,17.8640227666147,4.933845798483588,0.0,0,16,0.8474312424659729,7.6711826331004636,-1.3222698743763532,0.0,2,8,0.7302139401435852,8.523910411466076,-0.9339287267390006,0.0,2,11,0.9250391721725464,13.038214709875101,1.965688127345752,0.0,0,13,0.8882576823234558,12.743375008235986,9.075405611084184,0.0,1,12,0.870341420173645,12.26157041095258,5.8144995428538815,0.0,0,14,0.871429443359375,17.753247659486647,7.711561179709288,0.0,1,4,0.8449352979660034,18.316622675069887,-1.1243271232406316,0.0,1,10,0.5639269948005676,22.172039793348947,1.8548159291809385,0.0,0,17,0.5769054293632507,12.795560937416349,-1.1135536880252215,0.0,2,15,0.8737480044364929,22.422890993516535,4.818327985604095,0.0,0,20,0.6821590065956116,24.283984836583507,3.6437984686441895,0.0,0,22,0.6379632949829102,22.302205488623656,7.769127599738312,0.0,1,23,0.7497629523277283,19.350747321567578,-1.2617783185521516,0.0,2,25,0.4273390471935272,25.992758026975107,6.045454509757985,0.0,1,24,0.6668688654899597,22.844134305919535,-1.090112976808799,0.0,1,18,0.584030270576477,26.35495390841644,0.9059354004309926,0.0,1,29,0.5579420328140259,26.89818607281673,3.810524098934088,0.0,1,28,0.6618366837501526,8.674601069758346,8.704271592400959,0.0,1,31,0.8968961238861084,7.05843720208673,-0.9926920339593118,0.0,1,32,0.6382486820220947,2.2453240825028002,-4.525609990220293,0.0,0,33,0.9387242197990417
1777470436,722265471,map,3.399800001393704,1.8359911081971607,0.0,0,40,0.9668680429458618,3.435069645962197,-1.2662577065370577,0.0,1,1,0.6631961464881897,8.250601591160999,5.787036050709239,0.0,0,2,0.8475145101547241,7.935269131844562,1.863714574326111,0.0,0,3,0.9289692044258118,17.80263579753541,1.8010179043640275,0.0,0,5,0.7408890128135681,17.864828709418916,4.933374228091907,0.0,0,16,0.8479570746421814,7.6711826331004636,-1.3222698743763532,0.0,2,8,0.728087306022644,8.520260413869664,-0.9314797368751008,0.0,2,11,0.9255416393280029,13.03416860572334,1.9658404821273885,0.0,0,13,0.8887811303138733,12.744126889205265,9.076636820921244,0.0,1,12,0.87075275182724,12.265111670568317,5.817093668445895,0.0,0,14,0.8728023171424866,17.753889931452925,7.711238683360744,0.0,1,4,0.845304012298584,18.316622675069887,-1.1243271232406316,0.0,1,10,0.5626577734947205,22.172039793348947,1.8548159291809385,0.0,0,17,0.5755771994590759,12.795560937416349,-1.1135536880252215,0.0,2,15,0.8707048892974854,22.422890993516535,4.818327985604095,0.0,0,20,0.6803026795387268,24.283984836583507,3.6437984686441895,0.0,0,22,0.6363394856452942,22.302205488623656,7.769127599738312,0.0,1,23,0.7475211024284363,19.350747321567578,-1.2617783185521516,0.0,2,25,0.4266098141670227,25.992758026975107,6.045454509757985,0.0,1,24,0.6650947332382202,22.844134305919535,-1.090112976808799,0.0,1,18,0.5826690793037415,26.35495390841644,0.9059354004309926,0.0,1,29,0.5566996335983276,26.89818607281673,3.810524098934088,0.0,1,28,0.6600891947746277,8.674519923907198,8.706570016888623,0.0,1,31,0.8972111940383911,7.05843720208673,-0.9926920339593118,0.0,1,32,0.6366233825683594,2.2453240825028002,-4.525609990220293,0.0,0,33,0.9352126121520996
1777470436,822629466,map,3.39311693954475,1.8407715153437496,0.0,0,40,0.9669355750083923,3.435069645962197,-1.2662577065370577,0.0,1,1,0.66231769323349,8.250601591160999,5.787036050709239,0.0,0,2,0.8460803627967834,7.933540720947911,1.864913682532421,0.0,0,3,0.9291933178901672,17.80263579753541,1.8010179043640275,0.0,0,5,0.7397927641868591,17.865239154383566,4.933200182364064,0.0,0,16,0.8482096791267395,7.6711826331004636,-1.3222698743763532,0.0,2,8,0.7270286083221436,8.518860880835513,-0.9309483757459052,0.0,2,11,0.9257663488388062,13.032288629467963,1.9659672366055996,0.0,0,13,0.8890277147293091,12.744374347571167,9.077271903463888,0.0,1,12,0.87095046043396,12.266935902757824,5.818388532206479,0.0,0,14,0.8734488487243652,17.754268677624292,7.711102143597118,0.0,1,4,0.8454808592796326,18.316622675069887,-1.1243271232406316,0.0,1,10,0.5620253682136536,22.172039793348947,1.8548159291809385,0.0,0,17,0.57491534948349,12.795560937416349,-1.1135536880252215,0.0,2,15,0.8691912293434143,22.422890993516535,4.818327985604095,0.0,0,20,0.67937833070755,24.283984836583507,3.6437984686441895,0.0,0,22,0.6355306506156921,22.302205488623656,7.769127599738312,0.0,1,23,0.7464051842689514,19.350747321567578,-1.2617783185521516,0.0,2,25,0.42624613642692566,25.992758026975107,6.045454509757985,0.0,1,24,0.6642112135887146,22.844134305919535,-1.090112976808799,0.0,1,18,0.5819908976554871,26.35495390841644,0.9059354004309926,0.0,1,29,0.5560804605484009,26.89818607281673,3.810524098934088,0.0,1,28,0.6592189073562622,8.674302653670004,8.70764577275258,0.0,1,31,0.8973623514175415,7.05843720208673,-0.9926920339593118,0.0,1,32,0.63581383228302,2.2453240825028002,-4.525609990220293,0.0,0,33,0.9334666132926941
1777470436,922302978,map,3.3787459817963295,1.8585312155079023,0.0,0,40,0.9670059680938721,3.435069645962197,-1.2662577065370577,0.0,1,1,0.6605676412582397,8.250601591160999,5.787036050709239,0.0,0,2,0.8432266116142273,7.9290880064620115,1.87078643658333,0.0,0,3,0.9296086430549622,17.80263579753541,1.8010179043640275,0.0,0,5,0.7376100420951843,17.86588164202433,4.933207677618506,0.0,0,16,0.848696768283844,7.6711826331004636,-1.3222698743763532,0.0,2,8,0.7249204516410828,8.514497612973653,-0.9272535273306447,0.0,2,11,0.9262107610702515,13.027851765934459,1.9676187073992062,0.0,0,13,0.8895033001899719,12.745137835431295,9.079701508405998,0.0,1,12,0.8713155388832092,12.270435865225428,5.822492046027689,0.0,0,14,0.8746607303619385,17.755143313687746,7.711071119012858,0.0,1,4,0.8458192944526672,18.316622675069887,-1.1243271232406316,0.0,1,10,0.5607646703720093,22.172039793348947,1.8548159291809385,0.0,0,17,0.5735962986946106,12.795560937416349,-1.1135536880252215,0.0,2,15,0.8661797642707825,22.422890993516535,4.818327985604095,0.0,0,20,0.6775371432304382,24.283984836583507,3.6437984686441895,0.0,0,22,0.6339191794395447,22.302205488623656,7.769127599738312,0.0,1,23,0.744183361530304,19.350747321567578,-1.2617783185521516,0.0,2,25,0.4255206286907196,25.992758026975107,6.045454509757985,0.0,1,24,0.6624512076377869,22.844134305919535,-1.090112976808799,0.0,1,18,0.5806391835212708,26.35495390841644,0.9059354004309926,0.0,1,29,0.5548463463783264,26.89818607281673,3.810524098934088,0.0,1,28,0.6574851870536804,8.674070466694458,8.711896541899609,0.0,1,31,0.8976233005523682,7.05843720208673,-0.9926920339593118,0.0,1,32,0.634200930595398,2.2453240825028002,-4.525609990220293,0.0,0,33,0.9299941658973694
1777470437,22520999,map,3.3719398719493157,1.867736160757985,0.0,0,40,0.9670295715332031,3.435069645962197,-1.2662577065370577,0.0,1,1,0.659696102142334,8.250601591160999,5.787036050709239,0.0,0,2,0.841806948184967,7.9268453312102585,1.8741016415559664,0.0,0,3,0.9297988414764404,17.80263579753541,1.8010179043640275,0.0,0,5,0.7365235090255737,17.866219457639314,4.933372010434057,0.0,0,16,0.848930299282074,7.6711826331004636,-1.3222698743763532,0.0,2,8,0.7238709926605225,8.512126109391295,-0.9248826072141257,0.0,2,11,0.9264206886291504,13.02556331601871,1.9686409288310247,0.0,0,13,0.8897299766540527,12.745652450854225,9.081125897149422,0.0,1,12,0.871486485004425,12.272201418598057,5.824791327105449,0.0,0,14,0.8752304911613464,17.75564263571074,7.711106932733625,0.0,1,4,0.8459813594818115,18.316622675069887,-1.1243271232406316,0.0,1,10,0.5601364970207214,22.172039793348947,1.8548159291809385,0.0,0,17,0.5729390382766724,12.795560937416349,-1.1135536880252215,0.0,2,15,0.8646818399429321,22.422890993516535,4.818327985604095,0.0,0,20,0.6766202449798584,24.283984836583507,3.6437984686441895,0.0,0,22,0.6331164836883545,22.302205488623656,7.769127599738312,0.0,1,23,0.7430773973464966,19.350747321567578,-1.2617783185521516,0.0,2,25,0.4251587986946106,25.992758026975107,6.045454509757985,0.0,1,24,0.66157466173172,22.844134305919535,-1.090112976808799,0.0,1,18,0.5799656510353088,26.35495390841644,0.9059354004309926,0.0,1,29,0.5542312860488892,26.89818607281673,3.810524098934088,0.0,1,28,0.6566217541694641,8.674087635681152,8.714260893622438,0.0,1,31,0.8977420926094055,7.05843720208673,-0.9926920339593118,0.0,1,32,0.6333975195884705,2.2453240825028002,-4.525609990220293,0.0,0,33,0.9282675981521606
1777470437,122441674,map,3.3601004847931923,1.8807685983377558,0.0,0,40,0.9670923948287964,3.1203564907311385,-1.0393623150397215,0.0,1,1,0.87037593126297,8.250601591160999,5.787036050709239,0.0,0,2,0.8389819264411926,7.922999845372923,1.8789738576668316,0.0,0,3,0.9301470518112183,17.80263579753541,1.8010179043640275,0.0,0,5,0.7343600392341614,17.866968111369513,4.9337544283485375,0.0,0,16,0.8493785262107849,7.6711826331004636,-1.3222698743763532,0.0,2,8,0.7217810750007629,8.506328883154765,-0.9223915568543443,0.0,2,11,0.9268233180046082,13.021322437352655,1.9700410166736775,0.0,0,13,0.8901581168174744,12.746535928613316,9.083489305707282,0.0,1,12,0.8718184232711792,12.275954861249131,5.8286702478022105,0.0,0,14,0.8763079643249512,17.75651603160232,7.711194926460839,0.0,1,4,0.8462953567504883,18.316622675069887,-1.1243271232406316,0.0,1,10,0.5588842630386353,22.172039793348947,1.8548159291809385,0.0,0,17,0.571628987789154,12.795560937416349,-1.1135536880252215,0.0,2,15,0.8617014288902283,22.422890993516535,4.818327985604095,0.0,0,20,0.6747939586639404,24.283984836583507,3.6437984686441895,0.0,0,22,0.6315171718597412,22.302205488623656,7.769127599738312,0.0,1,23,0.7408753037452698,19.350747321567578,-1.2617783185521516,0.0,2,25,0.4244369864463806,25.992758026975107,6.045454509757985,0.0,1,24,0.6598285436630249,22.844134305919535,-1.090112976808799,0.0,1,18,0.578623354434967,26.35495390841644,0.9059354004309926,0.0,1,29,0.5530053377151489,26.89818607281673,3.810524098934088,0.0,1,28,0.6549016833305359,8.67390336876763,8.717979284917417,0.0,1,31,0.8979784250259399,7.05843720208673,-0.9926920339593118,0.0,1,32,0.6317968368530273,2.2453240825028002,-4.525609990220293,0.0,0,33,0.9248335957527161
1777470437,222411300,map,3.356113754766818,1.8851979137976695,0.0,0,40,0.9671117067337036,3.0618675963465902,-1.0356372245992564,0.0,1,1,0.9012362957000732,8.250601591160999,5.787036050709239,0.0,0,2,0.8375765085220337,7.921883611068714,1.8807488218292816,0.0,0,3,0.9302978515625,17.80263579753541,1.8010179043640275,0.0,0,5,0.7332830429077148,17.867584055543315,4.934023472175232,0.0,0,16,0.8495905995368958,7.6711826331004636,-1.3222698743763532,0.0,2,8,0.7207406163215637,8.503876103863508,-0.9204659594565966,0.0,2,11,0.9270049333572388,13.019686418051654,1.9705234362005764,0.0,0,13,0.8903552293777466,12.74710372687566,9.084492625631293,0.0,1,12,0.8719767928123474,12.278170620791945,5.830346494340691,0.0,0,14,0.8768133521080017,17.757105039063706,7.711323733980978,0.0,1,4,0.8464443683624268,18.316622675069887,-1.1243271232406316,0.0,1,10,0.5582602620124817,22.172039793348947,1.8548159291809385,0.0,0,17,0.570976197719574,12.795560937416349,-1.1135536880252215,0.0,2,15,0.8602189421653748,22.422890993516535,4.818327985604095,0.0,0,20,0.6738844513893127,24.283984836583507,3.6437984686441895,0.0,0,22,0.6307205557823181,22.302205488623656,7.769127599738312,0.0,1,23,0.7397791147232056,19.350747321567578,-1.2617783185521516,0.0,2,25,0.42407700419425964,25.992758026975107,6.045454509757985,0.0,1,24,0.6589589715003967,22.844134305919535,-1.090112976808799,0.0,1,18,0.5779545307159424,26.35495390841644,0.9059354004309926,0.0,1,29,0.5523943901062012,26.89818607281673,3.810524098934088,0.0,1,28,0.6540449857711792,8.673959389454195,8.719451227703434,0.0,1,31,0.8980921506881714,7.05843720208673,-0.9926920339593118,0.0,1,32,0.6309995055198669,2.2453240825028002,-4.525609990220293,0.0,0,33,0.9231261610984802
1777470437,322280488,map,3.3499279078169812,1.8836888958154956,0.0,0,40,0.9672040939331055,2.9980912225648484,-1.076347409996134,0.0,1,1,0.9316878318786621,8.250601591160999,5.787036050709239,0.0,0,2,0.8347797393798828,7.920375466471583,1.8804570280593687,0.0,0,3,0.9305790066719055,17.80263579753541,1.8010179043640275,0.0,0,5,0.7311385273933411,17.868732236703547,4.9341562672264185,0.0,0,16,0.850001335144043,7.6711826331004636,-1.3222698743763532,0.0,2,8,0.7186687588691711,8.500552163929644,-0.9204941410253621,0.0,2,11,0.9273128509521484,13.01685830120273,1.9698947058264338,0.0,0,13,0.8907274603843689,12.74749588246295,9.085172019202343,0.0,1,12,0.8722987174987793,12.282223692468033,5.831953989296901,0.0,0,14,0.8777852058410645,17.757814081015553,7.7112228517881825,0.0,1,4,0.8467392325401306,18.316622675069887,-1.1243271232406316,0.0,1,10,0.5570164322853088,22.172039793348947,1.8548159291809385,0.0,0,17,0.5696751475334167,12.795560937416349,-1.1135536880252215,0.0,2,15,0.8572691679000854,22.422890993516535,4.818327985604095,0.0,0,20,0.6720728874206543,24.283984836583507,3.6437984686441895,0.0,0,22,0.6291333436965942,22.302205488623656,7.769127599738312,0.0,1,23,0.7375964522361755,19.350747321567578,-1.2617783185521516,0.0,2,25,0.42335885763168335,25.992758026975107,6.045454509757985,0.0,1,24,0.6572266221046448,22.844134305919535,-1.090112976808799,0.0,1,18,0.5766214728355408,26.35495390841644,0.9059354004309926,0.0,1,29,0.5511764883995056,26.89818607281673,3.810524098934088,0.0,1,28,0.6523383855819702,8.67317419161596,8.72000509152975,0.0,1,31,0.8983407020568848,7.05843720208673,-0.9926920339593118,0.0,1,32,0.6294108629226685,2.2453240825028002,-4.525609990220293,0.0,0,33,0.919730007648468
1777470437,422445610,map,3.346790030739042,1.8835732828476748,0.0,0,40,0.9672424793243408,2.9734362918444983,-1.0894624093042231,0.0,1,1,0.9404576420783997,8.250601591160999,5.787036050709239,0.0,0,2,0.8333883285522461,7.919523631006101,1.880425092424503,0.0,0,3,0.9307096600532532,17.80263579753541,1.8010179043640275,0.0,0,5,0.730070948600769,17.86927230397638,4.9341823083618666,0.0,0,16,0.8501995205879211,7.6711826331004636,-1.3222698743763532,0.0,2,8,0.7176372408866882,8.498720158970428,-0.9206299839306613,0.0,2,11,0.9274582266807556,13.015366640285478,1.9695495850485691,0.0,0,13,0.8909056782722473,12.747715868019082,9.085485445320764,0.0,1,12,0.8724524974822998,12.284186787044014,5.832721790556345,0.0,0,14,0.8782454133033752,17.758212955089547,7.71121607860475,0.0,1,4,0.8468806147575378,18.316622675069887,-1.1243271232406316,0.0,1,10,0.5563966035842896,22.172039793348947,1.8548159291809385,0.0,0,17,0.5690268278121948,12.795560937416349,-1.1135536880252215,0.0,2,15,0.8558018803596497,22.422890993516535,4.818327985604095,0.0,0,20,0.671170711517334,24.283984836583507,3.6437984686441895,0.0,0,22,0.6283426880836487,22.302205488623656,7.769127599738312,0.0,1,23,0.7365099787712097,19.350747321567578,-1.2617783185521516,0.0,2,25,0.423000693321228,25.992758026975107,6.045454509757985,0.0,1,24,0.656363844871521,22.844134305919535,-1.090112976808799,0.0,1,18,0.5759572386741638,26.35495390841644,0.9059354004309926,0.0,1,29,0.5505695939064026,26.89818607281673,3.810524098934088,0.0,1,28,0.6514883637428284,8.672804091385373,8.720324948870113,0.0,1,31,0.8984574675559998,7.05843720208673,-0.9926920339593118,0.0,1,32,0.6286195516586304,2.2453240825028002,-4.525609990220293,0.0,0,33,0.9180413484573364
1777470437,522260586,map,3.340290252697444,1.8882590773373844,0.0,0,40,0.9672793745994568,2.9268924903304803,-1.1015615557937908,0.0,1,1,0.952163577079773,8.250601591160999,5.787036050709239,0.0,0,2,0.8306194543838501,7.917523442163104,1.8822178982443767,0.0,0,3,0.9309486746788025,17.80263579753541,1.8010179043640275,0.0,0,5,0.7279451489448547,17.870733781155085,4.934178778481783,0.0,0,16,0.8505760431289673,7.6711826331004636,-1.3222698743763532,0.0,2,8,0.7155831456184387,8.494336737994745,-0.9191576707530004,0.0,2,11,0.9277424812316895,13.012161143420181,1.9695133590739464,0.0,0,13,0.8912467360496521,12.748476723838708,9.086681604832064,0.0,1,12,0.8727381825447083,12.288171080636141,5.834978458828318,0.0,0,14,0.8791096806526184,17.759127627395745,7.711271210791732,0.0,1,4,0.847151517868042,18.316622675069887,-1.1243271232406316,0.0,1,10,0.5551609992980957,22.172039793348947,1.8548159291809385,0.0,0,17,0.5677345991134644,12.795560937416349,-1.1135536880252215,0.0,2,15,0.8528822660446167,22.422890993516535,4.818327985604095,0.0,0,20,0.6693736910820007,24.283984836583507,3.6437984686441895,0.0,0,22,0.6267673969268799,22.302205488623656,7.769127599738312,0.0,1,23,0.7343465685844421,19.350747321567578,-1.2617783185521516,0.0,2,25,0.42228618264198303,25.992758026975107,6.045454509757985,0.0,1,24,0.6546451449394226,22.844134305919535,-1.090112976808799,0.0,1,18,0.5746333599090576,26.35495390841644,0.9059354004309926,0.0,1,29,0.5493597388267517,26.89818607281673,3.810524098934088,0.0,1,28,0.6497950553894043,8.672422118638075,8.722090047815009,0.0,1,31,0.8986630439758301,7.05843720208673,-0.9926920339593118,0.0,1,32,0.627042829990387,2.2453240825028002,-4.525609990220293,0.0,0,33,0.9146824479103088
1777470437,624616271,map,3.336807706286144,1.892307794822143,0.0,0,40,0.9672863483428955,2.903867431959799,-1.1046595036779916,0.0,1,1,0.956211268901825,8.250601591160999,5.787036050709239,0.0,0,2,0.8292418718338013,7.91631976571081,1.8838260186286209,0.0,0,3,0.9310594201087952,17.80263579753541,1.8010179043640275,0.0,0,5,0.7268868684768677,17.871391917804313,4.93424439037771,0.0,0,16,0.8507578372955322,7.6711826331004636,-1.3222698743763532,0.0,2,8,0.7145604491233826,8.491798152564188,-0.9177233146638956,0.0,2,11,0.9278813600540161,13.01039675325996,1.9697807761124946,0.0,0,13,0.8914107084274292,12.748908388188845,9.087529488468093,0.0,1,12,0.8728719353675842,12.290077750158082,5.836415401475443,0.0,0,14,0.879517138004303,17.759582416004886,7.711362943064939,0.0,1,4,0.847281813621521,18.316622675069887,-1.1243271232406316,0.0,1,10,0.5545452833175659,22.172039793348947,1.8548159291809385,0.0,0,17,0.5670906901359558,12.795560937416349,-1.1135536880252215,0.0,2,15,0.8514299392700195,22.422890993516535,4.818327985604095,0.0,0,20,0.6684787273406982,24.283984836583507,3.6437984686441895,0.0,0,22,0.6259827017784119,22.302205488623656,7.769127599738312,0.0,1,23,0.7332696318626404,19.350747321567578,-1.2617783185521516,0.0,2,25,0.42192983627319336,25.992758026975107,6.045454509757985,0.0,1,24,0.6537891030311584,22.844134305919535,-1.090112976808799,0.0,1,18,0.5739737153053284,26.35495390841644,0.9059354004309926,0.0,1,29,0.5487568378448486,26.89818607281673,3.810524098934088,0.0,1,28,0.6489516496658325,8.672280283114102,8.723401829732174,0.0,1,31,0.8987550139427185,7.05843720208673,-0.9926920339593118,0.0,1,32,0.6262574791908264,2.2453240825028002,-4.525609990220293,0.0,0,33,0.9130122065544128
1777470437,722428788,map,3.3301798679765278,1.900798348130943,0.0,0,40,0.9672929048538208,2.867808441455211,-1.1095471552152618,0.0,1,1,0.9619346857070923,8.250601591160999,5.787036050709239,0.0,0,2,0.8265003561973572,7.913872461814018,1.8874275199193302,0.0,0,3,0.931263267993927,17.80263579753541,1.8010179043640275,0.0,0,5,0.7247795462608337,17.872678698270104,4.934312165173703,0.0,0,16,0.8511083126068115,7.6711826331004636,-1.3222698743763532,0.0,2,8,0.7125239372253418,8.486720055121994,-0.914531670025756,0.0,2,11,0.9281413555145264,13.006808454024645,1.9705021330438819,0.0,0,13,0.8917236328125,12.74984868629497,9.089411341699487,0.0,1,12,0.8731250166893005,12.2938455949768,5.839495317805063,0.0,0,14,0.8802868127822876,17.760481882766722,7.711489097180558,0.0,1,4,0.8475334644317627,18.316622675069887,-1.1243271232406316,0.0,1,10,0.5533179640769958,22.172039793348947,1.8548159291809385,0.0,0,17,0.5658072233200073,12.795560937416349,-1.1135536880252215,0.0,2,15,0.8485400080680847,22.422890993516535,4.818327985604095,0.0,0,20,0.6666960716247559,24.283984836583507,3.6437984686441895,0.0,0,22,0.6244192123413086,22.302205488623656,7.769127599738312,0.0,1,23,0.7311251759529114,19.350747321567578,-1.2617783185521516,0.0,2,25,0.4212189316749573,25.992758026975107,6.045454509757985,0.0,1,24,0.6520838141441345,22.844134305919535,-1.090112976808799,0.0,1,18,0.5726589560508728,26.35495390841644,0.9059354004309926,0.0,1,29,0.5475549101829529,26.89818607281673,3.810524098934088,0.0,1,28,0.647271454334259,8.672063743640846,8.726262398880033,0.0,1,31,0.8989251255989075,7.05843720208673,-0.9926920339593118,0.0,1,32,0.6246926188468933,2.2453240825028002,-4.525609990220293,0.0,0,33,0.9096900224685669
1777470437,822320102,map,3.326561937442925,1.9070642308149905,0.0,0,40,0.9672838449478149,2.850345793568925,-1.1079143289646796,0.0,1,1,0.9640776515007019,8.250601591160999,5.787036050709239,0.0,0,2,0.8251364231109619,7.9123896239499425,1.8900928143245816,0.0,0,3,0.9313580393791199,17.80263579753541,1.8010179043640275,0.0,0,5,0.7237304449081421,17.873236627553524,4.934503598263084,0.0,0,16,0.8512774705886841,7.6711826331004636,-1.3222698743763532,0.0,2,8,0.7115100026130676,8.483799415422219,-0.9121394820502046,0.0,2,11,0.9282699823379517,13.004834616611868,1.971266850332443,0.0,0,13,0.891874372959137,12.750373659865478,9.090697918132756,0.0,1,12,0.8732423186302185,12.295693520628381,5.841453428093709,0.0,0,14,0.8806481957435608,17.76093766269537,7.711703367987684,0.0,1,4,0.8476539254188538,18.316622675069887,-1.1243271232406316,0.0,1,10,0.5527063012123108,22.172039793348947,1.8548159291809385,0.0,0,17,0.5651676654815674,12.795560937416349,-1.1135536880252215,0.0,2,15,0.8471024632453918,22.422890993516535,4.818327985604095,0.0,0,20,0.6658082604408264,24.283984836583507,3.6437984686441895,0.0,0,22,0.6236403584480286,22.302205488623656,7.769127599738312,0.0,1,23,0.7300576567649841,19.350747321567578,-1.2617783185521516,0.0,2,25,0.42086440324783325,25.992758026975107,6.045454509757985,0.0,1,24,0.65123450756073,22.844134305919535,-1.090112976808799,0.0,1,18,0.5720038414001465,26.35495390841644,0.9059354004309926,0.0,1,29,0.546955943107605,26.89818607281673,3.810524098934088,0.0,1,28,0.6464346647262573,8.672018187165804,8.728231530975442,0.0,1,31,0.8989989161491394,7.05843720208673,-0.9926920339593118,0.0,1,32,0.6239131093025208,2.2453240825028002,-4.525609990220293,0.0,0,33,0.9080379605293274
1777470437,922720120,map,3.323588033910315,1.9142359030477578,0.0,0,40,0.9672591090202332,2.837814498261295,-1.1063789692555983,0.0,1,1,0.965774416923523,8.250601591160999,5.787036050709239,0.0,0,2,0.8237769603729248,7.91116707461992,1.8931109430202373,0.0,0,3,0.9314427971839905,17.80263579753541,1.8010179043640275,0.0,0,5,0.722684383392334,17.873975881721602,4.934621070560508,0.0,0,16,0.8514401912689209,7.6711826331004636,-1.3222698743763532,0.0,2,8,0.7104989290237427,8.481067599372777,-0.9094030055020782,0.0,2,11,0.9283908009529114,13.003021873895772,1.9721309979878336,0.0,0,13,0.8920178413391113,12.75121391957485,9.0920708626182,0.0,1,12,0.8733516335487366,12.297828184346264,5.8435133056596165,0.0,0,14,0.8809915781021118,17.761612925629713,7.711848974373832,0.0,1,4,0.8477690815925598,18.316622675069887,-1.1243271232406316,0.0,1,10,0.5520960092544556,22.172039793348947,1.8548159291809385,0.0,0,17,0.564529538154602,12.795560937416349,-1.1135536880252215,0.0,2,15,0.845669686794281,22.422890993516535,4.818327985604095,0.0,0,20,0.664922833442688,24.283984836583507,3.6437984686441895,0.0,0,22,0.6228634715080261,22.302205488623656,7.769127599738312,0.0,1,23,0.7289932370185852,19.350747321567578,-1.2617783185521516,0.0,2,25,0.4205104410648346,25.992758026975107,6.045454509757985,0.0,1,24,0.6503874063491821,22.844134305919535,-1.090112976808799,0.0,1,18,0.5713502168655396,26.35495390841644,0.9059354004309926,0.0,1,29,0.5463582873344421,26.89818607281673,3.810524098934088,0.0,1,28,0.6455999612808228,8.6723411074942,8.730409649686697,0.0,1,31,0.8990635275840759,7.05843720208673,-0.9926920339593118,0.0,1,32,0.623135507106781,2.2453240825028002,-4.525609990220293,0.0,0,33,0.9063918590545654
1777470438,22285474,map,3.3211694348577527,1.9108778173771828,0.0,0,40,0.967307984828949,2.8183207244046526,-1.1302739197151808,0.0,1,1,0.9681136012077332,8.250601591160999,5.787036050709239,0.0,0,2,0.821071445941925,7.910463546111347,1.8928985343559417,0.0,0,3,0.9315961003303528,17.80263579753541,1.8010179043640275,0.0,0,5,0.7206013202667236,17.875354162821214,4.9346822292615045,0.0,0,16,0.8517552614212036,7.6711826331004636,-1.3222698743763532,0.0,2,8,0.7084854245185852,8.478806924287412,-0.9097775701377464,0.0,2,11,0.9285598993301392,13.00048718612018,1.9716216998843346,0.0,0,13,0.8922806978225708,12.751851275029514,9.092947149512705,0.0,1,12,0.8735871911048889,12.301953441715943,5.845199492863332,0.0,0,14,0.881658673286438,17.762274807550224,7.711945260246445,0.0,1,4,0.8480005264282227,18.316622675069887,-1.1243271232406316,0.0,1,10,0.5508794188499451,22.172039793348947,1.8548159291809385,0.0,0,17,0.56325763463974,12.795560937416349,-1.1135536880252215,0.0,2,15,0.8428187370300293,22.422890993516535,4.818327985604095,0.0,0,20,0.6631590723991394,24.283984836583507,3.6437984686441895,0.0,0,22,0.6213155388832092,22.302205488623656,7.769127599738312,0.0,1,23,0.7268736958503723,19.350747321567578,-1.2617783185521516,0.0,2,25,0.41980430483818054,25.992758026975107,6.045454509757985,0.0,1,24,0.6486997604370117,22.844134305919535,-1.090112976808799,0.0,1,18,0.5700474381446838,26.35495390841644,0.9059354004309926,0.0,1,29,0.5451668500900269,26.89818607281673,3.810524098934088,0.0,1,28,0.6439370512962341,8.671740717503388,8.730962076613748,0.0,1,31,0.8992369771003723,7.05843720208673,-0.9926920339593118,0.0,1,32,0.6215862035751343,2.2453240825028002,-4.525609990220293,0.0,0,33,0.9031175374984741
1777470438,122662315,map,3.320769568768711,1.9066051663969559,0.0,0,40,0.9673400521278381,2.8095927159198313,-1.145338277198529,0.0,1,1,0.9689750671386719,8.250601591160999,5.787036050709239,0.0,0,2,0.8197253346443176,7.910506611164486,1.8916659325969862,0.0,0,3,0.9316649436950684,17.80263579753541,1.8010179043640275,0.0,0,5,0.7195643186569214,17.87609522387104,4.934649770352312,0.0,0,16,0.8519063591957092,7.6711826331004636,-1.3222698743763532,0.0,2,8,0.7074829339981079,8.478253456488744,-0.9110178701496621,0.0,2,11,0.928628146648407,12.9994956375827,1.9708201478951448,0.0,0,13,0.8924030661582947,12.75205396366848,9.092912005762235,0.0,1,12,0.8737049102783203,12.304185826069837,5.845447395463622,0.0,0,14,0.8819755911827087,17.762610584814894,7.7119301446338415,0.0,1,4,0.8481124043464661,18.316622675069887,-1.1243271232406316,0.0,1,10,0.5502731800079346,22.172039793348947,1.8548159291809385,0.0,0,17,0.5626238584518433,12.795560937416349,-1.1135536880252215,0.0,2,15,0.8414004445075989,22.422890993516535,4.818327985604095,0.0,0,20,0.6622806787490845,24.283984836583507,3.6437984686441895,0.0,0,22,0.6205443739891052,22.302205488623656,7.769127599738312,0.0,1,23,0.7258185148239136,19.350747321567578,-1.2617783185521516,0.0,2,25,0.41945213079452515,25.992758026975107,6.045454509757985,0.0,1,24,0.6478592157363892,22.844134305919535,-1.090112976808799,0.0,1,18,0.5693982839584351,26.35495390841644,0.9059354004309926,0.0,1,29,0.5445730686187744,26.89818607281673,3.810524098934088,0.0,1,28,0.6431088447570801,8.67128788309853,8.73049627933955,0.0,1,31,0.8993282318115234,7.05843720208673,-0.9926920339593118,0.0,1,32,0.6208143830299377,2.2453240825028002,-4.525609990220293,0.0,0,33,0.9014892578125
1777470438,222304602,map,3.3192357161237664,1.8990550827729724,0.0,0,40,0.9674022197723389,2.7914383869222132,-1.1714993495324193,0.0,1,1,0.9703654050827026,8.250601591160999,5.787036050709239,0.0,0,2,0.8170463442802429,7.91026162466289,1.8891468798252848,0.0,0,3,0.9317970871925354,17.80263579753541,1.8010179043640275,0.0,0,5,0.7174991369247437,17.877688560827263,4.934619541231766,0.0,0,16,0.8521955609321594,7.6711826331004636,-1.3222698743763532,0.0,2,8,0.7054864764213562,8.476508269617756,-0.9135941092940649,0.0,2,11,0.9287642240524292,12.99734521355348,1.9689933096310692,0.0,0,13,0.89263916015625,12.752798143321927,9.092624027979374,0.0,1,12,0.8739280700683594,12.308974390079142,5.845678389588581,0.0,0,14,0.8825725317001343,17.76354619729892,7.711942452264854,0.0,1,4,0.8483247756958008,18.316622675069887,-1.1243271232406316,0.0,1,10,0.5490646362304688,22.172039793348947,1.8548159291809385,0.0,0,17,0.5613605380058289,12.795560937416349,-1.1135536880252215,0.0,2,15,0.8385781049728394,22.422890993516535,4.818327985604095,0.0,0,20,0.6605308055877686,24.283984836583507,3.6437984686441895,0.0,0,22,0.61900794506073,22.302205488623656,7.769127599738312,0.0,1,23,0.7237173914909363,19.350747321567578,-1.2617783185521516,0.0,2,25,0.41874954104423523,25.992758026975107,6.045454509757985,0.0,1,24,0.6461846828460693,22.844134305919535,-1.090112976808799,0.0,1,18,0.5681043267250061,26.35495390841644,0.9059354004309926,0.0,1,29,0.5433894395828247,26.89818607281673,3.810524098934088,0.0,1,28,0.6414586901664734,8.67071379028202,8.729454917479131,0.0,1,31,0.8994991183280945,7.05843720208673,-0.9926920339593118,0.0,1,32,0.6192765831947327,2.2453240825028002,-4.525609990220293,0.0,0,33,0.898250162601471
1777470438,322680259,map,3.317789425140804,1.8991408195792796,0.0,0,40,0.9674111604690552,2.780781026156822,-1.1781618433523855,0.0,1,1,0.9709840416908264,8.250601591160999,5.787036050709239,0.0,0,2,0.8157134056091309,7.9098005451366715,1.8890842884617853,0.0,0,3,0.9318589568138123,17.80263579753541,1.8010179043640275,0.0,0,5,0.7164710164070129,17.87847427376651,4.934594311212304,0.0,0,16,0.8523347973823547,7.6711826331004636,-1.3222698743763532,0.0,2,8,0.704492449760437,8.475029552241674,-0.9138075620186544,0.0,2,11,0.9288384914398193,12.996083284189918,1.9684595824095088,0.0,0,13,0.8927534818649292,12.753413479309911,9.092814803930038,0.0,1,12,0.874029278755188,12.311500636113838,5.846221546437731,0.0,0,14,0.882850170135498,17.764103860999295,7.711943044831417,0.0,1,4,0.848426103591919,18.316622675069887,-1.1243271232406316,0.0,1,10,0.5484623312950134,22.172039793348947,1.8548159291809385,0.0,0,17,0.5607309937477112,12.795560937416349,-1.1135536880252215,0.0,2,15,0.8371739983558655,22.422890993516535,4.818327985604095,0.0,0,20,0.6596593856811523,24.283984836583507,3.6437984686441895,0.0,0,22,0.6182425022125244,22.302205488623656,7.769127599738312,0.0,1,23,0.722671389579773,19.350747321567578,-1.2617783185521516,0.0,2,25,0.4183991253376007,25.992758026975107,6.045454509757985,0.0,1,24,0.6453506350517273,22.844134305919535,-1.090112976808799,0.0,1,18,0.5674595832824707,26.35495390841644,0.9059354004309926,0.0,1,29,0.5427995324134827,26.89818607281673,3.810524098934088,0.0,1,28,0.6406368017196655,8.67068918199418,8.729656462196319,0.0,1,31,0.8995699882507324,7.05843720208673,-0.9926920339593118,0.0,1,32,0.6185105443000793,2.2453240825028002,-4.525609990220293,0.0,0,33,0.8966394066810608,0.058146135348269415,-5.805004800936645,0.0,0,41,0.6911231875419617
1777470438,422727566,map,3.3134232585413055,1.907317425917173,0.0,0,40,0.9673850536346436,2.7557073919980355,-1.1800188518874346,0.0,1,1,0.9721168279647827,8.250601591160999,5.787036050709239,0.0,0,2,0.813060462474823,7.908141265470947,1.892128858977745,0.0,0,3,0.9319728016853333,17.80263579753541,1.8010179043640275,0.0,0,5,0.7144235372543335,17.879879209615652,4.934601092495796,0.0,0,16,0.8526047468185425,7.6711826331004636,-1.3222698743763532,0.0,2,8,0.7025127410888672,8.470940639913435,-0.911286383833178,0.0,2,11,0.928999125957489,12.993139721162372,1.9685908599736757,0.0,0,13,0.8929747939109802,12.754824699412191,9.094193832918668,0.0,1,12,0.8742124438285828,12.316515541105417,5.848540159982883,0.0,0,14,0.8833677172660828,17.765236569362866,7.712006839135448,0.0,1,4,0.8486208915710449,18.316622675069887,-1.1243271232406316,0.0,1,10,0.5472617149353027,22.172039793348947,1.8548159291809385,0.0,0,17,0.5594761371612549,12.795560937416349,-1.1135536880252215,0.0,2,15,0.8343799114227295,22.422890993516535,4.818327985604095,0.0,0,20,0.6579233407974243,24.283984836583507,3.6437984686441895,0.0,0,22,0.6167173981666565,22.302205488623656,7.769127599738312,0.0,1,23,0.7205883860588074,19.350747321567578,-1.2617783185521516,0.0,2,25,0.4177000820636749,25.992758026975107,6.045454509757985,0.0,1,24,0.6436890363693237,22.844134305919535,-1.090112976808799,0.0,1,18,0.5661744475364685,26.35495390841644,0.9059354004309926,0.0,1,29,0.5416235327720642,26.89818607281673,3.810524098934088,0.0,1,28,0.638999342918396,8.670783752822217,8.732046513354698,0.0,1,31,0.8996819257736206,7.05843720208673,-0.9926920339593118,0.0,1,32,0.6169840693473816,2.2453240825028002,-4.525609990220293,0.0,0,33,0.893435001373291,0.011221734690209088,-5.742962609968223,0.0,0,41,0.789456307888031
1777470438,522658775,map,3.3104696982484128,1.9146471700143814,0.0,0,40,0.9673575162887573,2.7405806414106935,-1.176610185232192,0.0,1,1,0.9726466536521912,8.250601591160999,5.787036050709239,0.0,0,2,0.811740517616272,7.906995619448955,1.8950943306937942,0.0,0,3,0.9320247769355774,17.80263579753541,1.8010179043640275,0.0,0,5,0.7134042382240295,17.880510666491165,4.934654566394173,0.0,0,16,0.8527353405952454,7.6711826331004636,-1.3222698743763532,0.0,2,8,0.7015271186828613,8.468291079466326,-0.9086566126755781,0.0,2,11,0.9290857315063477,12.991485579422529,1.9693362510358912,0.0,0,13,0.8930814266204834,12.755739576569106,9.095455551010346,0.0,1,12,0.87429279088974,12.319030230694747,5.8504029629138135,0.0,0,14,0.8836075663566589,17.76584500206671,7.712090748946917,0.0,1,4,0.8487139940261841,18.316622675069887,-1.1243271232406316,0.0,1,10,0.5466634035110474,22.172039793348947,1.8548159291809385,0.0,0,17,0.5588507652282715,12.795560937416349,-1.1135536880252215,0.0,2,15,0.8329898715019226,22.422890993516535,4.818327985604095,0.0,0,20,0.6570587754249573,24.283984836583507,3.6437984686441895,0.0,0,22,0.6159576773643494,22.302205488623656,7.769127599738312,0.0,1,23,0.7195513844490051,19.350747321567578,-1.2617783185521516,0.0,2,25,0.4173514246940613,25.992758026975107,6.045454509757985,0.0,1,24,0.6428614258766174,22.844134305919535,-1.090112976808799,0.0,1,18,0.5655341148376465,26.35495390841644,0.9059354004309926,0.0,1,29,0.5410374402999878,26.89818607281673,3.810524098934088,0.0,1,28,0.6381837725639343,8.671051735897722,8.734161726631788,0.0,1,31,0.899722695350647,7.05843720208673,-0.9926920339593118,0.0,1,32,0.6162236928939819,2.2453240825028002,-4.525609990220293,0.0,0,33,0.8918414115905762,0.011221734690209088,-5.742962609968223,0.0,0,41,0.7882118225097656
1777470438,625434109,map,3.300024681191364,1.9425200763692838,0.0,0,40,0.9672523140907288,2.6975771606665266,-1.1475627702928717,0.0,1,1,0.9738410711288452,8.250601591160999,5.787036050709239,0.0,0,2,0.8091133236885071,7.902631251738291,1.9064061114608046,0.0,0,3,0.9321306943893433,17.80263579753541,1.8010179043640275,0.0,0,5,0.7113742232322693,17.88139037477874,4.9351977050607925,0.0,0,16,0.8529900908470154,7.6711826331004636,-1.3222698743763532,0.0,2,8,0.6995640397071838,8.4595720880853,-0.8982494228901997,0.0,2,11,0.9293069839477539,12.98685404816472,1.9730470447990691,0.0,0,13,0.8932987451553345,12.75818251230903,9.099775465016856,0.0,1,12,0.8744239211082458,12.323907280039403,5.856350050956099,0.0,0,14,0.8840481638908386,17.7672441234622,7.712691271471783,0.0,1,4,0.8488889336585999,18.316622675069887,-1.1243271232406316,0.0,1,10,0.545470654964447,22.172039793348947,1.8548159291809385,0.0,0,17,0.5576043128967285,12.795560937416349,-1.1135536880252215,0.0,2,15,0.8302236199378967,22.422890993516535,4.818327985604095,0.0,0,20,0.6553363800048828,24.283984836583507,3.6437984686441895,0.0,0,22,0.6144437789916992,22.302205488623656,7.769127599738312,0.0,1,23,0.7174863219261169,19.350747321567578,-1.2617783185521516,0.0,2,25,0.41665586829185486,25.992758026975107,6.045454509757985,0.0,1,24,0.6412125825881958,22.844134305919535,-1.090112976808799,0.0,1,18,0.5642576813697815,26.35495390841644,0.9059354004309926,0.0,1,29,0.5398691296577454,26.89818607281673,3.810524098934088,0.0,1,28,0.6365587711334229,8.67220578814833,8.741634751721424,0.0,1,31,0.8997581005096436,7.05843720208673,-0.9926920339593118,0.0,1,32,0.6147084832191467,2.2453240825028002,-4.525609990220293,0.0,0,33,0.8886712193489075,0.03364336352498082,-5.599805805223975,0.0,0,41,0.843769371509552
1777470438,722605994,map,3.2872494825674607,1.9746565046728235,0.0,0,40,0.9671494364738464,2.659039096107384,-1.1139322654119952,0.0,1,1,0.9747819304466248,8.250601591160999,5.787036050709239,0.0,0,2,0.8065031170845032,7.897443681031677,1.920077781687106,0.0,0,3,0.932229220867157,17.80263579753541,1.8010179043640275,0.0,0,5,0.7093557715415955,17.8820180039567,4.9361922227339265,0.0,0,16,0.853233814239502,7.6711826331004636,-1.3222698743763532,0.0,2,8,0.697611927986145,8.449566150645223,-0.885533854879944,0.0,2,11,0.9295350909233093,12.981997167038145,1.977461856843594,0.0,0,13,0.8935049176216125,12.76129886081234,9.104922514135891,0.0,1,12,0.8745315670967102,12.328846383711731,5.863353234255487,0.0,0,14,0.884448230266571,17.768633384605522,7.713725027491804,0.0,1,4,0.8490532636642456,18.316622675069887,-1.1243271232406316,0.0,1,10,0.5442830920219421,22.172039793348947,1.8548159291809385,0.0,0,17,0.5563634037971497,12.795560937416349,-1.1135536880252215,0.0,2,15,0.8274756669998169,22.422890993516535,4.818327985604095,0.0,0,20,0.6536230444908142,24.283984836583507,3.6437984686441895,0.0,0,22,0.612937331199646,22.302205488623656,7.769127599738312,0.0,1,23,0.7154330611228943,19.350747321567578,-1.2617783185521516,0.0,2,25,0.4159626066684723,25.992758026975107,6.045454509757985,0.0,1,24,0.6395722031593323,22.844134305919535,-1.090112976808799,0.0,1,18,0.5629869699478149,26.35495390841644,0.9059354004309926,0.0,1,29,0.5387057662010193,26.89818607281673,3.810524098934088,0.0,1,28,0.6349420547485352,8.673862754626446,8.75055918362197,0.0,1,31,0.8997675776481628,7.05843720208673,-0.9926920339593118,0.0,1,32,0.6132007241249084,2.2453240825028002,-4.525609990220293,0.0,0,33,0.8855234384536743,-0.04458391254378478,-5.552904390809397,0.0,0,41,0.8741468191146851
1777470438,822452631,map,3.2807316555768624,1.9907203491527488,0.0,0,40,0.9671024084091187,2.639360195129367,-1.0958684144254827,0.0,1,1,0.975203275680542,8.250601591160999,5.787036050709239,0.0,0,2,0.8052043318748474,7.894617228774494,1.926744450962504,0.0,0,3,0.932279109954834,17.80263579753541,1.8010179043640275,0.0,0,5,0.7083508372306824,17.882342565865024,4.936190831524445,0.0,0,16,0.8533527851104736,7.6711826331004636,-1.3222698743763532,0.0,2,8,0.6966400146484375,8.444601642842729,-0.8800350925707195,0.0,2,11,0.9296419620513916,12.979582859374366,1.979091098820994,0.0,0,13,0.8936046361923218,12.76302302841352,9.107177098986288,0.0,1,12,0.8745830059051514,12.33135606727951,5.866490609763439,0.0,0,14,0.8846386671066284,17.754584534496963,7.717837474930086,0.0,1,4,0.8492864966392517,18.316622675069887,-1.1243271232406316,0.0,1,10,0.5436912178993225,22.172039793348947,1.8548159291809385,0.0,0,17,0.555745005607605,12.795560937416349,-1.1135536880252215,0.0,2,15,0.826108455657959,22.422890993516535,4.818327985604095,0.0,0,20,0.6527696847915649,24.283984836583507,3.6437984686441895,0.0,0,22,0.612186849117279,22.302205488623656,7.769127599738312,0.0,1,23,0.7144108414649963,19.350747321567578,-1.2617783185521516,0.0,2,25,0.41561684012413025,25.992758026975107,6.045454509757985,0.0,1,24,0.6387551426887512,22.844134305919535,-1.090112976808799,0.0,1,18,0.562353789806366,26.35495390841644,0.9059354004309926,0.0,1,29,0.5381259918212891,26.89818607281673,3.810524098934088,0.0,1,28,0.6341367959976196,8.674807441661118,8.754903423244238,0.0,1,31,0.8997706174850464,7.05843720208673,-0.9926920339593118,0.0,1,32,0.6124496459960938,2.2453240825028002,-4.525609990220293,0.0,0,33,0.8839579224586487,-0.07581433243569984,-5.533730604825465,0.0,0,41,0.8850178718566895
1777470438,922359133,map,3.270644331453483,2.0195903645465405,0.0,0,40,0.9670048356056213,2.6106722561888795,-1.0677484721170087,0.0,1,1,0.9757683873176575,8.250601591160999,5.787036050709239,0.0,0,2,0.802619218826294,7.890396072650186,1.9401751788967359,0.0,0,3,0.932350754737854,17.80263579753541,1.8010179043640275,0.0,0,5,0.7063494324684143,17.883160799221706,4.937571900380287,0.0,0,16,0.8535747528076172,7.6711826331004636,-1.3222698743763532,0.0,2,8,0.6947041749954224,8.436748547845713,-0.8686045060996861,0.0,2,11,0.929815411567688,12.975555983910636,1.9835005873611466,0.0,0,13,0.8937816023826599,12.76656094293165,9.112419080729067,0.0,1,12,0.8746728897094727,12.336523085337614,5.873593221809045,0.0,0,14,0.8849903345108032,17.754584534496963,7.717837474930086,0.0,1,4,0.8464111089706421,18.316622675069887,-1.1243271232406316,0.0,1,10,0.5425114035606384,22.172039793348947,1.8548159291809385,0.0,0,17,0.5545123219490051,12.795560937416349,-1.1135536880252215,0.0,2,15,0.823387622833252,22.422890993516535,4.818327985604095,0.0,0,20,0.651069700717926,24.283984836583507,3.6437984686441895,0.0,0,22,0.6106914281845093,22.302205488623656,7.769127599738312,0.0,1,23,0.7123751044273376,19.350747321567578,-1.2617783185521516,0.0,2,25,0.41492703557014465,25.992758026975107,6.045454509757985,0.0,1,24,0.6371272802352905,22.844134305919535,-1.090112976808799,0.0,1,18,0.5610916614532471,26.35495390841644,0.9059354004309926,0.0,1,29,0.5369701981544495,26.89818607281673,3.810524098934088,0.0,1,28,0.6325323581695557,8.67644067932697,8.76393416214955,0.0,1,31,0.8997725248336792,7.05843720208673,-0.9926920339593118,0.0,1,32,0.6109529137611389,2.2453240825028002,-4.525609990220293,0.0,0,33,0.8808434009552002,-0.1098428901020245,-5.5121658708021855,0.0,0,41,0.9011212587356567
1777470439,22351046,map,3.2660688345180167,2.03398318297108,0.0,0,40,0.9669521450996399,2.597517505318525,-1.0541939126624607,0.0,1,1,0.9760034680366516,8.250601591160999,5.787036050709239,0.0,0,2,0.8013328909873962,7.888397751757202,1.947146628751155,0.0,0,3,0.9323810935020447,17.80263579753541,1.8010179043640275,0.0,0,5,0.7053529620170593,17.883560829885056,4.938435823294777,0.0,0,16,0.8536810278892517,7.6711826331004636,-1.3222698743763532,0.0,2,8,0.6937402486801147,8.432883551945926,-0.8625542825458374,0.0,2,11,0.9298976063728333,12.973567066793255,1.9859621820904814,0.0,0,13,0.8938652873039246,12.76823756392056,9.115260086063216,0.0,1,12,0.8747142553329468,12.334810027068926,5.876905143734448,0.0,0,14,0.885215163230896,17.754584534496963,7.717837474930086,0.0,1,4,0.8449807167053223,18.316622675069887,-1.1243271232406316,0.0,1,10,0.5419234037399292,22.172039793348947,1.8548159291809385,0.0,0,17,0.55389803647995,12.795560937416349,-1.1135536880252215,0.0,2,15,0.8220339417457581,22.422890993516535,4.818327985604095,0.0,0,20,0.6502230167388916,24.283984836583507,3.6437984686441895,0.0,0,22,0.6099464297294617,22.302205488623656,7.769127599738312,0.0,1,23,0.7113615870475769,19.350747321567578,-1.2617783185521516,0.0,2,25,0.4145829975605011,25.992758026975107,6.045454509757985,0.0,1,24,0.6363164186477661,22.844134305919535,-1.090112976808799,0.0,1,18,0.5604627132415771,26.35495390841644,0.9059354004309926,0.0,1,29,0.5363941192626953,26.89818607281673,3.810524098934088,0.0,1,28,0.6317331790924072,8.677147926311978,8.7686923867424,0.0,1,31,0.8997704386711121,7.05843720208673,-0.9926920339593118,0.0,1,32,0.6102073192596436,2.2453240825028002,-4.525609990220293,0.0,0,33,0.8792943358421326,-0.12256230910499243,-5.502548222902744,0.0,0,41,0.9073319435119629
1777470439,122495998,map,3.260060504824761,2.0559581148595427,0.0,0,40,0.9668731689453125,2.5807908548851417,-1.0388481923598447,0.0,1,1,0.9762428998947144,8.250601591160999,5.787036050709239,0.0,0,2,0.7987725734710693,7.885856794532159,1.9589002360614907,0.0,0,3,0.9324246048927307,17.80263579753541,1.8010179043640275,0.0,0,5,0.7033684849739075,17.884698880885743,4.940206747000765,0.0,0,16,0.8538810610771179,7.6711826331004636,-1.3222698743763532,0.0,2,8,0.691820502281189,8.42727088373752,-0.852481380487006,0.0,2,11,0.9300206303596497,12.970523053818312,1.9903008317285216,0.0,0,13,0.8940135836601257,12.771150196692858,9.120529108120037,0.0,1,12,0.8748001456260681,12.332127294723655,5.880818765736252,0.0,0,14,0.8838760256767273,17.754584534496963,7.717837474930086,0.0,1,4,0.8421343564987183,18.316622675069887,-1.1243271232406316,0.0,1,10,0.5407512187957764,22.172039793348947,1.8548159291809385,0.0,0,17,0.5526735186576843,12.795560937416349,-1.1135536880252215,0.0,2,15,0.8193398714065552,22.422890993516535,4.818327985604095,0.0,0,20,0.6485362648963928,24.283984836583507,3.6437984686441895,0.0,0,22,0.6084619164466858,22.302205488623656,7.769127599738312,0.0,1,23,0.7093431949615479,19.350747321567578,-1.2617783185521516,0.0,2,25,0.4138966202735901,25.992758026975107,6.045454509757985,0.0,1,24,0.6347009539604187,22.844134305919535,-1.090112976808799,0.0,1,18,0.5592090487480164,26.35495390841644,0.9059354004309926,0.0,1,29,0.5352457165718079,26.89818607281673,3.810524098934088,0.0,1,28,0.6301408410072327,8.678405467786991,8.777091387312181,0.0,1,31,0.8997768759727478,7.05843720208673,-0.9926920339593118,0.0,1,32,0.6087214946746826,2.2453240825028002,-4.525609990220293,0.0,0,33,0.8762125372886658,-0.1354908553822284,-5.495396302175137,0.0,0,41,0.9169479012489319
1777470439,222828676,map,3.2567665052254,2.0666869195048525,0.0,0,40,0.9668412208557129,2.5724684940692866,-1.0312394825009157,0.0,1,1,0.9763551950454712,8.250601591160999,5.787036050709239,0.0,0,2,0.7974985241889954,7.884379331078016,1.9648009230444106,0.0,0,3,0.9324474334716797,17.80263579753541,1.8010179043640275,0.0,0,5,0.7023804187774658,17.885105395993303,4.941147283475747,0.0,0,16,0.8539791107177734,7.6711826331004636,-1.3222698743763532,0.0,2,8,0.6908645629882812,8.424140858790514,-0.8473344934237095,0.0,2,11,0.9300843477249146,12.968796396364894,1.9925629870068484,0.0,0,13,0.8940870761871338,12.772629849263996,9.123167395309864,0.0,1,12,0.8748401403427124,12.332127294723655,5.880818765736252,0.0,0,14,0.8823162913322449,17.754584534496963,7.717837474930086,0.0,1,4,0.8407183885574341,18.316622675069887,-1.1243271232406316,0.0,1,10,0.5401670336723328,22.172039793348947,1.8548159291809385,0.0,0,17,0.5520633459091187,12.795560937416349,-1.1135536880252215,0.0,2,15,0.8179994225502014,22.422890993516535,4.818327985604095,0.0,0,20,0.6476961374282837,24.283984836583507,3.6437984686441895,0.0,0,22,0.6077223420143127,22.302205488623656,7.769127599738312,0.0,1,23,0.7083382606506348,19.350747321567578,-1.2617783185521516,0.0,2,25,0.41355428099632263,25.992758026975107,6.045454509757985,0.0,1,24,0.6338962912559509,22.844134305919535,-1.090112976808799,0.0,1,18,0.5585843324661255,26.35495390841644,0.9059354004309926,0.0,1,29,0.5346733331680298,26.89818607281673,3.810524098934088,0.0,1,28,0.6293476819992065,8.679019521003907,8.781294535270806,0.0,1,31,0.8997787237167358,7.05843720208673,-0.9926920339593118,0.0,1,32,0.6079813241958618,2.2453240825028002,-4.525609990220293,0.0,0,33,0.8746797442436218,-0.1421389805563027,-5.491333799193876,0.0,0,41,0.9208351969718933
1777470439,322382242,map,3.255756121882479,2.0787943751376226,0.0,0,40,0.9667896628379822,2.569171872430941,-1.031114333719629,0.0,1,1,0.976298987865448,8.250601591160999,5.787036050709239,0.0,0,2,0.7949625849723816,7.884046384593335,1.9734795904375493,0.0,0,3,0.9324632287025452,17.80263579753541,1.8010179043640275,0.0,0,5,0.7004126310348511,17.886737242121825,4.943143513689101,0.0,0,16,0.8541569113731384,7.6711826331004636,-1.3222698743763532,0.0,2,8,0.6889606714248657,8.421673755313304,-0.8399715430832367,0.0,2,11,0.9301460385322571,12.967178568584336,1.99623398546634,0.0,0,13,0.8942037224769592,12.775315100650687,9.127876610211814,0.0,1,12,0.8749229311943054,12.332127294723655,5.880818765736252,0.0,0,14,0.8792133331298828,17.754584534496963,7.717837474930086,0.0,1,4,0.8379006385803223,18.316622675069887,-1.1243271232406316,0.0,1,10,0.5390024185180664,22.172039793348947,1.8548159291809385,0.0,0,17,0.5508469343185425,12.795560937416349,-1.1135536880252215,0.0,2,15,0.8153316378593445,22.422890993516535,4.818327985604095,0.0,0,20,0.6460224390029907,24.283984836583507,3.6437984686441895,0.0,0,22,0.6062486171722412,22.302205488623656,7.769127599738312,0.0,1,23,0.7063369750976562,19.350747321567578,-1.2617783185521516,0.0,2,25,0.4128713011741638,25.992758026975107,6.045454509757985,0.0,1,24,0.6322930455207825,22.844134305919535,-1.090112976808799,0.0,1,18,0.5573390126228333,26.35495390841644,0.9059354004309926,0.0,1,29,0.5335322618484497,26.89818607281673,3.810524098934088,0.0,1,28,0.6277673244476318,8.680275289979143,8.788091112955858,0.0,1,31,0.899796187877655,7.05843720208673,-0.9926920339593118,0.0,1,32,0.60650634765625,2.2453240825028002,-4.525609990220293,0.0,0,33,0.8716301918029785,-0.14141528786360416,-5.49607461659207,0.0,0,41,0.926932692527771
1777470439,422528357,map,3.257018017442466,2.0788950795271925,0.0,0,40,0.9667931199073792,2.571643336419213,-1.0389484872500887,0.0,1,1,0.9761732816696167,8.250601591160999,5.787036050709239,0.0,0,2,0.7937006950378418,7.884721232343972,1.9757582245593672,0.0,0,3,0.9324655532836914,17.80263579753541,1.8010179043640275,0.0,0,5,0.6994328498840332,17.88763353852864,4.944146618776226,0.0,0,16,0.8542412519454956,7.6711826331004636,-1.3222698743763532,0.0,2,8,0.6880126595497131,8.421702665873363,-0.8381011802431063,0.0,2,11,0.9301540851593018,12.966863215553884,1.997469449126142,0.0,0,13,0.8942537307739258,12.776516154287062,9.129650785730059,0.0,1,12,0.8749682307243347,12.332127294723655,5.880818765736252,0.0,0,14,0.8776700496673584,17.754584534496963,7.717837474930086,0.0,1,4,0.8364987969398499,18.316622675069887,-1.1243271232406316,0.0,1,10,0.5384219884872437,22.172039793348947,1.8548159291809385,0.0,0,17,0.550240695476532,12.795560937416349,-1.1135536880252215,0.0,2,15,0.8140043020248413,22.422890993516535,4.818327985604095,0.0,0,20,0.6451888084411621,24.283984836583507,3.6437984686441895,0.0,0,22,0.6055144667625427,22.302205488623656,7.769127599738312,0.0,1,23,0.705340564250946,19.350747321567578,-1.2617783185521516,0.0,2,25,0.41253066062927246,25.992758026975107,6.045454509757985,0.0,1,24,0.6314944624900818,22.844134305919535,-1.090112976808799,0.0,1,18,0.5567184686660767,26.35495390841644,0.9059354004309926,0.0,1,29,0.5329635739326477,26.89818607281673,3.810524098934088,0.0,1,28,0.626980185508728,8.68072313738127,8.790234145068167,0.0,1,31,0.8998183608055115,7.05843720208673,-0.9926920339593118,0.0,1,32,0.605771541595459,2.2453240825028002,-4.525609990220293,0.0,0,33,0.8701133131980896,-0.136517626691427,-5.5050475480656775,0.0,0,41,0.9292954802513123
1777470439,522420059,map,3.2595224977182986,2.0778007331386545,0.0,0,40,0.9668070673942566,2.576925166273208,-1.0543098536338116,0.0,1,1,0.9759522080421448,8.250601591160999,5.787036050709239,0.0,0,2,0.7911888360977173,7.886013746236391,1.9797098776748228,0.0,0,3,0.9324715733528137,17.80263579753541,1.8010179043640275,0.0,0,5,0.6974814534187317,17.865446776562997,4.952106806897845,0.0,0,16,0.8531244397163391,7.6711826331004636,-1.3222698743763532,0.0,2,8,0.6861243844032288,8.422068340438667,-0.8347991725621938,0.0,2,11,0.9301639199256897,12.966376520101758,1.999807896180222,0.0,0,13,0.894347071647644,12.77839597628126,9.13310803749811,0.0,1,12,0.8750604391098022,12.332127294723655,5.880818765736252,0.0,0,14,0.8745995759963989,17.754584534496963,7.717837474930086,0.0,1,4,0.8337092399597168,18.316622675069887,-1.1243271232406316,0.0,1,10,0.537264883518219,22.172039793348947,1.8548159291809385,0.0,0,17,0.5490323305130005,12.795560937416349,-1.1135536880252215,0.0,2,15,0.8113624453544617,22.422890993516535,4.818327985604095,0.0,0,20,0.6435280442237854,24.283984836583507,3.6437984686441895,0.0,0,22,0.604051411151886,22.302205488623656,7.769127599738312,0.0,1,23,0.703356146812439,19.350747321567578,-1.2617783185521516,0.0,2,25,0.41185104846954346,25.992758026975107,6.045454509757985,0.0,1,24,0.6299033164978027,22.844134305919535,-1.090112976808799,0.0,1,18,0.555481493473053,26.35495390841644,0.9059354004309926,0.0,1,29,0.5318297743797302,26.89818607281673,3.810524098934088,0.0,1,28,0.6254116892814636,8.68116749460425,8.79422710382798,0.0,1,31,0.8998665809631348,7.05843720208673,-0.9926920339593118,0.0,1,32,0.604307234287262,2.2453240825028002,-4.525609990220293,0.0,0,33,0.8670954704284668,-0.1269390580032511,-5.521960917177613,0.0,0,41,0.9332624077796936
1777470439,625123673,map,3.260147257886673,2.0792903664383795,0.0,0,40,0.9668028950691223,2.578241107339405,-1.0588244937794158,0.0,1,1,0.9758949875831604,8.250601591160999,5.787036050709239,0.0,0,2,0.7899388670921326,7.8863633217030955,1.9823135974781698,0.0,0,3,0.9324756264686584,17.80263579753541,1.8010179043640275,0.0,0,5,0.696509838104248,17.865446776562997,4.952106806897845,0.0,0,16,0.8516712784767151,7.6711826331004636,-1.3222698743763532,0.0,2,8,0.685184121131897,8.421855898217503,-0.8326227148012939,0.0,2,11,0.9301751852035522,12.965995827474861,2.0011619219052665,0.0,0,13,0.8943929076194763,12.779400294411612,9.135028994991233,0.0,1,12,0.8751017451286316,12.332127294723655,5.880818765736252,0.0,0,14,0.8730723857879639,17.754584534496963,7.717837474930086,0.0,1,4,0.8323214054107666,18.316622675069887,-1.1243271232406316,0.0,1,10,0.5366882085800171,22.172039793348947,1.8548159291809385,0.0,0,17,0.5484300851821899,12.795560937416349,-1.1135536880252215,0.0,2,15,0.81004798412323,22.422890993516535,4.818327985604095,0.0,0,20,0.6427008509635925,24.283984836583507,3.6437984686441895,0.0,0,22,0.6033225059509277,22.302205488623656,7.769127599738312,0.0,1,23,0.7023681402206421,19.350747321567578,-1.2617783185521516,0.0,2,25,0.4115120768547058,25.992758026975107,6.045454509757985,0.0,1,24,0.6291107535362244,22.844134305919535,-1.090112976808799,0.0,1,18,0.5548650622367859,26.35495390841644,0.9059354004309926,0.0,1,29,0.5312647223472595,26.89818607281673,3.810524098934088,0.0,1,28,0.6246303915977478,8.681472472677514,8.796602994138956,0.0,1,31,0.8998839259147644,7.05843720208673,-0.9926920339593118,0.0,1,32,0.603577733039856,2.2453240825028002,-4.525609990220293,0.0,0,33,0.8655943274497986,-0.12405145639084525,-5.5272970157667,0.0,0,41,0.9349911212921143
1777470439,722662086,map,3.253367279369283,2.111070626245518,0.0,0,40,0.9666358232498169,2.5583629162584125,-1.018968207982985,0.0,1,1,0.9763655662536621,8.250601591160999,5.787036050709239,0.0,0,2,0.7874506711959839,7.8828623664670365,1.9981940729182546,0.0,0,3,0.9325001239776611,17.80263579753541,1.8010179043640275,0.0,0,5,0.6945747137069702,17.865446776562997,4.952106806897845,0.0,0,16,0.8487797975540161,7.6711826331004636,-1.3222698743763532,0.0,2,8,0.6833113431930542,8.414282505831148,-0.817657969449192,0.0,2,11,0.9303148984909058,12.962356303890752,2.007880171306262,0.0,0,13,0.8945111036300659,12.782881720708751,9.142270586680576,0.0,1,12,0.8751353025436401,12.324040822014801,5.900241537531163,0.0,0,14,0.872162401676178,17.754584534496963,7.717837474930086,0.0,1,4,0.8295595645904541,18.316622675069887,-1.1243271232406316,0.0,1,10,0.5355385541915894,22.172039793348947,1.8548159291809385,0.0,0,17,0.5472296476364136,12.795560937416349,-1.1135536880252215,0.0,2,15,0.8074317574501038,22.422890993516535,4.818327985604095,0.0,0,20,0.641052782535553,24.283984836583507,3.6437984686441895,0.0,0,22,0.601870059967041,22.302205488623656,7.769127599738312,0.0,1,23,0.7004003524780273,19.350747321567578,-1.2617783185521516,0.0,2,25,0.4108358323574066,25.992758026975107,6.045454509757985,0.0,1,24,0.6275316476821899,22.844134305919535,-1.090112976808799,0.0,1,18,0.5536362528800964,26.35495390841644,0.9059354004309926,0.0,1,29,0.5301381349563599,26.89818607281673,3.810524098934088,0.0,1,28,0.6230736374855042,8.683529075929924,8.808097698260854,0.0,1,31,0.8998297452926636,7.05843720208673,-0.9926920339593118,0.0,1,32,0.602124035358429,2.2453240825028002,-4.525609990220293,0.0,0,33,0.8626076579093933,-0.14322640106767912,-5.497942481151806,0.0,0,41,0.9387080073356628
1777470439,822925309,map,3.2508024020911033,2.121623102043626,0.0,0,40,0.9665977358818054,2.5533846235235518,-1.0112688769977733,0.0,1,1,0.9764466285705566,8.208868490804756,5.80842965592587,0.0,0,2,0.7974981069564819,7.881845919205769,2.003581881844565,0.0,0,3,0.9325109720230103,17.80263579753541,1.8010179043640275,0.0,0,5,0.693611204624176,17.865446776562997,4.952106806897845,0.0,0,16,0.8473413586616516,7.6711826331004636,-1.3222698743763532,0.0,2,8,0.6823788285255432,8.41171675885537,-0.8124703280221867,0.0,2,11,0.9303612112998962,12.960928647020834,2.010436738242575,0.0,0,13,0.8945640921592712,12.784313120516638,9.1452716751144,0.0,1,12,0.875158965587616,12.324040822014801,5.900241537531163,0.0,0,14,0.8706437349319458,17.754584534496963,7.717837474930086,0.0,1,4,0.828185498714447,18.316622675069887,-1.1243271232406316,0.0,1,10,0.5349655747413635,22.172039793348947,1.8548159291809385,0.0,0,17,0.546631395816803,12.795560937416349,-1.1135536880252215,0.0,2,15,0.8061299324035645,22.422890993516535,4.818327985604095,0.0,0,20,0.6402319669723511,24.283984836583507,3.6437984686441895,0.0,0,22,0.601146399974823,22.302205488623656,7.769127599738312,0.0,1,23,0.6994206309318542,19.350747321567578,-1.2617783185521516,0.0,2,25,0.4104985296726227,25.992758026975107,6.045454509757985,0.0,1,24,0.6267450451850891,22.844134305919535,-1.090112976808799,0.0,1,18,0.5530239343643188,26.35495390841644,0.9059354004309926,0.0,1,29,0.5295766592025757,26.89818607281673,3.810524098934088,0.0,1,28,0.6222981214523315,8.684088907118014,8.812612344386165,0.0,1,31,0.8998202085494995,7.05843720208673,-0.9926920339593118,0.0,1,32,0.601399838924408,2.2453240825028002,-4.525609990220293,0.0,0,33,0.8611220717430115,-0.14748760335984584,-5.492501797423603,0.0,0,41,0.9401294589042664
1777470439,922364532,map,3.2547029904256504,2.1240313667479445,0.0,0,40,0.966573178768158,2.560545120141759,-1.0203421938308577,0.0,1,1,0.9762275815010071,8.14464947304828,5.833751344396642,0.0,0,2,0.8146863579750061,7.884052010701904,2.00849783655008,0.0,0,3,0.9324917793273926,17.80263579753541,1.8010179043640275,0.0,0,5,0.6916921734809875,17.865446776562997,4.952106806897845,0.0,0,16,0.8444791436195374,7.6711826331004636,-1.3222698743763532,0.0,2,8,0.6805213093757629,8.41247654751425,-0.807663086024849,0.0,2,11,0.9303561449050903,12.960853385322817,2.013744550213709,0.0,0,13,0.8946307301521301,12.787112802853764,9.149575634927176,0.0,1,12,0.8752171993255615,12.324040822014801,5.900241537531163,0.0,0,14,0.8676221966743469,17.754584534496963,7.717837474930086,0.0,1,4,0.8254510164260864,18.316622675069887,-1.1243271232406316,0.0,1,10,0.5338232517242432,22.172039793348947,1.8548159291809385,0.0,0,17,0.5454387664794922,12.795560937416349,-1.1135536880252215,0.0,2,15,0.8035389184951782,22.422890993516535,4.818327985604095,0.0,0,20,0.6385965347290039,24.283984836583507,3.6437984686441895,0.0,0,22,0.599704384803772,22.302205488623656,7.769127599738312,0.0,1,23,0.6974692940711975,19.350747321567578,-1.2617783185521516,0.0,2,25,0.4098255932331085,25.992758026975107,6.045454509757985,0.0,1,24,0.6251777410507202,22.844134305919535,-1.090112976808799,0.0,1,18,0.5518032908439636,26.35495390841644,0.9059354004309926,0.0,1,29,0.5284572243690491,26.89818607281673,3.810524098934088,0.0,1,28,0.6207529902458191,8.685386576222736,8.817856552514021,0.0,1,31,0.8998371958732605,7.05843720208673,-0.9926920339593118,0.0,1,32,0.5999565720558167,2.2453240825028002,-4.525609990220293,0.0,0,33,0.8581660985946655,-0.13963773254723488,-5.500909390402892,0.0,0,41,0.9422218799591064
1777470440,24170102,map,3.2581953675280797,2.1251086394675505,0.0,0,40,0.9665622115135193,2.5671036236902793,-1.0298124483073285,0.0,1,1,0.976046085357666,8.097218619760223,5.855810795713208,0.0,0,2,0.8286188840866089,7.88618884947354,2.012606790673111,0.0,0,3,0.9324756860733032,17.80263579753541,1.8010179043640275,0.0,0,5,0.6897836923599243,17.865446776562997,4.952106806897845,0.0,0,16,0.8416361212730408,7.6711826331004636,-1.3222698743763532,0.0,2,8,0.6786739230155945,8.413200843610731,-0.8036371334499709,0.0,2,11,0.9303503632545471,12.960790657837967,2.016570035433157,0.0,0,13,0.8946934938430786,12.78975988303237,9.153515658280757,0.0,1,12,0.8752750158309937,12.324040822014801,5.900241537531163,0.0,0,14,0.8646215200424194,17.754584534496963,7.717837474930086,0.0,1,4,0.8227344751358032,18.316622675069887,-1.1243271232406316,0.0,1,10,0.5326858162879944,22.172039793348947,1.8548159291809385,0.0,0,17,0.5442513227462769,12.795560937416349,-1.1135536880252215,0.0,2,15,0.8009644746780396,22.422890993516535,4.818327985604095,0.0,0,20,0.6369695067405701,24.283984836583507,3.6437984686441895,0.0,0,22,0.5982692241668701,22.302205488623656,7.769127599738312,0.0,1,23,0.6955288648605347,19.350747321567578,-1.2617783185521516,0.0,2,25,0.40915486216545105,25.992758026975107,6.045454509757985,0.0,1,24,0.6236182451248169,22.844134305919535,-1.090112976808799,0.0,1,18,0.5505880117416382,26.35495390841644,0.9059354004309926,0.0,1,29,0.5273424983024597,26.89818607281673,3.810524098934088,0.0,1,28,0.6192154288291931,8.686534855034973,8.822590594477482,0.0,1,31,0.8998574018478394,7.05843720208673,-0.9926920339593118,0.0,1,32,0.5985202193260193,2.2453240825028002,-4.525609990220293,0.0,0,33,0.8552303910255432,-0.13275113058223714,-5.509155665839984,0.0,0,41,0.9439295530319214,12.564569591844387,6.080910907161191,0.0,0,42,0.6726106405258179
1777470440,122422806,map,3.259199263767838,2.1274033812212103,0.0,0,40,0.9665501117706299,2.5685571871315585,-1.0314080657796125,0.0,1,1,0.9760133028030396,8.083439669681315,5.862665603413768,0.0,0,2,0.8345659375190735,7.886824535763166,2.0153100372279837,0.0,0,3,0.9324712753295898,17.80263579753541,1.8010179043640275,0.0,0,5,0.6888333559036255,17.865446776562997,4.952106806897845,0.0,0,16,0.8402218222618103,7.6711826331004636,-1.3222698743763532,0.0,2,8,0.6777539849281311,8.413037371273045,-0.8009980702415018,0.0,2,11,0.9303564429283142,12.960516589839559,2.018257855433372,0.0,0,13,0.894726037979126,12.791218406471055,9.155608021509256,0.0,1,12,0.8752995133399963,12.324040822014801,5.900241537531163,0.0,0,14,0.8631289601325989,17.754584534496963,7.717837474930086,0.0,1,4,0.8213829398155212,18.316622675069887,-1.1243271232406316,0.0,1,10,0.5321189165115356,22.172039793348947,1.8548159291809385,0.0,0,17,0.5436595678329468,12.795560937416349,-1.1135536880252215,0.0,2,15,0.7996834516525269,22.422890993516535,4.818327985604095,0.0,0,20,0.6361590623855591,24.283984836583507,3.6437984686441895,0.0,0,22,0.5975542664527893,22.302205488623656,7.769127599738312,0.0,1,23,0.6945626735687256,19.350747321567578,-1.2617783185521516,0.0,2,25,0.40882033109664917,25.992758026975107,6.045454509757985,0.0,1,24,0.6228414177894592,22.844134305919535,-1.090112976808799,0.0,1,18,0.5499824285507202,26.35495390841644,0.9059354004309926,0.0,1,29,0.5267868638038635,26.89818607281673,3.810524098934088,0.0,1,28,0.6184495091438293,8.687185397143624,8.825258191418689,0.0,1,31,0.8998622298240662,7.05843720208673,-0.9926920339593118,0.0,1,32,0.597804605960846,2.2453240825028002,-4.525609990220293,0.0,0,33,0.8537700176239014,-0.13093397472339585,-5.51099434659863,0.0,0,41,0.9447062611579895,12.568293427395146,6.080719528378829,0.0,0,42,0.6848428845405579
1777470440,225242596,map,3.263621564967845,2.124169983132561,0.0,0,40,0.9665589332580566,2.5755311742441274,-1.042257567566812,0.0,1,1,0.9758455157279968,8.061089008090978,5.873946456019368,0.0,0,2,0.8449816107749939,7.888985111566506,2.0186500588770278,0.0,0,3,0.9324563145637512,17.80263579753541,1.8010179043640275,0.0,0,5,0.686940610408783,17.865446776562997,4.952106806897845,0.0,0,16,0.8374074101448059,7.6711826331004636,-1.3222698743763532,0.0,2,8,0.6759215593338013,8.414242107598469,-0.7976354848725395,0.0,2,11,0.9303423166275024,12.960556994266714,2.0211091736587834,0.0,0,13,0.8947807550430298,12.793560516943028,9.159426768709018,0.0,1,12,0.875354528427124,12.324040822014801,5.900241537531163,0.0,0,14,0.8601592183113098,17.754584534496963,7.717837474930086,0.0,1,4,0.8186931014060974,18.316622675069887,-1.1243271232406316,0.0,1,10,0.5309886932373047,22.172039793348947,1.8548159291809385,0.0,0,17,0.5424798727035522,12.795560937416349,-1.1135536880252215,0.0,2,15,0.7971336245536804,22.422890993516535,4.818327985604095,0.0,0,20,0.6345443725585938,24.283984836583507,3.6437984686441895,0.0,0,22,0.5961293578147888,22.302205488623656,7.769127599738312,0.0,1,23,0.6926383972167969,19.350747321567578,-1.2617783185521516,0.0,2,25,0.40815287828445435,25.992758026975107,6.045454509757985,0.0,1,24,0.6212935447692871,22.844134305919535,-1.090112976808799,0.0,1,18,0.5487751364707947,26.35495390841644,0.9059354004309926,0.0,1,29,0.5256792306900024,26.89818607281673,3.810524098934088,0.0,1,28,0.6169233918190002,8.687814046263826,8.829514993892694,0.0,1,31,0.8998876810073853,7.05843720208673,-0.9926920339593118,0.0,1,32,0.5963785648345947,2.2453240825028002,-4.525609990220293,0.0,0,33,0.8508642911911011,-0.12317276068333388,-5.520391272527198,0.0,0,41,0.9459481239318848,12.5747298123538,6.078995360311741,0.0,0,42,0.7065092921257019
1777470440,322537877,map,3.265911740795576,2.123538435955947,0.0,0,40,0.9665519595146179,2.5789153344629816,-1.0460315523656867,0.0,1,1,0.9757843613624573,8.053527969897699,5.8786530371379015,0.0,0,2,0.8495282530784607,7.89017994921311,2.020554517369283,0.0,0,3,0.9324460029602051,17.80263579753541,1.8010179043640275,0.0,0,5,0.6859981417655945,17.865446776562997,4.952106806897845,0.0,0,16,0.8360072374343872,7.6711826331004636,-1.3222698743763532,0.0,2,8,0.67500901222229,8.414945685269801,-0.7957417207482629,0.0,2,11,0.9303345084190369,12.960694730486656,2.022624071011424,0.0,0,13,0.894804835319519,12.794801577346073,9.161413198108386,0.0,1,12,0.8753788471221924,12.324040822014801,5.900241537531163,0.0,0,14,0.8586820363998413,17.754584534496963,7.717837474930086,0.0,1,4,0.8173547387123108,18.316622675069887,-1.1243271232406316,0.0,1,10,0.5304254293441772,22.172039793348947,1.8548159291809385,0.0,0,17,0.5418919324874878,12.795560937416349,-1.1135536880252215,0.0,2,15,0.7958648204803467,22.422890993516535,4.818327985604095,0.0,0,20,0.6337401270866394,24.283984836583507,3.6437984686441895,0.0,0,22,0.5954194664955139,22.302205488623656,7.769127599738312,0.0,1,23,0.6916801929473877,19.350747321567578,-1.2617783185521516,0.0,2,25,0.4078199863433838,25.992758026975107,6.045454509757985,0.0,1,24,0.6205224990844727,22.844134305919535,-1.090112976808799,0.0,1,18,0.5481734871864319,26.35495390841644,0.9059354004309926,0.0,1,29,0.525127112865448,26.89818607281673,3.810524098934088,0.0,1,28,0.6161631345748901,8.688223890956618,8.831717824451106,0.0,1,31,0.8998972773551941,7.05843720208673,-0.9926920339593118,0.0,1,32,0.5956680774688721,2.2453240825028002,-4.525609990220293,0.0,0,33,0.8494188189506531,-0.11955974796179532,-5.523985306919682,0.0,0,41,0.9465044140815735,12.578284529348156,6.078603289894178,0.0,0,42,0.7161074876785278
1777470440,424757044,map,3.272412610493894,2.1166754543905735,0.0,0,40,0.9665567874908447,2.5894665840557853,-1.0602292616631925,0.0,1,1,0.975572943687439,8.04238482538525,5.883816404357906,0.0,0,2,0.8576082587242126,7.893569429815246,2.0223966812597296,0.0,0,3,0.9324175715446472,17.80263579753541,1.8010179043640275,0.0,0,5,0.6841209530830383,17.865446776562997,4.952106806897845,0.0,0,16,0.833220899105072,7.6711826331004636,-1.3222698743763532,0.0,2,8,0.6731913685798645,8.417916517600064,-0.7937576895273997,0.0,2,11,0.9302932620048523,12.961647494501292,2.0251112043524198,0.0,0,13,0.8948419690132141,12.797127038888721,9.164926059732766,0.0,1,12,0.8754296898841858,12.324040822014801,5.900241537531163,0.0,0,14,0.8557428121566772,17.754584534496963,7.717837474930086,0.0,1,4,0.8146911859512329,18.316622675069887,-1.1243271232406316,0.0,1,10,0.5293024182319641,22.172039793348947,1.8548159291809385,0.0,0,17,0.5407198667526245,12.795560937416349,-1.1135536880252215,0.0,2,15,0.7933392524719238,22.422890993516535,4.818327985604095,0.0,0,20,0.632137656211853,24.283984836583507,3.6437984686441895,0.0,0,22,0.59400475025177,22.302205488623656,7.769127599738312,0.0,1,23,0.6897717714309692,19.350747321567578,-1.2617783185521516,0.0,2,25,0.4071558117866516,25.992758026975107,6.045454509757985,0.0,1,24,0.6189860701560974,22.844134305919535,-1.090112976808799,0.0,1,18,0.5469741225242615,26.35495390841644,0.9059354004309926,0.0,1,29,0.5240263938903809,26.89818607281673,3.810524098934088,0.0,1,28,0.6146482229232788,8.688819998991699,8.835001601102336,0.0,1,31,0.8999278545379639,7.05843720208673,-0.9926920339593118,0.0,1,32,0.5942521691322327,2.2453240825028002,-4.525609990220293,0.0,0,33,0.8465425372123718,-0.10864622346370556,-5.5360708505325364,0.0,0,41,0.9473820924758911,12.585545411744238,6.076644448963192,0.0,0,42,0.7332809567451477
1777470440,522704665,map,3.27417295476352,2.1167055991646833,0.0,0,40,0.9665485620498657,2.592023727088907,-1.0624336115331217,0.0,1,1,0.9755494594573975,8.037607611208395,5.887593513549802,0.0,0,2,0.8611815571784973,7.894617479459134,2.024442399551964,0.0,0,3,0.9324087500572205,17.80263579753541,1.8010179043640275,0.0,0,5,0.6831861734390259,17.865446776562997,4.952106806897845,0.0,0,16,0.8318347334861755,7.6711826331004636,-1.3222698743763532,0.0,2,8,0.6722862124443054,8.418573043242034,-0.7917175518847172,0.0,2,11,0.9302875399589539,12.961751020394537,2.0267903081360816,0.0,0,13,0.8948637247085571,12.798363346061569,9.166992841648776,0.0,1,12,0.875450074672699,12.324040822014801,5.900241537531163,0.0,0,14,0.8542807102203369,17.754584534496963,7.717837474930086,0.0,1,4,0.8133658766746521,18.316622675069887,-1.1243271232406316,0.0,1,10,0.5287426710128784,22.172039793348947,1.8548159291809385,0.0,0,17,0.5401357412338257,12.795560937416349,-1.1135536880252215,0.0,2,15,0.7920824885368347,22.422890993516535,4.818327985604095,0.0,0,20,0.6313394904136658,24.283984836583507,3.6437984686441895,0.0,0,22,0.593299925327301,22.302205488623656,7.769127599738312,0.0,1,23,0.68882155418396,19.350747321567578,-1.2617783185521516,0.0,2,25,0.40682452917099,25.992758026975107,6.045454509757985,0.0,1,24,0.6182207465171814,22.844134305919535,-1.090112976808799,0.0,1,18,0.5463764071464539,26.35495390841644,0.9059354004309926,0.0,1,29,0.5234777331352234,26.89818607281673,3.810524098934088,0.0,1,28,0.6138935685157776,8.689151391917077,8.837248869125697,0.0,1,31,0.8999351263046265,7.05843720208673,-0.9926920339593118,0.0,1,32,0.5935466885566711,2.2453240825028002,-4.525609990220293,0.0,0,33,0.8451116681098938,-0.10547195306751102,-5.538831282872667,0.0,0,41,0.9478182196617126,12.588822859256627,6.076954838600022,0.0,0,42,0.7409750819206238
1777470440,624778603,map,3.2760918211949988,2.1139974486829383,0.0,0,40,0.9665612578392029,2.5952237882783953,-1.0681265861971294,0.0,1,1,0.9754936099052429,8.032931574135647,5.890011544521523,0.0,0,2,0.8645197749137878,7.895754686130127,2.0254088860279804,0.0,0,3,0.9324026107788086,17.80263579753541,1.8010179043640275,0.0,0,5,0.6822539567947388,17.865446776562997,4.952106806897845,0.0,0,16,0.830453097820282,7.6711826331004636,-1.3222698743763532,0.0,2,8,0.6713835000991821,8.419500449102879,-0.7906946850606948,0.0,2,11,0.9302764534950256,12.961924781712161,2.027999204675349,0.0,0,13,0.8948847055435181,12.799419942861293,9.16876907773631,0.0,1,12,0.8754738569259644,12.414774862991301,5.959960598045465,0.0,0,43,0.8975988626480103,17.754584534496963,7.717837474930086,0.0,1,4,0.8120449185371399,18.316622675069887,-1.1243271232406316,0.0,1,10,0.5281841158866882,22.172039793348947,1.8548159291809385,0.0,0,17,0.5395528674125671,12.795560937416349,-1.1135536880252215,0.0,2,15,0.7908296585083008,22.422890993516535,4.818327985604095,0.0,0,20,0.6305432915687561,24.283984836583507,3.6437984686441895,0.0,0,22,0.592596709728241,22.302205488623656,7.769127599738312,0.0,1,23,0.687873899936676,19.350747321567578,-1.2617783185521516,0.0,2,25,0.40649378299713135,25.992758026975107,6.045454509757985,0.0,1,24,0.6174573302268982,22.844134305919535,-1.090112976808799,0.0,1,18,0.5457800030708313,26.35495390841644,0.9059354004309926,0.0,1,29,0.5229302644729614,26.89818607281673,3.810524098934088,0.0,1,28,0.6131407618522644,8.689231277915383,8.83897481995442,0.0,1,31,0.8999496698379517,7.05843720208673,-0.9926920339593118,0.0,1,32,0.5928429365158081,2.2453240825028002,-4.525609990220293,0.0,0,33,0.8436856269836426,-0.10154016517382736,-5.543833754461082,0.0,0,41,0.948175847530365
1777470440,722455119,map,3.2824497658083294,2.1055710460296666,0.0,0,40,0.9665734767913818,2.6058650286942853,-1.0827122246577918,0.0,1,1,0.9753062129020691,8.025470149407111,5.89216467792816,0.0,0,2,0.8705281615257263,7.8993330589923945,2.0263870618867794,0.0,0,3,0.9323742389678955,17.80263579753541,1.8010179043640275,0.0,0,5,0.6803971529006958,17.865446776562997,4.952106806897845,0.0,0,16,0.8277036547660828,7.6711826331004636,-1.3222698743763532,0.0,2,8,0.6695852875709534,8.423120623923259,-0.7894868012969759,0.0,2,11,0.9302273988723755,12.962756655353482,2.0291500445263617,0.0,0,13,0.8932968378067017,12.80142681051933,9.171960395400534,0.0,1,12,0.8755224943161011,12.422173075286086,5.962605017390658,0.0,0,43,0.8970898389816284,17.754584534496963,7.717837474930086,0.0,1,4,0.8094158172607422,18.316622675069887,-1.1243271232406316,0.0,1,10,0.5270705819129944,22.172039793348947,1.8548159291809385,0.0,0,17,0.5383909344673157,12.795560937416349,-1.1135536880252215,0.0,2,15,0.788335919380188,22.422890993516535,4.818327985604095,0.0,0,20,0.6289569735527039,24.283984836583507,3.6437984686441895,0.0,0,22,0.5911953449249268,22.302205488623656,7.769127599738312,0.0,1,23,0.6859863996505737,19.350747321567578,-1.2617783185521516,0.0,2,25,0.405833899974823,25.992758026975107,6.045454509757985,0.0,1,24,0.6159360408782959,22.844134305919535,-1.090112976808799,0.0,1,18,0.5445911288261414,26.35495390841644,0.9059354004309926,0.0,1,29,0.5218387246131897,26.89818607281673,3.810524098934088,0.0,1,28,0.6116406917572021,8.689296071180179,8.841469974641374,0.0,1,31,0.8999871015548706,7.05843720208673,-0.9926920339593118,0.0,1,32,0.5914404392242432,2.2453240825028002,-4.525609990220293,0.0,0,33,0.8408480286598206,-0.09002378889282103,-5.5565347918307335,0.0,0,41,0.9487475156784058
1777470440,822815966,map,3.284931686962791,2.1011141858737887,0.0,0,40,0.9665895104408264,2.61016805974185,-1.0900436656169115,0.0,1,1,0.9752326011657715,8.021950100987636,5.892839584064709,0.0,0,2,0.873237133026123,7.900831823090564,2.026632107048544,0.0,0,3,0.9323652386665344,17.80263579753541,1.8010179043640275,0.0,0,5,0.6794725060462952,17.865446776562997,4.952106806897845,0.0,0,16,0.8263357281684875,7.6711826331004636,-1.3222698743763532,0.0,2,8,0.6686898469924927,8.423120623923259,-0.7894868012969759,0.0,2,11,0.9284999370574951,12.962756655353482,2.0291500445263617,0.0,0,13,0.891703724861145,12.802294048996973,9.1734227786093,0.0,1,12,0.8755478858947754,12.425754260566332,5.963797942186401,0.0,0,43,0.8968477845191956,17.754584534496963,7.717837474930086,0.0,1,4,0.8081076145172119,18.316622675069887,-1.1243271232406316,0.0,1,10,0.526515543460846,22.172039793348947,1.8548159291809385,0.0,0,17,0.537811815738678,12.795560937416349,-1.1135536880252215,0.0,2,15,0.7870949506759644,22.422890993516535,4.818327985604095,0.0,0,20,0.6281667947769165,24.283984836583507,3.6437984686441895,0.0,0,22,0.5904971957206726,22.302205488623656,7.769127599738312,0.0,1,23,0.6850465536117554,19.350747321567578,-1.2617783185521516,0.0,2,25,0.4055047631263733,25.992758026975107,6.045454509757985,0.0,1,24,0.6151782274246216,22.844134305919535,-1.090112976808799,0.0,1,18,0.5439985990524292,26.35495390841644,0.9059354004309926,0.0,1,29,0.5212946534156799,26.89818607281673,3.810524098934088,0.0,1,28,0.6108934283256531,8.689129644470235,8.842548476040633,0.0,1,31,0.9000082612037659,7.05843720208673,-0.9926920339593118,0.0,1,32,0.5907416343688965,2.2453240825028002,-4.525609990220293,0.0,0,33,0.8394363522529602,-0.08493724844333633,-5.562872965486425,0.0,0,41,0.948992133140564
1777470440,922369791,map,3.291878962257391,2.086678018488969,0.0,0,40,0.96663498878479,2.6223732722679745,-1.110788687825405,0.0,1,1,0.97499680519104,8.015473405564915,5.8902455548626245,0.0,0,2,0.8781818747520447,7.904854046687409,2.0251133336679685,0.0,0,3,0.9323391914367676,17.80263579753541,1.8010179043640275,0.0,0,5,0.6776307821273804,17.865446776562997,4.952106806897845,0.0,0,16,0.8236134052276611,7.6711826331004636,-1.3222698743763532,0.0,2,8,0.6669059991836548,8.423120623923259,-0.7894868012969759,0.0,2,11,0.9250642657279968,12.962756655353482,2.0291500445263617,0.0,0,13,0.8885344862937927,12.803609620224803,9.175395538759318,0.0,1,12,0.8756080269813538,12.432930232243397,5.965176184821331,0.0,0,43,0.8963886499404907,17.754584534496963,7.717837474930086,0.0,1,4,0.8055038452148438,18.316622675069887,-1.1243271232406316,0.0,1,10,0.5254089832305908,22.172039793348947,1.8548159291809385,0.0,0,17,0.5366573333740234,12.795560937416349,-1.1135536880252215,0.0,2,15,0.7846246361732483,22.422890993516535,4.818327985604095,0.0,0,20,0.6265923976898193,24.283984836583507,3.6437984686441895,0.0,0,22,0.5891057252883911,22.302205488623656,7.769127599738312,0.0,1,23,0.6831744909286499,19.350747321567578,-1.2617783185521516,0.0,2,25,0.4048480987548828,25.992758026975107,6.045454509757985,0.0,1,24,0.6136681437492371,22.844134305919535,-1.090112976808799,0.0,1,18,0.5428174138069153,26.35495390841644,0.9059354004309926,0.0,1,29,0.5202099084854126,26.89818607281673,3.810524098934088,0.0,1,28,0.6094042658805847,8.688266527905517,8.842892373079025,0.0,1,31,0.9000718593597412,7.05843720208673,-0.9926920339593118,0.0,1,32,0.5893490314483643,2.2453240825028002,-4.525609990220293,0.0,0,33,0.8366271257400513,-0.07853524926290972,-5.5704998279909175,0.0,0,41,0.9473910331726074
1777470441,25591537,map,3.301302767926021,2.0605851039516123,0.0,0,40,0.9667282700538635,2.639336124008733,-1.1435576994656838,0.0,1,1,0.9746198058128357,8.008963167608016,5.8810402253425265,0.0,0,2,0.8826075196266174,7.910132340880177,2.0193986356598606,0.0,0,3,0.9323094487190247,17.80263579753541,1.8010179043640275,0.0,0,5,0.6757990121841431,17.865446776562997,4.952106806897845,0.0,0,16,0.8209089636802673,7.6711826331004636,-1.3222698743763532,0.0,2,8,0.665131688117981,8.423120623923259,-0.7894868012969759,0.0,2,11,0.9216539263725281,12.962756655353482,2.0291500445263617,0.0,0,13,0.8853877186775208,12.803799097037865,9.175579737240065,0.0,1,12,0.8756908774375916,12.439848806532032,5.964761258930623,0.0,0,43,0.8959675431251526,17.754584534496963,7.717837474930086,0.0,1,4,0.8029168844223022,18.316622675069887,-1.1243271232406316,0.0,1,10,0.5243070721626282,22.172039793348947,1.8548159291809385,0.0,0,17,0.5355077981948853,12.795560937416349,-1.1135536880252215,0.0,2,15,0.7821698188781738,22.422890993516535,4.818327985604095,0.0,0,20,0.6250258088111877,24.283984836583507,3.6437984686441895,0.0,0,22,0.5877208113670349,22.302205488623656,7.769127599738312,0.0,1,23,0.6813126802444458,19.350747321567578,-1.2617783185521516,0.0,2,25,0.40419355034828186,25.992758026975107,6.045454509757985,0.0,1,24,0.6121655106544495,22.844134305919535,-1.090112976808799,0.0,1,18,0.5416414141654968,26.35495390841644,0.9059354004309926,0.0,1,29,0.5191296935081482,26.89818607281673,3.810524098934088,0.0,1,28,0.607922375202179,8.685929088490624,8.839555765479636,0.0,1,31,0.9001833200454712,7.05843720208673,-0.9926920339593118,0.0,1,32,0.5879629850387573,2.2453240825028002,-4.525609990220293,0.0,0,33,0.8338367342948914,-0.07853524926290972,-5.5704998279909175,0.0,0,41,0.9438143968582153
1777470441,122708545,map,3.3075629930217607,2.0438576162698703,0.0,0,40,0.9667758941650391,2.650180371567948,-1.1632879442045365,0.0,1,1,0.9743801951408386,8.00659217406145,5.875076130051033,0.0,0,2,0.8846231698989868,7.913556423521077,2.015237974922002,0.0,0,3,0.9322874546051025,17.80263579753541,1.8010179043640275,0.0,0,5,0.6748868227005005,17.865446776562997,4.952106806897845,0.0,0,16,0.8195633888244629,7.6711826331004636,-1.3222698743763532,0.0,2,8,0.6642480492591858,8.423120623923259,-0.7894868012969759,0.0,2,11,0.9199581146240234,12.962756655353482,2.0291500445263617,0.0,0,13,0.8838226795196533,12.803734267607174,9.175368750421994,0.0,1,12,0.8757346868515015,12.443483133349726,5.964200919867293,0.0,0,43,0.8957654237747192,17.754584534496963,7.717837474930086,0.0,1,4,0.8016296029090881,18.316622675069887,-1.1243271232406316,0.0,1,10,0.5237578749656677,22.172039793348947,1.8548159291809385,0.0,0,17,0.5349348783493042,12.795560937416349,-1.1135536880252215,0.0,2,15,0.7809481024742126,22.422890993516535,4.818327985604095,0.0,0,20,0.6242454648017883,24.283984836583507,3.6437984686441895,0.0,0,22,0.5870307683944702,22.302205488623656,7.769127599738312,0.0,1,23,0.6803855895996094,19.350747321567578,-1.2617783185521516,0.0,2,25,0.40386706590652466,25.992758026975107,6.045454509757985,0.0,1,24,0.6114169359207153,22.844134305919535,-1.090112976808799,0.0,1,18,0.5410552620887756,26.35495390841644,0.9059354004309926,0.0,1,29,0.5185912847518921,26.89818607281673,3.810524098934088,0.0,1,28,0.6071841716766357,8.68462995401399,8.837084128395617,0.0,1,31,0.9002463221549988,7.05843720208673,-0.9926920339593118,0.0,1,32,0.5872724056243896,2.2453240825028002,-4.525609990220293,0.0,0,33,0.8324484825134277,-0.07853524926290972,-5.5704998279909175,0.0,0,41,0.9420361518859863
1777470441,222435482,map,3.3143951723718663,2.024582384280365,0.0,0,40,0.9668347835540771,2.6623362412896587,-1.1872768634375126,0.0,1,1,0.9741986989974976,8.00276725173445,5.868657808640353,0.0,0,2,0.8882273435592651,7.918003612940696,2.010724972733776,0.0,0,3,0.932266354560852,17.80263579753541,1.8010179043640275,0.0,0,5,0.6730698347091675,17.865446776562997,4.952106806897845,0.0,0,16,0.8168854117393494,7.6711826331004636,-1.3222698743763532,0.0,2,8,0.6624878644943237,8.423120623923259,-0.7894868012969759,0.0,2,11,0.9165852665901184,12.962756655353482,2.0291500445263617,0.0,0,13,0.8807091116905212,12.804151861561207,9.17601105421104,0.0,1,12,0.8758041858673096,12.450642631958727,5.964206320565242,0.0,0,43,0.8953723311424255,17.754584534496963,7.717837474930086,0.0,1,4,0.7990673780441284,18.316622675069887,-1.1243271232406316,0.0,1,10,0.522662878036499,22.172039793348947,1.8548159291809385,0.0,0,17,0.5337926745414734,12.795560937416349,-1.1135536880252215,0.0,2,15,0.7785162329673767,22.422890993516535,4.818327985604095,0.0,0,20,0.6226906180381775,24.283984836583507,3.6437984686441895,0.0,0,22,0.5856555700302124,22.302205488623656,7.769127599738312,0.0,1,23,0.6785389184951782,19.350747321567578,-1.2617783185521516,0.0,2,25,0.4032156765460968,25.992758026975107,6.045454509757985,0.0,1,24,0.6099252700805664,22.844134305919535,-1.090112976808799,0.0,1,18,0.5398868322372437,26.35495390841644,0.9059354004309926,0.0,1,29,0.5175177454948425,26.89818607281673,3.810524098934088,0.0,1,28,0.6057130098342896,8.682655897418346,8.8348135202638,0.0,1,31,0.9003342390060425,7.05843720208673,-0.9926920339593118,0.0,1,32,0.5858960747718811,2.2453240825028002,-4.525609990220293,0.0,0,33,0.8296857476234436,-0.07853524926290972,-5.5704998279909175,0.0,0,41,0.9384997487068176
1777470441,322505462,map,3.314510813387435,2.0222158683003384,0.0,0,40,0.9668506383895874,2.6623362412896587,-1.1872768634375126,0.0,1,1,0.9723042249679565,8.000144920289644,5.868672019350162,0.0,0,2,0.889847993850708,7.918716011068804,2.0104687846917075,0.0,0,3,0.932270884513855,17.80263579753541,1.8010179043640275,0.0,0,5,0.672165036201477,17.865446776562997,4.952106806897845,0.0,0,16,0.8155530095100403,7.6711826331004636,-1.3222698743763532,0.0,2,8,0.6616111993789673,8.423120623923259,-0.7894868012969759,0.0,2,11,0.9149080514907837,12.962756655353482,2.0291500445263617,0.0,0,13,0.8791605234146118,12.80469924988628,9.17683032911585,0.0,1,12,0.8758295774459839,12.453990543972818,5.964793788548883,0.0,0,43,0.8951831459999084,17.754584534496963,7.717837474930086,0.0,1,4,0.797792375087738,18.316622675069887,-1.1243271232406316,0.0,1,10,0.5221170783042908,22.172039793348947,1.8548159291809385,0.0,0,17,0.5332234501838684,12.795560937416349,-1.1135536880252215,0.0,2,15,0.7773059010505676,22.422890993516535,4.818327985604095,0.0,0,20,0.6219161152839661,24.283984836583507,3.6437984686441895,0.0,0,22,0.5849704146385193,22.302205488623656,7.769127599738312,0.0,1,23,0.6776193380355835,19.350747321567578,-1.2617783185521516,0.0,2,25,0.40289077162742615,25.992758026975107,6.045454509757985,0.0,1,24,0.6091821193695068,22.844134305919535,-1.090112976808799,0.0,1,18,0.5393044948577881,26.35495390841644,0.9059354004309926,0.0,1,29,0.5169826745986938,26.89818607281673,3.810524098934088,0.0,1,28,0.6049801707267761,8.681944267221883,8.835163564944278,0.0,1,31,0.9003584980964661,7.05843720208673,-0.9926920339593118,0.0,1,32,0.5852103233337402,2.2453240825028002,-4.525609990220293,0.0,0,33,0.8283113241195679,-0.07853524926290972,-5.5704998279909175,0.0,0,41,0.9367414712905884
1777470441,422313026,map,3.317296448531902,2.0177622314664867,0.0,0,40,0.9668442606925964,2.6623362412896587,-1.1872768634375126,0.0,1,1,0.9685373902320862,7.996333775138758,5.869519655428071,0.0,0,2,0.8927855491638184,7.92135173629742,2.0101545543036026,0.0,0,3,0.9322599768638611,17.80263579753541,1.8010179043640275,0.0,0,5,0.670362651348114,17.865446776562997,4.952106806897845,0.0,0,16,0.8129011392593384,7.6711826331004636,-1.3222698743763532,0.0,2,8,0.6598649024963379,8.423120623923259,-0.7894868012969759,0.0,2,11,0.9115720391273499,12.962756655353482,2.0291500445263617,0.0,0,13,0.8760796785354614,12.80636757086235,9.178792111754165,0.0,1,12,0.8758686780929565,12.461323857188356,5.966348049580323,0.0,0,43,0.8948097825050354,17.754584534496963,7.717837474930086,0.0,1,4,0.7952545881271362,18.316622675069887,-1.1243271232406316,0.0,1,10,0.5210289359092712,22.172039793348947,1.8548159291809385,0.0,0,17,0.532088577747345,12.795560937416349,-1.1135536880252215,0.0,2,15,0.7748965620994568,22.422890993516535,4.818327985604095,0.0,0,20,0.6203728318214417,24.283984836583507,3.6437984686441895,0.0,0,22,0.5836048126220703,22.302205488623656,7.769127599738312,0.0,1,23,0.675787627696991,19.350747321567578,-1.2617783185521516,0.0,2,25,0.4022425413131714,25.992758026975107,6.045454509757985,0.0,1,24,0.6077013611793518,22.844134305919535,-1.090112976808799,0.0,1,18,0.5381436347961426,26.35495390841644,0.9059354004309926,0.0,1,29,0.5159158110618591,26.89818607281673,3.810524098934088,0.0,1,28,0.6035196781158447,8.68119769731384,8.836138526682742,0.0,1,31,0.9003950953483582,7.05843720208673,-0.9926920339593118,0.0,1,32,0.5838436484336853,2.2453240825028002,-4.525609990220293,0.0,0,33,0.8255759477615356,-0.07853524926290972,-5.5704998279909175,0.0,0,41,0.9332446455955505
1777470441,522464564,map,3.317317153748611,2.0172222415615972,0.0,0,40,0.9668463468551636,2.6623362412896587,-1.1872768634375126,0.0,1,1,0.9666649103164673,7.994080643344515,5.870565993464432,0.0,0,2,0.8941295146942139,7.922004937458772,2.010403943921141,0.0,0,3,0.9322624802589417,17.80263579753541,1.8010179043640275,0.0,0,5,0.6694650650024414,17.865446776562997,4.952106806897845,0.0,0,16,0.8115816712379456,7.6711826331004636,-1.3222698743763532,0.0,2,8,0.6589952111244202,8.423120623923259,-0.7894868012969759,0.0,2,11,0.909913182258606,12.962756655353482,2.0291500445263617,0.0,0,13,0.8745473027229309,12.807177168032984,9.179871158138782,0.0,1,12,0.8758864998817444,12.464844001158058,5.967273241631895,0.0,0,43,0.8946313858032227,17.754584534496963,7.717837474930086,0.0,1,4,0.79399174451828,18.316622675069887,-1.1243271232406316,0.0,1,10,0.5204865336418152,22.172039793348947,1.8548159291809385,0.0,0,17,0.5315229296684265,12.795560937416349,-1.1135536880252215,0.0,2,15,0.7736974954605103,22.422890993516535,4.818327985604095,0.0,0,20,0.6196040511131287,24.283984836583507,3.6437984686441895,0.0,0,22,0.5829244256019592,22.302205488623656,7.769127599738312,0.0,1,23,0.6748754978179932,19.350747321567578,-1.2617783185521516,0.0,2,25,0.4019191861152649,25.992758026975107,6.045454509757985,0.0,1,24,0.6069636344909668,22.844134305919535,-1.090112976808799,0.0,1,18,0.5375650525093079,26.35495390841644,0.9059354004309926,0.0,1,29,0.5153840184211731,26.89818607281673,3.810524098934088,0.0,1,28,0.6027920842170715,8.680736712789587,8.836923062368195,0.0,1,31,0.9004102349281311,7.05843720208673,-0.9926920339593118,0.0,1,32,0.5831626653671265,2.2453240825028002,-4.525609990220293,0.0,0,33,0.8242150545120239,-0.07853524926290972,-5.5704998279909175,0.0,0,41,0.9315059781074524
1777470441,624395460,map,3.319387073533894,2.0108998702336613,0.0,0,40,0.9668651223182678,2.6623362412896587,-1.1872768634375126,0.0,1,1,0.9629415273666382,7.990090880365969,5.870252073524793,0.0,0,2,0.89661705493927,7.924232152310354,2.009006361833236,0.0,0,3,0.932259738445282,17.80263579753541,1.8010179043640275,0.0,0,5,0.6676771640777588,17.865446776562997,4.952106806897845,0.0,0,16,0.8089554905891418,7.6711826331004636,-1.3222698743763532,0.0,2,8,0.6572626829147339,8.423120623923259,-0.7894868012969759,0.0,2,11,0.9066134095191956,12.962756655353482,2.0291500445263617,0.0,0,13,0.8714986443519592,12.808585517613258,9.181176782691264,0.0,1,12,0.8759292364120483,12.471919392982631,5.968153050256897,0.0,0,43,0.8942937850952148,17.754584534496963,7.717837474930086,0.0,1,4,0.7914780378341675,18.316622675069887,-1.1243271232406316,0.0,1,10,0.5194051861763,22.172039793348947,1.8548159291809385,0.0,0,17,0.5303952693939209,12.795560937416349,-1.1135536880252215,0.0,2,15,0.7713104486465454,22.422890993516535,4.818327985604095,0.0,0,20,0.6180722117424011,24.283984836583507,3.6437984686441895,0.0,0,22,0.5815683603286743,22.302205488623656,7.769127599738312,0.0,1,23,0.6730585694313049,19.350747321567578,-1.2617783185521516,0.0,2,25,0.40127408504486084,25.992758026975107,6.045454509757985,0.0,1,24,0.6054936051368713,22.844134305919535,-1.090112976808799,0.0,1,18,0.5364116430282593,26.35495390841644,0.9059354004309926,0.0,1,29,0.5143237113952637,26.89818607281673,3.810524098934088,0.0,1,28,0.6013421416282654,8.679566155201307,8.83715220781466,0.0,1,31,0.9004549384117126,7.05843720208673,-0.9926920339593118,0.0,1,32,0.5818055272102356,2.2453240825028002,-4.525609990220293,0.0,0,33,0.821506679058075,-0.07853524926290972,-5.5704998279909175,0.0,0,41,0.9280480742454529
1777470441,722645250,map,3.3220923220746665,2.0033017888465916,0.0,0,40,0.9668858647346497,2.6623362412896587,-1.1872768634375126,0.0,1,1,0.9610905647277832,7.988387343319478,5.868194412289856,0.0,0,2,0.8977764844894409,7.924232152310354,2.009006361833236,0.0,0,3,0.9305247664451599,17.80263579753541,1.8010179043640275,0.0,0,5,0.6667867302894592,17.865446776562997,4.952106806897845,0.0,0,16,0.8076488375663757,7.6711826331004636,-1.3222698743763532,0.0,2,8,0.6563998460769653,8.423120623923259,-0.7894868012969759,0.0,2,11,0.904972493648529,12.962756655353482,2.0291500445263617,0.0,0,13,0.8699823021888733,12.808947769723924,9.18139973667286,0.0,1,12,0.875956654548645,12.47547088407905,5.9680976769711656,0.0,0,43,0.8941344022750854,17.754584534496963,7.717837474930086,0.0,1,4,0.7902271151542664,18.316622675069887,-1.1243271232406316,0.0,1,10,0.5188661813735962,22.172039793348947,1.8548159291809385,0.0,0,17,0.529833197593689,12.795560937416349,-1.1135536880252215,0.0,2,15,0.7701224684715271,22.422890993516535,4.818327985604095,0.0,0,20,0.6173091530799866,24.283984836583507,3.6437984686441895,0.0,0,22,0.5808927416801453,22.302205488623656,7.769127599738312,0.0,1,23,0.6721537709236145,19.350747321567578,-1.2617783185521516,0.0,2,25,0.4009523093700409,25.992758026975107,6.045454509757985,0.0,1,24,0.6047612428665161,22.844134305919535,-1.090112976808799,0.0,1,18,0.5358367562294006,26.35495390841644,0.9059354004309926,0.0,1,29,0.5137951970100403,26.89818607281673,3.810524098934088,0.0,1,28,0.6006197929382324,8.67859536733303,8.836196142204397,0.0,1,31,0.9004910588264465,7.05843720208673,-0.9926920339593118,0.0,1,32,0.5811293125152588,2.2453240825028002,-4.525609990220293,0.0,0,33,0.8201591372489929,-0.07853524926290972,-5.5704998279909175,0.0,0,41,0.926328718662262
1777470441,822283005,map,3.325236508898548,1.9882657386854037,0.0,0,40,0.9669543504714966,2.6623362412896587,-1.1872768634375126,0.0,1,1,0.9574099183082581,7.985314447283227,5.863896762424678,0.0,0,2,0.8999104499816895,7.924232152310354,2.009006361833236,0.0,0,3,0.927074134349823,17.80263579753541,1.8010179043640275,0.0,0,5,0.6650130748748779,17.865446776562997,4.952106806897845,0.0,0,16,0.8050480484962463,7.6711826331004636,-1.3222698743763532,0.0,2,8,0.6546809077262878,8.423120623923259,-0.7894868012969759,0.0,2,11,0.9017084240913391,12.962756655353482,2.0291500445263617,0.0,0,13,0.8669652938842773,12.809593398431009,9.181600926988938,0.0,1,12,0.876011848449707,12.482497480291807,5.9677354589469775,0.0,0,43,0.8938304781913757,17.754584534496963,7.717837474930086,0.0,1,4,0.7877371907234192,18.316622675069887,-1.1243271232406316,0.0,1,10,0.5177915096282959,22.172039793348947,1.8548159291809385,0.0,0,17,0.5287126898765564,12.795560937416349,-1.1135536880252215,0.0,2,15,0.7677574157714844,22.422890993516535,4.818327985604095,0.0,0,20,0.6157886385917664,24.283984836583507,3.6437984686441895,0.0,0,22,0.5795460939407349,22.302205488623656,7.769127599738312,0.0,1,23,0.6703514456748962,19.350747321567578,-1.2617783185521516,0.0,2,25,0.4003102779388428,25.992758026975107,6.045454509757985,0.0,1,24,0.6033018231391907,22.844134305919535,-1.090112976808799,0.0,1,18,0.5346907377243042,26.35495390841644,0.9059354004309926,0.0,1,29,0.5127413868904114,26.89818607281673,3.810524098934088,0.0,1,28,0.599180281162262,8.67653580125519,8.834061938538845,0.0,1,31,0.9005640149116516,7.05843720208673,-0.9926920339593118,0.0,1,32,0.5797815918922424,2.2453240825028002,-4.525609990220293,0.0,0,33,0.817477285861969,-0.07853524926290972,-5.5704998279909175,0.0,0,41,0.9229090809822083
1777470441,922757600,map,3.3263365100044853,1.9760918838537112,0.0,0,40,0.9670271873474121,2.6623362412896587,-1.1872768634375126,0.0,1,1,0.9555801749229431,7.984009856821724,5.8621024075869395,0.0,0,2,0.9008870124816895,7.924232152310354,2.009006361833236,0.0,0,3,0.9253583550453186,17.80263579753541,1.8010179043640275,0.0,0,5,0.6641297340393066,17.865446776562997,4.952106806897845,0.0,0,16,0.8037539124488831,7.6711826331004636,-1.3222698743763532,0.0,2,8,0.6538248062133789,8.423120623923259,-0.7894868012969759,0.0,2,11,0.9000851511955261,12.962756655353482,2.0291500445263617,0.0,0,13,0.8654646277427673,12.810031049466067,9.181700825863196,0.0,1,12,0.8760369420051575,12.48604417174466,5.967556428127447,0.0,0,43,0.8936840891838074,17.754584534496963,7.717837474930086,0.0,1,4,0.7864980697631836,18.316622675069887,-1.1243271232406316,0.0,1,10,0.5172558426856995,22.172039793348947,1.8548159291809385,0.0,0,17,0.528154194355011,12.795560937416349,-1.1135536880252215,0.0,2,15,0.7665802836418152,22.422890993516535,4.818327985604095,0.0,0,20,0.6150311827659607,24.283984836583507,3.6437984686441895,0.0,0,22,0.5788751244544983,22.302205488623656,7.769127599738312,0.0,1,23,0.6694539189338684,19.350747321567578,-1.2617783185521516,0.0,2,25,0.3999900221824646,25.992758026975107,6.045454509757985,0.0,1,24,0.6025747656822205,22.844134305919535,-1.090112976808799,0.0,1,18,0.5341195464134216,26.35495390841644,0.9059354004309926,0.0,1,29,0.5122161507606506,26.89818607281673,3.810524098934088,0.0,1,28,0.5984631180763245,8.67562751055086,8.833141037859379,0.0,1,31,0.9005963802337646,7.05843720208673,-0.9926920339593118,0.0,1,32,0.5791100859642029,2.2453240825028002,-4.525609990220293,0.0,0,33,0.8161429166793823,-0.07853524926290972,-5.5704998279909175,0.0,0,41,0.9212086796760559
1777470442,22470842,map,3.3263365100044853,1.9760918838537112,0.0,0,40,0.9633010029792786,2.6623362412896587,-1.1872768634375126,0.0,1,1,0.9519415497779846,7.981117815080984,5.859415238019674,0.0,0,2,0.9026854038238525,7.924232152310354,2.009006361833236,0.0,0,3,0.9219458103179932,17.80263579753541,1.8010179043640275,0.0,0,5,0.6623701453208923,17.865446776562997,4.952106806897845,0.0,0,16,0.8011780977249146,7.6711826331004636,-1.3222698743763532,0.0,2,8,0.6521193385124207,8.423120623923259,-0.7894868012969759,0.0,2,11,0.8968561887741089,12.962756655353482,2.0291500445263617,0.0,0,13,0.8624788522720337,12.810822409119774,9.182011197003726,0.0,1,12,0.8760848045349121,12.492859871006564,5.967326823392216,0.0,0,43,0.8934053182601929,17.754584534496963,7.717837474930086,0.0,1,4,0.7840315103530884,18.316622675069887,-1.1243271232406316,0.0,1,10,0.516187846660614,22.172039793348947,1.8548159291809385,0.0,0,17,0.5270407795906067,12.795560937416349,-1.1135536880252215,0.0,2,15,0.7642369270324707,22.422890993516535,4.818327985604095,0.0,0,20,0.6135218143463135,24.283984836583507,3.6437984686441895,0.0,0,22,0.5775378346443176,22.302205488623656,7.769127599738312,0.0,1,23,0.6676660180091858,19.350747321567578,-1.2617783185521516,0.0,2,25,0.3993510901927948,25.992758026975107,6.045454509757985,0.0,1,24,0.6011258363723755,22.844134305919535,-1.090112976808799,0.0,1,18,0.5329808592796326,26.35495390841644,0.9059354004309926,0.0,1,29,0.5111688375473022,26.89818607281673,3.810524098934088,0.0,1,28,0.5970338582992554,8.673631095186495,8.831744140555784,0.0,1,31,0.9006560444831848,7.05843720208673,-0.9926920339593118,0.0,1,32,0.5777717232704163,2.2453240825028002,-4.525609990220293,0.0,0,33,0.8134872317314148,-0.07853524926290972,-5.5704998279909175,0.0,0,41,0.9178266525268555
1777470442,122433104,map,3.3263365100044853,1.9760918838537112,0.0,0,40,0.9614486694335938,2.6623362412896587,-1.1872768634375126,0.0,1,1,0.9501326084136963,7.979900682520924,5.856999853128438,0.0,0,2,0.9035236835479736,7.924232152310354,2.009006361833236,0.0,0,3,0.9202489852905273,17.80263579753541,1.8010179043640275,0.0,0,5,0.6614938378334045,17.865446776562997,4.952106806897845,0.0,0,16,0.7998964190483093,7.6711826331004636,-1.3222698743763532,0.0,2,8,0.6512699127197266,8.423120623923259,-0.7894868012969759,0.0,2,11,0.8952503800392151,12.962756655353482,2.0291500445263617,0.0,0,13,0.8609936833381653,12.811061726514467,9.18187540192928,0.0,1,12,0.8761116862297058,12.496316201201832,5.966893844373576,0.0,0,43,0.8932726383209229,17.754584534496963,7.717837474930086,0.0,1,4,0.782804012298584,18.316622675069887,-1.1243271232406316,0.0,1,10,0.515655517578125,22.172039793348947,1.8548159291809385,0.0,0,17,0.526485800743103,12.795560937416349,-1.1135536880252215,0.0,2,15,0.7630705833435059,22.422890993516535,4.818327985604095,0.0,0,20,0.6127699017524719,24.283984836583507,3.6437984686441895,0.0,0,22,0.5768715143203735,22.302205488623656,7.769127599738312,0.0,1,23,0.666775643825531,19.350747321567578,-1.2617783185521516,0.0,2,25,0.3990323841571808,25.992758026975107,6.045454509757985,0.0,1,24,0.6004040241241455,22.844134305919535,-1.090112976808799,0.0,1,18,0.5324133038520813,26.35495390841644,0.9059354004309926,0.0,1,29,0.5106467604637146,26.89818607281673,3.810524098934088,0.0,1,28,0.5963218212127686,8.672430967598741,8.830343427106396,0.0,1,31,0.9006938934326172,7.05843720208673,-0.9926920339593118,0.0,1,32,0.5771048665046692,2.2453240825028002,-4.525609990220293,0.0,0,33,0.8121658563613892,-0.07853524926290972,-5.5704998279909175,0.0,0,41,0.9161449074745178
1777470442,223751935,map,3.3263365100044853,1.9760918838537112,0.0,0,40,0.9577653408050537,2.6623362412896587,-1.1872768634375126,0.0,1,1,0.9465352892875671,7.977874151062725,5.851064485141452,0.0,0,2,0.9050807952880859,7.924232152310354,2.009006361833236,0.0,0,3,0.9168739914894104,17.80263579753541,1.8010179043640275,0.0,0,5,0.6597481369972229,17.865446776562997,4.952106806897845,0.0,0,16,0.7973452210426331,7.6711826331004636,-1.3222698743763532,0.0,2,8,0.6495777368545532,8.423120623923259,-0.7894868012969759,0.0,2,11,0.8920559287071228,12.962756655353482,2.0291500445263617,0.0,0,13,0.858038604259491,12.811400374301908,9.181109254173897,0.0,1,12,0.8761686086654663,12.503263455596313,5.96549191236637,0.0,0,43,0.8930202722549438,17.754584534496963,7.717837474930086,0.0,1,4,0.7803605198860168,18.316622675069887,-1.1243271232406316,0.0,1,10,0.5145940780639648,22.172039793348947,1.8548159291809385,0.0,0,17,0.5253794193267822,12.795560937416349,-1.1135536880252215,0.0,2,15,0.760748565196991,22.422890993516535,4.818327985604095,0.0,0,20,0.6112716197967529,24.283984836583507,3.6437984686441895,0.0,0,22,0.5755434632301331,22.302205488623656,7.769127599738312,0.0,1,23,0.6650019884109497,19.350747321567578,-1.2617783185521516,0.0,2,25,0.39839649200439453,25.992758026975107,6.045454509757985,0.0,1,24,0.5989655256271362,22.844134305919535,-1.090112976808799,0.0,1,18,0.5312818884849548,26.35495390841644,0.9059354004309926,0.0,1,29,0.509605884552002,26.89818607281673,3.810524098934088,0.0,1,28,0.5949028134346008,8.66983768982292,8.82672193768099,0.0,1,31,0.900777280330658,7.05843720208673,-0.9926920339593118,0.0,1,32,0.5757757425308228,2.2453240825028002,-4.525609990220293,0.0,0,33,0.8095359802246094,-0.07853524926290972,-5.5704998279909175,0.0,0,41,0.9127998948097229
1777470442,322716340,map,3.3263365100044853,1.9760918838537112,0.0,0,40,0.9559342265129089,2.6623362412896587,-1.1872768634375126,0.0,1,1,0.9447467923164368,7.977052166231403,5.848013760995634,0.0,0,2,0.9057997465133667,7.924232152310354,2.009006361833236,0.0,0,3,0.9151957631111145,17.80263579753541,1.8010179043640275,0.0,0,5,0.6588788032531738,17.865446776562997,4.952106806897845,0.0,0,16,0.796075701713562,7.6711826331004636,-1.3222698743763532,0.0,2,8,0.6487349271774292,8.423120623923259,-0.7894868012969759,0.0,2,11,0.8904672265052795,12.962756655353482,2.0291500445263617,0.0,0,13,0.8565686941146851,12.811524514436616,9.180677025174626,0.0,1,12,0.8761968016624451,12.506740022000656,5.964732332760462,0.0,0,43,0.8928992748260498,17.754584534496963,7.717837474930086,0.0,1,4,0.7791445255279541,18.316622675069887,-1.1243271232406316,0.0,1,10,0.5140650272369385,22.172039793348947,1.8548159291809385,0.0,0,17,0.5248278975486755,12.795560937416349,-1.1135536880252215,0.0,2,15,0.7595928311347961,22.422890993516535,4.818327985604095,0.0,0,20,0.6105252504348755,24.283984836583507,3.6437984686441895,0.0,0,22,0.5748817324638367,22.302205488623656,7.769127599738312,0.0,1,23,0.6641187071800232,19.350747321567578,-1.2617783185521516,0.0,2,25,0.3980793058872223,25.992758026975107,6.045454509757985,0.0,1,24,0.5982488393783569,22.844134305919535,-1.090112976808799,0.0,1,18,0.5307179689407349,26.35495390841644,0.9059354004309926,0.0,1,29,0.5090869665145874,26.89818607281673,3.810524098934088,0.0,1,28,0.5941958427429199,8.668465750946535,8.824818306377757,0.0,1,31,0.9008193016052246,7.05843720208673,-0.9926920339593118,0.0,1,32,0.5751134753227234,2.2453240825028002,-4.525609990220293,0.0,0,33,0.8082273602485657,-0.07853524926290972,-5.5704998279909175,0.0,0,41,0.9111365079879761
1777470442,422814038,map,3.3263365100044853,1.9760918838537112,0.0,0,40,0.9522928595542908,2.6623362412896587,-1.1872768634375126,0.0,1,1,0.9411900639533997,7.975300041085708,5.8420046243349475,0.0,0,2,0.9071335792541504,7.924232152310354,2.009006361833236,0.0,0,3,0.9118576049804688,17.80263579753541,1.8010179043640275,0.0,0,5,0.6571468710899353,17.865446776562997,4.952106806897845,0.0,0,16,0.7935488224029541,7.6711826331004636,-1.3222698743763532,0.0,2,8,0.6470558643341064,8.423120623923259,-0.7894868012969759,0.0,2,11,0.8873067498207092,12.962756655353482,2.0291500445263617,0.0,0,13,0.8536438941955566,12.8118624848359,9.17948860064635,0.0,1,12,0.8762524724006653,12.51358344583534,5.962896505925623,0.0,0,43,0.8926697969436646,17.754584534496963,7.717837474930086,0.0,1,4,0.7767238020896912,18.316622675069887,-1.1243271232406316,0.0,1,10,0.5130101442337036,22.172039793348947,1.8548159291809385,0.0,0,17,0.5237284302711487,12.795560937416349,-1.1135536880252215,0.0,2,15,0.7572919130325317,22.422890993516535,4.818327985604095,0.0,0,20,0.6090379357337952,24.283984836583507,3.6437984686441895,0.0,0,22,0.5735628008842468,22.302205488623656,7.769127599738312,0.0,1,23,0.6623591780662537,19.350747321567578,-1.2617783185521516,0.0,2,25,0.3974464535713196,25.992758026975107,6.045454509757985,0.0,1,24,0.5968206524848938,22.844134305919535,-1.090112976808799,0.0,1,18,0.5295937061309814,26.35495390841644,0.9059354004309926,0.0,1,29,0.508052408695221,26.89818607281673,3.810524098934088,0.0,1,28,0.5927869081497192,8.665733574367476,8.820884959486458,0.0,1,31,0.9009017944335938,7.05843720208673,-0.9926920339593118,0.0,1,32,0.5737934708595276,2.2453240825028002,-4.525609990220293,0.0,0,33,0.8056228756904602,-0.07853524926290972,-5.5704998279909175,0.0,0,41,0.9078279137611389
1777470442,522602093,map,3.3263365100044853,1.9760918838537112,0.0,0,40,0.9504826068878174,2.6623362412896587,-1.1872768634375126,0.0,1,1,0.9394217133522034,7.974612381929302,5.838052375913987,0.0,0,2,0.9077587723731995,7.924232152310354,2.009006361833236,0.0,0,3,0.9101976752281189,17.80263579753541,1.8010179043640275,0.0,0,5,0.6562843322753906,17.865446776562997,4.952106806897845,0.0,0,16,0.7922914028167725,7.6711826331004636,-1.3222698743763532,0.0,2,8,0.6462195515632629,8.423120623923259,-0.7894868012969759,0.0,2,11,0.8857349157333374,12.962756655353482,2.0291500445263617,0.0,0,13,0.8521889448165894,12.811903489236109,9.178546172836406,0.0,1,12,0.8762834072113037,12.517049337450917,5.9615930169421265,0.0,0,43,0.892561137676239,17.754584534496963,7.717837474930086,0.0,1,4,0.775519073009491,18.316622675069887,-1.1243271232406316,0.0,1,10,0.5124843120574951,22.172039793348947,1.8548159291809385,0.0,0,17,0.5231804251670837,12.795560937416349,-1.1135536880252215,0.0,2,15,0.7561466693878174,22.422890993516535,4.818327985604095,0.0,0,20,0.6082969903945923,24.283984836583507,3.6437984686441895,0.0,0,22,0.5729056000709534,22.302205488623656,7.769127599738312,0.0,1,23,0.6614829301834106,19.350747321567578,-1.2617783185521516,0.0,2,25,0.3971307575702667,25.992758026975107,6.045454509757985,0.0,1,24,0.59610915184021,22.844134305919535,-1.090112976808799,0.0,1,18,0.529033362865448,26.35495390841644,0.9059354004309926,0.0,1,29,0.5075367093086243,26.89818607281673,3.810524098934088,0.0,1,28,0.5920849442481995,8.664209386413395,8.818231242770851,0.0,1,31,0.9009503126144409,7.05843720208673,-0.9926920339593118,0.0,1,32,0.5731357336044312,2.2453240825028002,-4.525609990220293,0.0,0,33,0.8043268918991089,-0.07853524926290972,-5.5704998279909175,0.0,0,41,0.906182587146759
1777470442,624577468,map,3.3263365100044853,1.9760918838537112,0.0,0,40,0.9468826055526733,2.6623362412896587,-1.1872768634375126,0.0,1,1,0.935904860496521,7.973906689359891,5.830226523724301,0.0,0,2,0.9089106321334839,7.924232152310354,2.009006361833236,0.0,0,3,0.9068958759307861,17.80263579753541,1.8010179043640275,0.0,0,5,0.6545659899711609,17.865446776562997,4.952106806897845,0.0,0,16,0.7897884249687195,7.6711826331004636,-1.3222698743763532,0.0,2,8,0.6445534825325012,8.423120623923259,-0.7894868012969759,0.0,2,11,0.8826078772544861,12.962756655353482,2.0291500445263617,0.0,0,13,0.8492938876152039,12.81206371337858,9.176683515418492,0.0,1,12,0.8763418793678284,12.52414694084045,5.959022512940961,0.0,0,43,0.892349898815155,17.754584534496963,7.717837474930086,0.0,1,4,0.7731207609176636,18.316622675069887,-1.1243271232406316,0.0,1,10,0.5114359259605408,22.172039793348947,1.8548159291809385,0.0,0,17,0.5220878720283508,12.795560937416349,-1.1135536880252215,0.0,2,15,0.7538664937019348,22.422890993516535,4.818327985604095,0.0,0,20,0.6068204641342163,24.283984836583507,3.6437984686441895,0.0,0,22,0.5715957283973694,22.302205488623656,7.769127599738312,0.0,1,23,0.6597372889518738,19.350747321567578,-1.2617783185521516,0.0,2,25,0.39650091528892517,25.992758026975107,6.045454509757985,0.0,1,24,0.5946911573410034,22.844134305919535,-1.090112976808799,0.0,1,18,0.5279161930084229,26.35495390841644,0.9059354004309926,0.0,1,29,0.5065084099769592,26.89818607281673,3.810524098934088,0.0,1,28,0.590686023235321,8.661187513597191,8.812910433270678,0.0,1,31,0.9010442495346069,7.05843720208673,-0.9926920339593118,0.0,1,32,0.5718247890472412,2.2453240825028002,-4.525609990220293,0.0,0,33,0.8017474412918091,-0.07853524926290972,-5.5704998279909175,0.0,0,41,0.9029097557067871
1777470442,722633682,map,3.3263365100044853,1.9760918838537112,0.0,0,40,0.9450928568840027,2.6623362412896587,-1.1872768634375126,0.0,1,1,0.9341562986373901,7.9730352903678305,5.826899462137151,0.0,0,2,0.9094470143318176,7.924232152310354,2.009006361833236,0.0,0,3,0.9052539467811584,17.80263579753541,1.8010179043640275,0.0,0,5,0.6537101864814758,17.865446776562997,4.952106806897845,0.0,0,16,0.7885428667068481,7.6711826331004636,-1.3222698743763532,0.0,2,8,0.6437236666679382,8.423120623923259,-0.7894868012969759,0.0,2,11,0.8810526132583618,12.962756655353482,2.0291500445263617,0.0,0,13,0.8478537797927856,12.81208028846163,9.175817970672469,0.0,1,12,0.8763702511787415,12.52744881000372,5.957824116614739,0.0,0,43,0.8922509551048279,17.754584534496963,7.717837474930086,0.0,1,4,0.7719271779060364,18.316622675069887,-1.1243271232406316,0.0,1,10,0.5109133124351501,22.172039793348947,1.8548159291809385,0.0,0,17,0.5215432643890381,12.795560937416349,-1.1135536880252215,0.0,2,15,0.7527316212654114,22.422890993516535,4.818327985604095,0.0,0,20,0.6060848832130432,24.283984836583507,3.6437984686441895,0.0,0,22,0.5709430575370789,22.302205488623656,7.769127599738312,0.0,1,23,0.6588679552078247,19.350747321567578,-1.2617783185521516,0.0,2,25,0.3961867392063141,25.992758026975107,6.045454509757985,0.0,1,24,0.5939846634864807,22.844134305919535,-1.090112976808799,0.0,1,18,0.5273594260215759,26.35495390841644,0.9059354004309926,0.0,1,29,0.5059958100318909,26.89818607281673,3.810524098934088,0.0,1,28,0.5899890065193176,8.65953451832901,8.81057928466705,0.0,1,31,0.9010879993438721,7.05843720208673,-0.9926920339593118,0.0,1,32,0.5711715817451477,2.2453240825028002,-4.525609990220293,0.0,0,33,0.8004639148712158,-0.07853524926290972,-5.5704998279909175,0.0,0,41,0.9012821912765503
1777470442,822587609,map,3.3263365100044853,1.9760918838537112,0.0,0,40,0.9415335059165955,2.6623362412896587,-1.1872768634375126,0.0,1,1,0.9306787252426147,7.972305944561305,5.826335962764273,0.0,0,2,0.9103738069534302,7.924232152310354,2.009006361833236,0.0,0,3,0.9019877910614014,17.80263579753541,1.8010179043640275,0.0,0,5,0.6520053148269653,17.865446776562997,4.952106806897845,0.0,0,16,0.7860634922981262,7.6711826331004636,-1.3222698743763532,0.0,2,8,0.6420703530311584,8.423120623923259,-0.7894868012969759,0.0,2,11,0.8779585361480713,12.962756655353482,2.0291500445263617,0.0,0,13,0.8449880480766296,12.814643462870512,9.175080394272213,0.0,1,12,0.8763889074325562,12.535144803327631,5.956553097339525,0.0,0,43,0.8920401334762573,17.754584534496963,7.717837474930086,0.0,1,4,0.7695510387420654,18.316622675069887,-1.1243271232406316,0.0,1,10,0.5098713040351868,22.172039793348947,1.8548159291809385,0.0,0,17,0.5204575061798096,12.795560937416349,-1.1135536880252215,0.0,2,15,0.7504720091819763,22.422890993516535,4.818327985604095,0.0,0,20,0.6046190857887268,24.283984836583507,3.6437984686441895,0.0,0,22,0.5696421265602112,22.302205488623656,7.769127599738312,0.0,1,23,0.657136082649231,19.350747321567578,-1.2617783185521516,0.0,2,25,0.3955598771572113,25.992758026975107,6.045454509757985,0.0,1,24,0.5925767421722412,22.844134305919535,-1.090112976808799,0.0,1,18,0.5262492895126343,26.35495390841644,0.9059354004309926,0.0,1,29,0.5049737691879272,26.89818607281673,3.810524098934088,0.0,1,28,0.5885999202728271,8.65912607703017,8.809762717726002,0.0,1,31,0.9011054039001465,7.05843720208673,-0.9926920339593118,0.0,1,32,0.5698696374893188,2.2453240825028002,-4.525609990220293,0.0,0,33,0.7979090809822083,-0.07853524926290972,-5.5704998279909175,0.0,0,41,0.8980446457862854
1777470442,922590498,map,3.3263365100044853,1.9760918838537112,0.0,0,40,0.9397638440132141,2.6623362412896587,-1.1872768634375126,0.0,1,1,0.9289495944976807,7.971929428456835,5.826038786968157,0.0,0,2,0.9108041524887085,7.924232152310354,2.009006361833236,0.0,0,3,0.900363564491272,17.80263579753541,1.8010179043640275,0.0,0,5,0.6511561870574951,17.865446776562997,4.952106806897845,0.0,0,16,0.7848296165466309,7.6711826331004636,-1.3222698743763532,0.0,2,8,0.6412469148635864,8.423120623923259,-0.7894868012969759,0.0,2,11,0.8764196038246155,12.962756655353482,2.0291500445263617,0.0,0,13,0.8435624241828918,12.815945101704017,9.174732178182625,0.0,1,12,0.8763971924781799,12.539002214454529,5.955952911689533,0.0,0,43,0.8919382095336914,17.754584534496963,7.717837474930086,0.0,1,4,0.7683684229850769,18.316622675069887,-1.1243271232406316,0.0,1,10,0.509351909160614,22.172039793348947,1.8548159291809385,0.0,0,17,0.519916296005249,12.795560937416349,-1.1135536880252215,0.0,2,15,0.7493472695350647,22.422890993516535,4.818327985604095,0.0,0,20,0.6038888692855835,24.283984836583507,3.6437984686441895,0.0,0,22,0.568993866443634,22.302205488623656,7.769127599738312,0.0,1,23,0.6562735438346863,19.350747321567578,-1.2617783185521516,0.0,2,25,0.3952471911907196,25.992758026975107,6.045454509757985,0.0,1,24,0.5918752551078796,22.844134305919535,-1.090112976808799,0.0,1,18,0.5256960391998291,26.35495390841644,0.9059354004309926,0.0,1,29,0.5044642686843872,26.89818607281673,3.810524098934088,0.0,1,28,0.5879078507423401,8.658901123374621,8.809354971333713,0.0,1,31,0.9011140465736389,7.05843720208673,-0.9926920339593118,0.0,1,32,0.5692208409309387,2.2453240825028002,-4.525609990220293,0.0,0,33,0.7966378331184387,-0.07853524926290972,-5.5704998279909175,0.0,0,41,0.8964345455169678
1777470443,22399645,map,3.3263365100044853,1.9760918838537112,0.0,0,40,0.9362444877624512,2.6623362412896587,-1.1872768634375126,0.0,1,1,0.925510585308075,7.9711063044294415,5.8255992608487395,0.0,0,2,0.911603569984436,7.924232152310354,2.009006361833236,0.0,0,3,0.8971325755119324,17.80263579753541,1.8010179043640275,0.0,0,5,0.6494645476341248,17.865446776562997,4.952106806897845,0.0,0,16,0.7823734879493713,7.6711826331004636,-1.3222698743763532,0.0,2,8,0.6396063566207886,8.423120623923259,-0.7894868012969759,0.0,2,11,0.873357892036438,12.962756655353482,2.0291500445263617,0.0,0,13,0.8407256007194519,12.818332483073464,9.174059470533933,0.0,1,12,0.8764148354530334,12.546562475684688,5.954736954135357,0.0,0,43,0.8917437195777893,17.754584534496963,7.717837474930086,0.0,1,4,0.7660140991210938,18.316622675069887,-1.1243271232406316,0.0,1,10,0.5083162784576416,22.172039793348947,1.8548159291809385,0.0,0,17,0.5188373327255249,12.795560937416349,-1.1135536880252215,0.0,2,15,0.7471078634262085,22.422890993516535,4.818327985604095,0.0,0,20,0.6024336218833923,24.283984836583507,3.6437984686441895,0.0,0,22,0.5677017569541931,22.302205488623656,7.769127599738312,0.0,1,23,0.6545552611351013,19.350747321567578,-1.2617783185521516,0.0,2,25,0.3946232795715332,25.992758026975107,6.045454509757985,0.0,1,24,0.5904772877693176,22.844134305919535,-1.090112976808799,0.0,1,18,0.524592936038971,26.35495390841644,0.9059354004309926,0.0,1,29,0.5034484267234802,26.89818607281673,3.810524098934088,0.0,1,28,0.5865285396575928,8.658165622680606,8.808753837235912,0.0,1,31,0.9011313915252686,7.05843720208673,-0.9926920339593118,0.0,1,32,0.5679277777671814,2.2453240825028002,-4.525609990220293,0.0,0,33,0.7941073775291443,-0.07853524926290972,-5.5704998279909175,0.0,0,41,0.8932316899299622
1777470443,122616771,map,3.3263365100044853,1.9760918838537112,0.0,0,40,0.9344946146011353,2.6623362412896587,-1.1872768634375126,0.0,1,1,0.9238005876541138,7.970848256797528,5.825209868626348,0.0,0,2,0.9119744896888733,7.924232152310354,2.009006361833236,0.0,0,3,0.8955258131027222,17.80263579753541,1.8010179043640275,0.0,0,5,0.6486220359802246,17.865446776562997,4.952106806897845,0.0,0,16,0.7811511754989624,7.6711826331004636,-1.3222698743763532,0.0,2,8,0.638789176940918,8.423120623923259,-0.7894868012969759,0.0,2,11,0.8718350529670715,12.962756655353482,2.0291500445263617,0.0,0,13,0.839314341545105,12.819567352130223,9.173667316014047,0.0,1,12,0.8764230608940125,12.550417626709972,5.954068587294693,0.0,0,43,0.8916493654251099,17.754584534496963,7.717837474930086,0.0,1,4,0.7648423314094543,18.316622675069887,-1.1243271232406316,0.0,1,10,0.5077999830245972,22.172039793348947,1.8548159291809385,0.0,0,17,0.5182995200157166,12.795560937416349,-1.1135536880252215,0.0,2,15,0.7459931969642639,22.422890993516535,4.818327985604095,0.0,0,20,0.6017086505889893,24.283984836583507,3.6437984686441895,0.0,0,22,0.5670579671859741,22.302205488623656,7.769127599738312,0.0,1,23,0.653699517250061,19.350747321567578,-1.2617783185521516,0.0,2,25,0.3943120837211609,25.992758026975107,6.045454509757985,0.0,1,24,0.5897808074951172,22.844134305919535,-1.090112976808799,0.0,1,18,0.524043083190918,26.35495390841644,0.9059354004309926,0.0,1,29,0.5029420256614685,26.89818607281673,3.810524098934088,0.0,1,28,0.5858413577079773,8.657821682707134,8.808373399492616,0.0,1,31,0.9011403918266296,7.05843720208673,-0.9926920339593118,0.0,1,32,0.5672833919525146,2.2453240825028002,-4.525609990220293,0.0,0,33,0.7928481698036194,-0.07853524926290972,-5.5704998279909175,0.0,0,41,0.8916388154029846
1777470443,222373216,map,3.3263365100044853,1.9760918838537112,0.0,0,40,0.9310145378112793,2.6623362412896587,-1.1872768634375126,0.0,1,1,0.92039954662323,7.971136603065971,5.823918497245794,0.0,0,2,0.9126589894294739,7.924232152310354,2.009006361833236,0.0,0,3,0.8923293948173523,17.80263579753541,1.8010179043640275,0.0,0,5,0.6469435691833496,17.865446776562997,4.952106806897845,0.0,0,16,0.7787179946899414,7.6711826331004636,-1.3222698743763532,0.0,2,8,0.637161135673523,8.423120623923259,-0.7894868012969759,0.0,2,11,0.8688052296638489,12.962756655353482,2.0291500445263617,0.0,0,13,0.8365060091018677,12.822415439926681,9.172765620873509,0.0,1,12,0.8764350414276123,12.558566186161332,5.952635758491511,0.0,0,43,0.8914621472358704,17.754584534496963,7.717837474930086,0.0,1,4,0.7625095844268799,18.316622675069887,-1.1243271232406316,0.0,1,10,0.506770670413971,22.172039793348947,1.8548159291809385,0.0,0,17,0.5172271728515625,12.795560937416349,-1.1135536880252215,0.0,2,15,0.7437738180160522,22.422890993516535,4.818327985604095,0.0,0,20,0.6002638936042786,24.283984836583507,3.6437984686441895,0.0,0,22,0.5657746195793152,22.302205488623656,7.769127599738312,0.0,1,23,0.6519947052001953,19.350747321567578,-1.2617783185521516,0.0,2,25,0.39369112253189087,25.992758026975107,6.045454509757985,0.0,1,24,0.5883927345275879,22.844134305919535,-1.090112976808799,0.0,1,18,0.5229468941688538,26.35495390841644,0.9059354004309926,0.0,1,29,0.5019322037696838,26.89818607281673,3.810524098934088,0.0,1,28,0.5844717025756836,8.657540980514812,8.807303690963453,0.0,1,31,0.9011568427085876,7.05843720208673,-0.9926920339593118,0.0,1,32,0.5659990906715393,2.2453240825028002,-4.525609990220293,0.0,0,33,0.7903416752815247,-0.07853524926290972,-5.5704998279909175,0.0,0,41,0.8884699940681458
1777470443,322618346,map,3.3263365100044853,1.9760918838537112,0.0,0,40,0.9292841553688049,2.6623362412896587,-1.1872768634375126,0.0,1,1,0.9187083840370178,7.971317282745025,5.82326080948938,0.0,0,2,0.9129768013954163,7.924232152310354,2.009006361833236,0.0,0,3,0.8907397389411926,17.80263579753541,1.8010179043640275,0.0,0,5,0.64610755443573,17.865446776562997,4.952106806897845,0.0,0,16,0.7775070667266846,7.6711826331004636,-1.3222698743763532,0.0,2,8,0.6363502144813538,8.423120623923259,-0.7894868012969759,0.0,2,11,0.8672981858253479,12.962756655353482,2.0291500445263617,0.0,0,13,0.8351088762283325,12.823784166359411,9.172346236642348,0.0,1,12,0.8764408826828003,12.562629078341152,5.9519602978105155,0.0,0,43,0.8913717269897461,17.754584534496963,7.717837474930086,0.0,1,4,0.7613484859466553,18.316622675069887,-1.1243271232406316,0.0,1,10,0.5062575340270996,22.172039793348947,1.8548159291809385,0.0,0,17,0.5166926980018616,12.795560937416349,-1.1135536880252215,0.0,2,15,0.7426690459251404,22.422890993516535,4.818327985604095,0.0,0,20,0.5995441675186157,24.283984836583507,3.6437984686441895,0.0,0,22,0.5651351809501648,22.302205488623656,7.769127599738312,0.0,1,23,0.6511455774307251,19.350747321567578,-1.2617783185521516,0.0,2,25,0.39338138699531555,25.992758026975107,6.045454509757985,0.0,1,24,0.587701141834259,22.844134305919535,-1.090112976808799,0.0,1,18,0.5224005579948425,26.35495390841644,0.9059354004309926,0.0,1,29,0.5014288425445557,26.89818607281673,3.810524098934088,0.0,1,28,0.5837892889976501,8.657302495334651,8.80679495406941,0.0,1,31,0.9011655449867249,7.05843720208673,-0.9926920339593118,0.0,1,32,0.5653590559959412,2.2453240825028002,-4.525609990220293,0.0,0,33,0.7890943288803101,-0.07853524926290972,-5.5704998279909175,0.0,0,41,0.8868940472602844
1777470443,422251158,map,3.3263365100044853,1.9760918838537112,0.0,0,40,0.9258427023887634,2.6623362412896587,-1.1872768634375126,0.0,1,1,0.9153446555137634,7.971532824024651,5.822008281919538,0.0,0,2,0.9135696291923523,7.924232152310354,2.009006361833236,0.0,0,3,0.8875772953033447,17.80263579753541,1.8010179043640275,0.0,0,5,0.644442081451416,17.865446776562997,4.952106806897845,0.0,0,16,0.7750965356826782,7.6711826331004636,-1.3222698743763532,0.0,2,8,0.634734570980072,8.423120623923259,-0.7894868012969759,0.0,2,11,0.8642997741699219,12.962756655353482,2.0291500445263617,0.0,0,13,0.8323284983634949,12.826331317037088,9.171721834172317,0.0,1,12,0.8764520883560181,12.570577868035102,5.950884412985053,0.0,0,43,0.8911975622177124,17.754584534496963,7.717837474930086,0.0,1,4,0.7590368986129761,18.316622675069887,-1.1243271232406316,0.0,1,10,0.50523442029953,22.172039793348947,1.8548159291809385,0.0,0,17,0.5156270265579224,12.795560937416349,-1.1135536880252215,0.0,2,15,0.7404693365097046,22.422890993516535,4.818327985604095,0.0,0,20,0.598109781742096,24.283984836583507,3.6437984686441895,0.0,0,22,0.5638605356216431,22.302205488623656,7.769127599738312,0.0,1,23,0.6494540572166443,19.350747321567578,-1.2617783185521516,0.0,2,25,0.3927633762359619,25.992758026975107,6.045454509757985,0.0,1,24,0.5863227844238281,22.844134305919535,-1.090112976808799,0.0,1,18,0.5213112235069275,26.35495390841644,0.9059354004309926,0.0,1,29,0.5004251599311829,26.89818607281673,3.810524098934088,0.0,1,28,0.5824292302131653,8.656498933834044,8.805895931414609,0.0,1,31,0.9011844992637634,7.05843720208673,-0.9926920339593118,0.0,1,32,0.564083456993103,2.2453240825028002,-4.525609990220293,0.0,0,33,0.7866114974021912,-0.07853524926290972,-5.5704998279909175,0.0,0,41,0.8837588429450989
1777470443,522589040,map,3.3263365100044853,1.9760918838537112,0.0,0,40,0.924131453037262,2.6623362412896587,-1.1872768634375126,0.0,1,1,0.9136720299720764,7.971671615434846,5.821331880639594,0.0,0,2,0.913845419883728,7.924232152310354,2.009006361833236,0.0,0,3,0.8860045075416565,17.80263579753541,1.8010179043640275,0.0,0,5,0.6436125040054321,17.865446776562997,4.952106806897845,0.0,0,16,0.7738968133926392,7.6711826331004636,-1.3222698743763532,0.0,2,8,0.6339298486709595,8.423120623923259,-0.7894868012969759,0.0,2,11,0.862808346748352,12.962756655353482,2.0291500445263617,0.0,0,13,0.8309452533721924,12.827613887063826,9.171410177358446,0.0,1,12,0.8764570355415344,12.574511875962123,5.950365728764425,0.0,0,43,0.8911138772964478,17.754584534496963,7.717837474930086,0.0,1,4,0.7578864097595215,18.316622675069887,-1.1243271232406316,0.0,1,10,0.5047244429588318,22.172039793348947,1.8548159291809385,0.0,0,17,0.5150958299636841,12.795560937416349,-1.1135536880252215,0.0,2,15,0.7393743991851807,22.422890993516535,4.818327985604095,0.0,0,20,0.5973951816558838,24.283984836583507,3.6437984686441895,0.0,0,22,0.5632253885269165,22.302205488623656,7.769127599738312,0.0,1,23,0.6486115455627441,19.350747321567578,-1.2617783185521516,0.0,2,25,0.3924550712108612,25.992758026975107,6.045454509757985,0.0,1,24,0.5856360197067261,22.844134305919535,-1.090112976808799,0.0,1,18,0.5207682251930237,26.35495390841644,0.9059354004309926,0.0,1,29,0.49992480874061584,26.89818607281673,3.810524098934088,0.0,1,28,0.5817515850067139,8.656062528384584,8.805440959461128,0.0,1,31,0.9011940956115723,7.05843720208673,-0.9926920339593118,0.0,1,32,0.5634477734565735,2.2453240825028002,-4.525609990220293,0.0,0,33,0.7853759527206421,-0.07853524926290972,-5.5704998279909175,0.0,0,41,0.8821995258331299
1777470443,624657727,map,3.3263365100044853,1.9760918838537112,0.0,0,40,0.9207279682159424,2.6623362412896587,-1.1872768634375126,0.0,1,1,0.9103449583053589,7.97203912329486,5.820438950645707,0.0,0,2,0.9143538475036621,7.924232152310354,2.009006361833236,0.0,0,3,0.8828755617141724,17.80263579753541,1.8010179043640275,0.0,0,5,0.6419598460197449,17.865446776562997,4.952106806897845,0.0,0,16,0.7715085744857788,7.6711826331004636,-1.3222698743763532,0.0,2,8,0.6323264241218567,8.423120623923259,-0.7894868012969759,0.0,2,11,0.8598408102989197,12.962756655353482,2.0291500445263617,0.0,0,13,0.8281925320625305,12.830237811992843,9.170942366177016,0.0,1,12,0.8764642477035522,12.582645595974746,5.949092612858391,0.0,0,43,0.8909499645233154,17.754584534496963,7.717837474930086,0.0,1,4,0.7555958032608032,18.316622675069887,-1.1243271232406316,0.0,1,10,0.5037074685096741,22.172039793348947,1.8548159291809385,0.0,0,17,0.5140367150306702,12.795560937416349,-1.1135536880252215,0.0,2,15,0.7371941208839417,22.422890993516535,4.818327985604095,0.0,0,20,0.5959710478782654,24.283984836583507,3.6437984686441895,0.0,0,22,0.5619593262672424,22.302205488623656,7.769127599738312,0.0,1,23,0.6469331383705139,19.350747321567578,-1.2617783185521516,0.0,2,25,0.39183998107910156,25.992758026975107,6.045454509757985,0.0,1,24,0.5842673778533936,22.844134305919535,-1.090112976808799,0.0,1,18,0.519685685634613,26.35495390841644,0.9059354004309926,0.0,1,29,0.4989270865917206,26.89818607281673,3.810524098934088,0.0,1,28,0.5804009437561035,8.655189894485227,8.804900939941117,0.0,1,31,0.9012090563774109,7.05843720208673,-0.9926920339593118,0.0,1,32,0.562180757522583,2.2453240825028002,-4.525609990220293,0.0,0,33,0.7829164266586304,-0.07853524926290972,-5.5704998279909175,0.0,0,41,0.8790974020957947
1777470443,722527818,map,3.3263365100044853,1.9760918838537112,0.0,0,40,0.9190356135368347,2.6623362412896587,-1.1872768634375126,0.0,1,1,0.9086905121803284,7.9721726439918355,5.819997499735051,0.0,0,2,0.9145910143852234,7.924232152310354,2.009006361833236,0.0,0,3,0.8813194036483765,17.80263579753541,1.8010179043640275,0.0,0,5,0.641136646270752,17.865446776562997,4.952106806897845,0.0,0,16,0.770319938659668,7.6711826331004636,-1.3222698743763532,0.0,2,8,0.6315277814865112,8.423120623923259,-0.7894868012969759,0.0,2,11,0.8583647012710571,12.962756655353482,2.0291500445263617,0.0,0,13,0.8268229961395264,12.831495560743871,9.170708751142431,0.0,1,12,0.8764680624008179,12.586562617585816,5.94846772255194,0.0,0,43,0.8908725380897522,17.754584534496963,7.717837474930086,0.0,1,4,0.7544556260108948,18.316622675069887,-1.1243271232406316,0.0,1,10,0.5032005310058594,22.172039793348947,1.8548159291809385,0.0,0,17,0.5135087966918945,12.795560937416349,-1.1135536880252215,0.0,2,15,0.7361088395118713,22.422890993516535,4.818327985604095,0.0,0,20,0.5952615141868591,24.283984836583507,3.6437984686441895,0.0,0,22,0.5613284111022949,22.302205488623656,7.769127599738312,0.0,1,23,0.6460971832275391,19.350747321567578,-1.2617783185521516,0.0,2,25,0.39153313636779785,25.992758026975107,6.045454509757985,0.0,1,24,0.5835854411125183,22.844134305919535,-1.090112976808799,0.0,1,18,0.5191460847854614,26.35495390841644,0.9059354004309926,0.0,1,29,0.4984297454357147,26.89818607281673,3.810524098934088,0.0,1,28,0.5797280073165894,8.65465624916058,8.804658584885802,0.0,1,31,0.901216983795166,7.05843720208673,-0.9926920339593118,0.0,1,32,0.5615493655204773,2.2453240825028002,-4.525609990220293,0.0,0,33,0.781692385673523,-0.07853524926290972,-5.5704998279909175,0.0,0,41,0.8775544762611389
1777470443,822416978,map,3.3263365100044853,1.9760918838537112,0.0,0,40,0.9156695008277893,2.6623362412896587,-1.1872768634375126,0.0,1,1,0.9053996205329895,7.972249101553713,5.818545645276222,0.0,0,2,0.9150405526161194,7.924232152310354,2.009006361833236,0.0,0,3,0.8782234191894531,17.80263579753541,1.8010179043640275,0.0,0,5,0.6394966244697571,17.865446776562997,4.952106806897845,0.0,0,16,0.767953634262085,7.6711826331004636,-1.3222698743763532,0.0,2,8,0.6299364566802979,8.423120623923259,-0.7894868012969759,0.0,2,11,0.855427622795105,12.962756655353482,2.0291500445263617,0.0,0,13,0.8240974545478821,12.833811478840254,9.170098629928095,0.0,1,12,0.8764781355857849,12.594008758438962,5.9473438706444615,0.0,0,43,0.8907269239425659,17.754584534496963,7.717837474930086,0.0,1,4,0.7521857023239136,18.316622675069887,-1.1243271232406316,0.0,1,10,0.5021897554397583,22.172039793348947,1.8548159291809385,0.0,0,17,0.5124561786651611,12.795560937416349,-1.1135536880252215,0.0,2,15,0.73394775390625,22.422890993516535,4.818327985604095,0.0,0,20,0.5938475131988525,24.283984836583507,3.6437984686441895,0.0,0,22,0.5600708723068237,22.302205488623656,7.769127599738312,0.0,1,23,0.6444317102432251,19.350747321567578,-1.2617783185521516,0.0,2,25,0.3909209072589874,25.992758026975107,6.045454509757985,0.0,1,24,0.5822263360023499,22.844134305919535,-1.090112976808799,0.0,1,18,0.5180702805519104,26.35495390841644,0.9059354004309926,0.0,1,29,0.497437983751297,26.89818607281673,3.810524098934088,0.0,1,28,0.5783867835998535,8.653266523993013,8.80383160235917,0.0,1,31,0.9012391567230225,7.05843720208673,-0.9926920339593118,0.0,1,32,0.5602908134460449,2.2453240825028002,-4.525609990220293,0.0,0,33,0.7792558670043945,-0.07853524926290972,-5.5704998279909175,0.0,0,41,0.8744848370552063
1777470443,922660936,map,3.3263365100044853,1.9760918838537112,0.0,0,40,0.9139956831932068,2.6623362412896587,-1.1872768634375126,0.0,1,1,0.9037631154060364,7.971940013908456,5.817352115678685,0.0,0,2,0.9152586460113525,7.924232152310354,2.009006361833236,0.0,0,3,0.8766835927963257,17.80263579753541,1.8010179043640275,0.0,0,5,0.6386798024177551,17.865446776562997,4.952106806897845,0.0,0,16,0.7667759656906128,7.6711826331004636,-1.3222698743763532,0.0,2,8,0.6291438341140747,8.423120623923259,-0.7894868012969759,0.0,2,11,0.8539665937423706,12.962756655353482,2.0291500445263617,0.0,0,13,0.8227414488792419,12.834890961844556,9.16943780478658,0.0,1,12,0.8764864802360535,12.597322295998957,5.9464518781492774,0.0,0,43,0.8906636834144592,17.754584534496963,7.717837474930086,0.0,1,4,0.7510558366775513,18.316622675069887,-1.1243271232406316,0.0,1,10,0.5016858577728271,22.172039793348947,1.8548159291809385,0.0,0,17,0.5119314789772034,12.795560937416349,-1.1135536880252215,0.0,2,15,0.7328720092773438,22.422890993516535,4.818327985604095,0.0,0,20,0.5931430459022522,24.283984836583507,3.6437984686441895,0.0,0,22,0.5594442486763,22.302205488623656,7.769127599738312,0.0,1,23,0.643602192401886,19.350747321567578,-1.2617783185521516,0.0,2,25,0.3906154930591583,25.992758026975107,6.045454509757985,0.0,1,24,0.5815491080284119,22.844134305919535,-1.090112976808799,0.0,1,18,0.517534077167511,26.35495390841644,0.9059354004309926,0.0,1,29,0.4969435930252075,26.89818607281673,3.810524098934088,0.0,1,28,0.5777184963226318,8.652255650883529,8.803097641423156,0.0,1,31,0.9012563824653625,7.05843720208673,-0.9926920339593118,0.0,1,32,0.559663712978363,2.2453240825028002,-4.525609990220293,0.0,0,33,0.778043270111084,-0.07853524926290972,-5.5704998279909175,0.0,0,41,0.8729580640792847
1777470444,22372921,map,3.3263365100044853,1.9760918838537112,0.0,0,40,0.910666286945343,2.6623362412896587,-1.1872768634375126,0.0,1,1,0.9005076885223389,7.972276768515069,5.814813533528353,0.0,0,2,0.9156553745269775,7.924232152310354,2.009006361833236,0.0,0,3,0.8736200332641602,17.80263579753541,1.8010179043640275,0.0,0,5,0.6370522975921631,17.865446776562997,4.952106806897845,0.0,0,16,0.764431357383728,7.6711826331004636,-1.3222698743763532,0.0,2,8,0.6275644898414612,8.423120623923259,-0.7894868012969759,0.0,2,11,0.8510594964027405,12.962756655353482,2.0291500445263617,0.0,0,13,0.8200427293777466,12.837515847654682,9.16849316550883,0.0,1,12,0.8764939308166504,12.60444430974587,5.945086892158058,0.0,0,43,0.8905325531959534,17.754584534496963,7.717837474930086,0.0,1,4,0.7488062381744385,18.316622675069887,-1.1243271232406316,0.0,1,10,0.5006811022758484,22.172039793348947,1.8548159291809385,0.0,0,17,0.5108852982521057,12.795560937416349,-1.1135536880252215,0.0,2,15,0.730729877948761,22.422890993516535,4.818327985604095,0.0,0,20,0.5917391180992126,24.283984836583507,3.6437984686441895,0.0,0,22,0.5581951141357422,22.302205488623656,7.769127599738312,0.0,1,23,0.6419495344161987,19.350747321567578,-1.2617783185521516,0.0,2,25,0.3900061249732971,25.992758026975107,6.045454509757985,0.0,1,24,0.5801994800567627,22.844134305919535,-1.090112976808799,0.0,1,18,0.51646488904953,26.35495390841644,0.9059354004309926,0.0,1,29,0.49595773220062256,26.89818607281673,3.810524098934088,0.0,1,28,0.576386570930481,8.650697199048583,8.801582093743527,0.0,1,31,0.9012858867645264,7.05843720208673,-0.9926920339593118,0.0,1,32,0.558413565158844,2.2453240825028002,-4.525609990220293,0.0,0,33,0.7756293416023254,-0.07853524926290972,-5.5704998279909175,0.0,0,41,0.8699204325675964
1777470444,122724495,map,3.3263365100044853,1.9760918838537112,0.0,0,40,0.909010648727417,2.6623362412896587,-1.1872768634375126,0.0,1,1,0.8988887667655945,7.97281798888556,5.813534951818508,0.0,0,2,0.9158359169960022,7.924232152310354,2.009006361833236,0.0,0,3,0.8720962405204773,17.80263579753541,1.8010179043640275,0.0,0,5,0.6362416744232178,17.865446776562997,4.952106806897845,0.0,0,16,0.7632644176483154,7.6711826331004636,-1.3222698743763532,0.0,2,8,0.6267778277397156,8.423120623923259,-0.7894868012969759,0.0,2,11,0.8496133685112,12.962756655353482,2.0291500445263617,0.0,0,13,0.8186999559402466,12.83902514323094,9.168019567516643,0.0,1,12,0.8764951229095459,12.608186281368,5.944406876076306,0.0,0,43,0.8904666900634766,17.754584534496963,7.717837474930086,0.0,1,4,0.747686505317688,18.316622675069887,-1.1243271232406316,0.0,1,10,0.5001802444458008,22.172039793348947,1.8548159291809385,0.0,0,17,0.5103638768196106,12.795560937416349,-1.1135536880252215,0.0,2,15,0.7296634912490845,22.422890993516535,4.818327985604095,0.0,0,20,0.5910396575927734,24.283984836583507,3.6437984686441895,0.0,0,22,0.5575726628303528,22.302205488623656,7.769127599738312,0.0,1,23,0.6411263942718506,19.350747321567578,-1.2617783185521516,0.0,2,25,0.3897021412849426,25.992758026975107,6.045454509757985,0.0,1,24,0.5795270204544067,22.844134305919535,-1.090112976808799,0.0,1,18,0.5159319639205933,26.35495390841644,0.9059354004309926,0.0,1,29,0.4954662621021271,26.89818607281673,3.810524098934088,0.0,1,28,0.575722873210907,8.650145555553843,8.800836945435584,0.0,1,31,0.9012978076934814,7.05843720208673,-0.9926920339593118,0.0,1,32,0.5577906370162964,2.2453240825028002,-4.525609990220293,0.0,0,33,0.7744280099868774,-0.07853524926290972,-5.5704998279909175,0.0,0,41,0.8684095740318298
1777470444,222310757,map,3.3263365100044853,1.9760918838537112,0.0,0,40,0.9057174324989319,2.6623362412896587,-1.1872768634375126,0.0,1,1,0.8956683874130249,7.973906324766166,5.810583299181507,0.0,0,2,0.9161761403083801,7.924232152310354,2.009006361833236,0.0,0,3,0.8690646290779114,17.80263579753541,1.8010179043640275,0.0,0,5,0.634626567363739,17.865446776562997,4.952106806897845,0.0,0,16,0.7609412670135498,7.6711826331004636,-1.3222698743763532,0.0,2,8,0.6252103447914124,8.423120623923259,-0.7894868012969759,0.0,2,11,0.8467357754707336,12.962756655353482,2.0291500445263617,0.0,0,13,0.8160276412963867,12.841907666404708,9.166576962225912,0.0,1,12,0.8765022158622742,12.615382787521176,5.9425087952089335,0.0,0,43,0.8903459310531616,17.754584534496963,7.717837474930086,0.0,1,4,0.7454569935798645,18.316622675069887,-1.1243271232406316,0.0,1,10,0.4991815388202667,22.172039793348947,1.8548159291809385,0.0,0,17,0.5093240737915039,12.795560937416349,-1.1135536880252215,0.0,2,15,0.7275400757789612,22.422890993516535,4.818327985604095,0.0,0,20,0.5896456241607666,24.283984836583507,3.6437984686441895,0.0,0,22,0.5563318729400635,22.302205488623656,7.769127599738312,0.0,1,23,0.6394864320755005,19.350747321567578,-1.2617783185521516,0.0,2,25,0.38909563422203064,25.992758026975107,6.045454509757985,0.0,1,24,0.5781866908073425,22.844134305919535,-1.090112976808799,0.0,1,18,0.5148694515228271,26.35495390841644,0.9059354004309926,0.0,1,29,0.4944862723350525,26.89818607281673,3.810524098934088,0.0,1,28,0.5744000673294067,8.649007387080458,8.799074681203068,0.0,1,31,0.9013243317604065,7.05843720208673,-0.9926920339593118,0.0,1,32,0.5565488934516907,2.2453240825028002,-4.525609990220293,0.0,0,33,0.7720364928245544,-0.07853524926290972,-5.5704998279909175,0.0,0,41,0.8654034733772278
1777470444,322505588,map,3.3263365100044853,1.9760918838537112,0.0,0,40,0.9040797352790833,2.6623362412896587,-1.1872768634375126,0.0,1,1,0.8940668106079102,7.974509278542861,5.809135101196561,0.0,0,2,0.9163338541984558,7.924232152310354,2.009006361833236,0.0,0,3,0.8675566911697388,17.80263579753541,1.8010179043640275,0.0,0,5,0.6338220834732056,17.865446776562997,4.952106806897845,0.0,0,16,0.7597849369049072,7.6711826331004636,-1.3222698743763532,0.0,2,8,0.6244295835494995,8.423120623923259,-0.7894868012969759,0.0,2,11,0.8453042507171631,12.962756655353482,2.0291500445263617,0.0,0,13,0.8146979808807373,12.84335573754083,9.165890531672979,0.0,1,12,0.8765050172805786,12.618948454479005,5.941605696563104,0.0,0,43,0.8902875781059265,17.754584534496963,7.717837474930086,0.0,1,4,0.7443472743034363,18.316622675069887,-1.1243271232406316,0.0,1,10,0.4986836612224579,22.172039793348947,1.8548159291809385,0.0,0,17,0.5088058114051819,12.795560937416349,-1.1135536880252215,0.0,2,15,0.7264829874038696,22.422890993516535,4.818327985604095,0.0,0,20,0.5889511108398438,24.283984836583507,3.6437984686441895,0.0,0,22,0.5557135343551636,22.302205488623656,7.769127599738312,0.0,1,23,0.6386696100234985,19.350747321567578,-1.2617783185521516,0.0,2,25,0.38879308104515076,25.992758026975107,6.045454509757985,0.0,1,24,0.577518880367279,22.844134305919535,-1.090112976808799,0.0,1,18,0.514339804649353,26.35495390841644,0.9059354004309926,0.0,1,29,0.493997722864151,26.89818607281673,3.810524098934088,0.0,1,28,0.5737409591674805,8.64844556168959,8.798215898886346,0.0,1,31,0.9013369083404541,7.05843720208673,-0.9926920339593118,0.0,1,32,0.5559300780296326,2.2453240825028002,-4.525609990220293,0.0,0,33,0.7708462476730347,-0.07853524926290972,-5.5704998279909175,0.0,0,41,0.8639082312583923
1777470444,422373410,map,3.3263365100044853,1.9760918838537112,0.0,0,40,0.900822103023529,2.6623362412896587,-1.1872768634375126,0.0,1,1,0.8908807635307312,7.975415980479983,5.806504219307943,0.0,0,2,0.9166296720504761,7.924232152310354,2.009006361833236,0.0,0,3,0.8645564913749695,17.80263579753541,1.8010179043640275,0.0,0,5,0.6322191953659058,17.865446776562997,4.952106806897845,0.0,0,16,0.7574828267097473,7.6711826331004636,-1.3222698743763532,0.0,2,8,0.6228737831115723,8.423120623923259,-0.7894868012969759,0.0,2,11,0.8424557447433472,12.962756655353482,2.0291500445263617,0.0,0,13,0.8120517134666443,12.845849582834427,9.164664234558222,0.0,1,12,0.8765133023262024,12.625564836118064,5.939960610187508,0.0,0,43,0.8901799321174622,17.754584534496963,7.717837474930086,0.0,1,4,0.742137610912323,18.316622675069887,-1.1243271232406316,0.0,1,10,0.49769091606140137,22.172039793348947,1.8548159291809385,0.0,0,17,0.5077723860740662,12.795560937416349,-1.1135536880252215,0.0,2,15,0.7243779897689819,22.422890993516535,4.818327985604095,0.0,0,20,0.5875669121742249,24.283984836583507,3.6437984686441895,0.0,0,22,0.554481029510498,22.302205488623656,7.769127599738312,0.0,1,23,0.6370421648025513,19.350747321567578,-1.2617783185521516,0.0,2,25,0.3881893754005432,25.992758026975107,6.045454509757985,0.0,1,24,0.5761878490447998,22.844134305919535,-1.090112976808799,0.0,1,18,0.5132837891578674,26.35495390841644,0.9059354004309926,0.0,1,29,0.49302351474761963,26.89818607281673,3.810524098934088,0.0,1,28,0.5724272727966309,8.646968307955476,8.796749632393993,0.0,1,31,0.9013625383377075,7.05843720208673,-0.9926920339593118,0.0,1,32,0.5546966195106506,2.2453240825028002,-4.525609990220293,0.0,0,33,0.7684767246246338,-0.07853524926290972,-5.5704998279909175,0.0,0,41,0.8609331250190735,1.3638164926168637,-2.6304973422646896,0.0,1,48,0.8430544137954712
1777470444,522523871,map,3.3263365100044853,1.9760918838537112,0.0,0,40,0.8992020487785339,2.6623362412896587,-1.1872768634375126,0.0,1,1,0.8892962336540222,7.976062974093937,5.805314640583888,0.0,0,2,0.9167641997337341,7.924232152310354,2.009006361833236,0.0,0,3,0.863064169883728,17.80263579753541,1.8010179043640275,0.0,0,5,0.6314207911491394,17.865446776562997,4.952106806897845,0.0,0,16,0.75633704662323,7.6711826331004636,-1.3222698743763532,0.0,2,8,0.6220988035202026,8.423120623923259,-0.7894868012969759,0.0,2,11,0.8410386443138123,12.962756655353482,2.0291500445263617,0.0,0,13,0.8107349872589111,12.847213377847284,9.164034166743019,0.0,1,12,0.8765159249305725,12.628954516570055,5.9391255589073895,0.0,0,43,0.8901268243789673,17.754584534496963,7.717837474930086,0.0,1,4,0.7410377264022827,18.316622675069887,-1.1243271232406316,0.0,1,10,0.4971960186958313,22.172039793348947,1.8548159291809385,0.0,0,17,0.5072572231292725,12.795560937416349,-1.1135536880252215,0.0,2,15,0.723330020904541,22.422890993516535,4.818327985604095,0.0,0,20,0.5868772268295288,24.283984836583507,3.6437984686441895,0.0,0,22,0.5538668036460876,22.302205488623656,7.769127599738312,0.0,1,23,0.636231541633606,19.350747321567578,-1.2617783185521516,0.0,2,25,0.38788822293281555,25.992758026975107,6.045454509757985,0.0,1,24,0.575524628162384,22.844134305919535,-1.090112976808799,0.0,1,18,0.512757420539856,26.35495390841644,0.9059354004309926,0.0,1,29,0.49253785610198975,26.89818607281673,3.810524098934088,0.0,1,28,0.5717726945877075,8.646360081010277,8.796126380029932,0.0,1,31,0.9013726711273193,7.05843720208673,-0.9926920339593118,0.0,1,32,0.554081916809082,2.2453240825028002,-4.525609990220293,0.0,0,33,0.7672974467277527,-0.07853524926290972,-5.5704998279909175,0.0,0,41,0.8594532608985901,1.543900347135838,-2.503217545448775,0.0,1,48,0.8893670439720154
1777470444,625198755,map,3.3263365100044853,1.9760918838537112,0.0,0,40,0.8959794044494629,2.6623362412896587,-1.1872768634375126,0.0,1,1,0.8861440420150757,7.977123472742723,5.803146147583361,0.0,0,2,0.917016327381134,7.924232152310354,2.009006361833236,0.0,0,3,0.8600949048995972,17.80263579753541,1.8010179043640275,0.0,0,5,0.6298300623893738,17.865446776562997,4.952106806897845,0.0,0,16,0.7540557384490967,7.6711826331004636,-1.3222698743763532,0.0,2,8,0.6205546259880066,8.423120623923259,-0.7894868012969759,0.0,2,11,0.8382187485694885,12.962756655353482,2.0291500445263617,0.0,0,13,0.8081142902374268,12.849662971930677,9.162414665158078,0.0,1,12,0.876526415348053,12.635277689245044,5.937068319330663,0.0,0,43,0.8900318145751953,17.754584534496963,7.717837474930086,0.0,1,4,0.7388476729393005,18.316622675069887,-1.1243271232406316,0.0,1,10,0.49620917439460754,22.172039793348947,1.8548159291809385,0.0,0,17,0.5062300562858582,12.795560937416349,-1.1135536880252215,0.0,2,15,0.7212432622909546,22.422890993516535,4.818327985604095,0.0,0,20,0.5855027437210083,24.283984836583507,3.6437984686441895,0.0,0,22,0.5526424646377563,22.302205488623656,7.769127599738312,0.0,1,23,0.634616494178772,19.350747321567578,-1.2617783185521516,0.0,2,25,0.38728731870651245,25.992758026975107,6.045454509757985,0.0,1,24,0.5742027163505554,22.844134305919535,-1.090112976808799,0.0,1,18,0.5117079019546509,26.35495390841644,0.9059354004309926,0.0,1,29,0.4915693700313568,26.89818607281673,3.810524098934088,0.0,1,28,0.5704679489135742,8.644901490756899,8.795056747496265,0.0,1,31,0.9013931751251221,7.05843720208673,-0.9926920339593118,0.0,1,32,0.5528565645217896,2.2453240825028002,-4.525609990220293,0.0,0,33,0.7649496793746948,-0.07853524926290972,-5.5704998279909175,0.0,0,41,0.856508731842041,1.7317678778321242,-2.367182416310899,0.0,1,48,0.9291304349899292
1777470444,722781653,map,3.3263365100044853,1.9760918838537112,0.0,0,40,0.8943766951560974,2.6623362412896587,-1.1872768634375126,0.0,1,1,0.8845763206481934,7.977655635342116,5.802468271837776,0.0,0,2,0.9171302914619446,7.924232152310354,2.009006361833236,0.0,0,3,0.858617901802063,17.80263579753541,1.8010179043640275,0.0,0,5,0.6290376782417297,17.865446776562997,4.952106806897845,0.0,0,16,0.7529202699661255,7.6711826331004636,-1.3222698743763532,0.0,2,8,0.6197854280471802,8.423120623923259,-0.7894868012969759,0.0,2,11,0.8368158936500549,12.962756655353482,2.0291500445263617,0.0,0,13,0.8068103194236755,12.85083664820324,9.161548311835539,0.0,1,12,0.8765323162078857,12.638329478612834,5.935984767500175,0.0,0,43,0.8899874091148376,17.754584534496963,7.717837474930086,0.0,1,4,0.7377575039863586,18.316622675069887,-1.1243271232406316,0.0,1,10,0.49571719765663147,22.172039793348947,1.8548159291809385,0.0,0,17,0.5057180523872375,12.795560937416349,-1.1135536880252215,0.0,2,15,0.7202043533325195,22.422890993516535,4.818327985604095,0.0,0,20,0.5848179459571838,24.283984836583507,3.6437984686441895,0.0,0,22,0.5520322918891907,22.302205488623656,7.769127599738312,0.0,1,23,0.6338120102882385,19.350747321567578,-1.2617783185521516,0.0,2,25,0.386987566947937,25.992758026975107,6.045454509757985,0.0,1,24,0.5735440850257874,22.844134305919535,-1.090112976808799,0.0,1,18,0.5111846923828125,26.35495390841644,0.9059354004309926,0.0,1,29,0.49108657240867615,26.89818607281673,3.810524098934088,0.0,1,28,0.569817841053009,8.6441212942693,8.794838617224702,0.0,1,31,0.9014004468917847,7.05843720208673,-0.9926920339593118,0.0,1,32,0.5522459745407104,2.2453240825028002,-4.525609990220293,0.0,0,33,0.7637811303138733,-0.07853524926290972,-5.5704998279909175,0.0,0,41,0.8550440669059753,1.7936063431582148,-2.3227412437271133,0.0,1,48,0.9392421245574951
1777470444,822534310,map,3.3263365100044853,1.9760918838537112,0.0,0,40,0.8911884427070618,2.6623362412896587,-1.1872768634375126,0.0,1,1,0.881457507610321,7.978993637731561,5.801877165204518,0.0,0,2,0.9173327088356018,7.924232152310354,2.009006361833236,0.0,0,3,0.8556790947914124,17.80263579753541,1.8010179043640275,0.0,0,5,0.627458930015564,17.865446776562997,4.952106806897845,0.0,0,16,0.7506595253944397,7.6711826331004636,-1.3222698743763532,0.0,2,8,0.618252694606781,8.423120623923259,-0.7894868012969759,0.0,2,11,0.83402419090271,12.962756655353482,2.0291500445263617,0.0,0,13,0.8042149543762207,12.85317217496052,9.160321177239519,0.0,1,12,0.8765394687652588,12.644388651672365,5.934380558629775,0.0,0,43,0.8898984789848328,17.754584534496963,7.717837474930086,0.0,1,4,0.7355867624282837,18.316622675069887,-1.1243271232406316,0.0,1,10,0.4947361946105957,22.172039793348947,1.8548159291809385,0.0,0,17,0.5046970844268799,12.795560937416349,-1.1135536880252215,0.0,2,15,0.7181355357170105,22.422890993516535,4.818327985604095,0.0,0,20,0.5834530591964722,24.283984836583507,3.6437984686441895,0.0,0,22,0.550815999507904,22.302205488623656,7.769127599738312,0.0,1,23,0.6322092413902283,19.350747321567578,-1.2617783185521516,0.0,2,25,0.38638946413993835,25.992758026975107,6.045454509757985,0.0,1,24,0.5722312927246094,22.844134305919535,-1.090112976808799,0.0,1,18,0.5101416110992432,26.35495390841644,0.9059354004309926,0.0,1,29,0.49012380838394165,26.89818607281673,3.810524098934088,0.0,1,28,0.568522036075592,8.64260627351623,8.795064302846617,0.0,1,31,0.9014076590538025,7.05843720208673,-0.9926920339593118,0.0,1,32,0.5510287284851074,2.2453240825028002,-4.525609990220293,0.0,0,33,0.7614548206329346,-0.07853524926290972,-5.5704998279909175,0.0,0,41,0.8521296381950378,1.8770263151990447,-2.2629570243555808,0.0,1,48,0.951794445514679
1777470444,922582832,map,3.3263365100044853,1.9760918838537112,0.0,0,40,0.8896028399467468,2.6623362412896587,-1.1872768634375126,0.0,1,1,0.8799062967300415,7.9796876192393675,5.801611575512162,0.0,0,2,0.917426347732544,7.924232152310354,2.009006361833236,0.0,0,3,0.8542172312736511,17.80263579753541,1.8010179043640275,0.0,0,5,0.6266725063323975,17.865446776562997,4.952106806897845,0.0,0,16,0.7495341897010803,7.6711826331004636,-1.3222698743763532,0.0,2,8,0.6174891591072083,8.423120623923259,-0.7894868012969759,0.0,2,11,0.8326353430747986,12.962756655353482,2.0291500445263617,0.0,0,13,0.8029235005378723,12.854283626276873,9.159768753627736,0.0,1,12,0.8765429258346558,12.647319657351137,5.933652489962532,0.0,0,43,0.8898561596870422,17.754584534496963,7.717837474930086,0.0,1,4,0.7345061898231506,18.316622675069887,-1.1243271232406316,0.0,1,10,0.494247168302536,22.172039793348947,1.8548159291809385,0.0,0,17,0.5041881799697876,12.795560937416349,-1.1135536880252215,0.0,2,15,0.7171055674552917,22.422890993516535,4.818327985604095,0.0,0,20,0.5827730298042297,24.283984836583507,3.6437984686441895,0.0,0,22,0.5502098798751831,22.302205488623656,7.769127599738312,0.0,1,23,0.6314108371734619,19.350747321567578,-1.2617783185521516,0.0,2,25,0.38609111309051514,25.992758026975107,6.045454509757985,0.0,1,24,0.5715771317481995,22.844134305919535,-1.090112976808799,0.0,1,18,0.5096216797828674,26.35495390841644,0.9059354004309926,0.0,1,29,0.4896438419818878,26.89818607281673,3.810524098934088,0.0,1,28,0.5678763389587402,8.641824813411018,8.795226182066353,0.0,1,31,0.9014109373092651,7.05843720208673,-0.9926920339593118,0.0,1,32,0.5504221320152283,2.2453240825028002,-4.525609990220293,0.0,0,33,0.7602969408035278,-0.07853524926290972,-5.5704998279909175,0.0,0,41,0.8506798148155212,1.9052905395813946,-2.242353271688335,0.0,1,48,0.9558975696563721
1777470445,22561825,map,3.3263365100044853,1.9760918838537112,0.0,0,40,0.8864485025405884,2.6623362412896587,-1.1872768634375126,0.0,1,1,0.8768202066421509,7.981742904931343,5.800871618242517,0.0,0,2,0.9175944328308105,7.924232152310354,2.009006361833236,0.0,0,3,0.8513084053993225,17.80263579753541,1.8010179043640275,0.0,0,5,0.6251055598258972,17.865446776562997,4.952106806897845,0.0,0,16,0.7472937107086182,7.6711826331004636,-1.3222698743763532,0.0,2,8,0.6159677505493164,8.423120623923259,-0.7894868012969759,0.0,2,11,0.829871416091919,12.962756655353482,2.0291500445263617,0.0,0,13,0.8003529906272888,12.85680415586342,9.158976201213756,0.0,1,12,0.8765433430671692,12.653446538683637,5.932549669525083,0.0,0,43,0.8897684216499329,17.754584534496963,7.717837474930086,0.0,1,4,0.732354462146759,18.316622675069887,-1.1243271232406316,0.0,1,10,0.49327197670936584,22.172039793348947,1.8548159291809385,0.0,0,17,0.5031734108924866,12.795560937416349,-1.1135536880252215,0.0,2,15,0.7150545120239258,22.422890993516535,4.818327985604095,0.0,0,20,0.5814176797866821,24.283984836583507,3.6437984686441895,0.0,0,22,0.5490016341209412,22.302205488623656,7.769127599738312,0.0,1,23,0.6298201680183411,19.350747321567578,-1.2617783185521516,0.0,2,25,0.38549575209617615,25.992758026975107,6.045454509757985,0.0,1,24,0.5702732801437378,22.844134305919535,-1.090112976808799,0.0,1,18,0.5085849165916443,26.35495390841644,0.9059354004309926,0.0,1,29,0.4886867105960846,26.89818607281673,3.810524098934088,0.0,1,28,0.5665892958641052,8.640545918998448,8.795408346492177,0.0,1,31,0.9014161825180054,7.05843720208673,-0.9926920339593118,0.0,1,32,0.5492129325866699,2.2453240825028002,-4.525609990220293,0.0,0,33,0.7579917311668396,-0.07853524926290972,-5.5704998279909175,0.0,0,41,0.8477950096130371,1.950193741225445,-2.2099318039644578,0.0,1,48,0.9616422057151794
1777470445,122786178,map,3.3263365100044853,1.9760918838537112,0.0,0,40,0.8848797082901001,2.6623362412896587,-1.1872768634375126,0.0,1,1,0.875285267829895,7.982725906545004,5.8005097873777745,0.0,0,2,0.9176729917526245,7.924232152310354,2.009006361833236,0.0,0,3,0.8498614430427551,17.80263579753541,1.8010179043640275,0.0,0,5,0.6243249773979187,17.865446776562997,4.952106806897845,0.0,0,16,0.7461785078048706,7.6711826331004636,-1.3222698743763532,0.0,2,8,0.6152098178863525,8.423120623923259,-0.7894868012969759,0.0,2,11,0.8284963369369507,12.962756655353482,2.0291500445263617,0.0,0,13,0.7990739345550537,12.857978361224948,9.158555830442596,0.0,1,12,0.8765445351600647,12.656375645073297,5.931972545760142,0.0,0,43,0.8897276520729065,17.754584534496963,7.717837474930086,0.0,1,4,0.7312833666801453,18.316622675069887,-1.1243271232406316,0.0,1,10,0.49278581142425537,22.172039793348947,1.8548159291809385,0.0,0,17,0.5026675462722778,12.795560937416349,-1.1135536880252215,0.0,2,15,0.7140333652496338,22.422890993516535,4.818327985604095,0.0,0,20,0.5807424187660217,24.283984836583507,3.6437984686441895,0.0,0,22,0.5483995079994202,22.302205488623656,7.769127599738312,0.0,1,23,0.629027783870697,19.350747321567578,-1.2617783185521516,0.0,2,25,0.38519877195358276,25.992758026975107,6.045454509757985,0.0,1,24,0.5696236491203308,22.844134305919535,-1.090112976808799,0.0,1,18,0.5080681443214417,26.35495390841644,0.9059354004309926,0.0,1,29,0.4882095456123352,26.89818607281673,3.810524098934088,0.0,1,28,0.5659480094909668,8.639843706756462,8.79551710437284,0.0,1,31,0.9014192819595337,7.05843720208673,-0.9926920339593118,0.0,1,32,0.5486103296279907,2.2453240825028002,-4.525609990220293,0.0,0,33,0.7568444013595581,-0.07853524926290972,-5.5704998279909175,0.0,0,41,0.8463599681854248,1.9669405831110593,-2.1979675501957776,0.0,1,48,0.963697612285614
1777470445,222313902,map,3.3263365100044853,1.9760918838537112,0.0,0,40,0.8817586898803711,2.6623362412896587,-1.1872768634375126,0.0,1,1,0.8722314834594727,7.984301525892753,5.799380265180461,0.0,0,2,0.9178274273872375,7.924232152310354,2.009006361833236,0.0,0,3,0.8469821810722351,17.80263579753541,1.8010179043640275,0.0,0,5,0.6227697730064392,17.865446776562997,4.952106806897845,0.0,0,16,0.7439579963684082,7.6711826331004636,-1.3222698743763532,0.0,2,8,0.6136996150016785,8.423120623923259,-0.7894868012969759,0.0,2,11,0.825759768486023,12.962756655353482,2.0291500445263617,0.0,0,13,0.7965279817581177,12.85992892213247,9.157732879184579,0.0,1,12,0.8765506148338318,12.661689808586662,5.930851620433039,0.0,0,43,0.8896549940109253,17.754584534496963,7.717837474930086,0.0,1,4,0.7291505336761475,18.316622675069887,-1.1243271232406316,0.0,1,10,0.49181637167930603,22.172039793348947,1.8548159291809385,0.0,0,17,0.5016588568687439,12.795560937416349,-1.1135536880252215,0.0,2,15,0.711999773979187,22.422890993516535,4.818327985604095,0.0,0,20,0.5793964862823486,24.283984836583507,3.6437984686441895,0.0,0,22,0.5471991300582886,22.302205488623656,7.769127599738312,0.0,1,23,0.627449095249176,19.350747321567578,-1.2617783185521516,0.0,2,25,0.38460618257522583,25.992758026975107,6.045454509757985,0.0,1,24,0.5683286786079407,22.844134305919535,-1.090112976808799,0.0,1,18,0.5070376992225647,26.35495390841644,0.9059354004309926,0.0,1,29,0.4872579872608185,26.89818607281673,3.810524098934088,0.0,1,28,0.5646697282791138,8.637989870906187,8.795435578830203,0.0,1,31,0.9014329314231873,7.05843720208673,-0.9926920339593118,0.0,1,32,0.5474091172218323,2.2453240825028002,-4.525609990220293,0.0,0,33,0.7545600533485413,-0.07853524926290972,-5.5704998279909175,0.0,0,41,0.8435043096542358,1.990919336257936,-2.1776988677087523,0.0,1,48,0.9668140411376953
1777470445,322738099,map,3.3263365100044853,1.9760918838537112,0.0,0,40,0.8802064657211304,2.6623362412896587,-1.1872768634375126,0.0,1,1,0.8707125186920166,7.985019531046606,5.798201012147569,0.0,0,2,0.9179055690765381,7.924232152310354,2.009006361833236,0.0,0,3,0.8455498218536377,17.80263579753541,1.8010179043640275,0.0,0,5,0.6219950318336487,17.865446776562997,4.952106806897845,0.0,0,16,0.7428526878356934,7.6711826331004636,-1.3222698743763532,0.0,2,8,0.6129472851753235,8.423120623923259,-0.7894868012969759,0.0,2,11,0.8243982195854187,12.962756655353482,2.0291500445263617,0.0,0,13,0.7952610850334167,12.860824668274981,9.15741211367245,0.0,1,12,0.8765535354614258,12.664236007709661,5.930394237204813,0.0,0,43,0.8896204829216003,17.754584534496963,7.717837474930086,0.0,1,4,0.7280887365341187,18.316622675069887,-1.1243271232406316,0.0,1,10,0.4913330674171448,22.172039793348947,1.8548159291809385,0.0,0,17,0.5011560320854187,12.795560937416349,-1.1135536880252215,0.0,2,15,0.7109873294830322,22.422890993516535,4.818327985604095,0.0,0,20,0.5787258744239807,24.283984836583507,3.6437984686441895,0.0,0,22,0.5466009378433228,22.302205488623656,7.769127599738312,0.0,1,23,0.6266626715660095,19.350747321567578,-1.2617783185521516,0.0,2,25,0.3843105435371399,25.992758026975107,6.045454509757985,0.0,1,24,0.5676833987236023,22.844134305919535,-1.090112976808799,0.0,1,18,0.5065240263938904,26.35495390841644,0.9059354004309926,0.0,1,29,0.48678362369537354,26.89818607281673,3.810524098934088,0.0,1,28,0.5640327334403992,8.636879587637402,8.794924651671304,0.0,1,31,0.9014462828636169,7.05843720208673,-0.9926920339593118,0.0,1,32,0.5468104481697083,2.2453240825028002,-4.525609990220293,0.0,0,33,0.7534230351448059,-0.07853524926290972,-5.5704998279909175,0.0,0,41,0.8420836925506592,2.0005920073058028,-2.1693172744365423,0.0,1,48,0.9679816961288452
1777470445,422430719,map,3.3263365100044853,1.9760918838537112,0.0,0,40,0.8771182894706726,2.6623362412896587,-1.1872768634375126,0.0,1,1,0.8676905035972595,7.987076709221741,5.794529614736442,0.0,0,2,0.918055534362793,7.924232152310354,2.009006361833236,0.0,0,3,0.8426996469497681,17.80263579753541,1.8010179043640275,0.0,0,5,0.6204513907432556,17.865446776562997,4.952106806897845,0.0,0,16,0.7406519055366516,7.6711826331004636,-1.3222698743763532,0.0,2,8,0.6114481687545776,8.423120623923259,-0.7894868012969759,0.0,2,11,0.8216886520385742,12.962756655353482,2.0291500445263617,0.0,0,13,0.7927393317222595,12.862674640058708,9.15637718593005,0.0,1,12,0.8765612244606018,12.669284690421675,5.92905428103776,0.0,0,43,0.8895562887191772,17.754584534496963,7.717837474930086,0.0,1,4,0.725974440574646,18.316622675069887,-1.1243271232406316,0.0,1,10,0.49036934971809387,22.172039793348947,1.8548159291809385,0.0,0,17,0.5001534223556519,12.795560937416349,-1.1135536880252215,0.0,2,15,0.7089710831642151,22.422890993516535,4.818327985604095,0.0,0,20,0.5773892402648926,24.283984836583507,3.6437984686441895,0.0,0,22,0.5454084873199463,22.302205488623656,7.769127599738312,0.0,1,23,0.625095784664154,19.350747321567578,-1.2617783185521516,0.0,2,25,0.3837206959724426,25.992758026975107,6.045454509757985,0.0,1,24,0.5663973093032837,22.844134305919535,-1.090112976808799,0.0,1,18,0.5054998397827148,26.35495390841644,0.9059354004309926,0.0,1,29,0.4858376383781433,26.89818607281673,3.810524098934088,0.0,1,28,0.5627630352973938,8.63473052470447,8.792885820085246,0.0,1,31,0.9014820456504822,7.05843720208673,-0.9926920339593118,0.0,1,32,0.5456170439720154,2.2453240825028002,-4.525609990220293,0.0,0,33,0.7511592507362366,-0.07853524926290972,-5.5704998279909175,0.0,0,41,0.8392568230628967,2.016526699998609,-2.1568446662285314,0.0,1,48,0.9697534441947937
1777470445,522790799,map,3.3263365100044853,1.9760918838537112,0.0,0,40,0.8755822777748108,2.6623362412896587,-1.1872768634375126,0.0,1,1,0.866187334060669,7.98831009406518,5.792710505470654,0.0,0,2,0.9181228876113892,7.924232152310354,2.009006361833236,0.0,0,3,0.8412817716598511,17.80263579753541,1.8010179043640275,0.0,0,5,0.6196823716163635,17.865446776562997,4.952106806897845,0.0,0,16,0.7395564317703247,7.6711826331004636,-1.3222698743763532,0.0,2,8,0.610701322555542,8.423120623923259,-0.7894868012969759,0.0,2,11,0.8203405141830444,12.962756655353482,2.0291500445263617,0.0,0,13,0.7914844751358032,12.863761162643492,9.155715397297977,0.0,1,12,0.8765641450881958,12.67195610270045,5.928225955298481,0.0,0,43,0.8895240426063538,17.754584534496963,7.717837474930086,0.0,1,4,0.7249218821525574,18.316622675069887,-1.1243271232406316,0.0,1,10,0.48988887667655945,22.172039793348947,1.8548159291809385,0.0,0,17,0.4996536374092102,12.795560937416349,-1.1135536880252215,0.0,2,15,0.707967221736908,22.422890993516535,4.818327985604095,0.0,0,20,0.5767232775688171,24.283984836583507,3.6437984686441895,0.0,0,22,0.5448141694068909,22.302205488623656,7.769127599738312,0.0,1,23,0.6243152618408203,19.350747321567578,-1.2617783185521516,0.0,2,25,0.3834264278411865,25.992758026975107,6.045454509757985,0.0,1,24,0.5657563805580139,22.844134305919535,-1.090112976808799,0.0,1,18,0.5049892663955688,26.35495390841644,0.9059354004309926,0.0,1,29,0.48536601662635803,26.89818607281673,3.810524098934088,0.0,1,28,0.562130331993103,8.633827999928954,8.791866090969783,0.0,1,31,0.9014978408813477,7.05843720208673,-0.9926920339593118,0.0,1,32,0.5450223088264465,2.2453240825028002,-4.525609990220293,0.0,0,33,0.7500324845314026,-0.07853524926290972,-5.5704998279909175,0.0,0,41,0.8378504514694214,2.024329525092709,-2.1527994582801786,0.0,1,48,0.9704039692878723
1777470445,624431154,map,3.3263365100044853,1.9760918838537112,0.0,0,40,0.8725264072418213,2.6623362412896587,-1.1872768634375126,0.0,1,1,0.8631965517997742,7.990845537317656,5.7898242465624055,0.0,0,2,0.9182415008544922,7.924232152310354,2.009006361833236,0.0,0,3,0.8384602069854736,17.80263579753541,1.8010179043640275,0.0,0,5,0.6181501746177673,17.865446776562997,4.952106806897845,0.0,0,16,0.7373750805854797,7.6711826331004636,-1.3222698743763532,0.0,2,8,0.60921311378479,8.423120623923259,-0.7894868012969759,0.0,2,11,0.817657470703125,12.962756655353482,2.0291500445263617,0.0,0,13,0.7889865636825562,12.86604920208096,9.154612358379161,0.0,1,12,0.8765664100646973,12.67195610270045,5.928225955298481,0.0,0,43,0.8863702416419983,17.754584534496963,7.717837474930086,0.0,1,4,0.7228259444236755,18.316622675069887,-1.1243271232406316,0.0,1,10,0.4889307916164398,22.172039793348947,1.8548159291809385,0.0,0,17,0.4986570179462433,12.795560937416349,-1.1135536880252215,0.0,2,15,0.7059680223464966,22.422890993516535,4.818327985604095,0.0,0,20,0.5753958821296692,24.283984836583507,3.6437984686441895,0.0,0,22,0.5436294674873352,22.302205488623656,7.769127599738312,0.0,1,23,0.6227600574493408,19.350747321567578,-1.2617783185521516,0.0,2,25,0.38283926248550415,25.992758026975107,6.045454509757985,0.0,1,24,0.5644789934158325,22.844134305919535,-1.090112976808799,0.0,1,18,0.50397127866745,26.35495390841644,0.9059354004309926,0.0,1,29,0.48442551493644714,26.89818607281673,3.810524098934088,0.0,1,28,0.5608692169189453,8.632380052719279,8.790414015910123,0.0,1,31,0.9015192985534668,7.05843720208673,-0.9926920339593118,0.0,1,32,0.5438366532325745,2.2453240825028002,-4.525609990220293,0.0,0,33,0.7477890253067017,-0.07853524926290972,-5.5704998279909175,0.0,0,41,0.8350518941879272,2.0464451204557377,-2.151947669707966,0.0,1,48,0.9712339639663696
1777470445,722647173,map,3.3263365100044853,1.9760918838537112,0.0,0,40,0.8710064888000488,2.6623362412896587,-1.1872768634375126,0.0,1,1,0.86170893907547,7.991821119274166,5.788304130410029,0.0,0,2,0.918300986289978,7.924232152310354,2.009006361833236,0.0,0,3,0.8370565176010132,17.80263579753541,1.8010179043640275,0.0,0,5,0.6173868775367737,17.865446776562997,4.952106806897845,0.0,0,16,0.7362892627716064,7.6711826331004636,-1.3222698743763532,0.0,2,8,0.6084717512130737,8.423120623923259,-0.7894868012969759,0.0,2,11,0.8163225650787354,12.962756655353482,2.0291500445263617,0.0,0,13,0.7877435088157654,12.867012338848138,9.153870662326476,0.0,1,12,0.8765708804130554,12.67195610270045,5.928225955298481,0.0,0,43,0.8848017454147339,17.754584534496963,7.717837474930086,0.0,1,4,0.7217824459075928,18.316622675069887,-1.1243271232406316,0.0,1,10,0.4884531497955322,22.172039793348947,1.8548159291809385,0.0,0,17,0.498160183429718,12.795560937416349,-1.1135536880252215,0.0,2,15,0.7049726247787476,22.422890993516535,4.818327985604095,0.0,0,20,0.5747345089912415,24.283984836583507,3.6437984686441895,0.0,0,22,0.5430390238761902,22.302205488623656,7.769127599738312,0.0,1,23,0.6219853758811951,19.350747321567578,-1.2617783185521516,0.0,2,25,0.3825463652610779,25.992758026975107,6.045454509757985,0.0,1,24,0.5638424158096313,22.844134305919535,-1.090112976808799,0.0,1,18,0.5034638047218323,26.35495390841644,0.9059354004309926,0.0,1,29,0.48395663499832153,26.89818607281673,3.810524098934088,0.0,1,28,0.5602408051490784,8.631474545812216,8.789621347787623,0.0,1,31,0.9015323519706726,7.05843720208673,-0.9926920339593118,0.0,1,32,0.543245792388916,2.2453240825028002,-4.525609990220293,0.0,0,33,0.7466723322868347,-0.07853524926290972,-5.5704998279909175,0.0,0,41,0.8336595892906189,2.0464451204557377,-2.151947669707966,0.0,1,48,0.969351053237915
1777470445,822319686,map,3.3263365100044853,1.9760918838537112,0.0,0,40,0.8679823875427246,2.6623362412896587,-1.1872768634375126,0.0,1,1,0.8587489724159241,7.99369226690389,5.786061768942498,0.0,0,2,0.9184061288833618,7.924232152310354,2.009006361833236,0.0,0,3,0.834263265132904,17.80263579753541,1.8010179043640275,0.0,0,5,0.6158660054206848,17.865446776562997,4.952106806897845,0.0,0,16,0.7341271042823792,7.6711826331004636,-1.3222698743763532,0.0,2,8,0.6069943904876709,8.423120623923259,-0.7894868012969759,0.0,2,11,0.8136656880378723,12.962756655353482,2.0291500445263617,0.0,0,13,0.7852692008018494,12.868878696029872,9.15236098669528,0.0,1,12,0.876579999923706,12.67195610270045,5.928225955298481,0.0,0,43,0.8816812634468079,17.754584534496963,7.717837474930086,0.0,1,4,0.7197045683860779,18.316622675069887,-1.1243271232406316,0.0,1,10,0.4875006675720215,22.172039793348947,1.8548159291809385,0.0,0,17,0.49716949462890625,12.795560937416349,-1.1135536880252215,0.0,2,15,0.7029902935028076,22.422890993516535,4.818327985604095,0.0,0,20,0.5734162330627441,24.283984836583507,3.6437984686441895,0.0,0,22,0.5418620109558105,22.302205488623656,7.769127599738312,0.0,1,23,0.620441734790802,19.350747321567578,-1.2617783185521516,0.0,2,25,0.3819618821144104,25.992758026975107,6.045454509757985,0.0,1,24,0.5625736117362976,22.844134305919535,-1.090112976808799,0.0,1,18,0.5024519562721252,26.35495390841644,0.9059354004309926,0.0,1,29,0.4830215871334076,26.89818607281673,3.810524098934088,0.0,1,28,0.558988094329834,8.629664090651646,8.788624705784278,0.0,1,31,0.9015520215034485,7.05843720208673,-0.9926920339593118,0.0,1,32,0.5420678853988647,2.2453240825028002,-4.525609990220293,0.0,0,33,0.7444489002227783,-0.07853524926290972,-5.5704998279909175,0.0,0,41,0.8308888673782349,2.0464451204557377,-2.151947669707966,0.0,1,48,0.9656069874763489
1777470445,922626798,map,3.3263365100044853,1.9760918838537112,0.0,0,40,0.8664782047271729,2.6623362412896587,-1.1872768634375126,0.0,1,1,0.8572766184806824,7.99475154836997,5.786187308921817,0.0,0,2,0.9184426665306091,7.924232152310354,2.009006361833236,0.0,0,3,0.8328735828399658,17.80263579753541,1.8010179043640275,0.0,0,5,0.6151083111763,17.865446776562997,4.952106806897845,0.0,0,16,0.7330508232116699,7.6711826331004636,-1.3222698743763532,0.0,2,8,0.6062583923339844,8.423120623923259,-0.7894868012969759,0.0,2,11,0.8123437166213989,12.962756655353482,2.0291500445263617,0.0,0,13,0.7840378284454346,12.841373676598575,9.151835100474933,0.0,1,12,0.8768799304962158,12.67195610270045,5.928225955298481,0.0,0,43,0.8801292777061462,17.754584534496963,7.717837474930086,0.0,1,4,0.718670129776001,18.316622675069887,-1.1243271232406316,0.0,1,10,0.48702582716941833,22.172039793348947,1.8548159291809385,0.0,0,17,0.49667564034461975,12.795560937416349,-1.1135536880252215,0.0,2,15,0.7020033001899719,22.422890993516535,4.818327985604095,0.0,0,20,0.5727593898773193,24.283984836583507,3.6437984686441895,0.0,0,22,0.5412754416465759,22.302205488623656,7.769127599738312,0.0,1,23,0.6196728348731995,19.350747321567578,-1.2617783185521516,0.0,2,25,0.3816703259944916,25.992758026975107,6.045454509757985,0.0,1,24,0.5619413256645203,22.844134305919535,-1.090112976808799,0.0,1,18,0.5019475817680359,26.35495390841644,0.9059354004309926,0.0,1,29,0.48255541920661926,26.89818607281673,3.810524098934088,0.0,1,28,0.5583638548851013,8.628882207105423,8.789087741556385,0.0,1,31,0.9015505909919739,7.05843720208673,-0.9926920339593118,0.0,1,32,0.5414808392524719,2.2453240825028002,-4.525609990220293,0.0,0,33,0.7433421015739441,-0.07853524926290972,-5.5704998279909175,0.0,0,41,0.8295103907585144,2.0464451204557377,-2.151947669707966,0.0,1,48,0.9637457728385925
1777470446,22441328,map,3.3263365100044853,1.9760918838537112,0.0,0,40,0.8634854555130005,2.6623362412896587,-1.1872768634375126,0.0,1,1,0.8543469309806824,7.995832606880275,5.786139165047597,0.0,0,2,0.9185253381729126,7.924232152310354,2.009006361833236,0.0,0,3,0.8301080465316772,17.80263579753541,1.8010179043640275,0.0,0,5,0.613598644733429,17.865446776562997,4.952106806897845,0.0,0,16,0.7309076189994812,7.6711826331004636,-1.3222698743763532,0.0,2,8,0.6047917604446411,8.423120623923259,-0.7894868012969759,0.0,2,11,0.8097127079963684,12.962756655353482,2.0291500445263617,0.0,0,13,0.7815866470336914,12.841373676598575,9.151835100474933,0.0,1,12,0.8738150596618652,12.67195610270045,5.928225955298481,0.0,0,43,0.8770416378974915,17.754584534496963,7.717837474930086,0.0,1,4,0.7166101336479187,18.316622675069887,-1.1243271232406316,0.0,1,10,0.4860788881778717,22.172039793348947,1.8548159291809385,0.0,0,17,0.49569085240364075,12.795560937416349,-1.1135536880252215,0.0,2,15,0.7000375390052795,22.422890993516535,4.818327985604095,0.0,0,20,0.5714501738548279,24.283984836583507,3.6437984686441895,0.0,0,22,0.5401060581207275,22.302205488623656,7.769127599738312,0.0,1,23,0.6181406378746033,19.350747321567578,-1.2617783185521516,0.0,2,25,0.381088525056839,25.992758026975107,6.045454509757985,0.0,1,24,0.5606810450553894,22.844134305919535,-1.090112976808799,0.0,1,18,0.5009417533874512,26.35495390841644,0.9059354004309926,0.0,1,29,0.4816257655620575,26.89818607281673,3.810524098934088,0.0,1,28,0.5571195483207703,8.626496397807822,8.789851082983107,0.0,1,31,0.9015580415725708,7.05843720208673,-0.9926920339593118,0.0,1,32,0.5403105616569519,2.2453240825028002,-4.525609990220293,0.0,0,33,0.7411384582519531,-0.07853524926290972,-5.5704998279909175,0.0,0,41,0.8267671465873718,2.0464451204557377,-2.151947669707966,0.0,1,48,0.960044801235199
1777470446,122888349,map,3.256495337394918,1.9190771445728345,0.0,0,40,0.8914278149604797,2.6623362412896587,-1.1872768634375126,0.0,1,1,0.8528895974159241,7.996332619044584,5.785715129922292,0.0,0,2,0.9185676574707031,7.924232152310354,2.009006361833236,0.0,0,3,0.8287321925163269,17.80263579753541,1.8010179043640275,0.0,0,5,0.6128465533256531,17.865446776562997,4.952106806897845,0.0,0,16,0.7298407554626465,7.6711826331004636,-1.3222698743763532,0.0,2,8,0.6040611267089844,8.423120623923259,-0.7894868012969759,0.0,2,11,0.8084035515785217,12.962756655353482,2.0291500445263617,0.0,0,13,0.7803667783737183,12.841373676598575,9.151835100474933,0.0,1,12,0.8722906112670898,12.67195610270045,5.928225955298481,0.0,0,43,0.8755059242248535,17.754584534496963,7.717837474930086,0.0,1,4,0.7155845165252686,18.316622675069887,-1.1243271232406316,0.0,1,10,0.4856068193912506,22.172039793348947,1.8548159291809385,0.0,0,17,0.49519991874694824,12.795560937416349,-1.1135536880252215,0.0,2,15,0.6990588307380676,22.422890993516535,4.818327985604095,0.0,0,20,0.5707978010177612,24.283984836583507,3.6437984686441895,0.0,0,22,0.5395232439041138,22.302205488623656,7.769127599738312,0.0,1,23,0.6173774003982544,19.350747321567578,-1.2617783185521516,0.0,2,25,0.3807982802391052,25.992758026975107,6.045454509757985,0.0,1,24,0.5600530505180359,22.844134305919535,-1.090112976808799,0.0,1,18,0.5004403591156006,26.35495390841644,0.9059354004309926,0.0,1,29,0.48116227984428406,26.89818607281673,3.810524098934088,0.0,1,28,0.5564994812011719,8.62505750193127,8.789937795526338,0.0,1,31,0.9015671610832214,7.05843720208673,-0.9926920339593118,0.0,1,32,0.5397273302078247,2.2453240825028002,-4.525609990220293,0.0,0,33,0.7400414943695068,-0.07853524926290972,-5.5704998279909175,0.0,0,41,0.8254023194313049,2.0464451204557377,-2.151947669707966,0.0,1,48,0.958204984664917
1777470446,222681656,map,3.199655254350123,1.8645125871910588,0.0,0,40,0.9213269948959351,2.6623362412896587,-1.1872768634375126,0.0,1,1,0.8499898314476013,7.9981338798298225,5.7845544740971855,0.0,0,2,0.918639600276947,7.924232152310354,2.009006361833236,0.0,0,3,0.825994074344635,17.80263579753541,1.8010179043640275,0.0,0,5,0.6113479137420654,17.865446776562997,4.952106806897845,0.0,0,16,0.7277162671089172,7.6711826331004636,-1.3222698743763532,0.0,2,8,0.6026050448417664,8.423120623923259,-0.7894868012969759,0.0,2,11,0.8057978749275208,12.962756655353482,2.0291500445263617,0.0,0,13,0.7779384851455688,12.841373676598575,9.151835100474933,0.0,1,12,0.8692576289176941,12.67195610270045,5.928225955298481,0.0,0,43,0.872450590133667,17.754584534496963,7.717837474930086,0.0,1,4,0.713542103767395,18.316622675069887,-1.1243271232406316,0.0,1,10,0.4846653938293457,22.172039793348947,1.8548159291809385,0.0,0,17,0.4942209720611572,12.795560937416349,-1.1135536880252215,0.0,2,15,0.6971095204353333,22.422890993516535,4.818327985604095,0.0,0,20,0.5694975256919861,24.283984836583507,3.6437984686441895,0.0,0,22,0.5383614301681519,22.302205488623656,7.769127599738312,0.0,1,23,0.6158565282821655,19.350747321567578,-1.2617783185521516,0.0,2,25,0.38021913170814514,25.992758026975107,6.045454509757985,0.0,1,24,0.5588012337684631,22.844134305919535,-1.090112976808799,0.0,1,18,0.49944064021110535,26.35495390841644,0.9059354004309926,0.0,1,29,0.4802379906177521,26.89818607281673,3.810524098934088,0.0,1,28,0.5552634596824646,8.622660514311251,8.789862386846082,0.0,1,31,0.9015830159187317,7.05843720208673,-0.9926920339593118,0.0,1,32,0.5385646224021912,2.2453240825028002,-4.525609990220293,0.0,0,33,0.7378573417663574,-0.07853524926290972,-5.5704998279909175,0.0,0,41,0.8226861357688904,2.0464451204557377,-2.151947669707966,0.0,1,48,0.9545463919639587
1777470446,322816004,map,3.1937510243535505,1.849294472962076,0.0,0,40,0.9300122261047363,2.6623362412896587,-1.1872768634375126,0.0,1,1,0.8485473394393921,7.999510692479556,5.784081772749586,0.0,0,2,0.9186661839485168,7.924232152310354,2.009006361833236,0.0,0,3,0.8246318101882935,17.80263579753541,1.8010179043640275,0.0,0,5,0.6106013059616089,17.865446776562997,4.952106806897845,0.0,0,16,0.7266587018966675,7.6711826331004636,-1.3222698743763532,0.0,2,8,0.6018796563148499,8.423120623923259,-0.7894868012969759,0.0,2,11,0.8045013546943665,12.962756655353482,2.0291500445263617,0.0,0,13,0.7767300009727478,12.841373676598575,9.151835100474933,0.0,1,12,0.867749035358429,12.67195610270045,5.928225955298481,0.0,0,43,0.8709309101104736,17.754584534496963,7.717837474930086,0.0,1,4,0.7125253081321716,18.316622675069887,-1.1243271232406316,0.0,1,10,0.4841960370540619,22.172039793348947,1.8548159291809385,0.0,0,17,0.49373292922973633,12.795560937416349,-1.1135536880252215,0.0,2,15,0.6961389780044556,22.422890993516535,4.818327985604095,0.0,0,20,0.5688496232032776,24.283984836583507,3.6437984686441895,0.0,0,22,0.5377823710441589,22.302205488623656,7.769127599738312,0.0,1,23,0.6150988936424255,19.350747321567578,-1.2617783185521516,0.0,2,25,0.3799302279949188,25.992758026975107,6.045454509757985,0.0,1,24,0.5581774115562439,22.844134305919535,-1.090112976808799,0.0,1,18,0.4989422559738159,26.35495390841644,0.9059354004309926,0.0,1,29,0.47977718710899353,26.89818607281673,3.810524098934088,0.0,1,28,0.5546475052833557,8.621838290186954,8.789910441862936,0.0,1,31,0.9015862345695496,7.05843720208673,-0.9926920339593118,0.0,1,32,0.5379851460456848,2.2453240825028002,-4.525609990220293,0.0,0,33,0.7367700338363647,-0.07853524926290972,-5.5704998279909175,0.0,0,41,0.821334719657898,2.0464451204557377,-2.151947669707966,0.0,1,48,0.9527275562286377
1777470446,422337026,map,3.182544511231146,1.8223359231181748,0.0,0,40,0.942046582698822,2.6623362412896587,-1.1872768634375126,0.0,1,1,0.8456768989562988,8.002345107718464,5.78326893102501,0.0,0,2,0.9187129139900208,7.924232152310354,2.009006361833236,0.0,0,3,0.8219206929206848,17.80263579753541,1.8010179043640275,0.0,0,5,0.6091136336326599,17.865446776562997,4.952106806897845,0.0,0,16,0.7245526909828186,7.6711826331004636,-1.3222698743763532,0.0,2,8,0.6004341244697571,8.423120623923259,-0.7894868012969759,0.0,2,11,0.8019207715988159,12.962756655353482,2.0291500445263617,0.0,0,13,0.7743242383003235,12.841373676598575,9.151835100474933,0.0,1,12,0.8647474646568298,12.67195610270045,5.928225955298481,0.0,0,43,0.8679073452949524,17.754584534496963,7.717837474930086,0.0,1,4,0.7105002999305725,18.316622675069887,-1.1243271232406316,0.0,1,10,0.48326006531715393,22.172039793348947,1.8548159291809385,0.0,0,17,0.4927597641944885,12.795560937416349,-1.1135536880252215,0.0,2,15,0.6942059397697449,22.422890993516535,4.818327985604095,0.0,0,20,0.5675581693649292,24.283984836583507,3.6437984686441895,0.0,0,22,0.536628007888794,22.302205488623656,7.769127599738312,0.0,1,23,0.6135892271995544,19.350747321567578,-1.2617783185521516,0.0,2,25,0.37935370206832886,25.992758026975107,6.045454509757985,0.0,1,24,0.5569339394569397,22.844134305919535,-1.090112976808799,0.0,1,18,0.49794843792915344,26.35495390841644,0.9059354004309926,0.0,1,29,0.47885820269584656,26.89818607281673,3.810524098934088,0.0,1,28,0.5534197092056274,8.620141096544518,8.79012543930644,0.0,1,31,0.9015920758247375,7.05843720208673,-0.9926920339593118,0.0,1,32,0.536829948425293,2.2453240825028002,-4.525609990220293,0.0,0,33,0.7346051335334778,-0.07853524926290972,-5.5704998279909175,0.0,0,41,0.8186452388763428,2.0464451204557377,-2.151947669707966,0.0,1,48,0.9491105675697327
1777470446,522449823,map,3.1760098892977466,1.8089996327066022,0.0,0,40,0.946372389793396,2.6623362412896587,-1.1872768634375126,0.0,1,1,0.8442490100860596,8.003770526947365,5.782620166072862,0.0,0,2,0.9187362790107727,7.924232152310354,2.009006361833236,0.0,0,3,0.820571780204773,17.80263579753541,1.8010179043640275,0.0,0,5,0.6083724498748779,17.865446776562997,4.952106806897845,0.0,0,16,0.7235042452812195,7.6711826331004636,-1.3222698743763532,0.0,2,8,0.599713921546936,8.423120623923259,-0.7894868012969759,0.0,2,11,0.8006367087364197,12.962756655353482,2.0291500445263617,0.0,0,13,0.7731269001960754,12.841373676598575,9.151835100474933,0.0,1,12,0.8632544875144958,12.67195610270045,5.928225955298481,0.0,0,43,0.8664034605026245,17.754584534496963,7.717837474930086,0.0,1,4,0.7094920873641968,18.316622675069887,-1.1243271232406316,0.0,1,10,0.4827934503555298,22.172039793348947,1.8548159291809385,0.0,0,17,0.4922746419906616,12.795560937416349,-1.1135536880252215,0.0,2,15,0.6932433843612671,22.422890993516535,4.818327985604095,0.0,0,20,0.5669146776199341,24.283984836583507,3.6437984686441895,0.0,0,22,0.5360527038574219,22.302205488623656,7.769127599738312,0.0,1,23,0.6128371357917786,19.350747321567578,-1.2617783185521516,0.0,2,25,0.3790661096572876,25.992758026975107,6.045454509757985,0.0,1,24,0.55631422996521,22.844134305919535,-1.090112976808799,0.0,1,18,0.4974530339241028,26.35495390841644,0.9059354004309926,0.0,1,29,0.4784000515937805,26.89818607281673,3.810524098934088,0.0,1,28,0.5528078675270081,8.619185357143165,8.790046671487172,0.0,1,31,0.9015979766845703,7.05843720208673,-0.9926920339593118,0.0,1,32,0.5362541675567627,2.2453240825028002,-4.525609990220293,0.0,0,33,0.733527421951294,-0.07853524926290972,-5.5704998279909175,0.0,0,41,0.8173070549964905,2.0464451204557377,-2.151947669707966,0.0,1,48,0.9473123550415039
1777470446,624719796,map,3.1682566340188303,1.7854899521372776,0.0,0,40,0.9527304172515869,2.6623362412896587,-1.1872768634375126,0.0,1,1,0.8414075970649719,8.006832032532952,5.780912144015719,0.0,0,2,0.9187801480293274,7.924232152310354,2.009006361833236,0.0,0,3,0.8178872466087341,17.80263579753541,1.8010179043640275,0.0,0,5,0.6068955659866333,17.865446776562997,4.952106806897845,0.0,0,16,0.7214164733886719,7.6711826331004636,-1.3222698743763532,0.0,2,8,0.5982787609100342,8.423120623923259,-0.7894868012969759,0.0,2,11,0.7980808019638062,12.962756655353482,2.0291500445263617,0.0,0,13,0.7707433700561523,12.841373676598575,9.151835100474933,0.0,1,12,0.8602839112281799,12.67195610270045,5.928225955298481,0.0,0,43,0.8634111881256104,17.754584534496963,7.717837474930086,0.0,1,4,0.7074843049049377,18.316622675069887,-1.1243271232406316,0.0,1,10,0.481862872838974,22.172039793348947,1.8548159291809385,0.0,0,17,0.49130719900131226,12.795560937416349,-1.1135536880252215,0.0,2,15,0.691326379776001,22.422890993516535,4.818327985604095,0.0,0,20,0.5656319856643677,24.283984836583507,3.6437984686441895,0.0,0,22,0.534905731678009,22.302205488623656,7.769127599738312,0.0,1,23,0.6113385558128357,19.350747321567578,-1.2617783185521516,0.0,2,25,0.37849220633506775,25.992758026975107,6.045454509757985,0.0,1,24,0.5550790429115295,22.844134305919535,-1.090112976808799,0.0,1,18,0.49646517634391785,26.35495390841644,0.9059354004309926,0.0,1,29,0.4774863123893738,26.89818607281673,3.810524098934088,0.0,1,28,0.5515881776809692,8.617364697642081,8.789557048891126,0.0,1,31,0.9016122221946716,7.05843720208673,-0.9926920339593118,0.0,1,32,0.535106360912323,2.2453240825028002,-4.525609990220293,0.0,0,33,0.7313814759254456,-0.07853524926290972,-5.5704998279909175,0.0,0,41,0.8146438002586365,2.0464451204557377,-2.151947669707966,0.0,1,48,0.9437363147735596
1777470446,722631234,map,3.164858390947036,1.7684779105022432,0.0,0,40,0.9570502638816833,2.6623362412896587,-1.1872768634375126,0.0,1,1,0.8385851979255676,8.010024998744347,5.7793128813928725,0.0,0,2,0.9188166856765747,7.924232152310354,2.009006361833236,0.0,0,3,0.8152202367782593,17.80263579753541,1.8010179043640275,0.0,0,5,0.6054258942604065,17.865446776562997,4.952106806897845,0.0,0,16,0.7193406820297241,7.6711826331004636,-1.3222698743763532,0.0,2,8,0.5968503952026367,8.423120623923259,-0.7894868012969759,0.0,2,11,0.7955411672592163,12.962756655353482,2.0291500445263617,0.0,0,13,0.768374502658844,12.841373676598575,9.151835100474933,0.0,1,12,0.8573337197303772,12.67195610270045,5.928225955298481,0.0,0,43,0.8604395389556885,17.754584534496963,7.717837474930086,0.0,1,4,0.7054877877235413,18.316622675069887,-1.1243271232406316,0.0,1,10,0.4809359014034271,22.172039793348947,1.8548159291809385,0.0,0,17,0.4903435707092285,12.795560937416349,-1.1135536880252215,0.0,2,15,0.6894199252128601,22.422890993516535,4.818327985604095,0.0,0,20,0.5643551349639893,24.283984836583507,3.6437984686441895,0.0,0,22,0.5337637066841125,22.302205488623656,7.769127599738312,0.0,1,23,0.6098472476005554,19.350747321567578,-1.2617783185521516,0.0,2,25,0.3779200613498688,25.992758026975107,6.045454509757985,0.0,1,24,0.5538493394851685,22.844134305919535,-1.090112976808799,0.0,1,18,0.4954812228679657,26.35495390841644,0.9059354004309926,0.0,1,29,0.4765760898590088,26.89818607281673,3.810524098934088,0.0,1,28,0.5503738522529602,8.615661277945696,8.789127871709074,0.0,1,31,0.9016245007514954,7.05843720208673,-0.9926920339593118,0.0,1,32,0.5339634418487549,2.2453240825028002,-4.525609990220293,0.0,0,33,0.729248046875,-0.07853524926290972,-5.5704998279909175,0.0,0,41,0.8119978308677673,2.0464451204557377,-2.151947669707966,0.0,1,48,0.9401871562004089
1777470446,822879446,map,3.1635264319145238,1.7627665451711194,0.0,0,40,0.9586992859840393,2.6623362412896587,-1.1872768634375126,0.0,1,1,0.8371810913085938,8.011670322545937,5.778856969191432,0.0,0,2,0.9188297390937805,7.924232152310354,2.009006361833236,0.0,0,3,0.81389319896698,17.80263579753541,1.8010179043640275,0.0,0,5,0.6046936511993408,17.865446776562997,4.952106806897845,0.0,0,16,0.7183072566986084,7.6711826331004636,-1.3222698743763532,0.0,2,8,0.5961388349533081,8.423120623923259,-0.7894868012969759,0.0,2,11,0.7942774295806885,12.962756655353482,2.0291500445263617,0.0,0,13,0.7671955227851868,12.841373676598575,9.151835100474933,0.0,1,12,0.8558661937713623,12.67195610270045,5.928225955298481,0.0,0,43,0.8589614033699036,17.754584534496963,7.717837474930086,0.0,1,4,0.7044937610626221,18.316622675069887,-1.1243271232406316,0.0,1,10,0.48047372698783875,22.172039793348947,1.8548159291809385,0.0,0,17,0.48986315727233887,12.795560937416349,-1.1135536880252215,0.0,2,15,0.6884706616401672,22.422890993516535,4.818327985604095,0.0,0,20,0.563718855381012,24.283984836583507,3.6437984686441895,0.0,0,22,0.5331944823265076,22.302205488623656,7.769127599738312,0.0,1,23,0.609104335308075,19.350747321567578,-1.2617783185521516,0.0,2,25,0.37763461470603943,25.992758026975107,6.045454509757985,0.0,1,24,0.5532365441322327,22.844134305919535,-1.090112976808799,0.0,1,18,0.4949907064437866,26.35495390841644,0.9059354004309926,0.0,1,29,0.47612226009368896,26.89818607281673,3.810524098934088,0.0,1,28,0.5497686862945557,8.614862370603436,8.789186377875824,0.0,1,31,0.9016273021697998,7.05843720208673,-0.9926920339593118,0.0,1,32,0.5333938002586365,2.2453240825028002,-4.525609990220293,0.0,0,33,0.7281859517097473,-0.07853524926290972,-5.5704998279909175,0.0,0,41,0.8106812834739685,2.0464451204557377,-2.151947669707966,0.0,1,48,0.9384225606918335
1777470446,922416584,map,3.161311361608265,1.7522588630051217,0.0,0,40,0.9613062739372253,2.6623362412896587,-1.1872768634375126,0.0,1,1,0.8343870043754578,8.015003929260342,5.7781588133675275,0.0,0,2,0.9188506603240967,7.924232152310354,2.009006361833236,0.0,0,3,0.8112521171569824,17.80263579753541,1.8010179043640275,0.0,0,5,0.603234589099884,17.865446776562997,4.952106806897845,0.0,0,16,0.7162492871284485,7.6711826331004636,-1.3222698743763532,0.0,2,8,0.5947206616401672,8.423120623923259,-0.7894868012969759,0.0,2,11,0.7917618751525879,12.962756655353482,2.0291500445263617,0.0,0,13,0.7648483514785767,12.841373676598575,9.151835100474933,0.0,1,12,0.8529461622238159,12.67195610270045,5.928225955298481,0.0,0,43,0.8560202121734619,17.754584534496963,7.717837474930086,0.0,1,4,0.702514111995697,18.316622675069887,-1.1243271232406316,0.0,1,10,0.47955209016799927,22.172039793348947,1.8548159291809385,0.0,0,17,0.4889051616191864,12.795560937416349,-1.1135536880252215,0.0,2,15,0.6865798830986023,22.422890993516535,4.818327985604095,0.0,0,20,0.5624505877494812,24.283984836583507,3.6437984686441895,0.0,0,22,0.5320597290992737,22.302205488623656,7.769127599738312,0.0,1,23,0.6076239347457886,19.350747321567578,-1.2617783185521516,0.0,2,25,0.3770650625228882,25.992758026975107,6.045454509757985,0.0,1,24,0.552014946937561,22.844134305919535,-1.090112976808799,0.0,1,18,0.4940125644207001,26.35495390841644,0.9059354004309926,0.0,1,29,0.47521722316741943,26.89818607281673,3.810524098934088,0.0,1,28,0.5485623478889465,8.61318432922457,8.789505727788065,0.0,1,31,0.9016317129135132,7.05843720208673,-0.9926920339593118,0.0,1,32,0.5322582125663757,2.2453240825028002,-4.525609990220293,0.0,0,33,0.7260711193084717,-0.07853524926290972,-5.5704998279909175,0.0,0,41,0.8080609440803528,2.0464451204557377,-2.151947669707966,0.0,1,48,0.934913158416748
1777470447,22902425,map,3.160717999221176,1.7480584791899563,0.0,0,40,0.9623286128044128,2.6623362412896587,-1.1872768634375126,0.0,1,1,0.8329969048500061,8.016773992231032,5.777977344348678,0.0,0,2,0.9188570976257324,7.924232152310354,2.009006361833236,0.0,0,3,0.8099380135536194,17.80263579753541,1.8010179043640275,0.0,0,5,0.6025077104568481,17.865446776562997,4.952106806897845,0.0,0,16,0.7152247428894043,7.6711826331004636,-1.3222698743763532,0.0,2,8,0.5940141081809998,8.423120623923259,-0.7894868012969759,0.0,2,11,0.7905101180076599,12.962756655353482,2.0291500445263617,0.0,0,13,0.7636801600456238,12.841373676598575,9.151835100474933,0.0,1,12,0.8514935970306396,12.67195610270045,5.928225955298481,0.0,0,43,0.85455721616745,17.754584534496963,7.717837474930086,0.0,1,4,0.7015284299850464,18.316622675069887,-1.1243271232406316,0.0,1,10,0.4790925979614258,22.172039793348947,1.8548159291809385,0.0,0,17,0.4884275794029236,12.795560937416349,-1.1135536880252215,0.0,2,15,0.6856383681297302,22.422890993516535,4.818327985604095,0.0,0,20,0.5618185997009277,24.283984836583507,3.6437984686441895,0.0,0,22,0.531494140625,22.302205488623656,7.769127599738312,0.0,1,23,0.6068863868713379,19.350747321567578,-1.2617783185521516,0.0,2,25,0.3767808973789215,25.992758026975107,6.045454509757985,0.0,1,24,0.5514061450958252,22.844134305919535,-1.090112976808799,0.0,1,18,0.4935249388217926,26.35495390841644,0.9059354004309926,0.0,1,29,0.47476598620414734,26.89818607281673,3.810524098934088,0.0,1,28,0.5479611754417419,8.612403912266743,8.789806465562382,0.0,1,31,0.9016319513320923,7.05843720208673,-0.9926920339593118,0.0,1,32,0.5316922068595886,2.2453240825028002,-4.525609990220293,0.0,0,33,0.7250182628631592,-0.07853524926290972,-5.5704998279909175,0.0,0,41,0.8067571520805359,2.0464451204557377,-2.151947669707966,0.0,1,48,0.9331682920455933
1777470447,122632143,map,3.1583878190232575,1.739602025240544,0.0,0,40,0.9640023112297058,2.6623362412896587,-1.1872768634375126,0.0,1,1,0.8302305936813354,8.020224705778201,5.77734787390254,0.0,0,2,0.918871283531189,7.924232152310354,2.009006361833236,0.0,0,3,0.8073224425315857,17.80263579753541,1.8010179043640275,0.0,0,5,0.6010591387748718,17.865446776562997,4.952106806897845,0.0,0,16,0.7131844162940979,7.6711826331004636,-1.3222698743763532,0.0,2,8,0.5926060676574707,8.423120623923259,-0.7894868012969759,0.0,2,11,0.7880183458328247,12.962756655353482,2.0291500445263617,0.0,0,13,0.7613544464111328,12.841373676598575,9.151835100474933,0.0,1,12,0.8486032485961914,12.67195610270045,5.928225955298481,0.0,0,43,0.8516460657119751,17.754584534496963,7.717837474930086,0.0,1,4,0.6995653510093689,18.316622675069887,-1.1243271232406316,0.0,1,10,0.4781762361526489,22.172039793348947,1.8548159291809385,0.0,0,17,0.48747518658638,12.795560937416349,-1.1135536880252215,0.0,2,15,0.6837631464004517,22.422890993516535,4.818327985604095,0.0,0,20,0.5605589151382446,24.283984836583507,3.6437984686441895,0.0,0,22,0.5303665995597839,22.302205488623656,7.769127599738312,0.0,1,23,0.6054167151451111,19.350747321567578,-1.2617783185521516,0.0,2,25,0.3762139081954956,25.992758026975107,6.045454509757985,0.0,1,24,0.550192654132843,22.844134305919535,-1.090112976808799,0.0,1,18,0.49255260825157166,26.35495390841644,0.9059354004309926,0.0,1,29,0.4738660752773285,26.89818607281673,3.810524098934088,0.0,1,28,0.5467627644538879,8.610640119493173,8.790208821589994,0.0,1,31,0.9016366600990295,7.05843720208673,-0.9926920339593118,0.0,1,32,0.5305638313293457,2.2453240825028002,-4.525609990220293,0.0,0,33,0.7229217290878296,-0.07853524926290972,-5.5704998279909175,0.0,0,41,0.8041620850563049,2.0464451204557377,-2.151947669707966,0.0,1,48,0.9296980500221252
1777470447,222531827,map,3.1577831308066235,1.7347695050273169,0.0,0,40,0.9646778702735901,2.6623362412896587,-1.1872768634375126,0.0,1,1,0.8288543224334717,8.02196476236906,5.776706119021734,0.0,0,2,0.9188799262046814,7.924232152310354,2.009006361833236,0.0,0,3,0.8060210347175598,17.80263579753541,1.8010179043640275,0.0,0,5,0.6003374457359314,17.865446776562997,4.952106806897845,0.0,0,16,0.7121685743331909,7.6711826331004636,-1.3222698743763532,0.0,2,8,0.5919045209884644,8.423120623923259,-0.7894868012969759,0.0,2,11,0.7867783904075623,12.962756655353482,2.0291500445263617,0.0,0,13,0.76019686460495,12.841373676598575,9.151835100474933,0.0,1,12,0.8471654653549194,12.67195610270045,5.928225955298481,0.0,0,43,0.8501979112625122,17.754584534496963,7.717837474930086,0.0,1,4,0.698587954044342,18.316622675069887,-1.1243271232406316,0.0,1,10,0.47771936655044556,22.172039793348947,1.8548159291809385,0.0,0,17,0.48700040578842163,12.795560937416349,-1.1135536880252215,0.0,2,15,0.6828293204307556,22.422890993516535,4.818327985604095,0.0,0,20,0.5599311590194702,24.283984836583507,3.6437984686441895,0.0,0,22,0.5298046469688416,22.302205488623656,7.769127599738312,0.0,1,23,0.6046845316886902,19.350747321567578,-1.2617783185521516,0.0,2,25,0.375931054353714,25.992758026975107,6.045454509757985,0.0,1,24,0.5495879054069519,22.844134305919535,-1.090112976808799,0.0,1,18,0.4920678734779358,26.35495390841644,0.9059354004309926,0.0,1,29,0.47341740131378174,26.89818607281673,3.810524098934088,0.0,1,28,0.5461655259132385,8.6097074716538,8.790146194697138,0.0,1,31,0.9016423225402832,7.05843720208673,-0.9926920339593118,0.0,1,32,0.5300014615058899,2.2453240825028002,-4.525609990220293,0.0,0,33,0.7218780517578125,-0.07853524926290972,-5.5704998279909175,0.0,0,41,0.8028708100318909,2.0464451204557377,-2.151947669707966,0.0,1,48,0.9279726147651672
1777470447,322617764,map,3.1579904315010072,1.7212073175959237,0.0,0,40,0.9657961130142212,2.6623362412896587,-1.1872768634375126,0.0,1,1,0.8261153697967529,8.025598496942735,5.77415879492212,0.0,0,2,0.9189041256904602,7.924232152310354,2.009006361833236,0.0,0,3,0.8034306764602661,17.80263579753541,1.8010179043640275,0.0,0,5,0.598899245262146,17.865446776562997,4.952106806897845,0.0,0,16,0.7101455926895142,7.6711826331004636,-1.3222698743763532,0.0,2,8,0.5905064344406128,8.423120623923259,-0.7894868012969759,0.0,2,11,0.7843100428581238,12.962756655353482,2.0291500445263617,0.0,0,13,0.7578923106193542,12.841373676598575,9.151835100474933,0.0,1,12,0.8443043828010559,12.67195610270045,5.928225955298481,0.0,0,43,0.8473163843154907,17.754584534496963,7.717837474930086,0.0,1,4,0.6966413259506226,18.316622675069887,-1.1243271232406316,0.0,1,10,0.47680824995040894,22.172039793348947,1.8548159291809385,0.0,0,17,0.48605355620384216,12.795560937416349,-1.1135536880252215,0.0,2,15,0.6809694170951843,22.422890993516535,4.818327985604095,0.0,0,20,0.5586798787117004,24.283984836583507,3.6437984686441895,0.0,0,22,0.5286842584609985,22.302205488623656,7.769127599738312,0.0,1,23,0.6032255291938782,19.350747321567578,-1.2617783185521516,0.0,2,25,0.37536659836769104,25.992758026975107,6.045454509757985,0.0,1,24,0.5483823418617249,22.844134305919535,-1.090112976808799,0.0,1,18,0.4911012351512909,26.35495390841644,0.9059354004309926,0.0,1,29,0.4725226163864136,26.89818607281673,3.810524098934088,0.0,1,28,0.5449749231338501,8.607822072050872,8.789021155185083,0.0,1,31,0.9016638994216919,7.05843720208673,-0.9926920339593118,0.0,1,32,0.5288801789283752,2.2453240825028002,-4.525609990220293,0.0,0,33,0.7197995781898499,-0.07853524926290972,-5.5704998279909175,0.0,0,41,0.800300657749176,2.0464451204557377,-2.151947669707966,0.0,1,48,0.9245408177375793
1777470447,423031654,map,3.1586984495592283,1.7107343790463037,0.0,0,40,0.966629683971405,2.6623362412896587,-1.1872768634375126,0.0,1,1,0.8233944773674011,8.029136475617898,5.77160116229471,0.0,0,2,0.9189265370368958,7.924232152310354,2.009006361833236,0.0,0,3,0.8008569478988647,17.80263579753541,1.8010179043640275,0.0,0,5,0.5974679589271545,17.865446776562997,4.952106806897845,0.0,0,16,0.708134114742279,7.6711826331004636,-1.3222698743763532,0.0,2,8,0.5891149044036865,8.423120623923259,-0.7894868012969759,0.0,2,11,0.7818571925163269,12.962756655353482,2.0291500445263617,0.0,0,13,0.7556016445159912,12.841373676598575,9.151835100474933,0.0,1,12,0.8414626121520996,12.67195610270045,5.928225955298481,0.0,0,43,0.844454288482666,17.754584534496963,7.717837474930086,0.0,1,4,0.6947054862976074,18.316622675069887,-1.1243271232406316,0.0,1,10,0.4759005904197693,22.172039793348947,1.8548159291809385,0.0,0,17,0.48511040210723877,12.795560937416349,-1.1135536880252215,0.0,2,15,0.6791195273399353,22.422890993516535,4.818327985604095,0.0,0,20,0.5574341416358948,24.283984836583507,3.6437984686441895,0.0,0,22,0.5275685787200928,22.302205488623656,7.769127599738312,0.0,1,23,0.6017735004425049,19.350747321567578,-1.2617783185521516,0.0,2,25,0.3748038411140442,25.992758026975107,6.045454509757985,0.0,1,24,0.5471820831298828,22.844134305919535,-1.090112976808799,0.0,1,18,0.4901384115219116,26.35495390841644,0.9059354004309926,0.0,1,29,0.4716311991214752,26.89818607281673,3.810524098934088,0.0,1,28,0.5437895059585571,8.605836672847937,8.787848322769415,0.0,1,31,0.9016864895820618,7.05843720208673,-0.9926920339593118,0.0,1,32,0.5277637243270874,2.2453240825028002,-4.525609990220293,0.0,0,33,0.7177330851554871,-0.07853524926290972,-5.5704998279909175,0.0,0,41,0.7977468967437744,2.0464451204557377,-2.151947669707966,0.0,1,48,0.9211342930793762
1777470447,522503601,map,3.158194521261143,1.7064346342249481,0.0,0,40,0.9669793844223022,2.6623362412896587,-1.1872768634375126,0.0,1,1,0.8220407962799072,8.030890724994839,5.770392304265847,0.0,0,2,0.9189361929893494,7.924232152310354,2.009006361833236,0.0,0,3,0.7995762825012207,17.80263579753541,1.8010179043640275,0.0,0,5,0.5967549085617065,17.865446776562997,4.952106806897845,0.0,0,16,0.7071326375007629,7.6711826331004636,-1.3222698743763532,0.0,2,8,0.588421642780304,8.423120623923259,-0.7894868012969759,0.0,2,11,0.7806364893913269,12.962756655353482,2.0291500445263617,0.0,0,13,0.7544614672660828,12.841373676598575,9.151835100474933,0.0,1,12,0.8400488495826721,12.67195610270045,5.928225955298481,0.0,0,43,0.8430305123329163,17.754584534496963,7.717837474930086,0.0,1,4,0.6937415599822998,18.316622675069887,-1.1243271232406316,0.0,1,10,0.47544804215431213,22.172039793348947,1.8548159291809385,0.0,0,17,0.4846402108669281,12.795560937416349,-1.1135536880252215,0.0,2,15,0.6781983971595764,22.422890993516535,4.818327985604095,0.0,0,20,0.5568133592605591,24.283984836583507,3.6437984686441895,0.0,0,22,0.5270124673843384,22.302205488623656,7.769127599738312,0.0,1,23,0.601050078868866,19.350747321567578,-1.2617783185521516,0.0,2,25,0.3745231032371521,25.992758026975107,6.045454509757985,0.0,1,24,0.5465839505195618,22.844134305919535,-1.090112976808799,0.0,1,18,0.4896584153175354,26.35495390841644,0.9059354004309926,0.0,1,29,0.47118672728538513,26.89818607281673,3.810524098934088,0.0,1,28,0.5431987643241882,8.604881374313859,8.787312728825285,0.0,1,31,0.9016967415809631,7.05843720208673,-0.9926920339593118,0.0,1,32,0.5272072553634644,2.2453240825028002,-4.525609990220293,0.0,0,33,0.7167043089866638,-0.07853524926290972,-5.5704998279909175,0.0,0,41,0.7964761257171631,2.0464451204557377,-2.151947669707966,0.0,1,48,0.9194404482841492
1777470447,625178573,map,3.1553681141962895,1.7000660802211316,0.0,0,40,0.9675714373588562,2.6623362412896587,-1.1872768634375126,0.0,1,1,0.8193466067314148,8.03461947453361,5.768387656165146,0.0,0,2,0.9189472198486328,7.924232152310354,2.009006361833236,0.0,0,3,0.7970271110534668,17.80263579753541,1.8010179043640275,0.0,0,5,0.5953338146209717,17.865446776562997,4.952106806897845,0.0,0,16,0.705138087272644,7.6711826331004636,-1.3222698743763532,0.0,2,8,0.5870398879051208,8.423120623923259,-0.7894868012969759,0.0,2,11,0.778206467628479,12.962756655353482,2.0291500445263617,0.0,0,13,0.7521914839744568,12.841373676598575,9.151835100474933,0.0,1,12,0.8372355699539185,12.67195610270045,5.928225955298481,0.0,0,43,0.8401972651481628,17.754584534496963,7.717837474930086,0.0,1,4,0.691821813583374,18.316622675069887,-1.1243271232406316,0.0,1,10,0.47454556822776794,22.172039793348947,1.8548159291809385,0.0,0,17,0.48370251059532166,12.795560937416349,-1.1135536880252215,0.0,2,15,0.6763635873794556,22.422890993516535,4.818327985604095,0.0,0,20,0.555575966835022,24.283984836583507,3.6437984686441895,0.0,0,22,0.5259038805961609,22.302205488623656,7.769127599738312,0.0,1,23,0.5996085405349731,19.350747321567578,-1.2617783185521516,0.0,2,25,0.3739628791809082,25.992758026975107,6.045454509757985,0.0,1,24,0.5453914999961853,22.844134305919535,-1.090112976808799,0.0,1,18,0.4887012243270874,26.35495390841644,0.9059354004309926,0.0,1,29,0.4703003466129303,26.89818607281673,3.810524098934088,0.0,1,28,0.5420210361480713,8.603247674253923,8.786552484934532,0.0,1,31,0.9017109870910645,7.05843720208673,-0.9926920339593118,0.0,1,32,0.5260977745056152,2.2453240825028002,-4.525609990220293,0.0,0,33,0.7146555185317993,-0.07853524926290972,-5.5704998279909175,0.0,0,41,0.7939466834068298,2.0464451204557377,-2.151947669707966,0.0,1,48,0.916071355342865
1777470447,722510254,map,3.1530015345158047,1.6972633881591497,0.0,0,40,0.967829704284668,2.6623362412896587,-1.1872768634375126,0.0,1,1,0.818006157875061,8.036367265545985,5.7674735819386465,0.0,0,2,0.9189526438713074,7.924232152310354,2.009006361833236,0.0,0,3,0.7957586646080017,17.80263579753541,1.8010179043640275,0.0,0,5,0.5946258306503296,17.865446776562997,4.952106806897845,0.0,0,16,0.704145073890686,7.6711826331004636,-1.3222698743763532,0.0,2,8,0.5863515138626099,8.423120623923259,-0.7894868012969759,0.0,2,11,0.7769971489906311,12.962756655353482,2.0291500445263617,0.0,0,13,0.7510616183280945,12.841373676598575,9.151835100474933,0.0,1,12,0.8358359932899475,12.67195610270045,5.928225955298481,0.0,0,43,0.8387877345085144,17.754584534496963,7.717837474930086,0.0,1,4,0.6908658742904663,18.316622675069887,-1.1243271232406316,0.0,1,10,0.4740956127643585,22.172039793348947,1.8548159291809385,0.0,0,17,0.48323503136634827,12.795560937416349,-1.1135536880252215,0.0,2,15,0.6754498481750488,22.422890993516535,4.818327985604095,0.0,0,20,0.5549592971801758,24.283984836583507,3.6437984686441895,0.0,0,22,0.5253512859344482,22.302205488623656,7.769127599738312,0.0,1,23,0.5988903045654297,19.350747321567578,-1.2617783185521516,0.0,2,25,0.3736833930015564,25.992758026975107,6.045454509757985,0.0,1,24,0.5447973012924194,22.844134305919535,-1.090112976808799,0.0,1,18,0.4882240295410156,26.35495390841644,0.9059354004309926,0.0,1,29,0.4698583781719208,26.89818607281673,3.810524098934088,0.0,1,28,0.541434109210968,8.602331793425138,8.786237679397622,0.0,1,31,0.9017184376716614,7.05843720208673,-0.9926920339593118,0.0,1,32,0.5255448222160339,2.2453240825028002,-4.525609990220293,0.0,0,33,0.7136355042457581,-0.07853524926290972,-5.5704998279909175,0.0,0,41,0.7926880121231079,2.0464451204557377,-2.151947669707966,0.0,1,48,0.9143960475921631
1777470447,822322011,map,3.1476227112271427,1.692213896056752,0.0,0,40,0.968271017074585,2.6623362412896587,-1.1872768634375126,0.0,1,1,0.8153383731842041,8.039497905586435,5.765718255635388,0.0,0,2,0.9189656376838684,7.924232152310354,2.009006361833236,0.0,0,3,0.7932337522506714,17.80263579753541,1.8010179043640275,0.0,0,5,0.5932148694992065,17.865446776562997,4.952106806897845,0.0,0,16,0.7021673321723938,7.6711826331004636,-1.3222698743763532,0.0,2,8,0.5849794745445251,8.423120623923259,-0.7894868012969759,0.0,2,11,0.7745897769927979,12.962756655353482,2.0291500445263617,0.0,0,13,0.7488120198249817,12.841373676598575,9.151835100474933,0.0,1,12,0.8330508470535278,12.67195610270045,5.928225955298481,0.0,0,43,0.8359829187393188,17.754584534496963,7.717837474930086,0.0,1,4,0.688961923122406,18.316622675069887,-1.1243271232406316,0.0,1,10,0.4731982350349426,22.172039793348947,1.8548159291809385,0.0,0,17,0.4823027551174164,12.795560937416349,-1.1135536880252215,0.0,2,15,0.673629879951477,22.422890993516535,4.818327985604095,0.0,0,20,0.5537301301956177,24.283984836583507,3.6437984686441895,0.0,0,22,0.5242496132850647,22.302205488623656,7.769127599738312,0.0,1,23,0.597459077835083,19.350747321567578,-1.2617783185521516,0.0,2,25,0.3731256425380707,25.992758026975107,6.045454509757985,0.0,1,24,0.5436126589775085,22.844134305919535,-1.090112976808799,0.0,1,18,0.4872724413871765,26.35495390841644,0.9059354004309926,0.0,1,29,0.4689769744873047,26.89818607281673,3.810524098934088,0.0,1,28,0.5402640700340271,8.600188093130567,8.785647041938873,0.0,1,31,0.9017358422279358,7.05843720208673,-0.9926920339593118,0.0,1,32,0.5244423151016235,2.2453240825028002,-4.525609990220293,0.0,0,33,0.7116041779518127,-0.07853524926290972,-5.5704998279909175,0.0,0,41,0.7901825308799744,2.0464451204557377,-2.151947669707966,0.0,1,48,0.9110637307167053
1777470447,922804699,map,3.1451759788587457,1.688590365868357,0.0,0,40,0.9684628248214722,2.6623362412896587,-1.1872768634375126,0.0,1,1,0.8140109777450562,8.041132984356445,5.764549367353227,0.0,0,2,0.9189729690551758,7.924232152310354,2.009006361833236,0.0,0,3,0.7919773459434509,17.80263579753541,1.8010179043640275,0.0,0,5,0.5925118923187256,17.865446776562997,4.952106806897845,0.0,0,16,0.7011826634407043,7.6711826331004636,-1.3222698743763532,0.0,2,8,0.5842958688735962,8.423120623923259,-0.7894868012969759,0.0,2,11,0.773391604423523,12.962756655353482,2.0291500445263617,0.0,0,13,0.7476922273635864,12.841373676598575,9.151835100474933,0.0,1,12,0.8316651582717896,12.67195610270045,5.928225955298481,0.0,0,43,0.8345875144004822,17.754584534496963,7.717837474930086,0.0,1,4,0.6880139112472534,18.316622675069887,-1.1243271232406316,0.0,1,10,0.47275084257125854,22.172039793348947,1.8548159291809385,0.0,0,17,0.4818379878997803,12.795560937416349,-1.1135536880252215,0.0,2,15,0.6727235317230225,22.422890993516535,4.818327985604095,0.0,0,20,0.553117573261261,24.283984836583507,3.6437984686441895,0.0,0,22,0.5237005352973938,22.302205488623656,7.769127599738312,0.0,1,23,0.596746027469635,19.350747321567578,-1.2617783185521516,0.0,2,25,0.37284740805625916,25.992758026975107,6.045454509757985,0.0,1,24,0.5430222749710083,22.844134305919535,-1.090112976808799,0.0,1,18,0.4867980480194092,26.35495390841644,0.9059354004309926,0.0,1,29,0.46853750944137573,26.89818607281673,3.810524098934088,0.0,1,28,0.5396808981895447,8.599136734648702,8.78511596348837,0.0,1,31,0.9017466306686401,7.05843720208673,-0.9926920339593118,0.0,1,32,0.5238928198814392,2.2453240825028002,-4.525609990220293,0.0,0,33,0.7105928659439087,-0.07853524926290972,-5.5704998279909175,0.0,0,41,0.7889357209205627,2.0464451204557377,-2.151947669707966,0.0,1,48,0.9094067215919495
1777470448,22301250,map,3.1396928990012873,1.680708860404766,0.0,0,40,0.9688040614128113,2.6623362412896587,-1.1872768634375126,0.0,1,1,0.8113691210746765,8.044265876512254,5.761933828856555,0.0,0,2,0.9189901351928711,7.924232152310354,2.009006361833236,0.0,0,3,0.7894763350486755,17.80263579753541,1.8010179043640275,0.0,0,5,0.5911109447479248,17.865446776562997,4.952106806897845,0.0,0,16,0.6992215514183044,7.6711826331004636,-1.3222698743763532,0.0,2,8,0.5829334259033203,8.423120623923259,-0.7894868012969759,0.0,2,11,0.7710064649581909,12.962756655353482,2.0291500445263617,0.0,0,13,0.7454627156257629,12.841373676598575,9.151835100474933,0.0,1,12,0.8289076685905457,12.67195610270045,5.928225955298481,0.0,0,43,0.8318106532096863,17.754584534496963,7.717837474930086,0.0,1,4,0.686125636100769,18.316622675069887,-1.1243271232406316,0.0,1,10,0.47185853123664856,22.172039793348947,1.8548159291809385,0.0,0,17,0.48091110587120056,12.795560937416349,-1.1135536880252215,0.0,2,15,0.6709181666374207,22.422890993516535,4.818327985604095,0.0,0,20,0.5518965125083923,24.283984836583507,3.6437984686441895,0.0,0,22,0.5226057767868042,22.302205488623656,7.769127599738312,0.0,1,23,0.5953249931335449,19.350747321567578,-1.2617783185521516,0.0,2,25,0.3722921907901764,25.992758026975107,6.045454509757985,0.0,1,24,0.5418453216552734,22.844134305919535,-1.090112976808799,0.0,1,18,0.4858520030975342,26.35495390841644,0.9059354004309926,0.0,1,29,0.467661052942276,26.89818607281673,3.810524098934088,0.0,1,28,0.5385183691978455,8.596900741299574,8.783806213046763,0.0,1,31,0.9017718434333801,7.05843720208673,-0.9926920339593118,0.0,1,32,0.5227972865104675,2.2453240825028002,-4.525609990220293,0.0,0,33,0.7085788249969482,-0.07853524926290972,-5.5704998279909175,0.0,0,41,0.786453902721405,2.0464451204557377,-2.151947669707966,0.0,1,48,0.9061105847358704
1777470448,122683919,map,3.136570683026647,1.6769413459945852,0.0,0,40,0.9689550399780273,2.6623362412896587,-1.1872768634375126,0.0,1,1,0.8100546002388,8.045854687823038,5.7606246521481275,0.0,0,2,0.918997585773468,7.924232152310354,2.009006361833236,0.0,0,3,0.7882317304611206,17.80263579753541,1.8010179043640275,0.0,0,5,0.5904129147529602,17.865446776562997,4.952106806897845,0.0,0,16,0.6982450485229492,7.6711826331004636,-1.3222698743763532,0.0,2,8,0.5822546482086182,8.423120623923259,-0.7894868012969759,0.0,2,11,0.7698193788528442,12.962756655353482,2.0291500445263617,0.0,0,13,0.7443529367446899,12.841373676598575,9.151835100474933,0.0,1,12,0.8275358080863953,12.67195610270045,5.928225955298481,0.0,0,43,0.8304291367530823,17.754584534496963,7.717837474930086,0.0,1,4,0.685185432434082,18.316622675069887,-1.1243271232406316,0.0,1,10,0.47141367197036743,22.172039793348947,1.8548159291809385,0.0,0,17,0.48044899106025696,12.795560937416349,-1.1135536880252215,0.0,2,15,0.6700190901756287,22.422890993516535,4.818327985604095,0.0,0,20,0.5512880086898804,24.283984836583507,3.6437984686441895,0.0,0,22,0.5220600962638855,22.302205488623656,7.769127599738312,0.0,1,23,0.5946170091629028,19.350747321567578,-1.2617783185521516,0.0,2,25,0.37201517820358276,25.992758026975107,6.045454509757985,0.0,1,24,0.5412587523460388,22.844134305919535,-1.090112976808799,0.0,1,18,0.4853803515434265,26.35495390841644,0.9059354004309926,0.0,1,29,0.46722403168678284,26.89818607281673,3.810524098934088,0.0,1,28,0.5379390120506287,8.595836617172287,8.78313886081797,0.0,1,31,0.90178382396698,7.05843720208673,-0.9926920339593118,0.0,1,32,0.5222511887550354,2.2453240825028002,-4.525609990220293,0.0,0,33,0.7075760960578918,-0.07853524926290972,-5.5704998279909175,0.0,0,41,0.7852187752723694,2.0464451204557377,-2.151947669707966,0.0,1,48,0.9044715166091919
1777470448,222875130,map,3.133076289557054,1.6736959628118835,0.0,0,40,0.9690937995910645,2.6623362412896587,-1.1872768634375126,0.0,1,1,0.8087443709373474,8.047304265908407,5.759445798586962,0.0,0,2,0.9190051555633545,7.924232152310354,2.009006361833236,0.0,0,3,0.7869910597801208,17.80263579753541,1.8010179043640275,0.0,0,5,0.5897165536880493,17.865446776562997,4.952106806897845,0.0,0,16,0.6972713470458984,7.6711826331004636,-1.3222698743763532,0.0,2,8,0.5815773606300354,8.423120623923259,-0.7894868012969759,0.0,2,11,0.7686359882354736,12.962756655353482,2.0291500445263617,0.0,0,13,0.7432464957237244,12.841373676598575,9.151835100474933,0.0,1,12,0.826168417930603,12.67195610270045,5.928225955298481,0.0,0,43,0.8290521502494812,17.754584534496963,7.717837474930086,0.0,1,4,0.6842477321624756,18.316622675069887,-1.1243271232406316,0.0,1,10,0.47096961736679077,22.172039793348947,1.8548159291809385,0.0,0,17,0.479987770318985,12.795560937416349,-1.1135536880252215,0.0,2,15,0.6691224575042725,22.422890993516535,4.818327985604095,0.0,0,20,0.5506808161735535,24.283984836583507,3.6437984686441895,0.0,0,22,0.5215156078338623,22.302205488623656,7.769127599738312,0.0,1,23,0.5939106941223145,19.350747321567578,-1.2617783185521516,0.0,2,25,0.37173861265182495,25.992758026975107,6.045454509757985,0.0,1,24,0.5406734943389893,22.844134305919535,-1.090112976808799,0.0,1,18,0.48490962386131287,26.35495390841644,0.9059354004309926,0.0,1,29,0.46678784489631653,26.89818607281673,3.810524098934088,0.0,1,28,0.5373608469963074,8.594668822194757,8.782569465614671,0.0,1,31,0.9017957448959351,7.05843720208673,-0.9926920339593118,0.0,1,32,0.5217062830924988,2.2453240825028002,-4.525609990220293,0.0,0,33,0.7065761685371399,-0.07853524926290972,-5.5704998279909175,0.0,0,41,0.7839875817298889,2.0464451204557377,-2.151947669707966,0.0,1,48,0.9028382897377014
1777470448,322421394,map,3.1255847583798455,1.6675806837676115,0.0,0,40,0.9693410396575928,2.6623362412896587,-1.1872768634375126,0.0,1,1,0.8061365485191345,8.050362914993897,5.757107760145184,0.0,0,2,0.9190165996551514,7.924232152310354,2.009006361833236,0.0,0,3,0.7845214605331421,17.80263579753541,1.8010179043640275,0.0,0,5,0.5883287787437439,17.865446776562997,4.952106806897845,0.0,0,16,0.6953319907188416,7.6711826331004636,-1.3222698743763532,0.0,2,8,0.5802275538444519,8.423120623923259,-0.7894868012969759,0.0,2,11,0.7662799954414368,12.962756655353482,2.0291500445263617,0.0,0,13,0.7410433888435364,12.841373676598575,9.151835100474933,0.0,1,12,0.8234471678733826,12.67195610270045,5.928225955298481,0.0,0,43,0.8263119459152222,17.754584534496963,7.717837474930086,0.0,1,4,0.6823800802230835,18.316622675069887,-1.1243271232406316,0.0,1,10,0.4700840413570404,22.172039793348947,1.8548159291809385,0.0,0,17,0.47906798124313354,12.795560937416349,-1.1135536880252215,0.0,2,15,0.6673363447189331,22.422890993516535,4.818327985604095,0.0,0,20,0.5494704842567444,24.283984836583507,3.6437984686441895,0.0,0,22,0.5204299092292786,22.302205488623656,7.769127599738312,0.0,1,23,0.5925031304359436,19.350747321567578,-1.2617783185521516,0.0,2,25,0.37118667364120483,25.992758026975107,6.045454509757985,0.0,1,24,0.5395066738128662,22.844134305919535,-1.090112976808799,0.0,1,18,0.48397088050842285,26.35495390841644,0.9059354004309926,0.0,1,29,0.4659179151058197,26.89818607281673,3.810524098934088,0.0,1,28,0.5362083315849304,8.592550389729846,8.781435203953928,0.0,1,31,0.9018170237541199,7.05843720208673,-0.9926920339593118,0.0,1,32,0.520619809627533,2.2453240825028002,-4.525609990220293,0.0,0,33,0.7045847773551941,-0.07853524926290972,-5.5704998279909175,0.0,0,41,0.7815367579460144,2.0464451204557377,-2.151947669707966,0.0,1,48,0.8995895981788635
1777470448,422657703,map,3.1217341308495183,1.6649116946741827,0.0,0,40,0.969448447227478,2.6623362412896587,-1.1872768634375126,0.0,1,1,0.8048388957977295,8.051934371543737,5.755995737571424,0.0,0,2,0.9190207123756409,7.924232152310354,2.009006361833236,0.0,0,3,0.7832924127578735,17.80263579753541,1.8010179043640275,0.0,0,5,0.5876373052597046,17.865446776562997,4.952106806897845,0.0,0,16,0.6943663954734802,7.6711826331004636,-1.3222698743763532,0.0,2,8,0.5795550346374512,8.423120623923259,-0.7894868012969759,0.0,2,11,0.7651074528694153,12.962756655353482,2.0291500445263617,0.0,0,13,0.739946722984314,12.841373676598575,9.151835100474933,0.0,1,12,0.8220933079719543,12.67195610270045,5.928225955298481,0.0,0,43,0.8249486088752747,17.754584534496963,7.717837474930086,0.0,1,4,0.6814500689506531,18.316622675069887,-1.1243271232406316,0.0,1,10,0.4696424901485443,22.172039793348947,1.8548159291809385,0.0,0,17,0.4786094129085541,12.795560937416349,-1.1135536880252215,0.0,2,15,0.66644686460495,22.422890993516535,4.818327985604095,0.0,0,20,0.5488673448562622,24.283984836583507,3.6437984686441895,0.0,0,22,0.5198888182640076,22.302205488623656,7.769127599738312,0.0,1,23,0.5918018221855164,19.350747321567578,-1.2617783185521516,0.0,2,25,0.37091130018234253,25.992758026975107,6.045454509757985,0.0,1,24,0.5389251708984375,22.844134305919535,-1.090112976808799,0.0,1,18,0.48350289463996887,26.35495390841644,0.9059354004309926,0.0,1,29,0.4654841423034668,26.89818607281673,3.810524098934088,0.0,1,28,0.53563392162323,8.591557438631016,8.780902097690813,0.0,1,31,0.9018265604972839,7.05843720208673,-0.9926920339593118,0.0,1,32,0.5200783014297485,2.2453240825028002,-4.525609990220293,0.0,0,33,0.7035933136940002,-0.07853524926290972,-5.5704998279909175,0.0,0,41,0.7803170680999756,2.0464451204557377,-2.151947669707966,0.0,1,48,0.8979739546775818
1777470448,522286549,map,3.1134065359562992,1.660632497233327,0.0,0,40,0.9696405529975891,2.6623362412896587,-1.1872768634375126,0.0,1,1,0.802256166934967,8.054839513949041,5.753936179219939,0.0,0,2,0.919029176235199,7.924232152310354,2.009006361833236,0.0,0,3,0.7808458805084229,17.80263579753541,1.8010179043640275,0.0,0,5,0.5862593054771423,17.865446776562997,4.952106806897845,0.0,0,16,0.6924431324005127,7.6711826331004636,-1.3222698743763532,0.0,2,8,0.5782145857810974,8.423120623923259,-0.7894868012969759,0.0,2,11,0.7627730369567871,12.962756655353482,2.0291500445263617,0.0,0,13,0.7377631068229675,12.841373676598575,9.151835100474933,0.0,1,12,0.819398820400238,12.67195610270045,5.928225955298481,0.0,0,43,0.8222354054450989,17.754584534496963,7.717837474930086,0.0,1,4,0.6795976161956787,18.316622675069887,-1.1243271232406316,0.0,1,10,0.4687618911266327,22.172039793348947,1.8548159291809385,0.0,0,17,0.47769489884376526,12.795560937416349,-1.1135536880252215,0.0,2,15,0.6646749377250671,22.422890993516535,4.818327985604095,0.0,0,20,0.5476649403572083,24.283984836583507,3.6437984686441895,0.0,0,22,0.5188099145889282,22.302205488623656,7.769127599738312,0.0,1,23,0.590404212474823,19.350747321567578,-1.2617783185521516,0.0,2,25,0.3703618347644806,25.992758026975107,6.045454509757985,0.0,1,24,0.5377659201622009,22.844134305919535,-1.090112976808799,0.0,1,18,0.4825695753097534,26.35495390841644,0.9059354004309926,0.0,1,29,0.46461907029151917,26.89818607281673,3.810524098934088,0.0,1,28,0.5344887375831604,8.58945281635884,8.779939942199046,0.0,1,31,0.9018455147743225,7.05843720208673,-0.9926920339593118,0.0,1,32,0.5189986228942871,2.2453240825028002,-4.525609990220293,0.0,0,33,0.7016187310218811,-0.07853524926290972,-5.5704998279909175,0.0,0,41,0.7778890132904053,2.0464451204557377,-2.151947669707966,0.0,1,48,0.8947600722312927
1777470448,624993215,map,3.1093186802807704,1.6605194349021333,0.0,0,40,0.9697103500366211,2.6623362412896587,-1.1872768634375126,0.0,1,1,0.8009709715843201,8.056223512156105,5.753272585969023,0.0,0,2,0.919030487537384,7.924232152310354,2.009006361833236,0.0,0,3,0.779628336429596,17.80263579753541,1.8010179043640275,0.0,0,5,0.5855727195739746,17.865446776562997,4.952106806897845,0.0,0,16,0.6914855241775513,7.6711826331004636,-1.3222698743763532,0.0,2,8,0.5775467157363892,8.423120623923259,-0.7894868012969759,0.0,2,11,0.7616111636161804,12.962756655353482,2.0291500445263617,0.0,0,13,0.7366760969161987,12.841373676598575,9.151835100474933,0.0,1,12,0.81805819272995,12.67195610270045,5.928225955298481,0.0,0,43,0.8208854794502258,17.754584534496963,7.717837474930086,0.0,1,4,0.6786751747131348,18.316622675069887,-1.1243271232406316,0.0,1,10,0.46832284331321716,22.172039793348947,1.8548159291809385,0.0,0,17,0.4772389531135559,12.795560937416349,-1.1135536880252215,0.0,2,15,0.6637925505638123,22.422890993516535,4.818327985604095,0.0,0,20,0.5470657348632812,24.283984836583507,3.6437984686441895,0.0,0,22,0.5182721614837646,22.302205488623656,7.769127599738312,0.0,1,23,0.5897079110145569,19.350747321567578,-1.2617783185521516,0.0,2,25,0.3700876832008362,25.992758026975107,6.045454509757985,0.0,1,24,0.5371881723403931,22.844134305919535,-1.090112976808799,0.0,1,18,0.4821043014526367,26.35495390841644,0.9059354004309926,0.0,1,29,0.46418771147727966,26.89818607281673,3.810524098934088,0.0,1,28,0.533918023109436,8.588389313243464,8.779717406622723,0.0,1,31,0.9018523693084717,7.05843720208673,-0.9926920339593118,0.0,1,32,0.5184604525566101,2.2453240825028002,-4.525609990220293,0.0,0,33,0.700635552406311,-0.07853524926290972,-5.5704998279909175,0.0,0,41,0.7766807079315186,2.0464451204557377,-2.151947669707966,0.0,1,48,0.8931617736816406
1777470448,722257474,map,3.1016935628320432,1.6618598659105717,0.0,0,40,0.9698172211647034,2.6623362412896587,-1.1872768634375126,0.0,1,1,0.7984129786491394,8.058977599481903,5.75275307430197,0.0,0,2,0.9190255403518677,7.924232152310354,2.009006361833236,0.0,0,3,0.7772046327590942,17.80263579753541,1.8010179043640275,0.0,0,5,0.5842043161392212,17.865446776562997,4.952106806897845,0.0,0,16,0.6895781755447388,7.6711826331004636,-1.3222698743763532,0.0,2,8,0.5762155652046204,8.423120623923259,-0.7894868012969759,0.0,2,11,0.7592980265617371,12.962756655353482,2.0291500445263617,0.0,0,13,0.7345117330551147,12.841373676598575,9.151835100474933,0.0,1,12,0.8153900504112244,12.67195610270045,5.928225955298481,0.0,0,43,0.8181989192962646,17.754584534496963,7.717837474930086,0.0,1,4,0.6768377423286438,18.316622675069887,-1.1243271232406316,0.0,1,10,0.4674471616744995,22.172039793348947,1.8548159291809385,0.0,0,17,0.47632965445518494,12.795560937416349,-1.1135536880252215,0.0,2,15,0.6620347499847412,22.422890993516535,4.818327985604095,0.0,0,20,0.5458711981773376,24.283984836583507,3.6437984686441895,0.0,0,22,0.5171999335289001,22.302205488623656,7.769127599738312,0.0,1,23,0.5883201360702515,19.350747321567578,-1.2617783185521516,0.0,2,25,0.36954063177108765,25.992758026975107,6.045454509757985,0.0,1,24,0.5360363125801086,22.844134305919535,-1.090112976808799,0.0,1,18,0.48117637634277344,26.35495390841644,0.9059354004309926,0.0,1,29,0.46332743763923645,26.89818607281673,3.810524098934088,0.0,1,28,0.5327801704406738,8.586301016651548,8.779926939569032,0.0,1,31,0.9018589854240417,7.05843720208673,-0.9926920339593118,0.0,1,32,0.5173875093460083,2.2453240825028002,-4.525609990220293,0.0,0,33,0.6986774802207947,-0.07853524926290972,-5.5704998279909175,0.0,0,41,0.7742752432823181,2.0464451204557377,-2.151947669707966,0.0,1,48,0.8899821639060974
1777470448,822426333,map,3.098543823982945,1.6618293353678413,0.0,0,40,0.9698619246482849,2.6623362412896587,-1.1872768634375126,0.0,1,1,0.7971400618553162,8.06039395715211,5.752529708133462,0.0,0,2,0.9190219044685364,7.924232152310354,2.009006361833236,0.0,0,3,0.7759984135627747,17.80263579753541,1.8010179043640275,0.0,0,5,0.5835225582122803,17.865446776562997,4.952106806897845,0.0,0,16,0.6886284351348877,7.6711826331004636,-1.3222698743763532,0.0,2,8,0.5755522847175598,8.423120623923259,-0.7894868012969759,0.0,2,11,0.7581467032432556,12.962756655353482,2.0291500445263617,0.0,0,13,0.73343425989151,12.841373676598575,9.151835100474933,0.0,1,12,0.8140624761581421,12.67195610270045,5.928225955298481,0.0,0,43,0.816862165927887,17.754584534496963,7.717837474930086,0.0,1,4,0.6759227514266968,18.316622675069887,-1.1243271232406316,0.0,1,10,0.4670105576515198,22.172039793348947,1.8548159291809385,0.0,0,17,0.4758763015270233,12.795560937416349,-1.1135536880252215,0.0,2,15,0.661159336566925,22.422890993516535,4.818327985604095,0.0,0,20,0.5452759265899658,24.283984836583507,3.6437984686441895,0.0,0,22,0.516665518283844,22.302205488623656,7.769127599738312,0.0,1,23,0.5876287221908569,19.350747321567578,-1.2617783185521516,0.0,2,25,0.3692677319049835,25.992758026975107,6.045454509757985,0.0,1,24,0.5354622602462769,22.844134305919535,-1.090112976808799,0.0,1,18,0.48071375489234924,26.35495390841644,0.9059354004309926,0.0,1,29,0.46289849281311035,26.89818607281673,3.810524098934088,0.0,1,28,0.532213032245636,8.585260152967754,8.78008084593229,0.0,1,31,0.901861846446991,7.05843720208673,-0.9926920339593118,0.0,1,32,0.5168526768684387,2.2453240825028002,-4.525609990220293,0.0,0,33,0.6977025270462036,-0.07853524926290972,-5.5704998279909175,0.0,0,41,0.7730780839920044,2.0464451204557377,-2.151947669707966,0.0,1,48,0.8884008526802063
1777470448,922230147,map,3.09297628157265,1.6617724284000162,0.0,0,40,0.9699338674545288,2.6623362412896587,-1.1872768634375126,0.0,1,1,0.7946064472198486,8.063234922318552,5.752154955559628,0.0,0,2,0.9190134406089783,7.924232152310354,2.009006361833236,0.0,0,3,0.7735971808433533,17.80263579753541,1.8010179043640275,0.0,0,5,0.5821636915206909,17.865446776562997,4.952106806897845,0.0,0,16,0.6867368221282959,7.6711826331004636,-1.3222698743763532,0.0,2,8,0.5742302536964417,8.423120623923259,-0.7894868012969759,0.0,2,11,0.7558544874191284,12.962756655353482,2.0291500445263617,0.0,0,13,0.7312888503074646,12.841373676598575,9.151835100474933,0.0,1,12,0.8114202618598938,12.67195610270045,5.928225955298481,0.0,0,43,0.814201831817627,17.754584534496963,7.717837474930086,0.0,1,4,0.6741002202033997,18.316622675069887,-1.1243271232406316,0.0,1,10,0.4661397933959961,22.172039793348947,1.8548159291809385,0.0,0,17,0.4749721884727478,12.795560937416349,-1.1135536880252215,0.0,2,15,0.6594153642654419,22.422890993516535,4.818327985604095,0.0,0,20,0.5440891981124878,24.283984836583507,3.6437984686441895,0.0,0,22,0.5155999064445496,22.302205488623656,7.769127599738312,0.0,1,23,0.5862507224082947,19.350747321567578,-1.2617783185521516,0.0,2,25,0.3687230944633484,25.992758026975107,6.045454509757985,0.0,1,24,0.5343178510665894,22.844134305919535,-1.090112976808799,0.0,1,18,0.47979119420051575,26.35495390841644,0.9059354004309926,0.0,1,29,0.46204298734664917,26.89818607281673,3.810524098934088,0.0,1,28,0.5310824513435364,8.583194592124359,8.780444710341976,0.0,1,31,0.9018670320510864,7.05843720208673,-0.9926920339593118,0.0,1,32,0.515786349773407,2.2453240825028002,-4.525609990220293,0.0,0,33,0.6957607865333557,-0.07853524926290972,-5.5704998279909175,0.0,0,41,0.7706948518753052,2.0464451204557377,-2.151947669707966,0.0,1,48,0.885254979133606
1777470449,22671007,map,3.0904441668334464,1.6609664304190483,0.0,0,40,0.9699695110321045,2.6623362412896587,-1.1872768634375126,0.0,1,1,0.7933456301689148,8.064611005950733,5.751758451970122,0.0,0,2,0.9190112948417664,7.924232152310354,2.009006361833236,0.0,0,3,0.7724021077156067,17.80263579753541,1.8010179043640275,0.0,0,5,0.5814866423606873,17.865446776562997,4.952106806897845,0.0,0,16,0.6857948899269104,7.6711826331004636,-1.3222698743763532,0.0,2,8,0.5735715627670288,8.423120623923259,-0.7894868012969759,0.0,2,11,0.7547135949134827,12.962756655353482,2.0291500445263617,0.0,0,13,0.7302208542823792,12.841373676598575,9.151835100474933,0.0,1,12,0.8101056218147278,12.67195610270045,5.928225955298481,0.0,0,43,0.8128781318664551,17.754584534496963,7.717837474930086,0.0,1,4,0.6731926202774048,18.316622675069887,-1.1243271232406316,0.0,1,10,0.46570563316345215,22.172039793348947,1.8548159291809385,0.0,0,17,0.4745214283466339,12.795560937416349,-1.1135536880252215,0.0,2,15,0.6585468649864197,22.422890993516535,4.818327985604095,0.0,0,20,0.5434978008270264,24.283984836583507,3.6437984686441895,0.0,0,22,0.515068769454956,22.302205488623656,7.769127599738312,0.0,1,23,0.585564136505127,19.350747321567578,-1.2617783185521516,0.0,2,25,0.36845138669013977,25.992758026975107,6.045454509757985,0.0,1,24,0.5337474942207336,22.844134305919535,-1.090112976808799,0.0,1,18,0.47933122515678406,26.35495390841644,0.9059354004309926,0.0,1,29,0.4616163969039917,26.89818607281673,3.810524098934088,0.0,1,28,0.5305189490318298,8.582088803222614,8.780459237129392,0.0,1,31,0.9018721580505371,7.05843720208673,-0.9926920339593118,0.0,1,32,0.5152547955513,2.2453240825028002,-4.525609990220293,0.0,0,33,0.6947939991950989,-0.07853524926290972,-5.5704998279909175,0.0,0,41,0.7695087194442749,2.0464451204557377,-2.151947669707966,0.0,1,48,0.8836904168128967
1777470449,122554493,map,3.086191947141885,1.6566340056551812,0.0,0,40,0.9700448513031006,2.6623362412896587,-1.1872768634375126,0.0,1,1,0.790835976600647,8.067349598024261,5.750411557471279,0.0,0,2,0.9190113544464111,7.924232152310354,2.009006361833236,0.0,0,3,0.7700230479240417,17.80263579753541,1.8010179043640275,0.0,0,5,0.580137312412262,17.865446776562997,4.952106806897845,0.0,0,16,0.6839187741279602,7.6711826331004636,-1.3222698743763532,0.0,2,8,0.5722585916519165,8.423120623923259,-0.7894868012969759,0.0,2,11,0.7524420619010925,12.962756655353482,2.0291500445263617,0.0,0,13,0.7280941605567932,12.841373676598575,9.151835100474933,0.0,1,12,0.8074889779090881,12.67195610270045,5.928225955298481,0.0,0,43,0.8102436065673828,17.754584534496963,7.717837474930086,0.0,1,4,0.6713847517967224,18.316622675069887,-1.1243271232406316,0.0,1,10,0.4648396968841553,22.172039793348947,1.8548159291809385,0.0,0,17,0.4736224412918091,12.795560937416349,-1.1135536880252215,0.0,2,15,0.6568167209625244,22.422890993516535,4.818327985604095,0.0,0,20,0.5423188209533691,24.283984836583507,3.6437984686441895,0.0,0,22,0.5140097737312317,22.302205488623656,7.769127599738312,0.0,1,23,0.5841957926750183,19.350747321567578,-1.2617783185521516,0.0,2,25,0.36790916323661804,25.992758026975107,6.045454509757985,0.0,1,24,0.5326103568077087,22.844134305919535,-1.090112976808799,0.0,1,18,0.47841396927833557,26.35495390841644,0.9059354004309926,0.0,1,29,0.4607656002044678,26.89818607281673,3.810524098934088,0.0,1,28,0.5293955206871033,8.579825142674316,8.780053905428911,0.0,1,31,0.9018873572349548,7.05843720208673,-0.9926920339593118,0.0,1,32,0.5141950249671936,2.2453240825028002,-4.525609990220293,0.0,0,33,0.6928683519363403,-0.07853524926290972,-5.5704998279909175,0.0,0,41,0.767147421836853,2.0464451204557377,-2.151947669707966,0.0,1,48,0.880577802658081
1777470449,222673775,map,3.0843943282338957,1.6531778406208648,0.0,0,40,0.9700849056243896,2.6623362412896587,-1.1872768634375126,0.0,1,1,0.789587140083313,8.06875341918216,5.749478885814666,0.0,0,2,0.9190128445625305,7.924232152310354,2.009006361833236,0.0,0,3,0.7688390016555786,17.80263579753541,1.8010179043640275,0.0,0,5,0.5794649720191956,17.865446776562997,4.952106806897845,0.0,0,16,0.6829845905303955,7.6711826331004636,-1.3222698743763532,0.0,2,8,0.5716044306755066,8.423120623923259,-0.7894868012969759,0.0,2,11,0.7513114213943481,12.962756655353482,2.0291500445263617,0.0,0,13,0.7270354628562927,12.841373676598575,9.151835100474933,0.0,1,12,0.8061870336532593,12.67195610270045,5.928225955298481,0.0,0,43,0.8089327812194824,17.754584534496963,7.717837474930086,0.0,1,4,0.6704844236373901,18.316622675069887,-1.1243271232406316,0.0,1,10,0.46440795063972473,22.172039793348947,1.8548159291809385,0.0,0,17,0.47317424416542053,12.795560937416349,-1.1135536880252215,0.0,2,15,0.6559550166130066,22.422890993516535,4.818327985604095,0.0,0,20,0.5417312383651733,24.283984836583507,3.6437984686441895,0.0,0,22,0.5134819149971008,22.302205488623656,7.769127599738312,0.0,1,23,0.5835140347480774,19.350747321567578,-1.2617783185521516,0.0,2,25,0.36763864755630493,25.992758026975107,6.045454509757985,0.0,1,24,0.5320436358451843,22.844134305919535,-1.090112976808799,0.0,1,18,0.4779566526412964,26.35495390841644,0.9059354004309926,0.0,1,29,0.4603413939476013,26.89818607281673,3.810524098934088,0.0,1,28,0.5288355946540833,8.57872839216338,8.779651854935969,0.0,1,31,0.901896595954895,7.05843720208673,-0.9926920339593118,0.0,1,32,0.5136668086051941,2.2453240825028002,-4.525609990220293,0.0,0,33,0.6919095516204834,-0.07853524926290972,-5.5704998279909175,0.0,0,41,0.7659721970558167,2.0464451204557377,-2.151947669707966,0.0,1,48,0.8790296912193298
1777470449,322704439,map,3.0812642508320707,1.647853740619539,0.0,0,40,0.9701426029205322,2.6623362412896587,-1.1872768634375126,0.0,1,1,0.7871012091636658,8.071576509199417,5.747480473876972,0.0,0,2,0.9190159440040588,7.924232152310354,2.009006361833236,0.0,0,3,0.7664818167686462,17.80263579753541,1.8010179043640275,0.0,0,5,0.5781249403953552,17.865446776562997,4.952106806897845,0.0,0,16,0.6811237931251526,7.6711826331004636,-1.3222698743763532,0.0,2,8,0.5703004598617554,8.423120623923259,-0.7894868012969759,0.0,2,11,0.749060332775116,12.962756655353482,2.0291500445263617,0.0,0,13,0.7249273061752319,12.841373676598575,9.151835100474933,0.0,1,12,0.8035956621170044,12.67195610270045,5.928225955298481,0.0,0,43,0.8063237071037292,17.754584534496963,7.717837474930086,0.0,1,4,0.6686910390853882,18.316622675069887,-1.1243271232406316,0.0,1,10,0.46354687213897705,22.172039793348947,1.8548159291809385,0.0,0,17,0.472280353307724,12.795560937416349,-1.1135536880252215,0.0,2,15,0.6542384028434753,22.422890993516535,4.818327985604095,0.0,0,20,0.5405598878860474,24.283984836583507,3.6437984686441895,0.0,0,22,0.512429416179657,22.302205488623656,7.769127599738312,0.0,1,23,0.5821552276611328,19.350747321567578,-1.2617783185521516,0.0,2,25,0.3670988082885742,25.992758026975107,6.045454509757985,0.0,1,24,0.5309137105941772,22.844134305919535,-1.090112976808799,0.0,1,18,0.47704461216926575,26.35495390841644,0.9059354004309926,0.0,1,29,0.45949530601501465,26.89818607281673,3.810524098934088,0.0,1,28,0.5277193188667297,8.576630349332673,8.7787121366953,0.0,1,31,0.9019153714179993,7.05843720208673,-0.9926920339593118,0.0,1,32,0.5126135349273682,2.2453240825028002,-4.525609990220293,0.0,0,33,0.6899998784065247,-0.07853524926290972,-5.5704998279909175,0.0,0,41,0.7636325359344482,2.0464451204557377,-2.151947669707966,0.0,1,48,0.8759497404098511
1777470449,422760575,map,3.0797437289005463,1.6461862955909217,0.0,0,40,0.9701623320579529,2.6623362412896587,-1.1872768634375126,0.0,1,1,0.7858640551567078,8.072911676546642,5.746606387204565,0.0,0,2,0.91901695728302,7.924232152310354,2.009006361833236,0.0,0,3,0.7653086185455322,17.80263579753541,1.8010179043640275,0.0,0,5,0.5774572491645813,17.865446776562997,4.952106806897845,0.0,0,16,0.6801971793174744,7.6711826331004636,-1.3222698743763532,0.0,2,8,0.5696507096290588,8.423120623923259,-0.7894868012969759,0.0,2,11,0.7479398250579834,12.962756655353482,2.0291500445263617,0.0,0,13,0.7238777875900269,12.841373676598575,9.151835100474933,0.0,1,12,0.8023061752319336,12.67195610270045,5.928225955298481,0.0,0,43,0.8050254583358765,17.754584534496963,7.717837474930086,0.0,1,4,0.6677979230880737,18.316622675069887,-1.1243271232406316,0.0,1,10,0.4631175100803375,22.172039793348947,1.8548159291809385,0.0,0,17,0.471834659576416,12.795560937416349,-1.1135536880252215,0.0,2,15,0.6533834934234619,22.422890993516535,4.818327985604095,0.0,0,20,0.5399760603904724,24.283984836583507,3.6437984686441895,0.0,0,22,0.511904776096344,22.302205488623656,7.769127599738312,0.0,1,23,0.5814782381057739,19.350747321567578,-1.2617783185521516,0.0,2,25,0.3668294847011566,25.992758026975107,6.045454509757985,0.0,1,24,0.5303505659103394,22.844134305919535,-1.090112976808799,0.0,1,18,0.4765899181365967,26.35495390841644,0.9059354004309926,0.0,1,29,0.45907342433929443,26.89818607281673,3.810524098934088,0.0,1,28,0.5271629095077515,8.575564704669523,8.77833104129296,0.0,1,31,0.9019239544868469,7.05843720208673,-0.9926920339593118,0.0,1,32,0.5120885372161865,2.2453240825028002,-4.525609990220293,0.0,0,33,0.6890490055084229,-0.07853524926290972,-5.5704998279909175,0.0,0,41,0.7624680399894714,2.0464451204557377,-2.151947669707966,0.0,1,48,0.8744178414344788
1777470449,522395681,map,3.0765680177416272,1.6490651690713154,0.0,0,40,0.9701573252677917,2.6623362412896587,-1.1872768634375126,0.0,1,1,0.7834014892578125,8.075576234755408,5.74611791776605,0.0,0,2,0.9190075397491455,7.924232152310354,2.009006361833236,0.0,0,3,0.7629729509353638,17.80263579753541,1.8010179043640275,0.0,0,5,0.5761265158653259,17.865446776562997,4.952106806897845,0.0,0,16,0.6783515214920044,7.6711826331004636,-1.3222698743763532,0.0,2,8,0.5683556795120239,8.423120623923259,-0.7894868012969759,0.0,2,11,0.7457088232040405,12.962756655353482,2.0291500445263617,0.0,0,13,0.7217878103256226,12.841373676598575,9.151835100474933,0.0,1,12,0.79973965883255,12.67195610270045,5.928225955298481,0.0,0,43,0.8024415373802185,17.754584534496963,7.717837474930086,0.0,1,4,0.6660188436508179,18.316622675069887,-1.1243271232406316,0.0,1,10,0.4622611701488495,22.172039793348947,1.8548159291809385,0.0,0,17,0.4709458351135254,12.795560937416349,-1.1135536880252215,0.0,2,15,0.6516802906990051,22.422890993516535,4.818327985604095,0.0,0,20,0.5388122797012329,24.283984836583507,3.6437984686441895,0.0,0,22,0.5108587741851807,22.302205488623656,7.769127599738312,0.0,1,23,0.5801289081573486,19.350747321567578,-1.2617783185521516,0.0,2,25,0.36629199981689453,25.992758026975107,6.045454509757985,0.0,1,24,0.5292279124259949,22.844134305919535,-1.090112976808799,0.0,1,18,0.4756830930709839,26.35495390841644,0.9059354004309926,0.0,1,29,0.45823195576667786,26.89818607281673,3.810524098934088,0.0,1,28,0.5260536670684814,8.573647876133952,8.778489829432962,0.0,1,31,0.9019294381141663,7.05843720208673,-0.9926920339593118,0.0,1,32,0.5110417604446411,2.2453240825028002,-4.525609990220293,0.0,0,33,0.6871550679206848,-0.07853524926290972,-5.5704998279909175,0.0,0,41,0.7601496577262878,2.0464451204557377,-2.151947669707966,0.0,1,48,0.8713700771331787
1777470449,624423348,map,3.076814945808265,1.6488027264056382,0.0,0,40,0.9701435565948486,2.6623362412896587,-1.1872768634375126,0.0,1,1,0.7821759581565857,8.077005678707675,5.746072192800924,0.0,0,2,0.9189997911453247,7.924232152310354,2.009006361833236,0.0,0,3,0.7618104815483093,17.80263579753541,1.8010179043640275,0.0,0,5,0.5754634141921997,17.865446776562997,4.952106806897845,0.0,0,16,0.6774324774742126,7.6711826331004636,-1.3222698743763532,0.0,2,8,0.5677103400230408,8.423120623923259,-0.7894868012969759,0.0,2,11,0.7445983290672302,12.962756655353482,2.0291500445263617,0.0,0,13,0.7207473516464233,12.841373676598575,9.151835100474933,0.0,1,12,0.7984625101089478,12.67195610270045,5.928225955298481,0.0,0,43,0.8011558055877686,17.754584534496963,7.717837474930086,0.0,1,4,0.6651328802108765,18.316622675069887,-1.1243271232406316,0.0,1,10,0.461834192276001,22.172039793348947,1.8548159291809385,0.0,0,17,0.47050267457962036,12.795560937416349,-1.1135536880252215,0.0,2,15,0.6508319973945618,22.422890993516535,4.818327985604095,0.0,0,20,0.5382322669029236,24.283984836583507,3.6437984686441895,0.0,0,22,0.5103373527526855,22.302205488623656,7.769127599738312,0.0,1,23,0.5794565677642822,19.350747321567578,-1.2617783185521516,0.0,2,25,0.36602386832237244,25.992758026975107,6.045454509757985,0.0,1,24,0.5286683440208435,22.844134305919535,-1.090112976808799,0.0,1,18,0.47523096203804016,26.35495390841644,0.9059354004309926,0.0,1,29,0.4578123986721039,26.89818607281673,3.810524098934088,0.0,1,28,0.5255007743835449,8.572770498411076,8.778715452179057,0.0,1,31,0.9019299149513245,7.05843720208673,-0.9926920339593118,0.0,1,32,0.5105199217796326,2.2453240825028002,-4.525609990220293,0.0,0,33,0.6862120032310486,-0.07853524926290972,-5.5704998279909175,0.0,0,41,0.758995771408081,2.0464451204557377,-2.151947669707966,0.0,1,48,0.8698541522026062
1777470449,722349773,map,3.0766992843649095,1.6486641012909813,0.0,0,40,0.9701263904571533,2.6623362412896587,-1.1872768634375126,0.0,1,1,0.7797363996505737,8.08029297308961,5.745262136776071,0.0,0,2,0.9189851880073547,7.924232152310354,2.009006361833236,0.0,0,3,0.7594960927963257,17.80263579753541,1.8010179043640275,0.0,0,5,0.5741418600082397,17.865446776562997,4.952106806897845,0.0,0,16,0.6756017804145813,7.6711826331004636,-1.3222698743763532,0.0,2,8,0.5664240717887878,8.423120623923259,-0.7894868012969759,0.0,2,11,0.7423871755599976,12.962756655353482,2.0291500445263617,0.0,0,13,0.718675434589386,12.841373676598575,9.151835100474933,0.0,1,12,0.7959204316139221,12.67195610270045,5.928225955298481,0.0,0,43,0.7985965609550476,17.754584534496963,7.717837474930086,0.0,1,4,0.6633679866790771,18.316622675069887,-1.1243271232406316,0.0,1,10,0.46098262071609497,22.172039793348947,1.8548159291809385,0.0,0,17,0.46961885690689087,12.795560937416349,-1.1135536880252215,0.0,2,15,0.6491420865058899,22.422890993516535,4.818327985604095,0.0,0,20,0.5370759963989258,24.283984836583507,3.6437984686441895,0.0,0,22,0.5092976689338684,22.302205488623656,7.769127599738312,0.0,1,23,0.5781165957450867,19.350747321567578,-1.2617783185521516,0.0,2,25,0.36548876762390137,25.992758026975107,6.045454509757985,0.0,1,24,0.5275527238845825,22.844134305919535,-1.090112976808799,0.0,1,18,0.47432929277420044,26.35495390841644,0.9059354004309926,0.0,1,29,0.4569755494594574,26.89818607281673,3.810524098934088,0.0,1,28,0.5243985056877136,8.570963091254981,8.778977172146085,0.0,1,31,0.9019337296485901,7.05843720208673,-0.9926920339593118,0.0,1,32,0.5094795227050781,2.2453240825028002,-4.525609990220293,0.0,0,33,0.6843336224555969,-0.07853524926290972,-5.5704998279909175,0.0,0,41,0.7566984295845032,2.0464451204557377,-2.151947669707966,0.0,1,48,0.8668380379676819
1777470449,822891342,map,3.0768970831957767,1.648564983025408,0.0,0,40,0.9701157808303833,2.6623362412896587,-1.1872768634375126,0.0,1,1,0.7785223126411438,8.081952640899573,5.744889586616198,0.0,0,2,0.9189772605895996,7.924232152310354,2.009006361833236,0.0,0,3,0.7583441734313965,17.80263579753541,1.8010179043640275,0.0,0,5,0.5734833478927612,17.865446776562997,4.952106806897845,0.0,0,16,0.6746901273727417,7.6711826331004636,-1.3222698743763532,0.0,2,8,0.5657831430435181,8.423120623923259,-0.7894868012969759,0.0,2,11,0.74128657579422,12.962756655353482,2.0291500445263617,0.0,0,13,0.7176439166069031,12.841373676598575,9.151835100474933,0.0,1,12,0.7946555018424988,12.67195610270045,5.928225955298481,0.0,0,43,0.7973231077194214,17.754584534496963,7.717837474930086,0.0,1,4,0.6624890565872192,18.316622675069887,-1.1243271232406316,0.0,1,10,0.4605579972267151,22.172039793348947,1.8548159291809385,0.0,0,17,0.469178169965744,12.795560937416349,-1.1135536880252215,0.0,2,15,0.6483004093170166,22.422890993516535,4.818327985604095,0.0,0,20,0.5364997386932373,24.283984836583507,3.6437984686441895,0.0,0,22,0.5087794661521912,22.302205488623656,7.769127599738312,0.0,1,23,0.5774489641189575,19.350747321567578,-1.2617783185521516,0.0,2,25,0.3652217984199524,25.992758026975107,6.045454509757985,0.0,1,24,0.5269966721534729,22.844134305919535,-1.090112976808799,0.0,1,18,0.47387975454330444,26.35495390841644,0.9059354004309926,0.0,1,29,0.4565582871437073,26.89818607281673,3.810524098934088,0.0,1,28,0.5238490700721741,8.570037780706425,8.779061749045647,0.0,1,31,0.901936411857605,7.05843720208673,-0.9926920339593118,0.0,1,32,0.5089609026908875,2.2453240825028002,-4.525609990220293,0.0,0,33,0.6833982467651367,-0.07853524926290972,-5.5704998279909175,0.0,0,41,0.7555549740791321,2.0464451204557377,-2.151947669707966,0.0,1,48,0.8653378486633301
1777470449,922456587,map,3.078393426288029,1.6483125932479084,0.0,0,40,0.9700834155082703,2.6623362412896587,-1.1872768634375126,0.0,1,1,0.7761054635047913,8.08564796257355,5.74401944279045,0.0,0,2,0.9189579486846924,7.924232152310354,2.009006361833236,0.0,0,3,0.7560508251190186,17.80263579753541,1.8010179043640275,0.0,0,5,0.5721707940101624,17.865446776562997,4.952106806897845,0.0,0,16,0.6728742122650146,7.6711826331004636,-1.3222698743763532,0.0,2,8,0.5645055770874023,8.423120623923259,-0.7894868012969759,0.0,2,11,0.7390950322151184,12.962756655353482,2.0291500445263617,0.0,0,13,0.7155897617340088,12.841373676598575,9.151835100474933,0.0,1,12,0.7921375632286072,12.67195610270045,5.928225955298481,0.0,0,43,0.7947883009910583,17.754584534496963,7.717837474930086,0.0,1,4,0.6607381105422974,18.316622675069887,-1.1243271232406316,0.0,1,10,0.45971110463142395,22.172039793348947,1.8548159291809385,0.0,0,17,0.46829932928085327,12.795560937416349,-1.1135536880252215,0.0,2,15,0.6466236114501953,22.422890993516535,4.818327985604095,0.0,0,20,0.5353508591651917,24.283984836583507,3.6437984686441895,0.0,0,22,0.5077461004257202,22.302205488623656,7.769127599738312,0.0,1,23,0.5761182308197021,19.350747321567578,-1.2617783185521516,0.0,2,25,0.36468902230262756,25.992758026975107,6.045454509757985,0.0,1,24,0.5258880853652954,22.844134305919535,-1.090112976808799,0.0,1,18,0.4729832112789154,26.35495390841644,0.9059354004309926,0.0,1,29,0.4557260274887085,26.89818607281673,3.810524098934088,0.0,1,28,0.5227537155151367,8.56849977150606,8.778871864867149,0.0,1,31,0.9019425511360168,7.05843720208673,-0.9926920339593118,0.0,1,32,0.507926881313324,2.2453240825028002,-4.525609990220293,0.0,0,33,0.6815352439880371,-0.07853524926290972,-5.5704998279909175,0.0,0,41,0.7532784342765808,2.0464451204557377,-2.151947669707966,0.0,1,48,0.8623529076576233
1777470450,22728020,map,3.078579355159752,1.6482896669766125,0.0,0,40,0.9700762033462524,2.6623362412896587,-1.1872768634375126,0.0,1,1,0.7749026417732239,8.087238314127822,5.7436693892080335,0.0,0,2,0.9189506769180298,7.924232152310354,2.009006361833236,0.0,0,3,0.754909336566925,17.80263579753541,1.8010179043640275,0.0,0,5,0.5715168118476868,17.865446776562997,4.952106806897845,0.0,0,16,0.6719698905944824,7.6711826331004636,-1.3222698743763532,0.0,2,8,0.5638689398765564,8.423120623923259,-0.7894868012969759,0.0,2,11,0.7380041480064392,12.962756655353482,2.0291500445263617,0.0,0,13,0.7145671248435974,12.841373676598575,9.151835100474933,0.0,1,12,0.7908846139907837,12.67195610270045,5.928225955298481,0.0,0,43,0.7935268878936768,17.754584534496963,7.717837474930086,0.0,1,4,0.6598660945892334,18.316622675069887,-1.1243271232406316,0.0,1,10,0.4592888355255127,22.172039793348947,1.8548159291809385,0.0,0,17,0.4678611159324646,12.795560937416349,-1.1135536880252215,0.0,2,15,0.6457884311676025,22.422890993516535,4.818327985604095,0.0,0,20,0.5347782373428345,24.283984836583507,3.6437984686441895,0.0,0,22,0.5072310566902161,22.302205488623656,7.769127599738312,0.0,1,23,0.5754551887512207,19.350747321567578,-1.2617783185521516,0.0,2,25,0.3644232153892517,25.992758026975107,6.045454509757985,0.0,1,24,0.5253355503082275,22.844134305919535,-1.090112976808799,0.0,1,18,0.47253620624542236,26.35495390841644,0.9059354004309926,0.0,1,29,0.45531103014945984,26.89818607281673,3.810524098934088,0.0,1,28,0.5222077369689941,8.567562096655884,8.778717125525112,0.0,1,31,0.9019479751586914,7.05843720208673,-0.9926920339593118,0.0,1,32,0.5074114203453064,2.2453240825028002,-4.525609990220293,0.0,0,33,0.6806074976921082,-0.07853524926290972,-5.5704998279909175,0.0,0,41,0.7521452903747559,2.0464451204557377,-2.151947669707966,0.0,1,48,0.8608681559562683
1777470450,122450401,map,3.0797681104615204,1.6482311073457216,0.0,0,40,0.9700528383255005,2.6623362412896587,-1.1872768634375126,0.0,1,1,0.7725082039833069,8.090666274435836,5.742877184958365,0.0,0,2,0.9189338088035583,7.924232152310354,2.009006361833236,0.0,0,3,0.7526366114616394,17.80263579753541,1.8010179043640275,0.0,0,5,0.570213258266449,17.865446776562997,4.952106806897845,0.0,0,16,0.6701685786247253,7.6711826331004636,-1.3222698743763532,0.0,2,8,0.5626000165939331,8.423120623923259,-0.7894868012969759,0.0,2,11,0.7358319163322449,12.962756655353482,2.0291500445263617,0.0,0,13,0.7125304937362671,12.841373676598575,9.151835100474933,0.0,1,12,0.7883905172348022,12.67195610270045,5.928225955298481,0.0,0,43,0.791016161441803,17.754584534496963,7.717837474930086,0.0,1,4,0.6581289768218994,18.316622675069887,-1.1243271232406316,0.0,1,10,0.45844659209251404,22.172039793348947,1.8548159291809385,0.0,0,17,0.46698716282844543,12.795560937416349,-1.1135536880252215,0.0,2,15,0.6441245675086975,22.422890993516535,4.818327985604095,0.0,0,20,0.533636748790741,24.283984836583507,3.6437984686441895,0.0,0,22,0.5062039494514465,22.302205488623656,7.769127599738312,0.0,1,23,0.5741336345672607,19.350747321567578,-1.2617783185521516,0.0,2,25,0.3638927638530731,25.992758026975107,6.045454509757985,0.0,1,24,0.5242339968681335,22.844134305919535,-1.090112976808799,0.0,1,18,0.47164472937583923,26.35495390841644,0.9059354004309926,0.0,1,29,0.454483300447464,26.89818607281673,3.810524098934088,0.0,1,28,0.5211191773414612,8.565918041630747,8.778152882210248,0.0,1,31,0.9019591212272644,7.05843720208673,-0.9926920339593118,0.0,1,32,0.5063836574554443,2.2453240825028002,-4.525609990220293,0.0,0,33,0.6787596344947815,-0.07853524926290972,-5.5704998279909175,0.0,0,41,0.7498891949653625,2.0464451204557377,-2.151947669707966,0.0,1,48,0.8579139709472656
1777470450,222830319,map,3.080061101689371,1.6481302852939441,0.0,0,40,0.970047116279602,2.6623362412896587,-1.1872768634375126,0.0,1,1,0.7713164687156677,8.09224774801977,5.742452534365067,0.0,0,2,0.9189272522926331,7.924232152310354,2.009006361833236,0.0,0,3,0.7515053749084473,17.80263579753541,1.8010179043640275,0.0,0,5,0.5695636868476868,17.865446776562997,4.952106806897845,0.0,0,16,0.6692715287208557,7.6711826331004636,-1.3222698743763532,0.0,2,8,0.5619677305221558,8.423120623923259,-0.7894868012969759,0.0,2,11,0.7347506284713745,12.962756655353482,2.0291500445263617,0.0,0,13,0.7115165591239929,12.841373676598575,9.151835100474933,0.0,1,12,0.7871493697166443,12.67195610270045,5.928225955298481,0.0,0,43,0.7897667288780212,17.754584534496963,7.717837474930086,0.0,1,4,0.6572638750076294,18.316622675069887,-1.1243271232406316,0.0,1,10,0.45802661776542664,22.172039793348947,1.8548159291809385,0.0,0,17,0.46655142307281494,12.795560937416349,-1.1135536880252215,0.0,2,15,0.6432958245277405,22.422890993516535,4.818327985604095,0.0,0,20,0.5330678224563599,24.283984836583507,3.6437984686441895,0.0,0,22,0.5056920051574707,22.302205488623656,7.769127599738312,0.0,1,23,0.5734751224517822,19.350747321567578,-1.2617783185521516,0.0,2,25,0.3636281192302704,25.992758026975107,6.045454509757985,0.0,1,24,0.5236849188804626,22.844134305919535,-1.090112976808799,0.0,1,18,0.47120022773742676,26.35495390841644,0.9059354004309926,0.0,1,29,0.4540705680847168,26.89818607281673,3.810524098934088,0.0,1,28,0.5205765962600708,8.565090135111115,8.777896348982747,0.0,1,31,0.901964545249939,7.05843720208673,-0.9926920339593118,0.0,1,32,0.5058712959289551,2.2453240825028002,-4.525609990220293,0.0,0,33,0.677839457988739,-0.07853524926290972,-5.5704998279909175,0.0,0,41,0.7487661838531494,2.0464451204557377,-2.151947669707966,0.0,1,48,0.8564444780349731
1777470450,322563409,map,3.0802785726280963,1.6481337528226139,0.0,0,40,0.9700407385826111,2.6623362412896587,-1.1872768634375126,0.0,1,1,0.7689440846443176,8.095149115124393,5.741758129603442,0.0,0,2,0.9189157485961914,7.924232152310354,2.009006361833236,0.0,0,3,0.7492531538009644,17.80263579753541,1.8010179043640275,0.0,0,5,0.5682690143585205,17.865446776562997,4.952106806897845,0.0,0,16,0.6674845814704895,7.6711826331004636,-1.3222698743763532,0.0,2,8,0.5607073307037354,8.423120623923259,-0.7894868012969759,0.0,2,11,0.7325975298881531,12.962756655353482,2.0291500445263617,0.0,0,13,0.7094972729682922,12.841373676598575,9.151835100474933,0.0,1,12,0.7846786975860596,12.67195610270045,5.928225955298481,0.0,0,43,0.7872796654701233,17.754584534496963,7.717837474930086,0.0,1,4,0.655540406703949,18.316622675069887,-1.1243271232406316,0.0,1,10,0.45718899369239807,22.172039793348947,1.8548159291809385,0.0,0,17,0.46568235754966736,12.795560937416349,-1.1135536880252215,0.0,2,15,0.6416447758674622,22.422890993516535,4.818327985604095,0.0,0,20,0.531933605670929,24.283984836583507,3.6437984686441895,0.0,0,22,0.5046711564064026,22.302205488623656,7.769127599738312,0.0,1,23,0.5721626281738281,19.350747321567578,-1.2617783185521516,0.0,2,25,0.36309999227523804,25.992758026975107,6.045454509757985,0.0,1,24,0.5225902199745178,22.844134305919535,-1.090112976808799,0.0,1,18,0.47031378746032715,26.35495390841644,0.9059354004309926,0.0,1,29,0.4532473385334015,26.89818607281673,3.810524098934088,0.0,1,28,0.519494891166687,8.563350057821173,8.777535981242531,0.0,1,31,0.9019745588302612,7.05843720208673,-0.9926920339593118,0.0,1,32,0.5048497319221497,2.2453240825028002,-4.525609990220293,0.0,0,33,0.676006555557251,-0.07853524926290972,-5.5704998279909175,0.0,0,41,0.746530294418335,2.0464451204557377,-2.151947669707966,0.0,1,48,0.8535205125808716
1777470450,422521390,map,3.0806040816322895,1.648083765834405,0.0,0,40,0.9700352549552917,2.6623362412896587,-1.1872768634375126,0.0,1,1,0.7677633762359619,8.096593605234865,5.741467471945426,0.0,0,2,0.91890949010849,7.924232152310354,2.009006361833236,0.0,0,3,0.748132050037384,17.80263579753541,1.8010179043640275,0.0,0,5,0.5676239132881165,17.865446776562997,4.952106806897845,0.0,0,16,0.6665947437286377,7.6711826331004636,-1.3222698743763532,0.0,2,8,0.5600792169570923,8.423120623923259,-0.7894868012969759,0.0,2,11,0.731525719165802,12.962756655353482,2.0291500445263617,0.0,0,13,0.7084919214248657,12.841373676598575,9.151835100474933,0.0,1,12,0.7834491729736328,12.67195610270045,5.928225955298481,0.0,0,43,0.7860419750213623,17.754584534496963,7.717837474930086,0.0,1,4,0.6546820998191833,18.316622675069887,-1.1243271232406316,0.0,1,10,0.4567713439464569,22.172039793348947,1.8548159291809385,0.0,0,17,0.46524906158447266,12.795560937416349,-1.1135536880252215,0.0,2,15,0.6408224105834961,22.422890993516535,4.818327985604095,0.0,0,20,0.5313683152198792,24.283984836583507,3.6437984686441895,0.0,0,22,0.5041623115539551,22.302205488623656,7.769127599738312,0.0,1,23,0.5715086460113525,19.350747321567578,-1.2617783185521516,0.0,2,25,0.3628365099430084,25.992758026975107,6.045454509757985,0.0,1,24,0.5220445990562439,22.844134305919535,-1.090112976808799,0.0,1,18,0.4698718190193176,26.35495390841644,0.9059354004309926,0.0,1,29,0.4528368413448334,26.89818607281673,3.810524098934088,0.0,1,28,0.5189557075500488,8.56247357491842,8.777260137715228,0.0,1,31,0.9019806981086731,7.05843720208673,-0.9926920339593118,0.0,1,32,0.5043405294418335,2.2453240825028002,-4.525609990220293,0.0,0,33,0.6750938296318054,-0.07853524926290972,-5.5704998279909175,0.0,0,41,0.7454173564910889,2.0464451204557377,-2.151947669707966,0.0,1,48,0.8520659804344177
1777470450,522725512,map,3.0805987206900083,1.6481201084184662,0.0,0,40,0.9700334668159485,2.6623362412896587,-1.1872768634375126,0.0,1,1,0.7654127478599548,8.099244341996664,5.740838330889583,0.0,0,2,0.9189001321792603,7.924232152310354,2.009006361833236,0.0,0,3,0.7458999156951904,17.80263579753541,1.8010179043640275,0.0,0,5,0.566338062286377,17.865446776562997,4.952106806897845,0.0,0,16,0.6648220419883728,7.6711826331004636,-1.3222698743763532,0.0,2,8,0.55882728099823,8.423120623923259,-0.7894868012969759,0.0,2,11,0.7293913960456848,12.962756655353482,2.0291500445263617,0.0,0,13,0.7064897418022156,12.841373676598575,9.151835100474933,0.0,1,12,0.7810016870498657,12.67195610270045,5.928225955298481,0.0,0,43,0.7835782766342163,17.754584534496963,7.717837474930086,0.0,1,4,0.6529721021652222,18.316622675069887,-1.1243271232406316,0.0,1,10,0.45593830943107605,22.172039793348947,1.8548159291809385,0.0,0,17,0.4643848240375519,12.795560937416349,-1.1135536880252215,0.0,2,15,0.6391839981079102,22.422890993516535,4.818327985604095,0.0,0,20,0.5302413105964661,24.283984836583507,3.6437984686441895,0.0,0,22,0.5031476616859436,22.302205488623656,7.769127599738312,0.0,1,23,0.5702051520347595,19.350747321567578,-1.2617783185521516,0.0,2,25,0.3623106777667999,25.992758026975107,6.045454509757985,0.0,1,24,0.5209567546844482,22.844134305919535,-1.090112976808799,0.0,1,18,0.46899035573005676,26.35495390841644,0.9059354004309926,0.0,1,29,0.4520180821418762,26.89818607281673,3.810524098934088,0.0,1,28,0.5178806781768799,8.560762219999871,8.776898382808856,0.0,1,31,0.9019904732704163,7.05843720208673,-0.9926920339593118,0.0,1,32,0.5033251047134399,2.2453240825028002,-4.525609990220293,0.0,0,33,0.6732757091522217,-0.07853524926290972,-5.5704998279909175,0.0,0,41,0.7432013750076294,2.0464451204557377,-2.151947669707966,0.0,1,48,0.8491717576980591
1777470450,625030269,map,3.080569197638312,1.6481483870067388,0.0,0,40,0.9700329899787903,2.6623362412896587,-1.1872768634375126,0.0,1,1,0.7642428278923035,8.100491040604973,5.740597130756663,0.0,0,2,0.9188956022262573,7.924232152310354,2.009006361833236,0.0,0,3,0.7447888255119324,17.80263579753541,1.8010179043640275,0.0,0,5,0.5656973123550415,17.865446776562997,4.952106806897845,0.0,0,16,0.6639392375946045,7.6711826331004636,-1.3222698743763532,0.0,2,8,0.558203399181366,8.423120623923259,-0.7894868012969759,0.0,2,11,0.7283289432525635,12.962756655353482,2.0291500445263617,0.0,0,13,0.7054929137229919,12.841373676598575,9.151835100474933,0.0,1,12,0.7797836661338806,12.67195610270045,5.928225955298481,0.0,0,43,0.7823522090911865,17.754584534496963,7.717837474930086,0.0,1,4,0.6521204710006714,18.316622675069887,-1.1243271232406316,0.0,1,10,0.45552292466163635,22.172039793348947,1.8548159291809385,0.0,0,17,0.4639539420604706,12.795560937416349,-1.1135536880252215,0.0,2,15,0.6383678913116455,22.422890993516535,4.818327985604095,0.0,0,20,0.529679536819458,24.283984836583507,3.6437984686441895,0.0,0,22,0.5026418566703796,22.302205488623656,7.769127599738312,0.0,1,23,0.5695555806159973,19.350747321567578,-1.2617783185521516,0.0,2,25,0.36204832792282104,25.992758026975107,6.045454509757985,0.0,1,24,0.5204145312309265,22.844134305919535,-1.090112976808799,0.0,1,18,0.4685508608818054,26.35495390841644,0.9059354004309926,0.0,1,29,0.4516098201274872,26.89818607281673,3.810524098934088,0.0,1,28,0.5173448324203491,8.559861929884848,8.776803699511435,0.0,1,31,0.9019949436187744,7.05843720208673,-0.9926920339593118,0.0,1,32,0.5028189420700073,2.2453240825028002,-4.525609990220293,0.0,0,33,0.6723703742027283,-0.07853524926290972,-5.5704998279909175,0.0,0,41,0.7420982718467712,2.0464451204557377,-2.151947669707966,0.0,1,48,0.8477320671081543
1777470450,722390665,map,3.078005206629956,1.6479518363831878,0.0,0,40,0.9700695872306824,2.6623362412896587,-1.1872768634375126,0.0,1,1,0.7619136571884155,8.102125378099089,5.739877485660517,0.0,0,2,0.91889888048172,7.924232152310354,2.009006361833236,0.0,0,3,0.7425765991210938,17.80263579753541,1.8010179043640275,0.0,0,5,0.5644201040267944,17.865446776562997,4.952106806897845,0.0,0,16,0.6621806621551514,7.6711826331004636,-1.3222698743763532,0.0,2,8,0.5569598078727722,8.423120623923259,-0.7894868012969759,0.0,2,11,0.726213276386261,12.962756655353482,2.0291500445263617,0.0,0,13,0.7035076022148132,12.841373676598575,9.151835100474933,0.0,1,12,0.7773590087890625,12.67195610270045,5.928225955298481,0.0,0,43,0.7799115180969238,17.754584534496963,7.717837474930086,0.0,1,4,0.6504238843917847,18.316622675069887,-1.1243271232406316,0.0,1,10,0.4546944200992584,22.172039793348947,1.8548159291809385,0.0,0,17,0.4630945026874542,12.795560937416349,-1.1135536880252215,0.0,2,15,0.6367419958114624,22.422890993516535,4.818327985604095,0.0,0,20,0.528559684753418,24.283984836583507,3.6437984686441895,0.0,0,22,0.5016332864761353,22.302205488623656,7.769127599738312,0.0,1,23,0.5682609677314758,19.350747321567578,-1.2617783185521516,0.0,2,25,0.361524760723114,25.992758026975107,6.045454509757985,0.0,1,24,0.5193334221839905,22.844134305919535,-1.090112976808799,0.0,1,18,0.4676743447780609,26.35495390841644,0.9059354004309926,0.0,1,29,0.4507954716682434,26.89818607281673,3.810524098934088,0.0,1,28,0.5162764191627502,8.55767109385747,8.77630979149252,0.0,1,31,0.902010977268219,7.05843720208673,-0.9926920339593118,0.0,1,32,0.5018097162246704,2.2453240825028002,-4.525609990220293,0.0,0,33,0.6705668568611145,-0.07853524926290972,-5.5704998279909175,0.0,0,41,0.7399019598960876,2.0464451204557377,-2.151947669707966,0.0,1,48,0.8448671698570251
1777470450,822725298,map,3.077799068657099,1.6463913755848887,0.0,0,40,0.9700815081596375,2.6623362412896587,-1.1872768634375126,0.0,1,1,0.760754406452179,8.103317374237468,5.738922360198761,0.0,0,2,0.9189006090164185,7.924232152310354,2.009006361833236,0.0,0,3,0.7414754033088684,17.80263579753541,1.8010179043640275,0.0,0,5,0.5637837052345276,17.865446776562997,4.952106806897845,0.0,0,16,0.6613048315048218,7.6711826331004636,-1.3222698743763532,0.0,2,8,0.5563400983810425,8.423120623923259,-0.7894868012969759,0.0,2,11,0.7251600027084351,12.962756655353482,2.0291500445263617,0.0,0,13,0.7025191783905029,12.841373676598575,9.151835100474933,0.0,1,12,0.7761522531509399,12.67195610270045,5.928225955298481,0.0,0,43,0.7786968946456909,17.754584534496963,7.717837474930086,0.0,1,4,0.649578869342804,18.316622675069887,-1.1243271232406316,0.0,1,10,0.4542813003063202,22.172039793348947,1.8548159291809385,0.0,0,17,0.46266600489616394,12.795560937416349,-1.1135536880252215,0.0,2,15,0.6359321475028992,22.422890993516535,4.818327985604095,0.0,0,20,0.5280015468597412,24.283984836583507,3.6437984686441895,0.0,0,22,0.5011305212974548,22.302205488623656,7.769127599738312,0.0,1,23,0.5676158666610718,19.350747321567578,-1.2617783185521516,0.0,2,25,0.36126354336738586,25.992758026975107,6.045454509757985,0.0,1,24,0.518794596195221,22.844134305919535,-1.090112976808799,0.0,1,18,0.46723732352256775,26.35495390841644,0.9059354004309926,0.0,1,29,0.45038941502571106,26.89818607281673,3.810524098934088,0.0,1,28,0.5157439112663269,8.557152697317925,8.775709176059332,0.0,1,31,0.902016818523407,7.05843720208673,-0.9926920339593118,0.0,1,32,0.5013065934181213,2.2453240825028002,-4.525609990220293,0.0,0,33,0.6696687340736389,-0.07853524926290972,-5.5704998279909175,0.0,0,41,0.7388086915016174,2.0464451204557377,-2.151947669707966,0.0,1,48,0.8434419631958008
1777470450,922347382,map,3.0765193396406874,1.6466078803880722,0.0,0,40,0.970092236995697,2.6623362412896587,-1.1872768634375126,0.0,1,1,0.758446455001831,8.105105540822755,5.7384139211842715,0.0,0,2,0.91889888048172,7.924232152310354,2.009006361833236,0.0,0,3,0.7392827272415161,17.80263579753541,1.8010179043640275,0.0,0,5,0.562515139579773,17.865446776562997,4.952106806897845,0.0,0,16,0.6595601439476013,7.6711826331004636,-1.3222698743763532,0.0,2,8,0.5551047921180725,8.423120623923259,-0.7894868012969759,0.0,2,11,0.7230626940727234,12.962756655353482,2.0291500445263617,0.0,0,13,0.7005505561828613,12.841373676598575,9.151835100474933,0.0,1,12,0.7737500667572021,12.67195610270045,5.928225955298481,0.0,0,43,0.7762789726257324,17.754584534496963,7.717837474930086,0.0,1,4,0.6478953957557678,18.316622675069887,-1.1243271232406316,0.0,1,10,0.4534573256969452,22.172039793348947,1.8548159291809385,0.0,0,17,0.4618113338947296,12.795560937416349,-1.1135536880252215,0.0,2,15,0.6343186497688293,22.422890993516535,4.818327985604095,0.0,0,20,0.5268887281417847,24.283984836583507,3.6437984686441895,0.0,0,22,0.5001279711723328,22.302205488623656,7.769127599738312,0.0,1,23,0.5663300156593323,19.350747321567578,-1.2617783185521516,0.0,2,25,0.3607422411441803,25.992758026975107,6.045454509757985,0.0,1,24,0.5177202224731445,22.844134305919535,-1.090112976808799,0.0,1,18,0.4663656949996948,26.35495390841644,0.9059354004309926,0.0,1,29,0.44957947731018066,26.89818607281673,3.810524098934088,0.0,1,28,0.5146821141242981,8.555585763443279,8.775649335740443,0.0,1,31,0.9020220637321472,7.05843720208673,-0.9926920339593118,0.0,1,32,0.500303328037262,2.2453240825028002,-4.525609990220293,0.0,0,33,0.6678797006607056,-0.07853524926290972,-5.5704998279909175,0.0,0,41,0.7366317510604858,2.0464451204557377,-2.151947669707966,0.0,1,48,0.8406059741973877
1777470451,22752560,map,3.0789636847273427,1.6469370023057306,0.0,0,40,0.970051646232605,2.6623362412896587,-1.1872768634375126,0.0,1,1,0.757297694683075,8.1069610624367,5.738396843104637,0.0,0,2,0.9188838601112366,7.924232152310354,2.009006361833236,0.0,0,3,0.7381913065910339,17.80263579753541,1.8010179043640275,0.0,0,5,0.5618830323219299,17.865446776562997,4.952106806897845,0.0,0,16,0.6586912870407104,7.6711826331004636,-1.3222698743763532,0.0,2,8,0.5544891953468323,8.423120623923259,-0.7894868012969759,0.0,2,11,0.7220185399055481,12.962756655353482,2.0291500445263617,0.0,0,13,0.6995704174041748,12.841373676598575,9.151835100474933,0.0,1,12,0.7725545763969421,12.67195610270045,5.928225955298481,0.0,0,43,0.7750756144523621,17.754584534496963,7.717837474930086,0.0,1,4,0.6470569968223572,18.316622675069887,-1.1243271232406316,0.0,1,10,0.45304644107818604,22.172039793348947,1.8548159291809385,0.0,0,17,0.46138519048690796,12.795560937416349,-1.1135536880252215,0.0,2,15,0.633514940738678,22.422890993516535,4.818327985604095,0.0,0,20,0.5263341069221497,24.283984836583507,3.6437984686441895,0.0,0,22,0.4996282160282135,22.302205488623656,7.769127599738312,0.0,1,23,0.5656893253326416,19.350747321567578,-1.2617783185521516,0.0,2,25,0.36048218607902527,25.992758026975107,6.045454509757985,0.0,1,24,0.5171847343444824,22.844134305919535,-1.090112976808799,0.0,1,18,0.46593111753463745,26.35495390841644,0.9059354004309926,0.0,1,29,0.4491755962371826,26.89818607281673,3.810524098934088,0.0,1,28,0.5141528844833374,8.555587651337945,8.775812355881298,0.0,1,31,0.9020149111747742,7.05843720208673,-0.9926920339593118,0.0,1,32,0.49980324506759644,2.2453240825028002,-4.525609990220293,0.0,0,33,0.6669887900352478,-0.07853524926290972,-5.5704998279909175,0.0,0,41,0.7355480790138245,2.0464451204557377,-2.151947669707966,0.0,1,48,0.8391950726509094
1777470451,122485087,map,3.078144123318889,1.6472670174020745,0.0,0,40,0.9700596332550049,2.6623362412896587,-1.1872768634375126,0.0,1,1,0.7550106048583984,8.108838018478723,5.737928385057815,0.0,0,2,0.9188804030418396,7.924232152310354,2.009006361833236,0.0,0,3,0.7360180020332336,17.80263579753541,1.8010179043640275,0.0,0,5,0.5606229901313782,17.865446776562997,4.952106806897845,0.0,0,16,0.6569603085517883,7.6711826331004636,-1.3222698743763532,0.0,2,8,0.5532620549201965,8.423120623923259,-0.7894868012969759,0.0,2,11,0.7199392914772034,12.962756655353482,2.0291500445263617,0.0,0,13,0.6976182460784912,12.841373676598575,9.151835100474933,0.0,1,12,0.7701745629310608,12.67195610270045,5.928225955298481,0.0,0,43,0.7726801037788391,17.754584534496963,7.717837474930086,0.0,1,4,0.6453865766525269,18.316622675069887,-1.1243271232406316,0.0,1,10,0.4522269368171692,22.172039793348947,1.8548159291809385,0.0,0,17,0.4605352580547333,12.795560937416349,-1.1135536880252215,0.0,2,15,0.6319136023521423,22.422890993516535,4.818327985604095,0.0,0,20,0.5252283215522766,24.283984836583507,3.6437984686441895,0.0,0,22,0.49863168597221375,22.302205488623656,7.769127599738312,0.0,1,23,0.5644121766090393,19.350747321567578,-1.2617783185521516,0.0,2,25,0.3599631190299988,25.992758026975107,6.045454509757985,0.0,1,24,0.5161169767379761,22.844134305919535,-1.090112976808799,0.0,1,18,0.4650643765926361,26.35495390841644,0.9059354004309926,0.0,1,29,0.4483700096607208,26.89818607281673,3.810524098934088,0.0,1,28,0.5130976438522339,8.554291049654186,8.775755089653986,0.0,1,31,0.902018129825592,7.05843720208673,-0.9926920339593118,0.0,1,32,0.49880602955818176,2.2453240825028002,-4.525609990220293,0.0,0,33,0.6652140021324158,-0.07853524926290972,-5.5704998279909175,0.0,0,41,0.7333903312683105,2.0464451204557377,-2.151947669707966,0.0,1,48,0.8363875150680542
1777470451,222581116,map,3.0787660338348486,1.6478996071203125,0.0,0,40,0.9700449109077454,2.6623362412896587,-1.1872768634375126,0.0,1,1,0.7527373433113098,8.111067830365863,5.737665220549193,0.0,0,2,0.9188704490661621,7.924232152310354,2.009006361833236,0.0,0,3,0.7338574528694153,17.80263579753541,1.8010179043640275,0.0,0,5,0.5593686103820801,17.865446776562997,4.952106806897845,0.0,0,16,0.6552384495735168,7.6711826331004636,-1.3222698743763532,0.0,2,8,0.5520403981208801,8.423120623923259,-0.7894868012969759,0.0,2,11,0.7178720235824585,12.962756655353482,2.0291500445263617,0.0,0,13,0.6956769824028015,12.841373676598575,9.151835100474933,0.0,1,12,0.7678091526031494,12.67195610270045,5.928225955298481,0.0,0,43,0.7702993154525757,17.754584534496963,7.717837474930086,0.0,1,4,0.6437247395515442,18.316622675069887,-1.1243271232406316,0.0,1,10,0.4514103829860687,22.172039793348947,1.8548159291809385,0.0,0,17,0.4596884548664093,12.795560937416349,-1.1135536880252215,0.0,2,15,0.6303203701972961,22.422890993516535,4.818327985604095,0.0,0,20,0.524127185344696,24.283984836583507,3.6437984686441895,0.0,0,22,0.49763914942741394,22.302205488623656,7.769127599738312,0.0,1,23,0.5631408095359802,19.350747321567578,-1.2617783185521516,0.0,2,25,0.35944557189941406,25.992758026975107,6.045454509757985,0.0,1,24,0.5150536894798279,22.844134305919535,-1.090112976808799,0.0,1,18,0.46420082449913025,26.35495390841644,0.9059354004309926,0.0,1,29,0.44756731390953064,26.89818607281673,3.810524098934088,0.0,1,28,0.5120466947555542,8.553359971381772,8.77585482962539,0.0,1,31,0.9020164012908936,7.05843720208673,-0.9926920339593118,0.0,1,32,0.49781277775764465,2.2453240825028002,-4.525609990220293,0.0,0,33,0.663448691368103,-0.07853524926290972,-5.5704998279909175,0.0,0,41,0.7312451601028442,2.0464451204557377,-2.151947669707966,0.0,1,48,0.8335986733436584
1777470451,322797401,map,3.078656431115967,1.6479492124921027,0.0,0,40,0.9700457453727722,2.6623362412896587,-1.1872768634375126,0.0,1,1,0.7516058087348938,8.112038867653535,5.737399112612561,0.0,0,2,0.9188681840896606,7.924232152310354,2.009006361833236,0.0,0,3,0.7327819466590881,17.80263579753541,1.8010179043640275,0.0,0,5,0.5587435364723206,17.865446776562997,4.952106806897845,0.0,0,16,0.6543809175491333,7.6711826331004636,-1.3222698743763532,0.0,2,8,0.5514315366744995,8.423120623923259,-0.7894868012969759,0.0,2,11,0.7168428301811218,12.962756655353482,2.0291500445263617,0.0,0,13,0.6947104334831238,12.841373676598575,9.151835100474933,0.0,1,12,0.7666319012641907,12.67195610270045,5.928225955298481,0.0,0,43,0.7691143751144409,17.754584534496963,7.717837474930086,0.0,1,4,0.6428970694541931,18.316622675069887,-1.1243271232406316,0.0,1,10,0.45100319385528564,22.172039793348947,1.8548159291809385,0.0,0,17,0.45926621556282043,12.795560937416349,-1.1135536880252215,0.0,2,15,0.6295267939567566,22.422890993516535,4.818327985604095,0.0,0,20,0.5235783457756042,24.283984836583507,3.6437984686441895,0.0,0,22,0.49714434146881104,22.302205488623656,7.769127599738312,0.0,1,23,0.5625072717666626,19.350747321567578,-1.2617783185521516,0.0,2,25,0.35918736457824707,25.992758026975107,6.045454509757985,0.0,1,24,0.5145236849784851,22.844134305919535,-1.090112976808799,0.0,1,18,0.4637702703475952,26.35495390841644,0.9059354004309926,0.0,1,29,0.4471670389175415,26.89818607281673,3.810524098934088,0.0,1,28,0.5115228891372681,8.552844792041034,8.775786604727838,0.0,1,31,0.90201735496521,7.05843720208673,-0.9926920339593118,0.0,1,32,0.4973176419734955,2.2453240825028002,-4.525609990220293,0.0,0,33,0.662569522857666,-0.07853524926290972,-5.5704998279909175,0.0,0,41,0.7301772832870483,2.0464451204557377,-2.151947669707966,0.0,1,48,0.8322111964225769
1777470451,422653483,map,3.0798326649500773,1.6477574466496623,0.0,0,40,0.9700308442115784,2.6623362412896587,-1.1872768634375126,0.0,1,1,0.7493529319763184,8.11444938322359,5.736680304974678,0.0,0,2,0.9188594222068787,7.924232152310354,2.009006361833236,0.0,0,3,0.7306403517723083,17.80263579753541,1.8010179043640275,0.0,0,5,0.5574975609779358,17.865446776562997,4.952106806897845,0.0,0,16,0.652672529220581,7.6711826331004636,-1.3222698743763532,0.0,2,8,0.5502179265022278,8.423120623923259,-0.7894868012969759,0.0,2,11,0.7147932052612305,12.962756655353482,2.0291500445263617,0.0,0,13,0.6927852630615234,12.841373676598575,9.151835100474933,0.0,1,12,0.7642881870269775,12.67195610270045,5.928225955298481,0.0,0,43,0.7667555212974548,17.754584534496963,7.717837474930086,0.0,1,4,0.6412480473518372,18.316622675069887,-1.1243271232406316,0.0,1,10,0.45019105076789856,22.172039793348947,1.8548159291809385,0.0,0,17,0.45842406153678894,12.795560937416349,-1.1135536880252215,0.0,2,15,0.6279455423355103,22.422890993516535,4.818327985604095,0.0,0,20,0.5224840641021729,24.283984836583507,3.6437984686441895,0.0,0,22,0.496157705783844,22.302205488623656,7.769127599738312,0.0,1,23,0.5612444281578064,19.350747321567578,-1.2617783185521516,0.0,2,25,0.35867205262184143,25.992758026975107,6.045454509757985,0.0,1,24,0.5134668946266174,22.844134305919535,-1.090112976808799,0.0,1,18,0.4629115164279938,26.35495390841644,0.9059354004309926,0.0,1,29,0.44636863470077515,26.89818607281673,3.810524098934088,0.0,1,28,0.5104783773422241,8.552285590325182,8.77547904652648,0.0,1,31,0.9020166397094727,7.05843720208673,-0.9926920339593118,0.0,1,32,0.49633029103279114,2.2453240825028002,-4.525609990220293,0.0,0,33,0.6608181595802307,-0.07853524926290972,-5.5704998279909175,0.0,0,41,0.7280508875846863,2.0464451204557377,-2.151947669707966,0.0,1,48,0.8294501304626465
1777470451,522827027,map,3.0790897320877386,1.6475826272602954,0.0,0,40,0.9700430631637573,2.6623362412896587,-1.1872768634375126,0.0,1,1,0.7482315301895142,8.115170038770572,5.73630460707141,0.0,0,2,0.9188609719276428,7.924232152310354,2.009006361833236,0.0,0,3,0.7295742630958557,17.80263579753541,1.8010179043640275,0.0,0,5,0.5568766593933105,17.865446776562997,4.952106806897845,0.0,0,16,0.6518216729164124,7.6711826331004636,-1.3222698743763532,0.0,2,8,0.5496131181716919,8.423120623923259,-0.7894868012969759,0.0,2,11,0.7137728333473206,12.962756655353482,2.0291500445263617,0.0,0,13,0.6918267011642456,12.841373676598575,9.151835100474933,0.0,1,12,0.7631217241287231,12.67195610270045,5.928225955298481,0.0,0,43,0.765581488609314,17.754584534496963,7.717837474930086,0.0,1,4,0.6404266953468323,18.316622675069887,-1.1243271232406316,0.0,1,10,0.44978606700897217,22.172039793348947,1.8548159291809385,0.0,0,17,0.4580041170120239,12.795560937416349,-1.1135536880252215,0.0,2,15,0.6271579265594482,22.422890993516535,4.818327985604095,0.0,0,20,0.521938681602478,24.283984836583507,3.6437984686441895,0.0,0,22,0.49566584825515747,22.302205488623656,7.769127599738312,0.0,1,23,0.5606151819229126,19.350747321567578,-1.2617783185521516,0.0,2,25,0.3584149479866028,25.992758026975107,6.045454509757985,0.0,1,24,0.5129401683807373,22.844134305919535,-1.090112976808799,0.0,1,18,0.46248334646224976,26.35495390841644,0.9059354004309926,0.0,1,29,0.44597047567367554,26.89818607281673,3.810524098934088,0.0,1,28,0.5099577307701111,8.551659717607095,8.775309010735654,0.0,1,31,0.9020199775695801,7.05843720208673,-0.9926920339593118,0.0,1,32,0.49583810567855835,2.2453240825028002,-4.525609990220293,0.0,0,33,0.6599459648132324,-0.07853524926290972,-5.5704998279909175,0.0,0,41,0.7269923090934753,2.0464451204557377,-2.151947669707966,0.0,1,48,0.8280764222145081
1777470451,625137243,map,3.0790897320877386,1.6475826272602954,0.0,0,40,0.9662936925888062,2.6623362412896587,-1.1872768634375126,0.0,1,1,0.7459988594055176,8.07198268044047,5.737797935318067,0.0,0,2,0.9193369746208191,7.924232152310354,2.009006361833236,0.0,0,3,0.7274513244628906,17.80263579753541,1.8010179043640275,0.0,0,5,0.5556389689445496,17.865446776562997,4.952106806897845,0.0,0,16,0.6501266360282898,7.6711826331004636,-1.3222698743763532,0.0,2,8,0.5484074950218201,8.423120623923259,-0.7894868012969759,0.0,2,11,0.7117407321929932,12.962756655353482,2.0291500445263617,0.0,0,13,0.6899175047874451,12.841373676598575,9.151835100474933,0.0,1,12,0.7607994079589844,12.67195610270045,5.928225955298481,0.0,0,43,0.7632441520690918,17.754584534496963,7.717837474930086,0.0,1,4,0.6387903094291687,18.316622675069887,-1.1243271232406316,0.0,1,10,0.4489782750606537,22.172039793348947,1.8548159291809385,0.0,0,17,0.4571665823459625,12.795560937416349,-1.1135536880252215,0.0,2,15,0.6255885362625122,22.422890993516535,4.818327985604095,0.0,0,20,0.5208512544631958,24.283984836583507,3.6437984686441895,0.0,0,22,0.4946850538253784,22.302205488623656,7.769127599738312,0.0,1,23,0.5593608021736145,19.350747321567578,-1.2617783185521516,0.0,2,25,0.35790184140205383,25.992758026975107,6.045454509757985,0.0,1,24,0.5118898749351501,22.844134305919535,-1.090112976808799,0.0,1,18,0.46162936091423035,26.35495390841644,0.9059354004309926,0.0,1,29,0.4451763331890106,26.89818607281673,3.810524098934088,0.0,1,28,0.5089196562767029,8.551184085321319,8.775807766020495,0.0,1,31,0.9020105004310608,7.05843720208673,-0.9926920339593118,0.0,1,32,0.4948566257953644,2.2453240825028002,-4.525609990220293,0.0,0,33,0.658208429813385,-0.07853524926290972,-5.5704998279909175,0.0,0,41,0.7248843312263489,2.0464451204557377,-2.151947669707966,0.0,1,48,0.82534259557724
1777470451,722677456,map,3.0790897320877386,1.6475826272602954,0.0,0,40,0.9644298553466797,2.6623362412896587,-1.1872768634375126,0.0,1,1,0.7448874711990356,8.07198268044047,5.737797935318067,0.0,0,2,0.9176497459411621,7.924232152310354,2.009006361833236,0.0,0,3,0.7263944745063782,17.80263579753541,1.8010179043640275,0.0,0,5,0.5550221800804138,17.865446776562997,4.952106806897845,0.0,0,16,0.6492823958396912,7.6711826331004636,-1.3222698743763532,0.0,2,8,0.5478066205978394,8.423120623923259,-0.7894868012969759,0.0,2,11,0.7107290625572205,12.962756655353482,2.0291500445263617,0.0,0,13,0.6889668107032776,12.841373676598575,9.151835100474933,0.0,1,12,0.7596434950828552,12.67195610270045,5.928225955298481,0.0,0,43,0.7620808482170105,17.754584534496963,7.717837474930086,0.0,1,4,0.6379752159118652,18.316622675069887,-1.1243271232406316,0.0,1,10,0.448575496673584,22.172039793348947,1.8548159291809385,0.0,0,17,0.45674896240234375,12.795560937416349,-1.1135536880252215,0.0,2,15,0.6248067617416382,22.422890993516535,4.818327985604095,0.0,0,20,0.5203092694282532,24.283984836583507,3.6437984686441895,0.0,0,22,0.4941961169242859,22.302205488623656,7.769127599738312,0.0,1,23,0.558735728263855,19.350747321567578,-1.2617783185521516,0.0,2,25,0.35764580965042114,25.992758026975107,6.045454509757985,0.0,1,24,0.5113663673400879,22.844134305919535,-1.090112976808799,0.0,1,18,0.46120354533195496,26.35495390841644,0.9059354004309926,0.0,1,29,0.4447803497314453,26.89818607281673,3.810524098934088,0.0,1,28,0.5084021687507629,8.551024133135309,8.776105968461794,0.0,1,31,0.9020047783851624,7.05843720208673,-0.9926920339593118,0.0,1,32,0.4943673312664032,2.2453240825028002,-4.525609990220293,0.0,0,33,0.6573430895805359,-0.07853524926290972,-5.5704998279909175,0.0,0,41,0.7238349914550781,2.0464451204557377,-2.151947669707966,0.0,1,48,0.8239824771881104
1777470451,822821420,map,3.0790897320877386,1.6475826272602954,0.0,0,40,0.9607236385345459,2.6623362412896587,-1.1872768634375126,0.0,1,1,0.7426746487617493,8.07198268044047,5.737797935318067,0.0,0,2,0.9142937064170837,7.924232152310354,2.009006361833236,0.0,0,3,0.7242900133132935,17.80263579753541,1.8010179043640275,0.0,0,5,0.5537927150726318,17.865446776562997,4.952106806897845,0.0,0,16,0.6476004719734192,7.6711826331004636,-1.3222698743763532,0.0,2,8,0.5466088652610779,8.423120623923259,-0.7894868012969759,0.0,2,11,0.7087142467498779,12.962756655353482,2.0291500445263617,0.0,0,13,0.6870733499526978,12.841373676598575,9.151835100474933,0.0,1,12,0.7573422789573669,12.67195610270045,5.928225955298481,0.0,0,43,0.7597648501396179,17.754584534496963,7.717837474930086,0.0,1,4,0.6363513469696045,18.316622675069887,-1.1243271232406316,0.0,1,10,0.4477720558643341,22.172039793348947,1.8548159291809385,0.0,0,17,0.45591601729393005,12.795560937416349,-1.1135536880252215,0.0,2,15,0.6232491731643677,22.422890993516535,4.818327985604095,0.0,0,20,0.5192286372184753,24.283984836583507,3.6437984686441895,0.0,0,22,0.49322110414505005,22.302205488623656,7.769127599738312,0.0,1,23,0.557489812374115,19.350747321567578,-1.2617783185521516,0.0,2,25,0.3571349084377289,25.992758026975107,6.045454509757985,0.0,1,24,0.5103225111961365,22.844134305919535,-1.090112976808799,0.0,1,18,0.4603542983531952,26.35495390841644,0.9059354004309926,0.0,1,29,0.44399040937423706,26.89818607281673,3.810524098934088,0.0,1,28,0.5073703527450562,8.550633542628765,8.776574039233864,0.0,1,31,0.901995837688446,7.05843720208673,-0.9926920339593118,0.0,1,32,0.49339166283607483,2.2453240825028002,-4.525609990220293,0.0,0,33,0.655619204044342,-0.07853524926290972,-5.5704998279909175,0.0,0,41,0.7217452526092529,2.0464451204557377,-2.151947669707966,0.0,1,48,0.8212755918502808
1777470451,922892145,map,3.0790897320877386,1.6475826272602954,0.0,0,40,0.9588811993598938,2.6623362412896587,-1.1872768634375126,0.0,1,1,0.7415731549263,8.07198268044047,5.737797935318067,0.0,0,2,0.9126248955726624,7.924232152310354,2.009006361833236,0.0,0,3,0.7232423424720764,17.80263579753541,1.8010179043640275,0.0,0,5,0.5531799793243408,17.865446776562997,4.952106806897845,0.0,0,16,0.6467627882957458,7.6711826331004636,-1.3222698743763532,0.0,2,8,0.5460119843482971,8.423120623923259,-0.7894868012969759,0.0,2,11,0.7077111005783081,12.962756655353482,2.0291500445263617,0.0,0,13,0.6861305236816406,12.841373676598575,9.151835100474933,0.0,1,12,0.7561968564987183,12.67195610270045,5.928225955298481,0.0,0,43,0.7586121559143066,17.754584534496963,7.717837474930086,0.0,1,4,0.6355424523353577,18.316622675069887,-1.1243271232406316,0.0,1,10,0.44737139344215393,22.172039793348947,1.8548159291809385,0.0,0,17,0.45550066232681274,12.795560937416349,-1.1135536880252215,0.0,2,15,0.6224732398986816,22.422890993516535,4.818327985604095,0.0,0,20,0.5186899900436401,24.283984836583507,3.6437984686441895,0.0,0,22,0.4927350580692291,22.302205488623656,7.769127599738312,0.0,1,23,0.5568689107894897,19.350747321567578,-1.2617783185521516,0.0,2,25,0.3568800091743469,25.992758026975107,6.045454509757985,0.0,1,24,0.5098021626472473,22.844134305919535,-1.090112976808799,0.0,1,18,0.4599308371543884,26.35495390841644,0.9059354004309926,0.0,1,29,0.4435965120792389,26.89818607281673,3.810524098934088,0.0,1,28,0.5068560242652893,8.550208929940515,8.776725017613208,0.0,1,31,0.9019947648048401,7.05843720208673,-0.9926920339593118,0.0,1,32,0.49290528893470764,2.2453240825028002,-4.525609990220293,0.0,0,33,0.6547606587409973,-0.07853524926290972,-5.5704998279909175,0.0,0,41,0.7207049131393433,2.0464451204557377,-2.151947669707966,0.0,1,48,0.8199288249015808
1777470452,22588259,map,3.0790897320877386,1.6475826272602954,0.0,0,40,0.9552174210548401,2.6623362412896587,-1.1872768634375126,0.0,1,1,0.7393799424171448,8.07198268044047,5.737797935318067,0.0,0,2,0.9093054533004761,7.924232152310354,2.009006361833236,0.0,0,3,0.7211560606956482,17.80263579753541,1.8010179043640275,0.0,0,5,0.5519586801528931,17.865446776562997,4.952106806897845,0.0,0,16,0.6450939178466797,7.6711826331004636,-1.3222698743763532,0.0,2,8,0.5448220372200012,8.423120623923259,-0.7894868012969759,0.0,2,11,0.7057133316993713,12.962756655353482,2.0291500445263617,0.0,0,13,0.6842525601387024,12.841373676598575,9.151835100474933,0.0,1,12,0.7539164423942566,12.67195610270045,5.928225955298481,0.0,0,43,0.756317138671875,17.754584534496963,7.717837474930086,0.0,1,4,0.6339309215545654,18.316622675069887,-1.1243271232406316,0.0,1,10,0.44657227396965027,22.172039793348947,1.8548159291809385,0.0,0,17,0.45467227697372437,12.795560937416349,-1.1135536880252215,0.0,2,15,0.6209272146224976,22.422890993516535,4.818327985604095,0.0,0,20,0.5176160335540771,24.283984836583507,3.6437984686441895,0.0,0,22,0.4917658269405365,22.302205488623656,7.769127599738312,0.0,1,23,0.5556312203407288,19.350747321567578,-1.2617783185521516,0.0,2,25,0.35637128353118896,25.992758026975107,6.045454509757985,0.0,1,24,0.5087646842002869,22.844134305919535,-1.090112976808799,0.0,1,18,0.45908623933792114,26.35495390841644,0.9059354004309926,0.0,1,29,0.4428108036518097,26.89818607281673,3.810524098934088,0.0,1,28,0.5058305263519287,8.549674717260384,8.777248244432261,0.0,1,31,0.9019874334335327,7.05843720208673,-0.9926920339593118,0.0,1,32,0.4919353723526001,2.2453240825028002,-4.525609990220293,0.0,0,33,0.6530503034591675,-0.07853524926290972,-5.5704998279909175,0.0,0,41,0.718633234500885,2.0464451204557377,-2.151947669707966,0.0,1,48,0.817248523235321
1777470452,122755601,map,3.0790897320877386,1.6475826272602954,0.0,0,40,0.9533960223197937,2.6623362412896587,-1.1872768634375126,0.0,1,1,0.738288164138794,8.07198268044047,5.737797935318067,0.0,0,2,0.9076548218727112,7.924232152310354,2.009006361833236,0.0,0,3,0.720117449760437,17.80263579753541,1.8010179043640275,0.0,0,5,0.5513499975204468,17.865446776562997,4.952106806897845,0.0,0,16,0.6442626714706421,7.6711826331004636,-1.3222698743763532,0.0,2,8,0.5442290306091309,8.423120623923259,-0.7894868012969759,0.0,2,11,0.7047186493873596,12.962756655353482,2.0291500445263617,0.0,0,13,0.6833174228668213,12.841373676598575,9.151835100474933,0.0,1,12,0.7527813911437988,12.67195610270045,5.928225955298481,0.0,0,43,0.7551748156547546,17.754584534496963,7.717837474930086,0.0,1,4,0.6331281661987305,18.316622675069887,-1.1243271232406316,0.0,1,10,0.4461737871170044,22.172039793348947,1.8548159291809385,0.0,0,17,0.4542591869831085,12.795560937416349,-1.1135536880252215,0.0,2,15,0.6201570630073547,22.422890993516535,4.818327985604095,0.0,0,20,0.5170807838439941,24.283984836583507,3.6437984686441895,0.0,0,22,0.4912826120853424,22.302205488623656,7.769127599738312,0.0,1,23,0.5550144910812378,19.350747321567578,-1.2617783185521516,0.0,2,25,0.35611745715141296,25.992758026975107,6.045454509757985,0.0,1,24,0.5082475543022156,22.844134305919535,-1.090112976808799,0.0,1,18,0.4586651027202606,26.35495390841644,0.9059354004309926,0.0,1,29,0.44241899251937866,26.89818607281673,3.810524098934088,0.0,1,28,0.5053192973136902,8.549430207173037,8.777587171913206,0.0,1,31,0.9019829630851746,7.05843720208673,-0.9926920339593118,0.0,1,32,0.49145185947418213,2.2453240825028002,-4.525609990220293,0.0,0,33,0.6521984934806824,-0.07853524926290972,-5.5704998279909175,0.0,0,41,0.7176018357276917,2.0464451204557377,-2.151947669707966,0.0,1,48,0.8159148693084717
1777470452,222589249,map,3.0790897320877386,1.6475826272602954,0.0,0,40,0.9497740268707275,2.6623362412896587,-1.1872768634375126,0.0,1,1,0.7361143231391907,8.07198268044047,5.737797935318067,0.0,0,2,0.9043713808059692,7.924232152310354,2.009006361833236,0.0,0,3,0.7180491089820862,17.80263579753541,1.8010179043640275,0.0,0,5,0.5501367449760437,17.865446776562997,4.952106806897845,0.0,0,16,0.6426066756248474,7.6711826331004636,-1.3222698743763532,0.0,2,8,0.5430468916893005,8.423120623923259,-0.7894868012969759,0.0,2,11,0.7027377486228943,12.962756655353482,2.0291500445263617,0.0,0,13,0.6814548373222351,12.841373676598575,9.151835100474933,0.0,1,12,0.7505214214324951,12.67195610270045,5.928225955298481,0.0,0,43,0.7529005408287048,17.754584534496963,7.717837474930086,0.0,1,4,0.6315288543701172,18.316622675069887,-1.1243271232406316,0.0,1,10,0.4453788995742798,22.172039793348947,1.8548159291809385,0.0,0,17,0.4534352719783783,12.795560937416349,-1.1135536880252215,0.0,2,15,0.6186224818229675,22.422890993516535,4.818327985604095,0.0,0,20,0.516013503074646,24.283984836583507,3.6437984686441895,0.0,0,22,0.49031907320022583,22.302205488623656,7.769127599738312,0.0,1,23,0.5537850260734558,19.350747321567578,-1.2617783185521516,0.0,2,25,0.3556109070777893,25.992758026975107,6.045454509757985,0.0,1,24,0.5072163939476013,22.844134305919535,-1.090112976808799,0.0,1,18,0.4578251540660858,26.35495390841644,0.9059354004309926,0.0,1,29,0.44163742661476135,26.89818607281673,3.810524098934088,0.0,1,28,0.5042999386787415,8.54876690254207,8.778284883267794,0.0,1,31,0.9019759297370911,7.05843720208673,-0.9926920339593118,0.0,1,32,0.49048763513565063,2.2453240825028002,-4.525609990220293,0.0,0,33,0.6505014300346375,-0.07853524926290972,-5.5704998279909175,0.0,0,41,0.7155479192733765,2.0464451204557377,-2.151947669707966,0.0,1,48,0.8132606744766235
1777470452,322657443,map,3.0790897320877386,1.6475826272602954,0.0,0,40,0.9479733109474182,2.6623362412896587,-1.1872768634375126,0.0,1,1,0.7350321412086487,8.07198268044047,5.737797935318067,0.0,0,2,0.9027385711669922,7.924232152310354,2.009006361833236,0.0,0,3,0.7170193791389465,17.80263579753541,1.8010179043640275,0.0,0,5,0.5495321154594421,17.865446776562997,4.952106806897845,0.0,0,16,0.6417818069458008,7.6711826331004636,-1.3222698743763532,0.0,2,8,0.5424576997756958,8.423120623923259,-0.7894868012969759,0.0,2,11,0.7017514705657959,12.962756655353482,2.0291500445263617,0.0,0,13,0.6805273294448853,12.841373676598575,9.151835100474933,0.0,1,12,0.749396562576294,12.67195610270045,5.928225955298481,0.0,0,43,0.7517685294151306,17.754584534496963,7.717837474930086,0.0,1,4,0.6307321786880493,18.316622675069887,-1.1243271232406316,0.0,1,10,0.44498252868652344,22.172039793348947,1.8548159291809385,0.0,0,17,0.4530244469642639,12.795560937416349,-1.1135536880252215,0.0,2,15,0.6178580522537231,22.422890993516535,4.818327985604095,0.0,0,20,0.5154814720153809,24.283984836583507,3.6437984686441895,0.0,0,22,0.48983871936798096,22.302205488623656,7.769127599738312,0.0,1,23,0.5531723499298096,19.350747321567578,-1.2617783185521516,0.0,2,25,0.35535815358161926,25.992758026975107,6.045454509757985,0.0,1,24,0.5067023634910583,22.844134305919535,-1.090112976808799,0.0,1,18,0.45740631222724915,26.35495390841644,0.9059354004309926,0.0,1,29,0.4412476718425751,26.89818607281673,3.810524098934088,0.0,1,28,0.5037918090820312,8.548335699225337,8.778472753362948,0.0,1,31,0.9019752144813538,7.05843720208673,-0.9926920339593118,0.0,1,32,0.4900069534778595,2.2453240825028002,-4.525609990220293,0.0,0,33,0.6496562361717224,-0.07853524926290972,-5.5704998279909175,0.0,0,41,0.7145254015922546,2.0464451204557377,-2.151947669707966,0.0,1,48,0.81194007396698
1777470452,422453347,map,3.0790897320877386,1.6475826272602954,0.0,0,40,0.9443922638893127,2.6623362412896587,-1.1872768634375126,0.0,1,1,0.7328774333000183,8.07198268044047,5.737797935318067,0.0,0,2,0.8994905352592468,7.924232152310354,2.009006361833236,0.0,0,3,0.7149688005447388,17.80263579753541,1.8010179043640275,0.0,0,5,0.5483267903327942,17.865446776562997,4.952106806897845,0.0,0,16,0.6401385068893433,7.6711826331004636,-1.3222698743763532,0.0,2,8,0.5412831902503967,8.423120623923259,-0.7894868012969759,0.0,2,11,0.6997871398925781,12.962756655353482,2.0291500445263617,0.0,0,13,0.678679883480072,12.841373676598575,9.151835100474933,0.0,1,12,0.7471569180488586,12.67195610270045,5.928225955298481,0.0,0,43,0.7495146989822388,17.754584534496963,7.717837474930086,0.0,1,4,0.6291449069976807,18.316622675069887,-1.1243271232406316,0.0,1,10,0.44419190287590027,22.172039793348947,1.8548159291809385,0.0,0,17,0.45220500230789185,12.795560937416349,-1.1135536880252215,0.0,2,15,0.6163347959518433,22.422890993516535,4.818327985604095,0.0,0,20,0.5144208073616028,24.283984836583507,3.6437984686441895,0.0,0,22,0.48888084292411804,22.302205488623656,7.769127599738312,0.0,1,23,0.5519510507583618,19.350747321567578,-1.2617783185521516,0.0,2,25,0.3548537492752075,25.992758026975107,6.045454509757985,0.0,1,24,0.5056774616241455,22.844134305919535,-1.090112976808799,0.0,1,18,0.45657098293304443,26.35495390841644,0.9059354004309926,0.0,1,29,0.44047024846076965,26.89818607281673,3.810524098934088,0.0,1,28,0.5027786493301392,8.547799859394985,8.778677276477643,0.0,1,31,0.9019725322723389,7.05843720208673,-0.9926920339593118,0.0,1,32,0.48904842138290405,2.2453240825028002,-4.525609990220293,0.0,0,33,0.6479724049568176,-0.07853524926290972,-5.5704998279909175,0.0,0,41,0.7124890089035034,2.0464451204557377,-2.151947669707966,0.0,1,48,0.80931156873703
1777470452,522809616,map,3.0790897320877386,1.6475826272602954,0.0,0,40,0.9426118731498718,2.6623362412896587,-1.1872768634375126,0.0,1,1,0.7318047881126404,8.07198268044047,5.737797935318067,0.0,0,2,0.8978753089904785,7.924232152310354,2.009006361833236,0.0,0,3,0.7139478921890259,17.80263579753541,1.8010179043640275,0.0,0,5,0.5477261543273926,17.865446776562997,4.952106806897845,0.0,0,16,0.6393200159072876,7.6711826331004636,-1.3222698743763532,0.0,2,8,0.5406978726387024,8.423120623923259,-0.7894868012969759,0.0,2,11,0.6988090872764587,12.962756655353482,2.0291500445263617,0.0,0,13,0.6777599453926086,12.841373676598575,9.151835100474933,0.0,1,12,0.7460420727729797,12.67195610270045,5.928225955298481,0.0,0,43,0.7483928203582764,17.754584534496963,7.717837474930086,0.0,1,4,0.6283542513847351,18.316622675069887,-1.1243271232406316,0.0,1,10,0.44379764795303345,22.172039793348947,1.8548159291809385,0.0,0,17,0.45179638266563416,12.795560937416349,-1.1135536880252215,0.0,2,15,0.6155760288238525,22.422890993516535,4.818327985604095,0.0,0,20,0.5138920545578003,24.283984836583507,3.6437984686441895,0.0,0,22,0.4884032905101776,22.302205488623656,7.769127599738312,0.0,1,23,0.5513424277305603,19.350747321567578,-1.2617783185521516,0.0,2,25,0.3546020984649658,25.992758026975107,6.045454509757985,0.0,1,24,0.5051665306091309,22.844134305919535,-1.090112976808799,0.0,1,18,0.4561544358730316,26.35495390841644,0.9059354004309926,0.0,1,29,0.4400825798511505,26.89818607281673,3.810524098934088,0.0,1,28,0.5022736191749573,8.547643890112948,8.778912456540482,0.0,1,31,0.9019688367843628,7.05843720208673,-0.9926920339593118,0.0,1,32,0.48857054114341736,2.2453240825028002,-4.525609990220293,0.0,0,33,0.6471337676048279,-0.07853524926290972,-5.5704998279909175,0.0,0,41,0.7114751935005188,2.0464451204557377,-2.151947669707966,0.0,1,48,0.8080037236213684
1777470452,624844605,map,3.0790897320877386,1.6475826272602954,0.0,0,40,0.9390711188316345,2.6623362412896587,-1.1872768634375126,0.0,1,1,0.7296688556671143,8.07198268044047,5.737797935318067,0.0,0,2,0.894662082195282,7.924232152310354,2.009006361833236,0.0,0,3,0.7119148373603821,17.80263579753541,1.8010179043640275,0.0,0,5,0.5465287566184998,17.865446776562997,4.952106806897845,0.0,0,16,0.6376892328262329,7.6711826331004636,-1.3222698743763532,0.0,2,8,0.5395309925079346,8.423120623923259,-0.7894868012969759,0.0,2,11,0.696861207485199,12.962756655353482,2.0291500445263617,0.0,0,13,0.675927460193634,12.841373676598575,9.151835100474933,0.0,1,12,0.7438223958015442,12.67195610270045,5.928225955298481,0.0,0,43,0.7461591362953186,17.754584534496963,7.717837474930086,0.0,1,4,0.6267789006233215,18.316622675069887,-1.1243271232406316,0.0,1,10,0.44301122426986694,22.172039793348947,1.8548159291809385,0.0,0,17,0.45098137855529785,12.795560937416349,-1.1135536880252215,0.0,2,15,0.6140639781951904,22.422890993516535,4.818327985604095,0.0,0,20,0.5128378868103027,24.283984836583507,3.6437984686441895,0.0,0,22,0.4874510169029236,22.302205488623656,7.769127599738312,0.0,1,23,0.5501291751861572,19.350747321567578,-1.2617783185521516,0.0,2,25,0.354099839925766,25.992758026975107,6.045454509757985,0.0,1,24,0.5041478276252747,22.844134305919535,-1.090112976808799,0.0,1,18,0.45532363653182983,26.35495390841644,0.9059354004309926,0.0,1,29,0.4393092393875122,26.89818607281673,3.810524098934088,0.0,1,28,0.5012664794921875,8.546922298823535,8.779185861473627,0.0,1,31,0.9019678831100464,7.05843720208673,-0.9926920339593118,0.0,1,32,0.4876175820827484,2.2453240825028002,-4.525609990220293,0.0,0,33,0.6454629898071289,-0.07853524926290972,-5.5704998279909175,0.0,0,41,0.7094561457633972,2.0464451204557377,-2.151947669707966,0.0,1,48,0.8054006695747375
1777470452,722760235,map,3.0790897320877386,1.6475826272602954,0.0,0,40,0.9373107552528381,2.6623362412896587,-1.1872768634375126,0.0,1,1,0.7286055684089661,8.07198268044047,5.737797935318067,0.0,0,2,0.8930641412734985,7.924232152310354,2.009006361833236,0.0,0,3,0.7109026312828064,17.80263579753541,1.8010179043640275,0.0,0,5,0.5459320545196533,17.865446776562997,4.952106806897845,0.0,0,16,0.6368770003318787,7.6711826331004636,-1.3222698743763532,0.0,2,8,0.5389494299888611,8.423120623923259,-0.7894868012969759,0.0,2,11,0.6958913207054138,12.962756655353482,2.0291500445263617,0.0,0,13,0.6750149130821228,12.841373676598575,9.151835100474933,0.0,1,12,0.7427175045013428,12.67195610270045,5.928225955298481,0.0,0,43,0.7450472712516785,17.754584534496963,7.717837474930086,0.0,1,4,0.6259941458702087,18.316622675069887,-1.1243271232406316,0.0,1,10,0.44261905550956726,22.172039793348947,1.8548159291809385,0.0,0,17,0.45057499408721924,12.795560937416349,-1.1135536880252215,0.0,2,15,0.6133107542991638,22.422890993516535,4.818327985604095,0.0,0,20,0.5123124122619629,24.283984836583507,3.6437984686441895,0.0,0,22,0.4869762659072876,22.302205488623656,7.769127599738312,0.0,1,23,0.5495245456695557,19.350747321567578,-1.2617783185521516,0.0,2,25,0.35384923219680786,25.992758026975107,6.045454509757985,0.0,1,24,0.5036399960517883,22.844134305919535,-1.090112976808799,0.0,1,18,0.45490938425064087,26.35495390841644,0.9059354004309926,0.0,1,29,0.43892359733581543,26.89818607281673,3.810524098934088,0.0,1,28,0.5007644891738892,8.521632621427589,8.776540928946647,0.0,1,31,0.9022282958030701,7.05843720208673,-0.9926920339593118,0.0,1,32,0.48714250326156616,2.2453240825028002,-4.525609990220293,0.0,0,33,0.6446307897567749,-0.07853524926290972,-5.5704998279909175,0.0,0,41,0.7084509134292603,2.0464451204557377,-2.151947669707966,0.0,1,48,0.8041054010391235
1777470452,822430791,map,3.0790897320877386,1.6475826272602954,0.0,0,40,0.9338096380233765,2.6623362412896587,-1.1872768634375126,0.0,1,1,0.7264882922172546,8.07198268044047,5.737797935318067,0.0,0,2,0.8898852467536926,7.924232152310354,2.009006361833236,0.0,0,3,0.7088868021965027,17.80263579753541,1.8010179043640275,0.0,0,5,0.5447424650192261,17.865446776562997,4.952106806897845,0.0,0,16,0.635258674621582,7.6711826331004636,-1.3222698743763532,0.0,2,8,0.537790060043335,8.423120623923259,-0.7894868012969759,0.0,2,11,0.693959653377533,12.962756655353482,2.0291500445263617,0.0,0,13,0.6731972694396973,12.841373676598575,9.151835100474933,0.0,1,12,0.7405174970626831,12.67195610270045,5.928225955298481,0.0,0,43,0.7428334951400757,17.754584534496963,7.717837474930086,0.0,1,4,0.6244305968284607,18.316622675069887,-1.1243271232406316,0.0,1,10,0.44183677434921265,22.172039793348947,1.8548159291809385,0.0,0,17,0.4497643709182739,12.795560937416349,-1.1135536880252215,0.0,2,15,0.6118098497390747,22.422890993516535,4.818327985604095,0.0,0,20,0.5112647414207458,24.283984836583507,3.6437984686441895,0.0,0,22,0.4860295057296753,22.302205488623656,7.769127599738312,0.0,1,23,0.5483193397521973,19.350747321567578,-1.2617783185521516,0.0,2,25,0.35334911942481995,25.992758026975107,6.045454509757985,0.0,1,24,0.502627432346344,22.844134305919535,-1.090112976808799,0.0,1,18,0.454083114862442,26.35495390841644,0.9059354004309926,0.0,1,29,0.43815433979034424,26.89818607281673,3.810524098934088,0.0,1,28,0.4997633993625641,8.521632621427589,8.776540928946647,0.0,1,31,0.898983895778656,7.05843720208673,-0.9926920339593118,0.0,1,32,0.4861951470375061,2.2453240825028002,-4.525609990220293,0.0,0,33,0.6429728865623474,-0.07853524926290972,-5.5704998279909175,0.0,0,41,0.7064489722251892,2.0464451204557377,-2.151947669707966,0.0,1,48,0.8015273809432983
1777470452,922761758,map,3.0790897320877386,1.6475826272602954,0.0,0,40,0.9338096380233765,2.6623362412896587,-1.1872768634375126,0.0,1,1,0.7264882922172546,8.07198268044047,5.737797935318067,0.0,0,2,0.8898852467536926,7.924232152310354,2.009006361833236,0.0,0,3,0.7088868021965027,17.80263579753541,1.8010179043640275,0.0,0,5,0.5447424650192261,17.865446776562997,4.952106806897845,0.0,0,16,0.635258674621582,7.6711826331004636,-1.3222698743763532,0.0,2,8,0.537790060043335,8.423120623923259,-0.7894868012969759,0.0,2,11,0.693959653377533,12.962756655353482,2.0291500445263617,0.0,0,13,0.6731972694396973,12.841373676598575,9.151835100474933,0.0,1,12,0.7405174970626831,12.67195610270045,5.928225955298481,0.0,0,43,0.7428334951400757,17.754584534496963,7.717837474930086,0.0,1,4,0.6244305968284607,18.316622675069887,-1.1243271232406316,0.0,1,10,0.44183677434921265,22.172039793348947,1.8548159291809385,0.0,0,17,0.4497643709182739,12.795560937416349,-1.1135536880252215,0.0,2,15,0.6118098497390747,22.422890993516535,4.818327985604095,0.0,0,20,0.5112647414207458,24.283984836583507,3.6437984686441895,0.0,0,22,0.4860295057296753,22.302205488623656,7.769127599738312,0.0,1,23,0.5483193397521973,19.350747321567578,-1.2617783185521516,0.0,2,25,0.35334911942481995,25.992758026975107,6.045454509757985,0.0,1,24,0.502627432346344,22.844134305919535,-1.090112976808799,0.0,1,18,0.454083114862442,26.35495390841644,0.9059354004309926,0.0,1,29,0.43815433979034424,26.89818607281673,3.810524098934088,0.0,1,28,0.4997633993625641,8.521632621427589,8.776540928946647,0.0,1,31,0.898983895778656,7.05843720208673,-0.9926920339593118,0.0,1,32,0.4861951470375061,2.2453240825028002,-4.525609990220293,0.0,0,33,0.6429728865623474,-0.07853524926290972,-5.5704998279909175,0.0,0,41,0.7064489722251892,2.0464451204557377,-2.151947669707966,0.0,1,48,0.8015273809432983
1777470453,22841482,map,3.0790897320877386,1.6475826272602954,0.0,0,40,0.9338096380233765,2.6623362412896587,-1.1872768634375126,0.0,1,1,0.7264882922172546,8.07198268044047,5.737797935318067,0.0,0,2,0.8898852467536926,7.924232152310354,2.009006361833236,0.0,0,3,0.7088868021965027,17.80263579753541,1.8010179043640275,0.0,0,5,0.5447424650192261,17.865446776562997,4.952106806897845,0.0,0,16,0.635258674621582,7.6711826331004636,-1.3222698743763532,0.0,2,8,0.537790060043335,8.423120623923259,-0.7894868012969759,0.0,2,11,0.693959653377533,12.962756655353482,2.0291500445263617,0.0,0,13,0.6731972694396973,12.841373676598575,9.151835100474933,0.0,1,12,0.7405174970626831,12.67195610270045,5.928225955298481,0.0,0,43,0.7428334951400757,17.754584534496963,7.717837474930086,0.0,1,4,0.6244305968284607,18.316622675069887,-1.1243271232406316,0.0,1,10,0.44183677434921265,22.172039793348947,1.8548159291809385,0.0,0,17,0.4497643709182739,12.795560937416349,-1.1135536880252215,0.0,2,15,0.6118098497390747,22.422890993516535,4.818327985604095,0.0,0,20,0.5112647414207458,24.283984836583507,3.6437984686441895,0.0,0,22,0.4860295057296753,22.302205488623656,7.769127599738312,0.0,1,23,0.5483193397521973,19.350747321567578,-1.2617783185521516,0.0,2,25,0.35334911942481995,25.992758026975107,6.045454509757985,0.0,1,24,0.502627432346344,22.844134305919535,-1.090112976808799,0.0,1,18,0.454083114862442,26.35495390841644,0.9059354004309926,0.0,1,29,0.43815433979034424,26.89818607281673,3.810524098934088,0.0,1,28,0.4997633993625641,8.521632621427589,8.776540928946647,0.0,1,31,0.898983895778656,7.05843720208673,-0.9926920339593118,0.0,1,32,0.4861951470375061,2.2453240825028002,-4.525609990220293,0.0,0,33,0.6429728865623474,-0.07853524926290972,-5.5704998279909175,0.0,0,41,0.7064489722251892,2.0464451204557377,-2.151947669707966,0.0,1,48,0.8015273809432983
1777470453,122720690,map,3.0790897320877386,1.6475826272602954,0.0,0,40,0.9338096380233765,2.6623362412896587,-1.1872768634375126,0.0,1,1,0.7264882922172546,8.07198268044047,5.737797935318067,0.0,0,2,0.8898852467536926,7.924232152310354,2.009006361833236,0.0,0,3,0.7088868021965027,17.80263579753541,1.8010179043640275,0.0,0,5,0.5447424650192261,17.865446776562997,4.952106806897845,0.0,0,16,0.635258674621582,7.6711826331004636,-1.3222698743763532,0.0,2,8,0.537790060043335,8.423120623923259,-0.7894868012969759,0.0,2,11,0.693959653377533,12.962756655353482,2.0291500445263617,0.0,0,13,0.6731972694396973,12.841373676598575,9.151835100474933,0.0,1,12,0.7405174970626831,12.67195610270045,5.928225955298481,0.0,0,43,0.7428334951400757,17.754584534496963,7.717837474930086,0.0,1,4,0.6244305968284607,18.316622675069887,-1.1243271232406316,0.0,1,10,0.44183677434921265,22.172039793348947,1.8548159291809385,0.0,0,17,0.4497643709182739,12.795560937416349,-1.1135536880252215,0.0,2,15,0.6118098497390747,22.422890993516535,4.818327985604095,0.0,0,20,0.5112647414207458,24.283984836583507,3.6437984686441895,0.0,0,22,0.4860295057296753,22.302205488623656,7.769127599738312,0.0,1,23,0.5483193397521973,19.350747321567578,-1.2617783185521516,0.0,2,25,0.35334911942481995,25.992758026975107,6.045454509757985,0.0,1,24,0.502627432346344,22.844134305919535,-1.090112976808799,0.0,1,18,0.454083114862442,26.35495390841644,0.9059354004309926,0.0,1,29,0.43815433979034424,26.89818607281673,3.810524098934088,0.0,1,28,0.4997633993625641,8.521632621427589,8.776540928946647,0.0,1,31,0.898983895778656,7.05843720208673,-0.9926920339593118,0.0,1,32,0.4861951470375061,2.2453240825028002,-4.525609990220293,0.0,0,33,0.6429728865623474,-0.07853524926290972,-5.5704998279909175,0.0,0,41,0.7064489722251892,2.0464451204557377,-2.151947669707966,0.0,1,48,0.8015273809432983
1777470453,222644002,map,3.0790897320877386,1.6475826272602954,0.0,0,40,0.9338096380233765,2.6623362412896587,-1.1872768634375126,0.0,1,1,0.7264882922172546,8.07198268044047,5.737797935318067,0.0,0,2,0.8898852467536926,7.924232152310354,2.009006361833236,0.0,0,3,0.7088868021965027,17.80263579753541,1.8010179043640275,0.0,0,5,0.5447424650192261,17.865446776562997,4.952106806897845,0.0,0,16,0.635258674621582,7.6711826331004636,-1.3222698743763532,0.0,2,8,0.537790060043335,8.423120623923259,-0.7894868012969759,0.0,2,11,0.693959653377533,12.962756655353482,2.0291500445263617,0.0,0,13,0.6731972694396973,12.841373676598575,9.151835100474933,0.0,1,12,0.7405174970626831,12.67195610270045,5.928225955298481,0.0,0,43,0.7428334951400757,17.754584534496963,7.717837474930086,0.0,1,4,0.6244305968284607,18.316622675069887,-1.1243271232406316,0.0,1,10,0.44183677434921265,22.172039793348947,1.8548159291809385,0.0,0,17,0.4497643709182739,12.795560937416349,-1.1135536880252215,0.0,2,15,0.6118098497390747,22.422890993516535,4.818327985604095,0.0,0,20,0.5112647414207458,24.283984836583507,3.6437984686441895,0.0,0,22,0.4860295057296753,22.302205488623656,7.769127599738312,0.0,1,23,0.5483193397521973,19.350747321567578,-1.2617783185521516,0.0,2,25,0.35334911942481995,25.992758026975107,6.045454509757985,0.0,1,24,0.502627432346344,22.844134305919535,-1.090112976808799,0.0,1,18,0.454083114862442,26.35495390841644,0.9059354004309926,0.0,1,29,0.43815433979034424,26.89818607281673,3.810524098934088,0.0,1,28,0.4997633993625641,8.521632621427589,8.776540928946647,0.0,1,31,0.898983895778656,7.05843720208673,-0.9926920339593118,0.0,1,32,0.4861951470375061,2.2453240825028002,-4.525609990220293,0.0,0,33,0.6429728865623474,-0.07853524926290972,-5.5704998279909175,0.0,0,41,0.7064489722251892,2.0464451204557377,-2.151947669707966,0.0,1,48,0.8015273809432983
1777470453,322733712,map,3.0790897320877386,1.6475826272602954,0.0,0,40,0.9338096380233765,2.6623362412896587,-1.1872768634375126,0.0,1,1,0.7264882922172546,8.07198268044047,5.737797935318067,0.0,0,2,0.8898852467536926,7.924232152310354,2.009006361833236,0.0,0,3,0.7088868021965027,17.80263579753541,1.8010179043640275,0.0,0,5,0.5447424650192261,17.865446776562997,4.952106806897845,0.0,0,16,0.635258674621582,7.6711826331004636,-1.3222698743763532,0.0,2,8,0.537790060043335,8.423120623923259,-0.7894868012969759,0.0,2,11,0.693959653377533,12.962756655353482,2.0291500445263617,0.0,0,13,0.6731972694396973,12.841373676598575,9.151835100474933,0.0,1,12,0.7405174970626831,12.67195610270045,5.928225955298481,0.0,0,43,0.7428334951400757,17.754584534496963,7.717837474930086,0.0,1,4,0.6244305968284607,18.316622675069887,-1.1243271232406316,0.0,1,10,0.44183677434921265,22.172039793348947,1.8548159291809385,0.0,0,17,0.4497643709182739,12.795560937416349,-1.1135536880252215,0.0,2,15,0.6118098497390747,22.422890993516535,4.818327985604095,0.0,0,20,0.5112647414207458,24.283984836583507,3.6437984686441895,0.0,0,22,0.4860295057296753,22.302205488623656,7.769127599738312,0.0,1,23,0.5483193397521973,19.350747321567578,-1.2617783185521516,0.0,2,25,0.35334911942481995,25.992758026975107,6.045454509757985,0.0,1,24,0.502627432346344,22.844134305919535,-1.090112976808799,0.0,1,18,0.454083114862442,26.35495390841644,0.9059354004309926,0.0,1,29,0.43815433979034424,26.89818607281673,3.810524098934088,0.0,1,28,0.4997633993625641,8.521632621427589,8.776540928946647,0.0,1,31,0.898983895778656,7.05843720208673,-0.9926920339593118,0.0,1,32,0.4861951470375061,2.2453240825028002,-4.525609990220293,0.0,0,33,0.6429728865623474,-0.07853524926290972,-5.5704998279909175,0.0,0,41,0.7064489722251892,2.0464451204557377,-2.151947669707966,0.0,1,48,0.8015273809432983
1777470453,422640930,map,3.0790897320877386,1.6475826272602954,0.0,0,40,0.9338096380233765,2.6623362412896587,-1.1872768634375126,0.0,1,1,0.7264882922172546,8.07198268044047,5.737797935318067,0.0,0,2,0.8898852467536926,7.924232152310354,2.009006361833236,0.0,0,3,0.7088868021965027,17.80263579753541,1.8010179043640275,0.0,0,5,0.5447424650192261,17.865446776562997,4.952106806897845,0.0,0,16,0.635258674621582,7.6711826331004636,-1.3222698743763532,0.0,2,8,0.537790060043335,8.423120623923259,-0.7894868012969759,0.0,2,11,0.693959653377533,12.962756655353482,2.0291500445263617,0.0,0,13,0.6731972694396973,12.841373676598575,9.151835100474933,0.0,1,12,0.7405174970626831,12.67195610270045,5.928225955298481,0.0,0,43,0.7428334951400757,17.754584534496963,7.717837474930086,0.0,1,4,0.6244305968284607,18.316622675069887,-1.1243271232406316,0.0,1,10,0.44183677434921265,22.172039793348947,1.8548159291809385,0.0,0,17,0.4497643709182739,12.795560937416349,-1.1135536880252215,0.0,2,15,0.6118098497390747,22.422890993516535,4.818327985604095,0.0,0,20,0.5112647414207458,24.283984836583507,3.6437984686441895,0.0,0,22,0.4860295057296753,22.302205488623656,7.769127599738312,0.0,1,23,0.5483193397521973,19.350747321567578,-1.2617783185521516,0.0,2,25,0.35334911942481995,25.992758026975107,6.045454509757985,0.0,1,24,0.502627432346344,22.844134305919535,-1.090112976808799,0.0,1,18,0.454083114862442,26.35495390841644,0.9059354004309926,0.0,1,29,0.43815433979034424,26.89818607281673,3.810524098934088,0.0,1,28,0.4997633993625641,8.521632621427589,8.776540928946647,0.0,1,31,0.898983895778656,7.05843720208673,-0.9926920339593118,0.0,1,32,0.4861951470375061,2.2453240825028002,-4.525609990220293,0.0,0,33,0.6429728865623474,-0.07853524926290972,-5.5704998279909175,0.0,0,41,0.7064489722251892,2.0464451204557377,-2.151947669707966,0.0,1,48,0.8015273809432983
1777470453,522720686,map,3.0790897320877386,1.6475826272602954,0.0,0,40,0.9338096380233765,2.6623362412896587,-1.1872768634375126,0.0,1,1,0.7264882922172546,8.07198268044047,5.737797935318067,0.0,0,2,0.8898852467536926,7.924232152310354,2.009006361833236,0.0,0,3,0.7088868021965027,17.80263579753541,1.8010179043640275,0.0,0,5,0.5447424650192261,17.865446776562997,4.952106806897845,0.0,0,16,0.635258674621582,7.6711826331004636,-1.3222698743763532,0.0,2,8,0.537790060043335,8.423120623923259,-0.7894868012969759,0.0,2,11,0.693959653377533,12.962756655353482,2.0291500445263617,0.0,0,13,0.6731972694396973,12.841373676598575,9.151835100474933,0.0,1,12,0.7405174970626831,12.67195610270045,5.928225955298481,0.0,0,43,0.7428334951400757,17.754584534496963,7.717837474930086,0.0,1,4,0.6244305968284607,18.316622675069887,-1.1243271232406316,0.0,1,10,0.44183677434921265,22.172039793348947,1.8548159291809385,0.0,0,17,0.4497643709182739,12.795560937416349,-1.1135536880252215,0.0,2,15,0.6118098497390747,22.422890993516535,4.818327985604095,0.0,0,20,0.5112647414207458,24.283984836583507,3.6437984686441895,0.0,0,22,0.4860295057296753,22.302205488623656,7.769127599738312,0.0,1,23,0.5483193397521973,19.350747321567578,-1.2617783185521516,0.0,2,25,0.35334911942481995,25.992758026975107,6.045454509757985,0.0,1,24,0.502627432346344,22.844134305919535,-1.090112976808799,0.0,1,18,0.454083114862442,26.35495390841644,0.9059354004309926,0.0,1,29,0.43815433979034424,26.89818607281673,3.810524098934088,0.0,1,28,0.4997633993625641,8.521632621427589,8.776540928946647,0.0,1,31,0.898983895778656,7.05843720208673,-0.9926920339593118,0.0,1,32,0.4861951470375061,2.2453240825028002,-4.525609990220293,0.0,0,33,0.6429728865623474,-0.07853524926290972,-5.5704998279909175,0.0,0,41,0.7064489722251892,2.0464451204557377,-2.151947669707966,0.0,1,48,0.8015273809432983
1777470453,624667278,map,3.0790897320877386,1.6475826272602954,0.0,0,40,0.9338096380233765,2.6623362412896587,-1.1872768634375126,0.0,1,1,0.7264882922172546,8.07198268044047,5.737797935318067,0.0,0,2,0.8898852467536926,7.924232152310354,2.009006361833236,0.0,0,3,0.7088868021965027,17.80263579753541,1.8010179043640275,0.0,0,5,0.5447424650192261,17.865446776562997,4.952106806897845,0.0,0,16,0.635258674621582,7.6711826331004636,-1.3222698743763532,0.0,2,8,0.537790060043335,8.423120623923259,-0.7894868012969759,0.0,2,11,0.693959653377533,12.962756655353482,2.0291500445263617,0.0,0,13,0.6731972694396973,12.841373676598575,9.151835100474933,0.0,1,12,0.7405174970626831,12.67195610270045,5.928225955298481,0.0,0,43,0.7428334951400757,17.754584534496963,7.717837474930086,0.0,1,4,0.6244305968284607,18.316622675069887,-1.1243271232406316,0.0,1,10,0.44183677434921265,22.172039793348947,1.8548159291809385,0.0,0,17,0.4497643709182739,12.795560937416349,-1.1135536880252215,0.0,2,15,0.6118098497390747,22.422890993516535,4.818327985604095,0.0,0,20,0.5112647414207458,24.283984836583507,3.6437984686441895,0.0,0,22,0.4860295057296753,22.302205488623656,7.769127599738312,0.0,1,23,0.5483193397521973,19.350747321567578,-1.2617783185521516,0.0,2,25,0.35334911942481995,25.992758026975107,6.045454509757985,0.0,1,24,0.502627432346344,22.844134305919535,-1.090112976808799,0.0,1,18,0.454083114862442,26.35495390841644,0.9059354004309926,0.0,1,29,0.43815433979034424,26.89818607281673,3.810524098934088,0.0,1,28,0.4997633993625641,8.521632621427589,8.776540928946647,0.0,1,31,0.898983895778656,7.05843720208673,-0.9926920339593118,0.0,1,32,0.4861951470375061,2.2453240825028002,-4.525609990220293,0.0,0,33,0.6429728865623474,-0.07853524926290972,-5.5704998279909175,0.0,0,41,0.7064489722251892,2.0464451204557377,-2.151947669707966,0.0,1,48,0.8015273809432983
1777470453,722697833,map,3.0790897320877386,1.6475826272602954,0.0,0,40,0.9338096380233765,2.6623362412896587,-1.1872768634375126,0.0,1,1,0.7264882922172546,8.07198268044047,5.737797935318067,0.0,0,2,0.8898852467536926,7.924232152310354,2.009006361833236,0.0,0,3,0.7088868021965027,17.80263579753541,1.8010179043640275,0.0,0,5,0.5447424650192261,17.865446776562997,4.952106806897845,0.0,0,16,0.635258674621582,7.6711826331004636,-1.3222698743763532,0.0,2,8,0.537790060043335,8.423120623923259,-0.7894868012969759,0.0,2,11,0.693959653377533,12.962756655353482,2.0291500445263617,0.0,0,13,0.6731972694396973,12.841373676598575,9.151835100474933,0.0,1,12,0.7405174970626831,12.67195610270045,5.928225955298481,0.0,0,43,0.7428334951400757,17.754584534496963,7.717837474930086,0.0,1,4,0.6244305968284607,18.316622675069887,-1.1243271232406316,0.0,1,10,0.44183677434921265,22.172039793348947,1.8548159291809385,0.0,0,17,0.4497643709182739,12.795560937416349,-1.1135536880252215,0.0,2,15,0.6118098497390747,22.422890993516535,4.818327985604095,0.0,0,20,0.5112647414207458,24.283984836583507,3.6437984686441895,0.0,0,22,0.4860295057296753,22.302205488623656,7.769127599738312,0.0,1,23,0.5483193397521973,19.350747321567578,-1.2617783185521516,0.0,2,25,0.35334911942481995,25.992758026975107,6.045454509757985,0.0,1,24,0.502627432346344,22.844134305919535,-1.090112976808799,0.0,1,18,0.454083114862442,26.35495390841644,0.9059354004309926,0.0,1,29,0.43815433979034424,26.89818607281673,3.810524098934088,0.0,1,28,0.4997633993625641,8.521632621427589,8.776540928946647,0.0,1,31,0.898983895778656,7.05843720208673,-0.9926920339593118,0.0,1,32,0.4861951470375061,2.2453240825028002,-4.525609990220293,0.0,0,33,0.6429728865623474,-0.07853524926290972,-5.5704998279909175,0.0,0,41,0.7064489722251892,2.0464451204557377,-2.151947669707966,0.0,1,48,0.8015273809432983
1777470453,822557633,map,3.0790897320877386,1.6475826272602954,0.0,0,40,0.9338096380233765,2.6623362412896587,-1.1872768634375126,0.0,1,1,0.7264882922172546,8.07198268044047,5.737797935318067,0.0,0,2,0.8898852467536926,7.924232152310354,2.009006361833236,0.0,0,3,0.7088868021965027,17.80263579753541,1.8010179043640275,0.0,0,5,0.5447424650192261,17.865446776562997,4.952106806897845,0.0,0,16,0.635258674621582,7.6711826331004636,-1.3222698743763532,0.0,2,8,0.537790060043335,8.423120623923259,-0.7894868012969759,0.0,2,11,0.693959653377533,12.962756655353482,2.0291500445263617,0.0,0,13,0.6731972694396973,12.841373676598575,9.151835100474933,0.0,1,12,0.7405174970626831,12.67195610270045,5.928225955298481,0.0,0,43,0.7428334951400757,17.754584534496963,7.717837474930086,0.0,1,4,0.6244305968284607,18.316622675069887,-1.1243271232406316,0.0,1,10,0.44183677434921265,22.172039793348947,1.8548159291809385,0.0,0,17,0.4497643709182739,12.795560937416349,-1.1135536880252215,0.0,2,15,0.6118098497390747,22.422890993516535,4.818327985604095,0.0,0,20,0.5112647414207458,24.283984836583507,3.6437984686441895,0.0,0,22,0.4860295057296753,22.302205488623656,7.769127599738312,0.0,1,23,0.5483193397521973,19.350747321567578,-1.2617783185521516,0.0,2,25,0.35334911942481995,25.992758026975107,6.045454509757985,0.0,1,24,0.502627432346344,22.844134305919535,-1.090112976808799,0.0,1,18,0.454083114862442,26.35495390841644,0.9059354004309926,0.0,1,29,0.43815433979034424,26.89818607281673,3.810524098934088,0.0,1,28,0.4997633993625641,8.521632621427589,8.776540928946647,0.0,1,31,0.898983895778656,7.05843720208673,-0.9926920339593118,0.0,1,32,0.4861951470375061,2.2453240825028002,-4.525609990220293,0.0,0,33,0.6429728865623474,-0.07853524926290972,-5.5704998279909175,0.0,0,41,0.7064489722251892,2.0464451204557377,-2.151947669707966,0.0,1,48,0.8015273809432983
1777470453,922617528,map,3.0790897320877386,1.6475826272602954,0.0,0,40,0.9338096380233765,2.6623362412896587,-1.1872768634375126,0.0,1,1,0.7264882922172546,8.07198268044047,5.737797935318067,0.0,0,2,0.8898852467536926,7.924232152310354,2.009006361833236,0.0,0,3,0.7088868021965027,17.80263579753541,1.8010179043640275,0.0,0,5,0.5447424650192261,17.865446776562997,4.952106806897845,0.0,0,16,0.635258674621582,7.6711826331004636,-1.3222698743763532,0.0,2,8,0.537790060043335,8.423120623923259,-0.7894868012969759,0.0,2,11,0.693959653377533,12.962756655353482,2.0291500445263617,0.0,0,13,0.6731972694396973,12.841373676598575,9.151835100474933,0.0,1,12,0.7405174970626831,12.67195610270045,5.928225955298481,0.0,0,43,0.7428334951400757,17.754584534496963,7.717837474930086,0.0,1,4,0.6244305968284607,18.316622675069887,-1.1243271232406316,0.0,1,10,0.44183677434921265,22.172039793348947,1.8548159291809385,0.0,0,17,0.4497643709182739,12.795560937416349,-1.1135536880252215,0.0,2,15,0.6118098497390747,22.422890993516535,4.818327985604095,0.0,0,20,0.5112647414207458,24.283984836583507,3.6437984686441895,0.0,0,22,0.4860295057296753,22.302205488623656,7.769127599738312,0.0,1,23,0.5483193397521973,19.350747321567578,-1.2617783185521516,0.0,2,25,0.35334911942481995,25.992758026975107,6.045454509757985,0.0,1,24,0.502627432346344,22.844134305919535,-1.090112976808799,0.0,1,18,0.454083114862442,26.35495390841644,0.9059354004309926,0.0,1,29,0.43815433979034424,26.89818607281673,3.810524098934088,0.0,1,28,0.4997633993625641,8.521632621427589,8.776540928946647,0.0,1,31,0.898983895778656,7.05843720208673,-0.9926920339593118,0.0,1,32,0.4861951470375061,2.2453240825028002,-4.525609990220293,0.0,0,33,0.6429728865623474,-0.07853524926290972,-5.5704998279909175,0.0,0,41,0.7064489722251892,2.0464451204557377,-2.151947669707966,0.0,1,48,0.8015273809432983
1777470454,22631609,map,3.0790897320877386,1.6475826272602954,0.0,0,40,0.9338096380233765,2.6623362412896587,-1.1872768634375126,0.0,1,1,0.7264882922172546,8.07198268044047,5.737797935318067,0.0,0,2,0.8898852467536926,7.924232152310354,2.009006361833236,0.0,0,3,0.7088868021965027,17.80263579753541,1.8010179043640275,0.0,0,5,0.5447424650192261,17.865446776562997,4.952106806897845,0.0,0,16,0.635258674621582,7.6711826331004636,-1.3222698743763532,0.0,2,8,0.537790060043335,8.423120623923259,-0.7894868012969759,0.0,2,11,0.693959653377533,12.962756655353482,2.0291500445263617,0.0,0,13,0.6731972694396973,12.841373676598575,9.151835100474933,0.0,1,12,0.7405174970626831,12.67195610270045,5.928225955298481,0.0,0,43,0.7428334951400757,17.754584534496963,7.717837474930086,0.0,1,4,0.6244305968284607,18.316622675069887,-1.1243271232406316,0.0,1,10,0.44183677434921265,22.172039793348947,1.8548159291809385,0.0,0,17,0.4497643709182739,12.795560937416349,-1.1135536880252215,0.0,2,15,0.6118098497390747,22.422890993516535,4.818327985604095,0.0,0,20,0.5112647414207458,24.283984836583507,3.6437984686441895,0.0,0,22,0.4860295057296753,22.302205488623656,7.769127599738312,0.0,1,23,0.5483193397521973,19.350747321567578,-1.2617783185521516,0.0,2,25,0.35334911942481995,25.992758026975107,6.045454509757985,0.0,1,24,0.502627432346344,22.844134305919535,-1.090112976808799,0.0,1,18,0.454083114862442,26.35495390841644,0.9059354004309926,0.0,1,29,0.43815433979034424,26.89818607281673,3.810524098934088,0.0,1,28,0.4997633993625641,8.521632621427589,8.776540928946647,0.0,1,31,0.898983895778656,7.05843720208673,-0.9926920339593118,0.0,1,32,0.4861951470375061,2.2453240825028002,-4.525609990220293,0.0,0,33,0.6429728865623474,-0.07853524926290972,-5.5704998279909175,0.0,0,41,0.7064489722251892,2.0464451204557377,-2.151947669707966,0.0,1,48,0.8015273809432983
1777470454,122773626,map,3.0790897320877386,1.6475826272602954,0.0,0,40,0.9338096380233765,2.6623362412896587,-1.1872768634375126,0.0,1,1,0.7264882922172546,8.07198268044047,5.737797935318067,0.0,0,2,0.8898852467536926,7.924232152310354,2.009006361833236,0.0,0,3,0.7088868021965027,17.80263579753541,1.8010179043640275,0.0,0,5,0.5447424650192261,17.865446776562997,4.952106806897845,0.0,0,16,0.635258674621582,7.6711826331004636,-1.3222698743763532,0.0,2,8,0.537790060043335,8.423120623923259,-0.7894868012969759,0.0,2,11,0.693959653377533,12.962756655353482,2.0291500445263617,0.0,0,13,0.6731972694396973,12.841373676598575,9.151835100474933,0.0,1,12,0.7405174970626831,12.67195610270045,5.928225955298481,0.0,0,43,0.7428334951400757,17.754584534496963,7.717837474930086,0.0,1,4,0.6244305968284607,18.316622675069887,-1.1243271232406316,0.0,1,10,0.44183677434921265,22.172039793348947,1.8548159291809385,0.0,0,17,0.4497643709182739,12.795560937416349,-1.1135536880252215,0.0,2,15,0.6118098497390747,22.422890993516535,4.818327985604095,0.0,0,20,0.5112647414207458,24.283984836583507,3.6437984686441895,0.0,0,22,0.4860295057296753,22.302205488623656,7.769127599738312,0.0,1,23,0.5483193397521973,19.350747321567578,-1.2617783185521516,0.0,2,25,0.35334911942481995,25.992758026975107,6.045454509757985,0.0,1,24,0.502627432346344,22.844134305919535,-1.090112976808799,0.0,1,18,0.454083114862442,26.35495390841644,0.9059354004309926,0.0,1,29,0.43815433979034424,26.89818607281673,3.810524098934088,0.0,1,28,0.4997633993625641,8.521632621427589,8.776540928946647,0.0,1,31,0.898983895778656,7.05843720208673,-0.9926920339593118,0.0,1,32,0.4861951470375061,2.2453240825028002,-4.525609990220293,0.0,0,33,0.6429728865623474,-0.07853524926290972,-5.5704998279909175,0.0,0,41,0.7064489722251892,2.0464451204557377,-2.151947669707966,0.0,1,48,0.8015273809432983
1777470454,222728540,map,3.0790897320877386,1.6475826272602954,0.0,0,40,0.9338096380233765,2.6623362412896587,-1.1872768634375126,0.0,1,1,0.7264882922172546,8.07198268044047,5.737797935318067,0.0,0,2,0.8898852467536926,7.924232152310354,2.009006361833236,0.0,0,3,0.7088868021965027,17.80263579753541,1.8010179043640275,0.0,0,5,0.5447424650192261,17.865446776562997,4.952106806897845,0.0,0,16,0.635258674621582,7.6711826331004636,-1.3222698743763532,0.0,2,8,0.537790060043335,8.423120623923259,-0.7894868012969759,0.0,2,11,0.693959653377533,12.962756655353482,2.0291500445263617,0.0,0,13,0.6731972694396973,12.841373676598575,9.151835100474933,0.0,1,12,0.7405174970626831,12.67195610270045,5.928225955298481,0.0,0,43,0.7428334951400757,17.754584534496963,7.717837474930086,0.0,1,4,0.6244305968284607,18.316622675069887,-1.1243271232406316,0.0,1,10,0.44183677434921265,22.172039793348947,1.8548159291809385,0.0,0,17,0.4497643709182739,12.795560937416349,-1.1135536880252215,0.0,2,15,0.6118098497390747,22.422890993516535,4.818327985604095,0.0,0,20,0.5112647414207458,24.283984836583507,3.6437984686441895,0.0,0,22,0.4860295057296753,22.302205488623656,7.769127599738312,0.0,1,23,0.5483193397521973,19.350747321567578,-1.2617783185521516,0.0,2,25,0.35334911942481995,25.992758026975107,6.045454509757985,0.0,1,24,0.502627432346344,22.844134305919535,-1.090112976808799,0.0,1,18,0.454083114862442,26.35495390841644,0.9059354004309926,0.0,1,29,0.43815433979034424,26.89818607281673,3.810524098934088,0.0,1,28,0.4997633993625641,8.521632621427589,8.776540928946647,0.0,1,31,0.898983895778656,7.05843720208673,-0.9926920339593118,0.0,1,32,0.4861951470375061,2.2453240825028002,-4.525609990220293,0.0,0,33,0.6429728865623474,-0.07853524926290972,-5.5704998279909175,0.0,0,41,0.7064489722251892,2.0464451204557377,-2.151947669707966,0.0,1,48,0.8015273809432983
1777470454,322798775,map,3.0790897320877386,1.6475826272602954,0.0,0,40,0.9338096380233765,2.6623362412896587,-1.1872768634375126,0.0,1,1,0.7264882922172546,8.07198268044047,5.737797935318067,0.0,0,2,0.8898852467536926,7.924232152310354,2.009006361833236,0.0,0,3,0.7088868021965027,17.80263579753541,1.8010179043640275,0.0,0,5,0.5447424650192261,17.865446776562997,4.952106806897845,0.0,0,16,0.635258674621582,7.6711826331004636,-1.3222698743763532,0.0,2,8,0.537790060043335,8.423120623923259,-0.7894868012969759,0.0,2,11,0.693959653377533,12.962756655353482,2.0291500445263617,0.0,0,13,0.6731972694396973,12.841373676598575,9.151835100474933,0.0,1,12,0.7405174970626831,12.67195610270045,5.928225955298481,0.0,0,43,0.7428334951400757,17.754584534496963,7.717837474930086,0.0,1,4,0.6244305968284607,18.316622675069887,-1.1243271232406316,0.0,1,10,0.44183677434921265,22.172039793348947,1.8548159291809385,0.0,0,17,0.4497643709182739,12.795560937416349,-1.1135536880252215,0.0,2,15,0.6118098497390747,22.422890993516535,4.818327985604095,0.0,0,20,0.5112647414207458,24.283984836583507,3.6437984686441895,0.0,0,22,0.4860295057296753,22.302205488623656,7.769127599738312,0.0,1,23,0.5483193397521973,19.350747321567578,-1.2617783185521516,0.0,2,25,0.35334911942481995,25.992758026975107,6.045454509757985,0.0,1,24,0.502627432346344,22.844134305919535,-1.090112976808799,0.0,1,18,0.454083114862442,26.35495390841644,0.9059354004309926,0.0,1,29,0.43815433979034424,26.89818607281673,3.810524098934088,0.0,1,28,0.4997633993625641,8.521632621427589,8.776540928946647,0.0,1,31,0.898983895778656,7.05843720208673,-0.9926920339593118,0.0,1,32,0.4861951470375061,2.2453240825028002,-4.525609990220293,0.0,0,33,0.6429728865623474,-0.07853524926290972,-5.5704998279909175,0.0,0,41,0.7064489722251892,2.0464451204557377,-2.151947669707966,0.0,1,48,0.8015273809432983
1777470454,422605805,map,3.0790897320877386,1.6475826272602954,0.0,0,40,0.9338096380233765,2.6623362412896587,-1.1872768634375126,0.0,1,1,0.7264882922172546,8.07198268044047,5.737797935318067,0.0,0,2,0.8898852467536926,7.924232152310354,2.009006361833236,0.0,0,3,0.7088868021965027,17.80263579753541,1.8010179043640275,0.0,0,5,0.5447424650192261,17.865446776562997,4.952106806897845,0.0,0,16,0.635258674621582,7.6711826331004636,-1.3222698743763532,0.0,2,8,0.537790060043335,8.423120623923259,-0.7894868012969759,0.0,2,11,0.693959653377533,12.962756655353482,2.0291500445263617,0.0,0,13,0.6731972694396973,12.841373676598575,9.151835100474933,0.0,1,12,0.7405174970626831,12.67195610270045,5.928225955298481,0.0,0,43,0.7428334951400757,17.754584534496963,7.717837474930086,0.0,1,4,0.6244305968284607,18.316622675069887,-1.1243271232406316,0.0,1,10,0.44183677434921265,22.172039793348947,1.8548159291809385,0.0,0,17,0.4497643709182739,12.795560937416349,-1.1135536880252215,0.0,2,15,0.6118098497390747,22.422890993516535,4.818327985604095,0.0,0,20,0.5112647414207458,24.283984836583507,3.6437984686441895,0.0,0,22,0.4860295057296753,22.302205488623656,7.769127599738312,0.0,1,23,0.5483193397521973,19.350747321567578,-1.2617783185521516,0.0,2,25,0.35334911942481995,25.992758026975107,6.045454509757985,0.0,1,24,0.502627432346344,22.844134305919535,-1.090112976808799,0.0,1,18,0.454083114862442,26.35495390841644,0.9059354004309926,0.0,1,29,0.43815433979034424,26.89818607281673,3.810524098934088,0.0,1,28,0.4997633993625641,8.521632621427589,8.776540928946647,0.0,1,31,0.898983895778656,7.05843720208673,-0.9926920339593118,0.0,1,32,0.4861951470375061,2.2453240825028002,-4.525609990220293,0.0,0,33,0.6429728865623474,-0.07853524926290972,-5.5704998279909175,0.0,0,41,0.7064489722251892,2.0464451204557377,-2.151947669707966,0.0,1,48,0.8015273809432983
1777470454,522863638,map,3.0790897320877386,1.6475826272602954,0.0,0,40,0.9338096380233765,2.6623362412896587,-1.1872768634375126,0.0,1,1,0.7264882922172546,8.07198268044047,5.737797935318067,0.0,0,2,0.8898852467536926,7.924232152310354,2.009006361833236,0.0,0,3,0.7088868021965027,17.80263579753541,1.8010179043640275,0.0,0,5,0.5447424650192261,17.865446776562997,4.952106806897845,0.0,0,16,0.635258674621582,7.6711826331004636,-1.3222698743763532,0.0,2,8,0.537790060043335,8.423120623923259,-0.7894868012969759,0.0,2,11,0.693959653377533,12.962756655353482,2.0291500445263617,0.0,0,13,0.6731972694396973,12.841373676598575,9.151835100474933,0.0,1,12,0.7405174970626831,12.67195610270045,5.928225955298481,0.0,0,43,0.7428334951400757,17.754584534496963,7.717837474930086,0.0,1,4,0.6244305968284607,18.316622675069887,-1.1243271232406316,0.0,1,10,0.44183677434921265,22.172039793348947,1.8548159291809385,0.0,0,17,0.4497643709182739,12.795560937416349,-1.1135536880252215,0.0,2,15,0.6118098497390747,22.422890993516535,4.818327985604095,0.0,0,20,0.5112647414207458,24.283984836583507,3.6437984686441895,0.0,0,22,0.4860295057296753,22.302205488623656,7.769127599738312,0.0,1,23,0.5483193397521973,19.350747321567578,-1.2617783185521516,0.0,2,25,0.35334911942481995,25.992758026975107,6.045454509757985,0.0,1,24,0.502627432346344,22.844134305919535,-1.090112976808799,0.0,1,18,0.454083114862442,26.35495390841644,0.9059354004309926,0.0,1,29,0.43815433979034424,26.89818607281673,3.810524098934088,0.0,1,28,0.4997633993625641,8.521632621427589,8.776540928946647,0.0,1,31,0.898983895778656,7.05843720208673,-0.9926920339593118,0.0,1,32,0.4861951470375061,2.2453240825028002,-4.525609990220293,0.0,0,33,0.6429728865623474,-0.07853524926290972,-5.5704998279909175,0.0,0,41,0.7064489722251892,2.0464451204557377,-2.151947669707966,0.0,1,48,0.8015273809432983
1777470454,624839052,map,3.0790897320877386,1.6475826272602954,0.0,0,40,0.9338096380233765,2.6623362412896587,-1.1872768634375126,0.0,1,1,0.7264882922172546,8.07198268044047,5.737797935318067,0.0,0,2,0.8898852467536926,7.924232152310354,2.009006361833236,0.0,0,3,0.7088868021965027,17.80263579753541,1.8010179043640275,0.0,0,5,0.5447424650192261,17.865446776562997,4.952106806897845,0.0,0,16,0.635258674621582,7.6711826331004636,-1.3222698743763532,0.0,2,8,0.537790060043335,8.423120623923259,-0.7894868012969759,0.0,2,11,0.693959653377533,12.962756655353482,2.0291500445263617,0.0,0,13,0.6731972694396973,12.841373676598575,9.151835100474933,0.0,1,12,0.7405174970626831,12.67195610270045,5.928225955298481,0.0,0,43,0.7428334951400757,17.754584534496963,7.717837474930086,0.0,1,4,0.6244305968284607,18.316622675069887,-1.1243271232406316,0.0,1,10,0.44183677434921265,22.172039793348947,1.8548159291809385,0.0,0,17,0.4497643709182739,12.795560937416349,-1.1135536880252215,0.0,2,15,0.6118098497390747,22.422890993516535,4.818327985604095,0.0,0,20,0.5112647414207458,24.283984836583507,3.6437984686441895,0.0,0,22,0.4860295057296753,22.302205488623656,7.769127599738312,0.0,1,23,0.5483193397521973,19.350747321567578,-1.2617783185521516,0.0,2,25,0.35334911942481995,25.992758026975107,6.045454509757985,0.0,1,24,0.502627432346344,22.844134305919535,-1.090112976808799,0.0,1,18,0.454083114862442,26.35495390841644,0.9059354004309926,0.0,1,29,0.43815433979034424,26.89818607281673,3.810524098934088,0.0,1,28,0.4997633993625641,8.521632621427589,8.776540928946647,0.0,1,31,0.898983895778656,7.05843720208673,-0.9926920339593118,0.0,1,32,0.4861951470375061,2.2453240825028002,-4.525609990220293,0.0,0,33,0.6429728865623474,-0.07853524926290972,-5.5704998279909175,0.0,0,41,0.7064489722251892,2.0464451204557377,-2.151947669707966,0.0,1,48,0.8015273809432983
1777470454,722690579,map,3.0790897320877386,1.6475826272602954,0.0,0,40,0.9338096380233765,2.6623362412896587,-1.1872768634375126,0.0,1,1,0.7264882922172546,8.07198268044047,5.737797935318067,0.0,0,2,0.8898852467536926,7.924232152310354,2.009006361833236,0.0,0,3,0.7088868021965027,17.80263579753541,1.8010179043640275,0.0,0,5,0.5447424650192261,17.865446776562997,4.952106806897845,0.0,0,16,0.635258674621582,7.6711826331004636,-1.3222698743763532,0.0,2,8,0.537790060043335,8.423120623923259,-0.7894868012969759,0.0,2,11,0.693959653377533,12.962756655353482,2.0291500445263617,0.0,0,13,0.6731972694396973,12.841373676598575,9.151835100474933,0.0,1,12,0.7405174970626831,12.67195610270045,5.928225955298481,0.0,0,43,0.7428334951400757,17.754584534496963,7.717837474930086,0.0,1,4,0.6244305968284607,18.316622675069887,-1.1243271232406316,0.0,1,10,0.44183677434921265,22.172039793348947,1.8548159291809385,0.0,0,17,0.4497643709182739,12.795560937416349,-1.1135536880252215,0.0,2,15,0.6118098497390747,22.422890993516535,4.818327985604095,0.0,0,20,0.5112647414207458,24.283984836583507,3.6437984686441895,0.0,0,22,0.4860295057296753,22.302205488623656,7.769127599738312,0.0,1,23,0.5483193397521973,19.350747321567578,-1.2617783185521516,0.0,2,25,0.35334911942481995,25.992758026975107,6.045454509757985,0.0,1,24,0.502627432346344,22.844134305919535,-1.090112976808799,0.0,1,18,0.454083114862442,26.35495390841644,0.9059354004309926,0.0,1,29,0.43815433979034424,26.89818607281673,3.810524098934088,0.0,1,28,0.4997633993625641,8.521632621427589,8.776540928946647,0.0,1,31,0.898983895778656,7.05843720208673,-0.9926920339593118,0.0,1,32,0.4861951470375061,2.2453240825028002,-4.525609990220293,0.0,0,33,0.6429728865623474,-0.07853524926290972,-5.5704998279909175,0.0,0,41,0.7064489722251892,2.0464451204557377,-2.151947669707966,0.0,1,48,0.8015273809432983
1777470454,822634183,map,3.0790897320877386,1.6475826272602954,0.0,0,40,0.9338096380233765,2.6623362412896587,-1.1872768634375126,0.0,1,1,0.7264882922172546,8.07198268044047,5.737797935318067,0.0,0,2,0.8898852467536926,7.924232152310354,2.009006361833236,0.0,0,3,0.7088868021965027,17.80263579753541,1.8010179043640275,0.0,0,5,0.5447424650192261,17.865446776562997,4.952106806897845,0.0,0,16,0.635258674621582,7.6711826331004636,-1.3222698743763532,0.0,2,8,0.537790060043335,8.423120623923259,-0.7894868012969759,0.0,2,11,0.693959653377533,12.962756655353482,2.0291500445263617,0.0,0,13,0.6731972694396973,12.841373676598575,9.151835100474933,0.0,1,12,0.7405174970626831,12.67195610270045,5.928225955298481,0.0,0,43,0.7428334951400757,17.754584534496963,7.717837474930086,0.0,1,4,0.6244305968284607,18.316622675069887,-1.1243271232406316,0.0,1,10,0.44183677434921265,22.172039793348947,1.8548159291809385,0.0,0,17,0.4497643709182739,12.795560937416349,-1.1135536880252215,0.0,2,15,0.6118098497390747,22.422890993516535,4.818327985604095,0.0,0,20,0.5112647414207458,24.283984836583507,3.6437984686441895,0.0,0,22,0.4860295057296753,22.302205488623656,7.769127599738312,0.0,1,23,0.5483193397521973,19.350747321567578,-1.2617783185521516,0.0,2,25,0.35334911942481995,25.992758026975107,6.045454509757985,0.0,1,24,0.502627432346344,22.844134305919535,-1.090112976808799,0.0,1,18,0.454083114862442,26.35495390841644,0.9059354004309926,0.0,1,29,0.43815433979034424,26.89818607281673,3.810524098934088,0.0,1,28,0.4997633993625641,8.521632621427589,8.776540928946647,0.0,1,31,0.898983895778656,7.05843720208673,-0.9926920339593118,0.0,1,32,0.4861951470375061,2.2453240825028002,-4.525609990220293,0.0,0,33,0.6429728865623474,-0.07853524926290972,-5.5704998279909175,0.0,0,41,0.7064489722251892,2.0464451204557377,-2.151947669707966,0.0,1,48,0.8015273809432983
1777470454,922753666,map,3.0790897320877386,1.6475826272602954,0.0,0,40,0.9338096380233765,2.6623362412896587,-1.1872768634375126,0.0,1,1,0.7264882922172546,8.07198268044047,5.737797935318067,0.0,0,2,0.8898852467536926,7.924232152310354,2.009006361833236,0.0,0,3,0.7088868021965027,17.80263579753541,1.8010179043640275,0.0,0,5,0.5447424650192261,17.865446776562997,4.952106806897845,0.0,0,16,0.635258674621582,7.6711826331004636,-1.3222698743763532,0.0,2,8,0.537790060043335,8.423120623923259,-0.7894868012969759,0.0,2,11,0.693959653377533,12.962756655353482,2.0291500445263617,0.0,0,13,0.6731972694396973,12.841373676598575,9.151835100474933,0.0,1,12,0.7405174970626831,12.67195610270045,5.928225955298481,0.0,0,43,0.7428334951400757,17.754584534496963,7.717837474930086,0.0,1,4,0.6244305968284607,18.316622675069887,-1.1243271232406316,0.0,1,10,0.44183677434921265,22.172039793348947,1.8548159291809385,0.0,0,17,0.4497643709182739,12.795560937416349,-1.1135536880252215,0.0,2,15,0.6118098497390747,22.422890993516535,4.818327985604095,0.0,0,20,0.5112647414207458,24.283984836583507,3.6437984686441895,0.0,0,22,0.4860295057296753,22.302205488623656,7.769127599738312,0.0,1,23,0.5483193397521973,19.350747321567578,-1.2617783185521516,0.0,2,25,0.35334911942481995,25.992758026975107,6.045454509757985,0.0,1,24,0.502627432346344,22.844134305919535,-1.090112976808799,0.0,1,18,0.454083114862442,26.35495390841644,0.9059354004309926,0.0,1,29,0.43815433979034424,26.89818607281673,3.810524098934088,0.0,1,28,0.4997633993625641,8.521632621427589,8.776540928946647,0.0,1,31,0.898983895778656,7.05843720208673,-0.9926920339593118,0.0,1,32,0.4861951470375061,2.2453240825028002,-4.525609990220293,0.0,0,33,0.6429728865623474,-0.07853524926290972,-5.5704998279909175,0.0,0,41,0.7064489722251892,2.0464451204557377,-2.151947669707966,0.0,1,48,0.8015273809432983
1777470455,22712446,map,3.0790897320877386,1.6475826272602954,0.0,0,40,0.9338096380233765,2.6623362412896587,-1.1872768634375126,0.0,1,1,0.7264882922172546,8.07198268044047,5.737797935318067,0.0,0,2,0.8898852467536926,7.924232152310354,2.009006361833236,0.0,0,3,0.7088868021965027,17.80263579753541,1.8010179043640275,0.0,0,5,0.5447424650192261,17.865446776562997,4.952106806897845,0.0,0,16,0.635258674621582,7.6711826331004636,-1.3222698743763532,0.0,2,8,0.537790060043335,8.423120623923259,-0.7894868012969759,0.0,2,11,0.693959653377533,12.962756655353482,2.0291500445263617,0.0,0,13,0.6731972694396973,12.841373676598575,9.151835100474933,0.0,1,12,0.7405174970626831,12.67195610270045,5.928225955298481,0.0,0,43,0.7428334951400757,17.754584534496963,7.717837474930086,0.0,1,4,0.6244305968284607,18.316622675069887,-1.1243271232406316,0.0,1,10,0.44183677434921265,22.172039793348947,1.8548159291809385,0.0,0,17,0.4497643709182739,12.795560937416349,-1.1135536880252215,0.0,2,15,0.6118098497390747,22.422890993516535,4.818327985604095,0.0,0,20,0.5112647414207458,24.283984836583507,3.6437984686441895,0.0,0,22,0.4860295057296753,22.302205488623656,7.769127599738312,0.0,1,23,0.5483193397521973,19.350747321567578,-1.2617783185521516,0.0,2,25,0.35334911942481995,25.992758026975107,6.045454509757985,0.0,1,24,0.502627432346344,22.844134305919535,-1.090112976808799,0.0,1,18,0.454083114862442,26.35495390841644,0.9059354004309926,0.0,1,29,0.43815433979034424,26.89818607281673,3.810524098934088,0.0,1,28,0.4997633993625641,8.521632621427589,8.776540928946647,0.0,1,31,0.898983895778656,7.05843720208673,-0.9926920339593118,0.0,1,32,0.4861951470375061,2.2453240825028002,-4.525609990220293,0.0,0,33,0.6429728865623474,-0.07853524926290972,-5.5704998279909175,0.0,0,41,0.7064489722251892,2.0464451204557377,-2.151947669707966,0.0,1,48,0.8015273809432983
1777470455,122720995,map,3.0790897320877386,1.6475826272602954,0.0,0,40,0.9338096380233765,2.6623362412896587,-1.1872768634375126,0.0,1,1,0.7264882922172546,8.07198268044047,5.737797935318067,0.0,0,2,0.8898852467536926,7.924232152310354,2.009006361833236,0.0,0,3,0.7088868021965027,17.80263579753541,1.8010179043640275,0.0,0,5,0.5447424650192261,17.865446776562997,4.952106806897845,0.0,0,16,0.635258674621582,7.6711826331004636,-1.3222698743763532,0.0,2,8,0.537790060043335,8.423120623923259,-0.7894868012969759,0.0,2,11,0.693959653377533,12.962756655353482,2.0291500445263617,0.0,0,13,0.6731972694396973,12.841373676598575,9.151835100474933,0.0,1,12,0.7405174970626831,12.67195610270045,5.928225955298481,0.0,0,43,0.7428334951400757,17.754584534496963,7.717837474930086,0.0,1,4,0.6244305968284607,18.316622675069887,-1.1243271232406316,0.0,1,10,0.44183677434921265,22.172039793348947,1.8548159291809385,0.0,0,17,0.4497643709182739,12.795560937416349,-1.1135536880252215,0.0,2,15,0.6118098497390747,22.422890993516535,4.818327985604095,0.0,0,20,0.5112647414207458,24.283984836583507,3.6437984686441895,0.0,0,22,0.4860295057296753,22.302205488623656,7.769127599738312,0.0,1,23,0.5483193397521973,19.350747321567578,-1.2617783185521516,0.0,2,25,0.35334911942481995,25.992758026975107,6.045454509757985,0.0,1,24,0.502627432346344,22.844134305919535,-1.090112976808799,0.0,1,18,0.454083114862442,26.35495390841644,0.9059354004309926,0.0,1,29,0.43815433979034424,26.89818607281673,3.810524098934088,0.0,1,28,0.4997633993625641,8.521632621427589,8.776540928946647,0.0,1,31,0.898983895778656,7.05843720208673,-0.9926920339593118,0.0,1,32,0.4861951470375061,2.2453240825028002,-4.525609990220293,0.0,0,33,0.6429728865623474,-0.07853524926290972,-5.5704998279909175,0.0,0,41,0.7064489722251892,2.0464451204557377,-2.151947669707966,0.0,1,48,0.8015273809432983
1777470455,222628600,map,3.0790897320877386,1.6475826272602954,0.0,0,40,0.9338096380233765,2.6623362412896587,-1.1872768634375126,0.0,1,1,0.7264882922172546,8.07198268044047,5.737797935318067,0.0,0,2,0.8898852467536926,7.924232152310354,2.009006361833236,0.0,0,3,0.7088868021965027,17.80263579753541,1.8010179043640275,0.0,0,5,0.5447424650192261,17.865446776562997,4.952106806897845,0.0,0,16,0.635258674621582,7.6711826331004636,-1.3222698743763532,0.0,2,8,0.537790060043335,8.423120623923259,-0.7894868012969759,0.0,2,11,0.693959653377533,12.962756655353482,2.0291500445263617,0.0,0,13,0.6731972694396973,12.841373676598575,9.151835100474933,0.0,1,12,0.7405174970626831,12.67195610270045,5.928225955298481,0.0,0,43,0.7428334951400757,17.754584534496963,7.717837474930086,0.0,1,4,0.6244305968284607,18.316622675069887,-1.1243271232406316,0.0,1,10,0.44183677434921265,22.172039793348947,1.8548159291809385,0.0,0,17,0.4497643709182739,12.795560937416349,-1.1135536880252215,0.0,2,15,0.6118098497390747,22.422890993516535,4.818327985604095,0.0,0,20,0.5112647414207458,24.283984836583507,3.6437984686441895,0.0,0,22,0.4860295057296753,22.302205488623656,7.769127599738312,0.0,1,23,0.5483193397521973,19.350747321567578,-1.2617783185521516,0.0,2,25,0.35334911942481995,25.992758026975107,6.045454509757985,0.0,1,24,0.502627432346344,22.844134305919535,-1.090112976808799,0.0,1,18,0.454083114862442,26.35495390841644,0.9059354004309926,0.0,1,29,0.43815433979034424,26.89818607281673,3.810524098934088,0.0,1,28,0.4997633993625641,8.521632621427589,8.776540928946647,0.0,1,31,0.898983895778656,7.05843720208673,-0.9926920339593118,0.0,1,32,0.4861951470375061,2.2453240825028002,-4.525609990220293,0.0,0,33,0.6429728865623474,-0.07853524926290972,-5.5704998279909175,0.0,0,41,0.7064489722251892,2.0464451204557377,-2.151947669707966,0.0,1,48,0.8015273809432983
1777470455,322822044,map,3.0790897320877386,1.6475826272602954,0.0,0,40,0.9338096380233765,2.6623362412896587,-1.1872768634375126,0.0,1,1,0.7264882922172546,8.07198268044047,5.737797935318067,0.0,0,2,0.8898852467536926,7.924232152310354,2.009006361833236,0.0,0,3,0.7088868021965027,17.80263579753541,1.8010179043640275,0.0,0,5,0.5447424650192261,17.865446776562997,4.952106806897845,0.0,0,16,0.635258674621582,7.6711826331004636,-1.3222698743763532,0.0,2,8,0.537790060043335,8.423120623923259,-0.7894868012969759,0.0,2,11,0.693959653377533,12.962756655353482,2.0291500445263617,0.0,0,13,0.6731972694396973,12.841373676598575,9.151835100474933,0.0,1,12,0.7405174970626831,12.67195610270045,5.928225955298481,0.0,0,43,0.7428334951400757,17.754584534496963,7.717837474930086,0.0,1,4,0.6244305968284607,18.316622675069887,-1.1243271232406316,0.0,1,10,0.44183677434921265,22.172039793348947,1.8548159291809385,0.0,0,17,0.4497643709182739,12.795560937416349,-1.1135536880252215,0.0,2,15,0.6118098497390747,22.422890993516535,4.818327985604095,0.0,0,20,0.5112647414207458,24.283984836583507,3.6437984686441895,0.0,0,22,0.4860295057296753,22.302205488623656,7.769127599738312,0.0,1,23,0.5483193397521973,19.350747321567578,-1.2617783185521516,0.0,2,25,0.35334911942481995,25.992758026975107,6.045454509757985,0.0,1,24,0.502627432346344,22.844134305919535,-1.090112976808799,0.0,1,18,0.454083114862442,26.35495390841644,0.9059354004309926,0.0,1,29,0.43815433979034424,26.89818607281673,3.810524098934088,0.0,1,28,0.4997633993625641,8.521632621427589,8.776540928946647,0.0,1,31,0.898983895778656,7.05843720208673,-0.9926920339593118,0.0,1,32,0.4861951470375061,2.2453240825028002,-4.525609990220293,0.0,0,33,0.6429728865623474,-0.07853524926290972,-5.5704998279909175,0.0,0,41,0.7064489722251892,2.0464451204557377,-2.151947669707966,0.0,1,48,0.8015273809432983
1777470455,422800218,map,3.0790897320877386,1.6475826272602954,0.0,0,40,0.9338096380233765,2.6623362412896587,-1.1872768634375126,0.0,1,1,0.7264882922172546,8.07198268044047,5.737797935318067,0.0,0,2,0.8898852467536926,7.924232152310354,2.009006361833236,0.0,0,3,0.7088868021965027,17.80263579753541,1.8010179043640275,0.0,0,5,0.5447424650192261,17.865446776562997,4.952106806897845,0.0,0,16,0.635258674621582,7.6711826331004636,-1.3222698743763532,0.0,2,8,0.537790060043335,8.423120623923259,-0.7894868012969759,0.0,2,11,0.693959653377533,12.962756655353482,2.0291500445263617,0.0,0,13,0.6731972694396973,12.841373676598575,9.151835100474933,0.0,1,12,0.7405174970626831,12.67195610270045,5.928225955298481,0.0,0,43,0.7428334951400757,17.754584534496963,7.717837474930086,0.0,1,4,0.6244305968284607,18.316622675069887,-1.1243271232406316,0.0,1,10,0.44183677434921265,22.172039793348947,1.8548159291809385,0.0,0,17,0.4497643709182739,12.795560937416349,-1.1135536880252215,0.0,2,15,0.6118098497390747,22.422890993516535,4.818327985604095,0.0,0,20,0.5112647414207458,24.283984836583507,3.6437984686441895,0.0,0,22,0.4860295057296753,22.302205488623656,7.769127599738312,0.0,1,23,0.5483193397521973,19.350747321567578,-1.2617783185521516,0.0,2,25,0.35334911942481995,25.992758026975107,6.045454509757985,0.0,1,24,0.502627432346344,22.844134305919535,-1.090112976808799,0.0,1,18,0.454083114862442,26.35495390841644,0.9059354004309926,0.0,1,29,0.43815433979034424,26.89818607281673,3.810524098934088,0.0,1,28,0.4997633993625641,8.521632621427589,8.776540928946647,0.0,1,31,0.898983895778656,7.05843720208673,-0.9926920339593118,0.0,1,32,0.4861951470375061,2.2453240825028002,-4.525609990220293,0.0,0,33,0.6429728865623474,-0.07853524926290972,-5.5704998279909175,0.0,0,41,0.7064489722251892,2.0464451204557377,-2.151947669707966,0.0,1,48,0.8015273809432983
1777470455,522617858,map,3.0790897320877386,1.6475826272602954,0.0,0,40,0.9338096380233765,2.6623362412896587,-1.1872768634375126,0.0,1,1,0.7264882922172546,8.07198268044047,5.737797935318067,0.0,0,2,0.8898852467536926,7.924232152310354,2.009006361833236,0.0,0,3,0.7088868021965027,17.80263579753541,1.8010179043640275,0.0,0,5,0.5447424650192261,17.865446776562997,4.952106806897845,0.0,0,16,0.635258674621582,7.6711826331004636,-1.3222698743763532,0.0,2,8,0.537790060043335,8.423120623923259,-0.7894868012969759,0.0,2,11,0.693959653377533,12.962756655353482,2.0291500445263617,0.0,0,13,0.6731972694396973,12.841373676598575,9.151835100474933,0.0,1,12,0.7405174970626831,12.67195610270045,5.928225955298481,0.0,0,43,0.7428334951400757,17.754584534496963,7.717837474930086,0.0,1,4,0.6244305968284607,18.316622675069887,-1.1243271232406316,0.0,1,10,0.44183677434921265,22.172039793348947,1.8548159291809385,0.0,0,17,0.4497643709182739,12.795560937416349,-1.1135536880252215,0.0,2,15,0.6118098497390747,22.422890993516535,4.818327985604095,0.0,0,20,0.5112647414207458,24.283984836583507,3.6437984686441895,0.0,0,22,0.4860295057296753,22.302205488623656,7.769127599738312,0.0,1,23,0.5483193397521973,19.350747321567578,-1.2617783185521516,0.0,2,25,0.35334911942481995,25.992758026975107,6.045454509757985,0.0,1,24,0.502627432346344,22.844134305919535,-1.090112976808799,0.0,1,18,0.454083114862442,26.35495390841644,0.9059354004309926,0.0,1,29,0.43815433979034424,26.89818607281673,3.810524098934088,0.0,1,28,0.4997633993625641,8.521632621427589,8.776540928946647,0.0,1,31,0.898983895778656,7.05843720208673,-0.9926920339593118,0.0,1,32,0.4861951470375061,2.2453240825028002,-4.525609990220293,0.0,0,33,0.6429728865623474,-0.07853524926290972,-5.5704998279909175,0.0,0,41,0.7064489722251892,2.0464451204557377,-2.151947669707966,0.0,1,48,0.8015273809432983
1777470455,624755348,map,3.0790897320877386,1.6475826272602954,0.0,0,40,0.9338096380233765,2.6623362412896587,-1.1872768634375126,0.0,1,1,0.7264882922172546,8.07198268044047,5.737797935318067,0.0,0,2,0.8898852467536926,7.924232152310354,2.009006361833236,0.0,0,3,0.7088868021965027,17.80263579753541,1.8010179043640275,0.0,0,5,0.5447424650192261,17.865446776562997,4.952106806897845,0.0,0,16,0.635258674621582,7.6711826331004636,-1.3222698743763532,0.0,2,8,0.537790060043335,8.423120623923259,-0.7894868012969759,0.0,2,11,0.693959653377533,12.962756655353482,2.0291500445263617,0.0,0,13,0.6731972694396973,12.841373676598575,9.151835100474933,0.0,1,12,0.7405174970626831,12.67195610270045,5.928225955298481,0.0,0,43,0.7428334951400757,17.754584534496963,7.717837474930086,0.0,1,4,0.6244305968284607,18.316622675069887,-1.1243271232406316,0.0,1,10,0.44183677434921265,22.172039793348947,1.8548159291809385,0.0,0,17,0.4497643709182739,12.795560937416349,-1.1135536880252215,0.0,2,15,0.6118098497390747,22.422890993516535,4.818327985604095,0.0,0,20,0.5112647414207458,24.283984836583507,3.6437984686441895,0.0,0,22,0.4860295057296753,22.302205488623656,7.769127599738312,0.0,1,23,0.5483193397521973,19.350747321567578,-1.2617783185521516,0.0,2,25,0.35334911942481995,25.992758026975107,6.045454509757985,0.0,1,24,0.502627432346344,22.844134305919535,-1.090112976808799,0.0,1,18,0.454083114862442,26.35495390841644,0.9059354004309926,0.0,1,29,0.43815433979034424,26.89818607281673,3.810524098934088,0.0,1,28,0.4997633993625641,8.521632621427589,8.776540928946647,0.0,1,31,0.898983895778656,7.05843720208673,-0.9926920339593118,0.0,1,32,0.4861951470375061,2.2453240825028002,-4.525609990220293,0.0,0,33,0.6429728865623474,-0.07853524926290972,-5.5704998279909175,0.0,0,41,0.7064489722251892,2.0464451204557377,-2.151947669707966,0.0,1,48,0.8015273809432983
1777470455,722727427,map,3.0790897320877386,1.6475826272602954,0.0,0,40,0.9338096380233765,2.6623362412896587,-1.1872768634375126,0.0,1,1,0.7264882922172546,8.07198268044047,5.737797935318067,0.0,0,2,0.8898852467536926,7.924232152310354,2.009006361833236,0.0,0,3,0.7088868021965027,17.80263579753541,1.8010179043640275,0.0,0,5,0.5447424650192261,17.865446776562997,4.952106806897845,0.0,0,16,0.635258674621582,7.6711826331004636,-1.3222698743763532,0.0,2,8,0.537790060043335,8.423120623923259,-0.7894868012969759,0.0,2,11,0.693959653377533,12.962756655353482,2.0291500445263617,0.0,0,13,0.6731972694396973,12.841373676598575,9.151835100474933,0.0,1,12,0.7405174970626831,12.67195610270045,5.928225955298481,0.0,0,43,0.7428334951400757,17.754584534496963,7.717837474930086,0.0,1,4,0.6244305968284607,18.316622675069887,-1.1243271232406316,0.0,1,10,0.44183677434921265,22.172039793348947,1.8548159291809385,0.0,0,17,0.4497643709182739,12.795560937416349,-1.1135536880252215,0.0,2,15,0.6118098497390747,22.422890993516535,4.818327985604095,0.0,0,20,0.5112647414207458,24.283984836583507,3.6437984686441895,0.0,0,22,0.4860295057296753,22.302205488623656,7.769127599738312,0.0,1,23,0.5483193397521973,19.350747321567578,-1.2617783185521516,0.0,2,25,0.35334911942481995,25.992758026975107,6.045454509757985,0.0,1,24,0.502627432346344,22.844134305919535,-1.090112976808799,0.0,1,18,0.454083114862442,26.35495390841644,0.9059354004309926,0.0,1,29,0.43815433979034424,26.89818607281673,3.810524098934088,0.0,1,28,0.4997633993625641,8.521632621427589,8.776540928946647,0.0,1,31,0.898983895778656,7.05843720208673,-0.9926920339593118,0.0,1,32,0.4861951470375061,2.2453240825028002,-4.525609990220293,0.0,0,33,0.6429728865623474,-0.07853524926290972,-5.5704998279909175,0.0,0,41,0.7064489722251892,2.0464451204557377,-2.151947669707966,0.0,1,48,0.8015273809432983
1777470455,822689060,map,3.0790897320877386,1.6475826272602954,0.0,0,40,0.9338096380233765,2.6623362412896587,-1.1872768634375126,0.0,1,1,0.7264882922172546,8.07198268044047,5.737797935318067,0.0,0,2,0.8898852467536926,7.924232152310354,2.009006361833236,0.0,0,3,0.7088868021965027,17.80263579753541,1.8010179043640275,0.0,0,5,0.5447424650192261,17.865446776562997,4.952106806897845,0.0,0,16,0.635258674621582,7.6711826331004636,-1.3222698743763532,0.0,2,8,0.537790060043335,8.423120623923259,-0.7894868012969759,0.0,2,11,0.693959653377533,12.962756655353482,2.0291500445263617,0.0,0,13,0.6731972694396973,12.841373676598575,9.151835100474933,0.0,1,12,0.7405174970626831,12.67195610270045,5.928225955298481,0.0,0,43,0.7428334951400757,17.754584534496963,7.717837474930086,0.0,1,4,0.6244305968284607,18.316622675069887,-1.1243271232406316,0.0,1,10,0.44183677434921265,22.172039793348947,1.8548159291809385,0.0,0,17,0.4497643709182739,12.795560937416349,-1.1135536880252215,0.0,2,15,0.6118098497390747,22.422890993516535,4.818327985604095,0.0,0,20,0.5112647414207458,24.283984836583507,3.6437984686441895,0.0,0,22,0.4860295057296753,22.302205488623656,7.769127599738312,0.0,1,23,0.5483193397521973,19.350747321567578,-1.2617783185521516,0.0,2,25,0.35334911942481995,25.992758026975107,6.045454509757985,0.0,1,24,0.502627432346344,22.844134305919535,-1.090112976808799,0.0,1,18,0.454083114862442,26.35495390841644,0.9059354004309926,0.0,1,29,0.43815433979034424,26.89818607281673,3.810524098934088,0.0,1,28,0.4997633993625641,8.521632621427589,8.776540928946647,0.0,1,31,0.898983895778656,7.05843720208673,-0.9926920339593118,0.0,1,32,0.4861951470375061,2.2453240825028002,-4.525609990220293,0.0,0,33,0.6429728865623474,-0.07853524926290972,-5.5704998279909175,0.0,0,41,0.7064489722251892,2.0464451204557377,-2.151947669707966,0.0,1,48,0.8015273809432983
1777470455,922757636,map,3.0790897320877386,1.6475826272602954,0.0,0,40,0.9338096380233765,2.6623362412896587,-1.1872768634375126,0.0,1,1,0.7264882922172546,8.07198268044047,5.737797935318067,0.0,0,2,0.8898852467536926,7.924232152310354,2.009006361833236,0.0,0,3,0.7088868021965027,17.80263579753541,1.8010179043640275,0.0,0,5,0.5447424650192261,17.865446776562997,4.952106806897845,0.0,0,16,0.635258674621582,7.6711826331004636,-1.3222698743763532,0.0,2,8,0.537790060043335,8.423120623923259,-0.7894868012969759,0.0,2,11,0.693959653377533,12.962756655353482,2.0291500445263617,0.0,0,13,0.6731972694396973,12.841373676598575,9.151835100474933,0.0,1,12,0.7405174970626831,12.67195610270045,5.928225955298481,0.0,0,43,0.7428334951400757,17.754584534496963,7.717837474930086,0.0,1,4,0.6244305968284607,18.316622675069887,-1.1243271232406316,0.0,1,10,0.44183677434921265,22.172039793348947,1.8548159291809385,0.0,0,17,0.4497643709182739,12.795560937416349,-1.1135536880252215,0.0,2,15,0.6118098497390747,22.422890993516535,4.818327985604095,0.0,0,20,0.5112647414207458,24.283984836583507,3.6437984686441895,0.0,0,22,0.4860295057296753,22.302205488623656,7.769127599738312,0.0,1,23,0.5483193397521973,19.350747321567578,-1.2617783185521516,0.0,2,25,0.35334911942481995,25.992758026975107,6.045454509757985,0.0,1,24,0.502627432346344,22.844134305919535,-1.090112976808799,0.0,1,18,0.454083114862442,26.35495390841644,0.9059354004309926,0.0,1,29,0.43815433979034424,26.89818607281673,3.810524098934088,0.0,1,28,0.4997633993625641,8.521632621427589,8.776540928946647,0.0,1,31,0.898983895778656,7.05843720208673,-0.9926920339593118,0.0,1,32,0.4861951470375061,2.2453240825028002,-4.525609990220293,0.0,0,33,0.6429728865623474,-0.07853524926290972,-5.5704998279909175,0.0,0,41,0.7064489722251892,2.0464451204557377,-2.151947669707966,0.0,1,48,0.8015273809432983
1777470456,22837723,map,3.0790897320877386,1.6475826272602954,0.0,0,40,0.9338096380233765,2.6623362412896587,-1.1872768634375126,0.0,1,1,0.7264882922172546,8.07198268044047,5.737797935318067,0.0,0,2,0.8898852467536926,7.924232152310354,2.009006361833236,0.0,0,3,0.7088868021965027,17.80263579753541,1.8010179043640275,0.0,0,5,0.5447424650192261,17.865446776562997,4.952106806897845,0.0,0,16,0.635258674621582,7.6711826331004636,-1.3222698743763532,0.0,2,8,0.537790060043335,8.423120623923259,-0.7894868012969759,0.0,2,11,0.693959653377533,12.962756655353482,2.0291500445263617,0.0,0,13,0.6731972694396973,12.841373676598575,9.151835100474933,0.0,1,12,0.7405174970626831,12.67195610270045,5.928225955298481,0.0,0,43,0.7428334951400757,17.754584534496963,7.717837474930086,0.0,1,4,0.6244305968284607,18.316622675069887,-1.1243271232406316,0.0,1,10,0.44183677434921265,22.172039793348947,1.8548159291809385,0.0,0,17,0.4497643709182739,12.795560937416349,-1.1135536880252215,0.0,2,15,0.6118098497390747,22.422890993516535,4.818327985604095,0.0,0,20,0.5112647414207458,24.283984836583507,3.6437984686441895,0.0,0,22,0.4860295057296753,22.302205488623656,7.769127599738312,0.0,1,23,0.5483193397521973,19.350747321567578,-1.2617783185521516,0.0,2,25,0.35334911942481995,25.992758026975107,6.045454509757985,0.0,1,24,0.502627432346344,22.844134305919535,-1.090112976808799,0.0,1,18,0.454083114862442,26.35495390841644,0.9059354004309926,0.0,1,29,0.43815433979034424,26.89818607281673,3.810524098934088,0.0,1,28,0.4997633993625641,8.521632621427589,8.776540928946647,0.0,1,31,0.898983895778656,7.05843720208673,-0.9926920339593118,0.0,1,32,0.4861951470375061,2.2453240825028002,-4.525609990220293,0.0,0,33,0.6429728865623474,-0.07853524926290972,-5.5704998279909175,0.0,0,41,0.7064489722251892,2.0464451204557377,-2.151947669707966,0.0,1,48,0.8015273809432983
1777470456,122815251,map,3.0790897320877386,1.6475826272602954,0.0,0,40,0.9338096380233765,2.6623362412896587,-1.1872768634375126,0.0,1,1,0.7264882922172546,8.07198268044047,5.737797935318067,0.0,0,2,0.8898852467536926,7.924232152310354,2.009006361833236,0.0,0,3,0.7088868021965027,17.80263579753541,1.8010179043640275,0.0,0,5,0.5447424650192261,17.865446776562997,4.952106806897845,0.0,0,16,0.635258674621582,7.6711826331004636,-1.3222698743763532,0.0,2,8,0.537790060043335,8.423120623923259,-0.7894868012969759,0.0,2,11,0.693959653377533,12.962756655353482,2.0291500445263617,0.0,0,13,0.6731972694396973,12.841373676598575,9.151835100474933,0.0,1,12,0.7405174970626831,12.67195610270045,5.928225955298481,0.0,0,43,0.7428334951400757,17.754584534496963,7.717837474930086,0.0,1,4,0.6244305968284607,18.316622675069887,-1.1243271232406316,0.0,1,10,0.44183677434921265,22.172039793348947,1.8548159291809385,0.0,0,17,0.4497643709182739,12.795560937416349,-1.1135536880252215,0.0,2,15,0.6118098497390747,22.422890993516535,4.818327985604095,0.0,0,20,0.5112647414207458,24.283984836583507,3.6437984686441895,0.0,0,22,0.4860295057296753,22.302205488623656,7.769127599738312,0.0,1,23,0.5483193397521973,19.350747321567578,-1.2617783185521516,0.0,2,25,0.35334911942481995,25.992758026975107,6.045454509757985,0.0,1,24,0.502627432346344,22.844134305919535,-1.090112976808799,0.0,1,18,0.454083114862442,26.35495390841644,0.9059354004309926,0.0,1,29,0.43815433979034424,26.89818607281673,3.810524098934088,0.0,1,28,0.4997633993625641,8.521632621427589,8.776540928946647,0.0,1,31,0.898983895778656,7.05843720208673,-0.9926920339593118,0.0,1,32,0.4861951470375061,2.2453240825028002,-4.525609990220293,0.0,0,33,0.6429728865623474,-0.07853524926290972,-5.5704998279909175,0.0,0,41,0.7064489722251892,2.0464451204557377,-2.151947669707966,0.0,1,48,0.8015273809432983
1777470456,222504518,map,3.0790897320877386,1.6475826272602954,0.0,0,40,0.9338096380233765,2.6623362412896587,-1.1872768634375126,0.0,1,1,0.7264882922172546,8.07198268044047,5.737797935318067,0.0,0,2,0.8898852467536926,7.924232152310354,2.009006361833236,0.0,0,3,0.7088868021965027,17.80263579753541,1.8010179043640275,0.0,0,5,0.5447424650192261,17.865446776562997,4.952106806897845,0.0,0,16,0.635258674621582,7.6711826331004636,-1.3222698743763532,0.0,2,8,0.537790060043335,8.423120623923259,-0.7894868012969759,0.0,2,11,0.693959653377533,12.962756655353482,2.0291500445263617,0.0,0,13,0.6731972694396973,12.841373676598575,9.151835100474933,0.0,1,12,0.7405174970626831,12.67195610270045,5.928225955298481,0.0,0,43,0.7428334951400757,17.754584534496963,7.717837474930086,0.0,1,4,0.6244305968284607,18.316622675069887,-1.1243271232406316,0.0,1,10,0.44183677434921265,22.172039793348947,1.8548159291809385,0.0,0,17,0.4497643709182739,12.795560937416349,-1.1135536880252215,0.0,2,15,0.6118098497390747,22.422890993516535,4.818327985604095,0.0,0,20,0.5112647414207458,24.283984836583507,3.6437984686441895,0.0,0,22,0.4860295057296753,22.302205488623656,7.769127599738312,0.0,1,23,0.5483193397521973,19.350747321567578,-1.2617783185521516,0.0,2,25,0.35334911942481995,25.992758026975107,6.045454509757985,0.0,1,24,0.502627432346344,22.844134305919535,-1.090112976808799,0.0,1,18,0.454083114862442,26.35495390841644,0.9059354004309926,0.0,1,29,0.43815433979034424,26.89818607281673,3.810524098934088,0.0,1,28,0.4997633993625641,8.521632621427589,8.776540928946647,0.0,1,31,0.898983895778656,7.05843720208673,-0.9926920339593118,0.0,1,32,0.4861951470375061,2.2453240825028002,-4.525609990220293,0.0,0,33,0.6429728865623474,-0.07853524926290972,-5.5704998279909175,0.0,0,41,0.7064489722251892,2.0464451204557377,-2.151947669707966,0.0,1,48,0.8015273809432983
1777470456,322728501,map,3.0790897320877386,1.6475826272602954,0.0,0,40,0.9338096380233765,2.6623362412896587,-1.1872768634375126,0.0,1,1,0.7264882922172546,8.07198268044047,5.737797935318067,0.0,0,2,0.8898852467536926,7.924232152310354,2.009006361833236,0.0,0,3,0.7088868021965027,17.80263579753541,1.8010179043640275,0.0,0,5,0.5447424650192261,17.865446776562997,4.952106806897845,0.0,0,16,0.635258674621582,7.6711826331004636,-1.3222698743763532,0.0,2,8,0.537790060043335,8.423120623923259,-0.7894868012969759,0.0,2,11,0.693959653377533,12.962756655353482,2.0291500445263617,0.0,0,13,0.6731972694396973,12.841373676598575,9.151835100474933,0.0,1,12,0.7405174970626831,12.67195610270045,5.928225955298481,0.0,0,43,0.7428334951400757,17.754584534496963,7.717837474930086,0.0,1,4,0.6244305968284607,18.316622675069887,-1.1243271232406316,0.0,1,10,0.44183677434921265,22.172039793348947,1.8548159291809385,0.0,0,17,0.4497643709182739,12.795560937416349,-1.1135536880252215,0.0,2,15,0.6118098497390747,22.422890993516535,4.818327985604095,0.0,0,20,0.5112647414207458,24.283984836583507,3.6437984686441895,0.0,0,22,0.4860295057296753,22.302205488623656,7.769127599738312,0.0,1,23,0.5483193397521973,19.350747321567578,-1.2617783185521516,0.0,2,25,0.35334911942481995,25.992758026975107,6.045454509757985,0.0,1,24,0.502627432346344,22.844134305919535,-1.090112976808799,0.0,1,18,0.454083114862442,26.35495390841644,0.9059354004309926,0.0,1,29,0.43815433979034424,26.89818607281673,3.810524098934088,0.0,1,28,0.4997633993625641,8.521632621427589,8.776540928946647,0.0,1,31,0.898983895778656,7.05843720208673,-0.9926920339593118,0.0,1,32,0.4861951470375061,2.2453240825028002,-4.525609990220293,0.0,0,33,0.6429728865623474,-0.07853524926290972,-5.5704998279909175,0.0,0,41,0.7064489722251892,2.0464451204557377,-2.151947669707966,0.0,1,48,0.8015273809432983
1777470456,422666712,map,3.0790897320877386,1.6475826272602954,0.0,0,40,0.9338096380233765,2.6623362412896587,-1.1872768634375126,0.0,1,1,0.7264882922172546,8.07198268044047,5.737797935318067,0.0,0,2,0.8898852467536926,7.924232152310354,2.009006361833236,0.0,0,3,0.7088868021965027,17.80263579753541,1.8010179043640275,0.0,0,5,0.5447424650192261,17.865446776562997,4.952106806897845,0.0,0,16,0.635258674621582,7.6711826331004636,-1.3222698743763532,0.0,2,8,0.537790060043335,8.423120623923259,-0.7894868012969759,0.0,2,11,0.693959653377533,12.962756655353482,2.0291500445263617,0.0,0,13,0.6731972694396973,12.841373676598575,9.151835100474933,0.0,1,12,0.7405174970626831,12.67195610270045,5.928225955298481,0.0,0,43,0.7428334951400757,17.754584534496963,7.717837474930086,0.0,1,4,0.6244305968284607,18.316622675069887,-1.1243271232406316,0.0,1,10,0.44183677434921265,22.172039793348947,1.8548159291809385,0.0,0,17,0.4497643709182739,12.795560937416349,-1.1135536880252215,0.0,2,15,0.6118098497390747,22.422890993516535,4.818327985604095,0.0,0,20,0.5112647414207458,24.283984836583507,3.6437984686441895,0.0,0,22,0.4860295057296753,22.302205488623656,7.769127599738312,0.0,1,23,0.5483193397521973,19.350747321567578,-1.2617783185521516,0.0,2,25,0.35334911942481995,25.992758026975107,6.045454509757985,0.0,1,24,0.502627432346344,22.844134305919535,-1.090112976808799,0.0,1,18,0.454083114862442,26.35495390841644,0.9059354004309926,0.0,1,29,0.43815433979034424,26.89818607281673,3.810524098934088,0.0,1,28,0.4997633993625641,8.521632621427589,8.776540928946647,0.0,1,31,0.898983895778656,7.05843720208673,-0.9926920339593118,0.0,1,32,0.4861951470375061,2.2453240825028002,-4.525609990220293,0.0,0,33,0.6429728865623474,-0.07853524926290972,-5.5704998279909175,0.0,0,41,0.7064489722251892,2.0464451204557377,-2.151947669707966,0.0,1,48,0.8015273809432983
1777470456,522833493,map,3.0790897320877386,1.6475826272602954,0.0,0,40,0.9338096380233765,2.6623362412896587,-1.1872768634375126,0.0,1,1,0.7264882922172546,8.07198268044047,5.737797935318067,0.0,0,2,0.8898852467536926,7.924232152310354,2.009006361833236,0.0,0,3,0.7088868021965027,17.80263579753541,1.8010179043640275,0.0,0,5,0.5447424650192261,17.865446776562997,4.952106806897845,0.0,0,16,0.635258674621582,7.6711826331004636,-1.3222698743763532,0.0,2,8,0.537790060043335,8.423120623923259,-0.7894868012969759,0.0,2,11,0.693959653377533,12.962756655353482,2.0291500445263617,0.0,0,13,0.6731972694396973,12.841373676598575,9.151835100474933,0.0,1,12,0.7405174970626831,12.67195610270045,5.928225955298481,0.0,0,43,0.7428334951400757,17.754584534496963,7.717837474930086,0.0,1,4,0.6244305968284607,18.316622675069887,-1.1243271232406316,0.0,1,10,0.44183677434921265,22.172039793348947,1.8548159291809385,0.0,0,17,0.4497643709182739,12.795560937416349,-1.1135536880252215,0.0,2,15,0.6118098497390747,22.422890993516535,4.818327985604095,0.0,0,20,0.5112647414207458,24.283984836583507,3.6437984686441895,0.0,0,22,0.4860295057296753,22.302205488623656,7.769127599738312,0.0,1,23,0.5483193397521973,19.350747321567578,-1.2617783185521516,0.0,2,25,0.35334911942481995,25.992758026975107,6.045454509757985,0.0,1,24,0.502627432346344,22.844134305919535,-1.090112976808799,0.0,1,18,0.454083114862442,26.35495390841644,0.9059354004309926,0.0,1,29,0.43815433979034424,26.89818607281673,3.810524098934088,0.0,1,28,0.4997633993625641,8.521632621427589,8.776540928946647,0.0,1,31,0.898983895778656,7.05843720208673,-0.9926920339593118,0.0,1,32,0.4861951470375061,2.2453240825028002,-4.525609990220293,0.0,0,33,0.6429728865623474,-0.07853524926290972,-5.5704998279909175,0.0,0,41,0.7064489722251892,2.0464451204557377,-2.151947669707966,0.0,1,48,0.8015273809432983
1777470456,625004140,map,3.0790897320877386,1.6475826272602954,0.0,0,40,0.9338096380233765,2.6623362412896587,-1.1872768634375126,0.0,1,1,0.7264882922172546,8.07198268044047,5.737797935318067,0.0,0,2,0.8898852467536926,7.924232152310354,2.009006361833236,0.0,0,3,0.7088868021965027,17.80263579753541,1.8010179043640275,0.0,0,5,0.5447424650192261,17.865446776562997,4.952106806897845,0.0,0,16,0.635258674621582,7.6711826331004636,-1.3222698743763532,0.0,2,8,0.537790060043335,8.423120623923259,-0.7894868012969759,0.0,2,11,0.693959653377533,12.962756655353482,2.0291500445263617,0.0,0,13,0.6731972694396973,12.841373676598575,9.151835100474933,0.0,1,12,0.7405174970626831,12.67195610270045,5.928225955298481,0.0,0,43,0.7428334951400757,17.754584534496963,7.717837474930086,0.0,1,4,0.6244305968284607,18.316622675069887,-1.1243271232406316,0.0,1,10,0.44183677434921265,22.172039793348947,1.8548159291809385,0.0,0,17,0.4497643709182739,12.795560937416349,-1.1135536880252215,0.0,2,15,0.6118098497390747,22.422890993516535,4.818327985604095,0.0,0,20,0.5112647414207458,24.283984836583507,3.6437984686441895,0.0,0,22,0.4860295057296753,22.302205488623656,7.769127599738312,0.0,1,23,0.5483193397521973,19.350747321567578,-1.2617783185521516,0.0,2,25,0.35334911942481995,25.992758026975107,6.045454509757985,0.0,1,24,0.502627432346344,22.844134305919535,-1.090112976808799,0.0,1,18,0.454083114862442,26.35495390841644,0.9059354004309926,0.0,1,29,0.43815433979034424,26.89818607281673,3.810524098934088,0.0,1,28,0.4997633993625641,8.521632621427589,8.776540928946647,0.0,1,31,0.898983895778656,7.05843720208673,-0.9926920339593118,0.0,1,32,0.4861951470375061,2.2453240825028002,-4.525609990220293,0.0,0,33,0.6429728865623474,-0.07853524926290972,-5.5704998279909175,0.0,0,41,0.7064489722251892,2.0464451204557377,-2.151947669707966,0.0,1,48,0.8015273809432983
1777470456,722767071,map,3.0790897320877386,1.6475826272602954,0.0,0,40,0.9338096380233765,2.6623362412896587,-1.1872768634375126,0.0,1,1,0.7264882922172546,8.07198268044047,5.737797935318067,0.0,0,2,0.8898852467536926,7.924232152310354,2.009006361833236,0.0,0,3,0.7088868021965027,17.80263579753541,1.8010179043640275,0.0,0,5,0.5447424650192261,17.865446776562997,4.952106806897845,0.0,0,16,0.635258674621582,7.6711826331004636,-1.3222698743763532,0.0,2,8,0.537790060043335,8.423120623923259,-0.7894868012969759,0.0,2,11,0.693959653377533,12.962756655353482,2.0291500445263617,0.0,0,13,0.6731972694396973,12.841373676598575,9.151835100474933,0.0,1,12,0.7405174970626831,12.67195610270045,5.928225955298481,0.0,0,43,0.7428334951400757,17.754584534496963,7.717837474930086,0.0,1,4,0.6244305968284607,18.316622675069887,-1.1243271232406316,0.0,1,10,0.44183677434921265,22.172039793348947,1.8548159291809385,0.0,0,17,0.4497643709182739,12.795560937416349,-1.1135536880252215,0.0,2,15,0.6118098497390747,22.422890993516535,4.818327985604095,0.0,0,20,0.5112647414207458,24.283984836583507,3.6437984686441895,0.0,0,22,0.4860295057296753,22.302205488623656,7.769127599738312,0.0,1,23,0.5483193397521973,19.350747321567578,-1.2617783185521516,0.0,2,25,0.35334911942481995,25.992758026975107,6.045454509757985,0.0,1,24,0.502627432346344,22.844134305919535,-1.090112976808799,0.0,1,18,0.454083114862442,26.35495390841644,0.9059354004309926,0.0,1,29,0.43815433979034424,26.89818607281673,3.810524098934088,0.0,1,28,0.4997633993625641,8.521632621427589,8.776540928946647,0.0,1,31,0.898983895778656,7.05843720208673,-0.9926920339593118,0.0,1,32,0.4861951470375061,2.2453240825028002,-4.525609990220293,0.0,0,33,0.6429728865623474,-0.07853524926290972,-5.5704998279909175,0.0,0,41,0.7064489722251892,2.0464451204557377,-2.151947669707966,0.0,1,48,0.8015273809432983
1777470456,822666283,map,3.0790897320877386,1.6475826272602954,0.0,0,40,0.9338096380233765,2.6623362412896587,-1.1872768634375126,0.0,1,1,0.7264882922172546,8.07198268044047,5.737797935318067,0.0,0,2,0.8898852467536926,7.924232152310354,2.009006361833236,0.0,0,3,0.7088868021965027,17.80263579753541,1.8010179043640275,0.0,0,5,0.5447424650192261,17.865446776562997,4.952106806897845,0.0,0,16,0.635258674621582,7.6711826331004636,-1.3222698743763532,0.0,2,8,0.537790060043335,8.423120623923259,-0.7894868012969759,0.0,2,11,0.693959653377533,12.962756655353482,2.0291500445263617,0.0,0,13,0.6731972694396973,12.841373676598575,9.151835100474933,0.0,1,12,0.7405174970626831,12.67195610270045,5.928225955298481,0.0,0,43,0.7428334951400757,17.754584534496963,7.717837474930086,0.0,1,4,0.6244305968284607,18.316622675069887,-1.1243271232406316,0.0,1,10,0.44183677434921265,22.172039793348947,1.8548159291809385,0.0,0,17,0.4497643709182739,12.795560937416349,-1.1135536880252215,0.0,2,15,0.6118098497390747,22.422890993516535,4.818327985604095,0.0,0,20,0.5112647414207458,24.283984836583507,3.6437984686441895,0.0,0,22,0.4860295057296753,22.302205488623656,7.769127599738312,0.0,1,23,0.5483193397521973,19.350747321567578,-1.2617783185521516,0.0,2,25,0.35334911942481995,25.992758026975107,6.045454509757985,0.0,1,24,0.502627432346344,22.844134305919535,-1.090112976808799,0.0,1,18,0.454083114862442,26.35495390841644,0.9059354004309926,0.0,1,29,0.43815433979034424,26.89818607281673,3.810524098934088,0.0,1,28,0.4997633993625641,8.521632621427589,8.776540928946647,0.0,1,31,0.898983895778656,7.05843720208673,-0.9926920339593118,0.0,1,32,0.4861951470375061,2.2453240825028002,-4.525609990220293,0.0,0,33,0.6429728865623474,-0.07853524926290972,-5.5704998279909175,0.0,0,41,0.7064489722251892,2.0464451204557377,-2.151947669707966,0.0,1,48,0.8015273809432983
