[0.441s] [34mcolcon[0m [1;30mDEBUG[0m [32mCommand line arguments: ['/usr/bin/colcon', 'build', '--symlink-install', '--packages-select', 'perception_zed_pkg'][0m
[0.441s] [34mcolcon[0m [1;30mDEBUG[0m [32mParsed command line arguments: Namespace(log_base=None, log_level=None, verb_name='build', build_base='build', install_base='install', merge_install=False, symlink_install=True, test_result_base=None, continue_on_error=False, executor='parallel', parallel_workers=12, event_handlers=None, ignore_user_meta=False, metas=['./colcon.meta'], base_paths=['.'], packages_ignore=None, packages_ignore_regex=None, paths=None, packages_up_to=None, packages_up_to_regex=None, packages_above=None, packages_above_and_dependencies=None, packages_above_depth=None, packages_select_by_dep=None, packages_skip_by_dep=None, packages_skip_up_to=None, packages_select_build_failed=False, packages_skip_build_finished=False, packages_select_test_failures=False, packages_skip_test_passed=False, packages_select=['perception_zed_pkg'], packages_skip=None, packages_select_regex=None, packages_skip_regex=None, packages_start=None, packages_end=None, allow_overriding=[], cmake_args=None, cmake_target=None, cmake_target_skip_unavailable=False, cmake_clean_cache=False, cmake_clean_first=False, cmake_force_configure=False, ament_cmake_args=None, catkin_cmake_args=None, catkin_skip_building_tests=False, verb_parser=<colcon_defaults.argument_parser.defaults.DefaultArgumentsDecorator object at 0x721180110b20>, verb_extension=<colcon_core.verb.build.BuildVerb object at 0x721180110610>, main=<bound method BuildVerb.main of <colcon_core.verb.build.BuildVerb object at 0x721180110610>>)[0m
[0.577s] [34mcolcon.colcon_core.package_discovery[0m [1;30mLevel 1[0m discover_packages(colcon_meta) check parameters
[0.577s] [34mcolcon.colcon_core.package_discovery[0m [1;30mLevel 1[0m discover_packages(recursive) check parameters
[0.577s] [34mcolcon.colcon_core.package_discovery[0m [1;30mLevel 1[0m discover_packages(ignore) check parameters
[0.577s] [34mcolcon.colcon_core.package_discovery[0m [1;30mLevel 1[0m discover_packages(path) check parameters
[0.577s] [34mcolcon.colcon_core.package_discovery[0m [1;30mLevel 1[0m discover_packages(colcon_meta) discover
[0.577s] [34mcolcon.colcon_core.package_discovery[0m [1;30mLevel 1[0m discover_packages(recursive) discover
[0.577s] [34mcolcon.colcon_core.package_discovery[0m [1;30mINFO[0m Crawling recursively for packages in '/home/ayasx9/FSAI26/perception_deep_logging/ros2_ws'
[0.577s] [34mcolcon.colcon_core.package_identification[0m [1;30mLevel 1[0m _identify(.) by extensions ['ignore', 'ignore_ament_install']
[0.578s] [34mcolcon.colcon_core.package_identification[0m [1;30mLevel 1[0m _identify(.) by extension 'ignore'
[0.578s] [34mcolcon.colcon_core.package_identification[0m [1;30mLevel 1[0m _identify(.) by extension 'ignore_ament_install'
[0.578s] [34mcolcon.colcon_core.package_identification[0m [1;30mLevel 1[0m _identify(.) by extensions ['colcon_pkg']
[0.578s] [34mcolcon.colcon_core.package_identification[0m [1;30mLevel 1[0m _identify(.) by extension 'colcon_pkg'
[0.578s] [34mcolcon.colcon_core.package_identification[0m [1;30mLevel 1[0m _identify(.) by extensions ['colcon_meta']
[0.578s] [34mcolcon.colcon_core.package_identification[0m [1;30mLevel 1[0m _identify(.) by extension 'colcon_meta'
[0.578s] [34mcolcon.colcon_core.package_identification[0m [1;30mLevel 1[0m _identify(.) by extensions ['ros']
[0.578s] [34mcolcon.colcon_core.package_identification[0m [1;30mLevel 1[0m _identify(.) by extension 'ros'
[0.611s] [34mcolcon.colcon_core.package_identification[0m [1;30mLevel 1[0m _identify(.) by extensions ['cmake', 'python']
[0.611s] [34mcolcon.colcon_core.package_identification[0m [1;30mLevel 1[0m _identify(.) by extension 'cmake'
[0.611s] [34mcolcon.colcon_core.package_identification[0m [1;30mLevel 1[0m _identify(.) by extension 'python'
[0.611s] [34mcolcon.colcon_core.package_identification[0m [1;30mLevel 1[0m _identify(.) by extensions ['python_setup_py']
[0.612s] [34mcolcon.colcon_core.package_identification[0m [1;30mLevel 1[0m _identify(.) by extension 'python_setup_py'
[0.612s] [34mcolcon.colcon_core.package_identification[0m [1;30mLevel 1[0m _identify(build) by extensions ['ignore', 'ignore_ament_install']
[0.612s] [34mcolcon.colcon_core.package_identification[0m [1;30mLevel 1[0m _identify(build) by extension 'ignore'
[0.612s] [34mcolcon.colcon_core.package_identification[0m [1;30mLevel 1[0m _identify(build) ignored
[0.612s] [34mcolcon.colcon_core.package_identification[0m [1;30mLevel 1[0m _identify(install) by extensions ['ignore', 'ignore_ament_install']
[0.612s] [34mcolcon.colcon_core.package_identification[0m [1;30mLevel 1[0m _identify(install) by extension 'ignore'
[0.612s] [34mcolcon.colcon_core.package_identification[0m [1;30mLevel 1[0m _identify(install) ignored
[0.612s] [34mcolcon.colcon_core.package_identification[0m [1;30mLevel 1[0m _identify(log) by extensions ['ignore', 'ignore_ament_install']
[0.613s] [34mcolcon.colcon_core.package_identification[0m [1;30mLevel 1[0m _identify(log) by extension 'ignore'
[0.613s] [34mcolcon.colcon_core.package_identification[0m [1;30mLevel 1[0m _identify(log) ignored
[0.613s] [34mcolcon.colcon_core.package_identification[0m [1;30mLevel 1[0m _identify(logging_debug) by extensions ['ignore', 'ignore_ament_install']
[0.613s] [34mcolcon.colcon_core.package_identification[0m [1;30mLevel 1[0m _identify(logging_debug) by extension 'ignore'
[0.613s] [34mcolcon.colcon_core.package_identification[0m [1;30mLevel 1[0m _identify(logging_debug) by extension 'ignore_ament_install'
[0.613s] [34mcolcon.colcon_core.package_identification[0m [1;30mLevel 1[0m _identify(logging_debug) by extensions ['colcon_pkg']
[0.613s] [34mcolcon.colcon_core.package_identification[0m [1;30mLevel 1[0m _identify(logging_debug) by extension 'colcon_pkg'
[0.613s] [34mcolcon.colcon_core.package_identification[0m [1;30mLevel 1[0m _identify(logging_debug) by extensions ['colcon_meta']
[0.613s] [34mcolcon.colcon_core.package_identification[0m [1;30mLevel 1[0m _identify(logging_debug) by extension 'colcon_meta'
[0.613s] [34mcolcon.colcon_core.package_identification[0m [1;30mLevel 1[0m _identify(logging_debug) by extensions ['ros']
[0.613s] [34mcolcon.colcon_core.package_identification[0m [1;30mLevel 1[0m _identify(logging_debug) by extension 'ros'
[0.613s] [34mcolcon.colcon_core.package_identification[0m [1;30mLevel 1[0m _identify(logging_debug) by extensions ['cmake', 'python']
[0.613s] [34mcolcon.colcon_core.package_identification[0m [1;30mLevel 1[0m _identify(logging_debug) by extension 'cmake'
[0.613s] [34mcolcon.colcon_core.package_identification[0m [1;30mLevel 1[0m _identify(logging_debug) by extension 'python'
[0.613s] [34mcolcon.colcon_core.package_identification[0m [1;30mLevel 1[0m _identify(logging_debug) by extensions ['python_setup_py']
[0.613s] [34mcolcon.colcon_core.package_identification[0m [1;30mLevel 1[0m _identify(logging_debug) by extension 'python_setup_py'
[0.613s] [34mcolcon.colcon_core.package_identification[0m [1;30mLevel 1[0m _identify(src) by extensions ['ignore', 'ignore_ament_install']
[0.614s] [34mcolcon.colcon_core.package_identification[0m [1;30mLevel 1[0m _identify(src) by extension 'ignore'
[0.614s] [34mcolcon.colcon_core.package_identification[0m [1;30mLevel 1[0m _identify(src) by extension 'ignore_ament_install'
[0.614s] [34mcolcon.colcon_core.package_identification[0m [1;30mLevel 1[0m _identify(src) by extensions ['colcon_pkg']
[0.614s] [34mcolcon.colcon_core.package_identification[0m [1;30mLevel 1[0m _identify(src) by extension 'colcon_pkg'
[0.614s] [34mcolcon.colcon_core.package_identification[0m [1;30mLevel 1[0m _identify(src) by extensions ['colcon_meta']
[0.614s] [34mcolcon.colcon_core.package_identification[0m [1;30mLevel 1[0m _identify(src) by extension 'colcon_meta'
[0.614s] [34mcolcon.colcon_core.package_identification[0m [1;30mLevel 1[0m _identify(src) by extensions ['ros']
[0.614s] [34mcolcon.colcon_core.package_identification[0m [1;30mLevel 1[0m _identify(src) by extension 'ros'
[0.614s] [34mcolcon.colcon_core.package_identification[0m [1;30mLevel 1[0m _identify(src) by extensions ['cmake', 'python']
[0.614s] [34mcolcon.colcon_core.package_identification[0m [1;30mLevel 1[0m _identify(src) by extension 'cmake'
[0.614s] [34mcolcon.colcon_core.package_identification[0m [1;30mLevel 1[0m _identify(src) by extension 'python'
[0.614s] [34mcolcon.colcon_core.package_identification[0m [1;30mLevel 1[0m _identify(src) by extensions ['python_setup_py']
[0.614s] [34mcolcon.colcon_core.package_identification[0m [1;30mLevel 1[0m _identify(src) by extension 'python_setup_py'
[0.614s] [34mcolcon.colcon_core.package_identification[0m [1;30mLevel 1[0m _identify(src/asurt_msgs) by extensions ['ignore', 'ignore_ament_install']
[0.614s] [34mcolcon.colcon_core.package_identification[0m [1;30mLevel 1[0m _identify(src/asurt_msgs) by extension 'ignore'
[0.614s] [34mcolcon.colcon_core.package_identification[0m [1;30mLevel 1[0m _identify(src/asurt_msgs) by extension 'ignore_ament_install'
[0.614s] [34mcolcon.colcon_core.package_identification[0m [1;30mLevel 1[0m _identify(src/asurt_msgs) by extensions ['colcon_pkg']
[0.614s] [34mcolcon.colcon_core.package_identification[0m [1;30mLevel 1[0m _identify(src/asurt_msgs) by extension 'colcon_pkg'
[0.615s] [34mcolcon.colcon_core.package_identification[0m [1;30mLevel 1[0m _identify(src/asurt_msgs) by extensions ['colcon_meta']
[0.615s] [34mcolcon.colcon_core.package_identification[0m [1;30mLevel 1[0m _identify(src/asurt_msgs) by extension 'colcon_meta'
[0.615s] [34mcolcon.colcon_core.package_identification[0m [1;30mLevel 1[0m _identify(src/asurt_msgs) by extensions ['ros']
[0.615s] [34mcolcon.colcon_core.package_identification[0m [1;30mLevel 1[0m _identify(src/asurt_msgs) by extension 'ros'
[0.616s] [34mcolcon.colcon_core.package_identification[0m [1;30mDEBUG[0m [32mPackage 'src/asurt_msgs' with type 'ros.ament_cmake' and name 'asurt_msgs'[0m
[0.617s] [34mcolcon.colcon_core.package_identification[0m [1;30mLevel 1[0m _identify(src/logging_system) by extensions ['ignore', 'ignore_ament_install']
[0.617s] [34mcolcon.colcon_core.package_identification[0m [1;30mLevel 1[0m _identify(src/logging_system) by extension 'ignore'
[0.617s] [34mcolcon.colcon_core.package_identification[0m [1;30mLevel 1[0m _identify(src/logging_system) by extension 'ignore_ament_install'
[0.617s] [34mcolcon.colcon_core.package_identification[0m [1;30mLevel 1[0m _identify(src/logging_system) by extensions ['colcon_pkg']
[0.617s] [34mcolcon.colcon_core.package_identification[0m [1;30mLevel 1[0m _identify(src/logging_system) by extension 'colcon_pkg'
[0.617s] [34mcolcon.colcon_core.package_identification[0m [1;30mLevel 1[0m _identify(src/logging_system) by extensions ['colcon_meta']
[0.617s] [34mcolcon.colcon_core.package_identification[0m [1;30mLevel 1[0m _identify(src/logging_system) by extension 'colcon_meta'
[0.617s] [34mcolcon.colcon_core.package_identification[0m [1;30mLevel 1[0m _identify(src/logging_system) by extensions ['ros']
[0.617s] [34mcolcon.colcon_core.package_identification[0m [1;30mLevel 1[0m _identify(src/logging_system) by extension 'ros'
[0.618s] [34mcolcon.colcon_core.package_identification[0m [1;30mDEBUG[0m [32mPackage 'src/logging_system' with type 'ros.ament_python' and name 'logging_system'[0m
[0.618s] [34mcolcon.colcon_core.package_identification[0m [1;30mLevel 1[0m _identify(src/perception_zed_pkg) by extensions ['ignore', 'ignore_ament_install']
[0.618s] [34mcolcon.colcon_core.package_identification[0m [1;30mLevel 1[0m _identify(src/perception_zed_pkg) by extension 'ignore'
[0.618s] [34mcolcon.colcon_core.package_identification[0m [1;30mLevel 1[0m _identify(src/perception_zed_pkg) by extension 'ignore_ament_install'
[0.618s] [34mcolcon.colcon_core.package_identification[0m [1;30mLevel 1[0m _identify(src/perception_zed_pkg) by extensions ['colcon_pkg']
[0.618s] [34mcolcon.colcon_core.package_identification[0m [1;30mLevel 1[0m _identify(src/perception_zed_pkg) by extension 'colcon_pkg'
[0.618s] [34mcolcon.colcon_core.package_identification[0m [1;30mLevel 1[0m _identify(src/perception_zed_pkg) by extensions ['colcon_meta']
[0.618s] [34mcolcon.colcon_core.package_identification[0m [1;30mLevel 1[0m _identify(src/perception_zed_pkg) by extension 'colcon_meta'
[0.618s] [34mcolcon.colcon_core.package_identification[0m [1;30mLevel 1[0m _identify(src/perception_zed_pkg) by extensions ['ros']
[0.618s] [34mcolcon.colcon_core.package_identification[0m [1;30mLevel 1[0m _identify(src/perception_zed_pkg) by extension 'ros'
[0.619s] [34mcolcon.colcon_core.package_identification[0m [1;30mDEBUG[0m [32mPackage 'src/perception_zed_pkg' with type 'ros.ament_python' and name 'perception_zed_pkg'[0m
[0.619s] [34mcolcon.colcon_core.package_identification[0m [1;30mLevel 1[0m _identify(src/planning_centerline_calc_MIX) by extensions ['ignore', 'ignore_ament_install']
[0.619s] [34mcolcon.colcon_core.package_identification[0m [1;30mLevel 1[0m _identify(src/planning_centerline_calc_MIX) by extension 'ignore'
[0.619s] [34mcolcon.colcon_core.package_identification[0m [1;30mLevel 1[0m _identify(src/planning_centerline_calc_MIX) by extension 'ignore_ament_install'
[0.619s] [34mcolcon.colcon_core.package_identification[0m [1;30mLevel 1[0m _identify(src/planning_centerline_calc_MIX) by extensions ['colcon_pkg']
[0.619s] [34mcolcon.colcon_core.package_identification[0m [1;30mLevel 1[0m _identify(src/planning_centerline_calc_MIX) by extension 'colcon_pkg'
[0.619s] [34mcolcon.colcon_core.package_identification[0m [1;30mLevel 1[0m _identify(src/planning_centerline_calc_MIX) by extensions ['colcon_meta']
[0.619s] [34mcolcon.colcon_core.package_identification[0m [1;30mLevel 1[0m _identify(src/planning_centerline_calc_MIX) by extension 'colcon_meta'
[0.619s] [34mcolcon.colcon_core.package_identification[0m [1;30mLevel 1[0m _identify(src/planning_centerline_calc_MIX) by extensions ['ros']
[0.619s] [34mcolcon.colcon_core.package_identification[0m [1;30mLevel 1[0m _identify(src/planning_centerline_calc_MIX) by extension 'ros'
[0.620s] [34mcolcon.colcon_core.package_identification[0m [1;30mDEBUG[0m [32mPackage 'src/planning_centerline_calc_MIX' with type 'ros.ament_python' and name 'planning_centerline_calc'[0m
[0.620s] [34mcolcon.colcon_core.package_identification[0m [1;30mLevel 1[0m _identify(src/planning_deep_learning) by extensions ['ignore', 'ignore_ament_install']
[0.620s] [34mcolcon.colcon_core.package_identification[0m [1;30mLevel 1[0m _identify(src/planning_deep_learning) by extension 'ignore'
[0.620s] [34mcolcon.colcon_core.package_identification[0m [1;30mLevel 1[0m _identify(src/planning_deep_learning) by extension 'ignore_ament_install'
[0.621s] [34mcolcon.colcon_core.package_identification[0m [1;30mLevel 1[0m _identify(src/planning_deep_learning) by extensions ['colcon_pkg']
[0.621s] [34mcolcon.colcon_core.package_identification[0m [1;30mLevel 1[0m _identify(src/planning_deep_learning) by extension 'colcon_pkg'
[0.621s] [34mcolcon.colcon_core.package_identification[0m [1;30mLevel 1[0m _identify(src/planning_deep_learning) by extensions ['colcon_meta']
[0.621s] [34mcolcon.colcon_core.package_identification[0m [1;30mLevel 1[0m _identify(src/planning_deep_learning) by extension 'colcon_meta'
[0.621s] [34mcolcon.colcon_core.package_identification[0m [1;30mLevel 1[0m _identify(src/planning_deep_learning) by extensions ['ros']
[0.621s] [34mcolcon.colcon_core.package_identification[0m [1;30mLevel 1[0m _identify(src/planning_deep_learning) by extension 'ros'
[0.621s] [34mcolcon.colcon_core.package_identification[0m [1;30mDEBUG[0m [32mPackage 'src/planning_deep_learning' with type 'ros.ament_python' and name 'planning_deep_learning'[0m
[0.622s] [34mcolcon.colcon_core.package_identification[0m [1;30mLevel 1[0m _identify(src/tf_helper) by extensions ['ignore', 'ignore_ament_install']
[0.622s] [34mcolcon.colcon_core.package_identification[0m [1;30mLevel 1[0m _identify(src/tf_helper) by extension 'ignore'
[0.622s] [34mcolcon.colcon_core.package_identification[0m [1;30mLevel 1[0m _identify(src/tf_helper) by extension 'ignore_ament_install'
[0.622s] [34mcolcon.colcon_core.package_identification[0m [1;30mLevel 1[0m _identify(src/tf_helper) by extensions ['colcon_pkg']
[0.622s] [34mcolcon.colcon_core.package_identification[0m [1;30mLevel 1[0m _identify(src/tf_helper) by extension 'colcon_pkg'
[0.622s] [34mcolcon.colcon_core.package_identification[0m [1;30mLevel 1[0m _identify(src/tf_helper) by extensions ['colcon_meta']
[0.622s] [34mcolcon.colcon_core.package_identification[0m [1;30mLevel 1[0m _identify(src/tf_helper) by extension 'colcon_meta'
[0.622s] [34mcolcon.colcon_core.package_identification[0m [1;30mLevel 1[0m _identify(src/tf_helper) by extensions ['ros']
[0.622s] [34mcolcon.colcon_core.package_identification[0m [1;30mLevel 1[0m _identify(src/tf_helper) by extension 'ros'
[0.623s] [34mcolcon.colcon_core.package_identification[0m [1;30mDEBUG[0m [32mPackage 'src/tf_helper' with type 'ros.ament_python' and name 'tf_helper'[0m
[0.623s] [34mcolcon.colcon_core.package_identification[0m [1;30mLevel 1[0m _identify(src/zed-ros2-examples) by extensions ['ignore', 'ignore_ament_install']
[0.623s] [34mcolcon.colcon_core.package_identification[0m [1;30mLevel 1[0m _identify(src/zed-ros2-examples) by extension 'ignore'
[0.623s] [34mcolcon.colcon_core.package_identification[0m [1;30mLevel 1[0m _identify(src/zed-ros2-examples) by extension 'ignore_ament_install'
[0.624s] [34mcolcon.colcon_core.package_identification[0m [1;30mLevel 1[0m _identify(src/zed-ros2-examples) by extensions ['colcon_pkg']
[0.624s] [34mcolcon.colcon_core.package_identification[0m [1;30mLevel 1[0m _identify(src/zed-ros2-examples) by extension 'colcon_pkg'
[0.624s] [34mcolcon.colcon_core.package_identification[0m [1;30mLevel 1[0m _identify(src/zed-ros2-examples) by extensions ['colcon_meta']
[0.624s] [34mcolcon.colcon_core.package_identification[0m [1;30mLevel 1[0m _identify(src/zed-ros2-examples) by extension 'colcon_meta'
[0.624s] [34mcolcon.colcon_core.package_identification[0m [1;30mLevel 1[0m _identify(src/zed-ros2-examples) by extensions ['ros']
[0.624s] [34mcolcon.colcon_core.package_identification[0m [1;30mLevel 1[0m _identify(src/zed-ros2-examples) by extension 'ros'
[0.624s] [34mcolcon.colcon_core.package_identification[0m [1;30mLevel 1[0m _identify(src/zed-ros2-examples) by extensions ['cmake', 'python']
[0.624s] [34mcolcon.colcon_core.package_identification[0m [1;30mLevel 1[0m _identify(src/zed-ros2-examples) by extension 'cmake'
[0.624s] [34mcolcon.colcon_core.package_identification[0m [1;30mLevel 1[0m _identify(src/zed-ros2-examples) by extension 'python'
[0.624s] [34mcolcon.colcon_core.package_identification[0m [1;30mLevel 1[0m _identify(src/zed-ros2-examples) by extensions ['python_setup_py']
[0.624s] [34mcolcon.colcon_core.package_identification[0m [1;30mLevel 1[0m _identify(src/zed-ros2-examples) by extension 'python_setup_py'
[0.624s] [34mcolcon.colcon_core.package_identification[0m [1;30mLevel 1[0m _identify(src/zed-ros2-examples/examples) by extensions ['ignore', 'ignore_ament_install']
[0.624s] [34mcolcon.colcon_core.package_identification[0m [1;30mLevel 1[0m _identify(src/zed-ros2-examples/examples) by extension 'ignore'
[0.624s] [34mcolcon.colcon_core.package_identification[0m [1;30mLevel 1[0m _identify(src/zed-ros2-examples/examples) by extension 'ignore_ament_install'
[0.624s] [34mcolcon.colcon_core.package_identification[0m [1;30mLevel 1[0m _identify(src/zed-ros2-examples/examples) by extensions ['colcon_pkg']
[0.624s] [34mcolcon.colcon_core.package_identification[0m [1;30mLevel 1[0m _identify(src/zed-ros2-examples/examples) by extension 'colcon_pkg'
[0.624s] [34mcolcon.colcon_core.package_identification[0m [1;30mLevel 1[0m _identify(src/zed-ros2-examples/examples) by extensions ['colcon_meta']
[0.624s] [34mcolcon.colcon_core.package_identification[0m [1;30mLevel 1[0m _identify(src/zed-ros2-examples/examples) by extension 'colcon_meta'
[0.624s] [34mcolcon.colcon_core.package_identification[0m [1;30mLevel 1[0m _identify(src/zed-ros2-examples/examples) by extensions ['ros']
[0.624s] [34mcolcon.colcon_core.package_identification[0m [1;30mLevel 1[0m _identify(src/zed-ros2-examples/examples) by extension 'ros'
[0.624s] [34mcolcon.colcon_core.package_identification[0m [1;30mLevel 1[0m _identify(src/zed-ros2-examples/examples) by extensions ['cmake', 'python']
[0.625s] [34mcolcon.colcon_core.package_identification[0m [1;30mLevel 1[0m _identify(src/zed-ros2-examples/examples) by extension 'cmake'
[0.625s] [34mcolcon.colcon_core.package_identification[0m [1;30mLevel 1[0m _identify(src/zed-ros2-examples/examples) by extension 'python'
[0.625s] [34mcolcon.colcon_core.package_identification[0m [1;30mLevel 1[0m _identify(src/zed-ros2-examples/examples) by extensions ['python_setup_py']
[0.625s] [34mcolcon.colcon_core.package_identification[0m [1;30mLevel 1[0m _identify(src/zed-ros2-examples/examples) by extension 'python_setup_py'
[0.625s] [34mcolcon.colcon_core.package_identification[0m [1;30mLevel 1[0m _identify(src/zed-ros2-examples/examples/zed_aruco_localization) by extensions ['ignore', 'ignore_ament_install']
[0.625s] [34mcolcon.colcon_core.package_identification[0m [1;30mLevel 1[0m _identify(src/zed-ros2-examples/examples/zed_aruco_localization) by extension 'ignore'
[0.625s] [34mcolcon.colcon_core.package_identification[0m [1;30mLevel 1[0m _identify(src/zed-ros2-examples/examples/zed_aruco_localization) by extension 'ignore_ament_install'
[0.625s] [34mcolcon.colcon_core.package_identification[0m [1;30mLevel 1[0m _identify(src/zed-ros2-examples/examples/zed_aruco_localization) by extensions ['colcon_pkg']
[0.625s] [34mcolcon.colcon_core.package_identification[0m [1;30mLevel 1[0m _identify(src/zed-ros2-examples/examples/zed_aruco_localization) by extension 'colcon_pkg'
[0.625s] [34mcolcon.colcon_core.package_identification[0m [1;30mLevel 1[0m _identify(src/zed-ros2-examples/examples/zed_aruco_localization) by extensions ['colcon_meta']
[0.625s] [34mcolcon.colcon_core.package_identification[0m [1;30mLevel 1[0m _identify(src/zed-ros2-examples/examples/zed_aruco_localization) by extension 'colcon_meta'
[0.625s] [34mcolcon.colcon_core.package_identification[0m [1;30mLevel 1[0m _identify(src/zed-ros2-examples/examples/zed_aruco_localization) by extensions ['ros']
[0.625s] [34mcolcon.colcon_core.package_identification[0m [1;30mLevel 1[0m _identify(src/zed-ros2-examples/examples/zed_aruco_localization) by extension 'ros'
[0.626s] [34mcolcon.colcon_core.package_identification[0m [1;30mDEBUG[0m [32mPackage 'src/zed-ros2-examples/examples/zed_aruco_localization' with type 'ros.ament_cmake' and name 'zed_aruco_localization'[0m
[0.626s] [34mcolcon.colcon_core.package_identification[0m [1;30mLevel 1[0m _identify(src/zed-ros2-examples/examples/zed_depth_to_laserscan) by extensions ['ignore', 'ignore_ament_install']
[0.626s] [34mcolcon.colcon_core.package_identification[0m [1;30mLevel 1[0m _identify(src/zed-ros2-examples/examples/zed_depth_to_laserscan) by extension 'ignore'
[0.626s] [34mcolcon.colcon_core.package_identification[0m [1;30mLevel 1[0m _identify(src/zed-ros2-examples/examples/zed_depth_to_laserscan) by extension 'ignore_ament_install'
[0.626s] [34mcolcon.colcon_core.package_identification[0m [1;30mLevel 1[0m _identify(src/zed-ros2-examples/examples/zed_depth_to_laserscan) by extensions ['colcon_pkg']
[0.626s] [34mcolcon.colcon_core.package_identification[0m [1;30mLevel 1[0m _identify(src/zed-ros2-examples/examples/zed_depth_to_laserscan) by extension 'colcon_pkg'
[0.626s] [34mcolcon.colcon_core.package_identification[0m [1;30mLevel 1[0m _identify(src/zed-ros2-examples/examples/zed_depth_to_laserscan) by extensions ['colcon_meta']
[0.626s] [34mcolcon.colcon_core.package_identification[0m [1;30mLevel 1[0m _identify(src/zed-ros2-examples/examples/zed_depth_to_laserscan) by extension 'colcon_meta'
[0.626s] [34mcolcon.colcon_core.package_identification[0m [1;30mLevel 1[0m _identify(src/zed-ros2-examples/examples/zed_depth_to_laserscan) by extensions ['ros']
[0.626s] [34mcolcon.colcon_core.package_identification[0m [1;30mLevel 1[0m _identify(src/zed-ros2-examples/examples/zed_depth_to_laserscan) by extension 'ros'
[0.627s] [34mcolcon.colcon_core.package_identification[0m [1;30mDEBUG[0m [32mPackage 'src/zed-ros2-examples/examples/zed_depth_to_laserscan' with type 'ros.ament_cmake' and name 'zed_depth_to_laserscan'[0m
[0.627s] [34mcolcon.colcon_core.package_identification[0m [1;30mLevel 1[0m _identify(src/zed-ros2-examples/images) by extensions ['ignore', 'ignore_ament_install']
[0.627s] [34mcolcon.colcon_core.package_identification[0m [1;30mLevel 1[0m _identify(src/zed-ros2-examples/images) by extension 'ignore'
[0.627s] [34mcolcon.colcon_core.package_identification[0m [1;30mLevel 1[0m _identify(src/zed-ros2-examples/images) by extension 'ignore_ament_install'
[0.628s] [34mcolcon.colcon_core.package_identification[0m [1;30mLevel 1[0m _identify(src/zed-ros2-examples/images) by extensions ['colcon_pkg']
[0.628s] [34mcolcon.colcon_core.package_identification[0m [1;30mLevel 1[0m _identify(src/zed-ros2-examples/images) by extension 'colcon_pkg'
[0.628s] [34mcolcon.colcon_core.package_identification[0m [1;30mLevel 1[0m _identify(src/zed-ros2-examples/images) by extensions ['colcon_meta']
[0.628s] [34mcolcon.colcon_core.package_identification[0m [1;30mLevel 1[0m _identify(src/zed-ros2-examples/images) by extension 'colcon_meta'
[0.628s] [34mcolcon.colcon_core.package_identification[0m [1;30mLevel 1[0m _identify(src/zed-ros2-examples/images) by extensions ['ros']
[0.628s] [34mcolcon.colcon_core.package_identification[0m [1;30mLevel 1[0m _identify(src/zed-ros2-examples/images) by extension 'ros'
[0.628s] [34mcolcon.colcon_core.package_identification[0m [1;30mLevel 1[0m _identify(src/zed-ros2-examples/images) by extensions ['cmake', 'python']
[0.628s] [34mcolcon.colcon_core.package_identification[0m [1;30mLevel 1[0m _identify(src/zed-ros2-examples/images) by extension 'cmake'
[0.628s] [34mcolcon.colcon_core.package_identification[0m [1;30mLevel 1[0m _identify(src/zed-ros2-examples/images) by extension 'python'
[0.628s] [34mcolcon.colcon_core.package_identification[0m [1;30mLevel 1[0m _identify(src/zed-ros2-examples/images) by extensions ['python_setup_py']
[0.628s] [34mcolcon.colcon_core.package_identification[0m [1;30mLevel 1[0m _identify(src/zed-ros2-examples/images) by extension 'python_setup_py'
[0.628s] [34mcolcon.colcon_core.package_identification[0m [1;30mLevel 1[0m _identify(src/zed-ros2-examples/isaac_ros) by extensions ['ignore', 'ignore_ament_install']
[0.628s] [34mcolcon.colcon_core.package_identification[0m [1;30mLevel 1[0m _identify(src/zed-ros2-examples/isaac_ros) by extension 'ignore'
[0.628s] [34mcolcon.colcon_core.package_identification[0m [1;30mLevel 1[0m _identify(src/zed-ros2-examples/isaac_ros) by extension 'ignore_ament_install'
[0.628s] [34mcolcon.colcon_core.package_identification[0m [1;30mLevel 1[0m _identify(src/zed-ros2-examples/isaac_ros) by extensions ['colcon_pkg']
[0.628s] [34mcolcon.colcon_core.package_identification[0m [1;30mLevel 1[0m _identify(src/zed-ros2-examples/isaac_ros) by extension 'colcon_pkg'
[0.629s] [34mcolcon.colcon_core.package_identification[0m [1;30mLevel 1[0m _identify(src/zed-ros2-examples/isaac_ros) by extensions ['colcon_meta']
[0.629s] [34mcolcon.colcon_core.package_identification[0m [1;30mLevel 1[0m _identify(src/zed-ros2-examples/isaac_ros) by extension 'colcon_meta'
[0.629s] [34mcolcon.colcon_core.package_identification[0m [1;30mLevel 1[0m _identify(src/zed-ros2-examples/isaac_ros) by extensions ['ros']
[0.629s] [34mcolcon.colcon_core.package_identification[0m [1;30mLevel 1[0m _identify(src/zed-ros2-examples/isaac_ros) by extension 'ros'
[0.629s] [34mcolcon.colcon_core.package_identification[0m [1;30mLevel 1[0m _identify(src/zed-ros2-examples/isaac_ros) by extensions ['cmake', 'python']
[0.629s] [34mcolcon.colcon_core.package_identification[0m [1;30mLevel 1[0m _identify(src/zed-ros2-examples/isaac_ros) by extension 'cmake'
[0.629s] [34mcolcon.colcon_core.package_identification[0m [1;30mLevel 1[0m _identify(src/zed-ros2-examples/isaac_ros) by extension 'python'
[0.629s] [34mcolcon.colcon_core.package_identification[0m [1;30mLevel 1[0m _identify(src/zed-ros2-examples/isaac_ros) by extensions ['python_setup_py']
[0.629s] [34mcolcon.colcon_core.package_identification[0m [1;30mLevel 1[0m _identify(src/zed-ros2-examples/isaac_ros) by extension 'python_setup_py'
[0.629s] [34mcolcon.colcon_core.package_identification[0m [1;30mLevel 1[0m _identify(src/zed-ros2-examples/isaac_ros/zed_isaac_ros_april_tag) by extensions ['ignore', 'ignore_ament_install']
[0.629s] [34mcolcon.colcon_core.package_identification[0m [1;30mLevel 1[0m _identify(src/zed-ros2-examples/isaac_ros/zed_isaac_ros_april_tag) by extension 'ignore'
[0.629s] [34mcolcon.colcon_core.package_identification[0m [1;30mLevel 1[0m _identify(src/zed-ros2-examples/isaac_ros/zed_isaac_ros_april_tag) by extension 'ignore_ament_install'
[0.629s] [34mcolcon.colcon_core.package_identification[0m [1;30mLevel 1[0m _identify(src/zed-ros2-examples/isaac_ros/zed_isaac_ros_april_tag) by extensions ['colcon_pkg']
[0.629s] [34mcolcon.colcon_core.package_identification[0m [1;30mLevel 1[0m _identify(src/zed-ros2-examples/isaac_ros/zed_isaac_ros_april_tag) by extension 'colcon_pkg'
[0.629s] [34mcolcon.colcon_core.package_identification[0m [1;30mLevel 1[0m _identify(src/zed-ros2-examples/isaac_ros/zed_isaac_ros_april_tag) by extensions ['colcon_meta']
[0.629s] [34mcolcon.colcon_core.package_identification[0m [1;30mLevel 1[0m _identify(src/zed-ros2-examples/isaac_ros/zed_isaac_ros_april_tag) by extension 'colcon_meta'
[0.629s] [34mcolcon.colcon_core.package_identification[0m [1;30mLevel 1[0m _identify(src/zed-ros2-examples/isaac_ros/zed_isaac_ros_april_tag) by extensions ['ros']
[0.629s] [34mcolcon.colcon_core.package_identification[0m [1;30mLevel 1[0m _identify(src/zed-ros2-examples/isaac_ros/zed_isaac_ros_april_tag) by extension 'ros'
[0.630s] [34mcolcon.colcon_core.package_identification[0m [1;30mDEBUG[0m [32mPackage 'src/zed-ros2-examples/isaac_ros/zed_isaac_ros_april_tag' with type 'ros.ament_cmake' and name 'zed_isaac_ros_april_tag'[0m
[0.630s] [34mcolcon.colcon_core.package_identification[0m [1;30mLevel 1[0m _identify(src/zed-ros2-examples/isaac_ros/zed_isaac_ros_multi_camera) by extensions ['ignore', 'ignore_ament_install']
[0.630s] [34mcolcon.colcon_core.package_identification[0m [1;30mLevel 1[0m _identify(src/zed-ros2-examples/isaac_ros/zed_isaac_ros_multi_camera) by extension 'ignore'
[0.630s] [34mcolcon.colcon_core.package_identification[0m [1;30mLevel 1[0m _identify(src/zed-ros2-examples/isaac_ros/zed_isaac_ros_multi_camera) by extension 'ignore_ament_install'
[0.630s] [34mcolcon.colcon_core.package_identification[0m [1;30mLevel 1[0m _identify(src/zed-ros2-examples/isaac_ros/zed_isaac_ros_multi_camera) by extensions ['colcon_pkg']
[0.630s] [34mcolcon.colcon_core.package_identification[0m [1;30mLevel 1[0m _identify(src/zed-ros2-examples/isaac_ros/zed_isaac_ros_multi_camera) by extension 'colcon_pkg'
[0.631s] [34mcolcon.colcon_core.package_identification[0m [1;30mLevel 1[0m _identify(src/zed-ros2-examples/isaac_ros/zed_isaac_ros_multi_camera) by extensions ['colcon_meta']
[0.631s] [34mcolcon.colcon_core.package_identification[0m [1;30mLevel 1[0m _identify(src/zed-ros2-examples/isaac_ros/zed_isaac_ros_multi_camera) by extension 'colcon_meta'
[0.631s] [34mcolcon.colcon_core.package_identification[0m [1;30mLevel 1[0m _identify(src/zed-ros2-examples/isaac_ros/zed_isaac_ros_multi_camera) by extensions ['ros']
[0.631s] [34mcolcon.colcon_core.package_identification[0m [1;30mLevel 1[0m _identify(src/zed-ros2-examples/isaac_ros/zed_isaac_ros_multi_camera) by extension 'ros'
[0.632s] [34mcolcon.colcon_core.package_identification[0m [1;30mDEBUG[0m [32mPackage 'src/zed-ros2-examples/isaac_ros/zed_isaac_ros_multi_camera' with type 'ros.ament_cmake' and name 'zed_isaac_ros_multi_camera'[0m
[0.632s] [34mcolcon.colcon_core.package_identification[0m [1;30mLevel 1[0m _identify(src/zed-ros2-examples/isaac_ros/zed_isaac_ros_nitros_sub) by extensions ['ignore', 'ignore_ament_install']
[0.632s] [34mcolcon.colcon_core.package_identification[0m [1;30mLevel 1[0m _identify(src/zed-ros2-examples/isaac_ros/zed_isaac_ros_nitros_sub) by extension 'ignore'
[0.632s] [34mcolcon.colcon_core.package_identification[0m [1;30mLevel 1[0m _identify(src/zed-ros2-examples/isaac_ros/zed_isaac_ros_nitros_sub) by extension 'ignore_ament_install'
[0.632s] [34mcolcon.colcon_core.package_identification[0m [1;30mLevel 1[0m _identify(src/zed-ros2-examples/isaac_ros/zed_isaac_ros_nitros_sub) by extensions ['colcon_pkg']
[0.632s] [34mcolcon.colcon_core.package_identification[0m [1;30mLevel 1[0m _identify(src/zed-ros2-examples/isaac_ros/zed_isaac_ros_nitros_sub) by extension 'colcon_pkg'
[0.632s] [34mcolcon.colcon_core.package_identification[0m [1;30mLevel 1[0m _identify(src/zed-ros2-examples/isaac_ros/zed_isaac_ros_nitros_sub) by extensions ['colcon_meta']
[0.632s] [34mcolcon.colcon_core.package_identification[0m [1;30mLevel 1[0m _identify(src/zed-ros2-examples/isaac_ros/zed_isaac_ros_nitros_sub) by extension 'colcon_meta'
[0.632s] [34mcolcon.colcon_core.package_identification[0m [1;30mLevel 1[0m _identify(src/zed-ros2-examples/isaac_ros/zed_isaac_ros_nitros_sub) by extensions ['ros']
[0.633s] [34mcolcon.colcon_core.package_identification[0m [1;30mLevel 1[0m _identify(src/zed-ros2-examples/isaac_ros/zed_isaac_ros_nitros_sub) by extension 'ros'
[0.633s] [34mcolcon.colcon_core.package_identification[0m [1;30mDEBUG[0m [32mPackage 'src/zed-ros2-examples/isaac_ros/zed_isaac_ros_nitros_sub' with type 'ros.ament_cmake' and name 'zed_isaac_ros_nitros_sub'[0m
[0.633s] [34mcolcon.colcon_core.package_identification[0m [1;30mLevel 1[0m _identify(src/zed-ros2-examples/rviz-plugin-zed-od) by extensions ['ignore', 'ignore_ament_install']
[0.633s] [34mcolcon.colcon_core.package_identification[0m [1;30mLevel 1[0m _identify(src/zed-ros2-examples/rviz-plugin-zed-od) by extension 'ignore'
[0.634s] [34mcolcon.colcon_core.package_identification[0m [1;30mLevel 1[0m _identify(src/zed-ros2-examples/rviz-plugin-zed-od) by extension 'ignore_ament_install'
[0.634s] [34mcolcon.colcon_core.package_identification[0m [1;30mLevel 1[0m _identify(src/zed-ros2-examples/rviz-plugin-zed-od) by extensions ['colcon_pkg']
[0.634s] [34mcolcon.colcon_core.package_identification[0m [1;30mLevel 1[0m _identify(src/zed-ros2-examples/rviz-plugin-zed-od) by extension 'colcon_pkg'
[0.634s] [34mcolcon.colcon_core.package_identification[0m [1;30mLevel 1[0m _identify(src/zed-ros2-examples/rviz-plugin-zed-od) by extensions ['colcon_meta']
[0.634s] [34mcolcon.colcon_core.package_identification[0m [1;30mLevel 1[0m _identify(src/zed-ros2-examples/rviz-plugin-zed-od) by extension 'colcon_meta'
[0.634s] [34mcolcon.colcon_core.package_identification[0m [1;30mLevel 1[0m _identify(src/zed-ros2-examples/rviz-plugin-zed-od) by extensions ['ros']
[0.634s] [34mcolcon.colcon_core.package_identification[0m [1;30mLevel 1[0m _identify(src/zed-ros2-examples/rviz-plugin-zed-od) by extension 'ros'
[0.635s] [34mcolcon.colcon_core.package_identification[0m [1;30mDEBUG[0m [32mPackage 'src/zed-ros2-examples/rviz-plugin-zed-od' with type 'ros.ament_cmake' and name 'rviz_plugin_zed_od'[0m
[0.635s] [34mcolcon.colcon_core.package_identification[0m [1;30mLevel 1[0m _identify(src/zed-ros2-examples/tools) by extensions ['ignore', 'ignore_ament_install']
[0.635s] [34mcolcon.colcon_core.package_identification[0m [1;30mLevel 1[0m _identify(src/zed-ros2-examples/tools) by extension 'ignore'
[0.635s] [34mcolcon.colcon_core.package_identification[0m [1;30mLevel 1[0m _identify(src/zed-ros2-examples/tools) by extension 'ignore_ament_install'
[0.635s] [34mcolcon.colcon_core.package_identification[0m [1;30mLevel 1[0m _identify(src/zed-ros2-examples/tools) by extensions ['colcon_pkg']
[0.635s] [34mcolcon.colcon_core.package_identification[0m [1;30mLevel 1[0m _identify(src/zed-ros2-examples/tools) by extension 'colcon_pkg'
[0.635s] [34mcolcon.colcon_core.package_identification[0m [1;30mLevel 1[0m _identify(src/zed-ros2-examples/tools) by extensions ['colcon_meta']
[0.635s] [34mcolcon.colcon_core.package_identification[0m [1;30mLevel 1[0m _identify(src/zed-ros2-examples/tools) by extension 'colcon_meta'
[0.635s] [34mcolcon.colcon_core.package_identification[0m [1;30mLevel 1[0m _identify(src/zed-ros2-examples/tools) by extensions ['ros']
[0.635s] [34mcolcon.colcon_core.package_identification[0m [1;30mLevel 1[0m _identify(src/zed-ros2-examples/tools) by extension 'ros'
[0.635s] [34mcolcon.colcon_core.package_identification[0m [1;30mLevel 1[0m _identify(src/zed-ros2-examples/tools) by extensions ['cmake', 'python']
[0.635s] [34mcolcon.colcon_core.package_identification[0m [1;30mLevel 1[0m _identify(src/zed-ros2-examples/tools) by extension 'cmake'
[0.636s] [34mcolcon.colcon_core.package_identification[0m [1;30mLevel 1[0m _identify(src/zed-ros2-examples/tools) by extension 'python'
[0.636s] [34mcolcon.colcon_core.package_identification[0m [1;30mLevel 1[0m _identify(src/zed-ros2-examples/tools) by extensions ['python_setup_py']
[0.636s] [34mcolcon.colcon_core.package_identification[0m [1;30mLevel 1[0m _identify(src/zed-ros2-examples/tools) by extension 'python_setup_py'
[0.636s] [34mcolcon.colcon_core.package_identification[0m [1;30mLevel 1[0m _identify(src/zed-ros2-examples/tools/zed_benchmark) by extensions ['ignore', 'ignore_ament_install']
[0.636s] [34mcolcon.colcon_core.package_identification[0m [1;30mLevel 1[0m _identify(src/zed-ros2-examples/tools/zed_benchmark) by extension 'ignore'
[0.636s] [34mcolcon.colcon_core.package_identification[0m [1;30mLevel 1[0m _identify(src/zed-ros2-examples/tools/zed_benchmark) by extension 'ignore_ament_install'
[0.636s] [34mcolcon.colcon_core.package_identification[0m [1;30mLevel 1[0m _identify(src/zed-ros2-examples/tools/zed_benchmark) by extensions ['colcon_pkg']
[0.636s] [34mcolcon.colcon_core.package_identification[0m [1;30mLevel 1[0m _identify(src/zed-ros2-examples/tools/zed_benchmark) by extension 'colcon_pkg'
[0.636s] [34mcolcon.colcon_core.package_identification[0m [1;30mLevel 1[0m _identify(src/zed-ros2-examples/tools/zed_benchmark) by extensions ['colcon_meta']
[0.636s] [34mcolcon.colcon_core.package_identification[0m [1;30mLevel 1[0m _identify(src/zed-ros2-examples/tools/zed_benchmark) by extension 'colcon_meta'
[0.636s] [34mcolcon.colcon_core.package_identification[0m [1;30mLevel 1[0m _identify(src/zed-ros2-examples/tools/zed_benchmark) by extensions ['ros']
[0.636s] [34mcolcon.colcon_core.package_identification[0m [1;30mLevel 1[0m _identify(src/zed-ros2-examples/tools/zed_benchmark) by extension 'ros'
[0.637s] [34mcolcon.colcon_core.package_identification[0m [1;30mDEBUG[0m [32mPackage 'src/zed-ros2-examples/tools/zed_benchmark' with type 'ros.ament_cmake' and name 'zed_topic_benchmark'[0m
[0.637s] [34mcolcon.colcon_core.package_identification[0m [1;30mLevel 1[0m _identify(src/zed-ros2-examples/tools/zed_benchmark_component) by extensions ['ignore', 'ignore_ament_install']
[0.637s] [34mcolcon.colcon_core.package_identification[0m [1;30mLevel 1[0m _identify(src/zed-ros2-examples/tools/zed_benchmark_component) by extension 'ignore'
[0.637s] [34mcolcon.colcon_core.package_identification[0m [1;30mLevel 1[0m _identify(src/zed-ros2-examples/tools/zed_benchmark_component) by extension 'ignore_ament_install'
[0.638s] [34mcolcon.colcon_core.package_identification[0m [1;30mLevel 1[0m _identify(src/zed-ros2-examples/tools/zed_benchmark_component) by extensions ['colcon_pkg']
[0.638s] [34mcolcon.colcon_core.package_identification[0m [1;30mLevel 1[0m _identify(src/zed-ros2-examples/tools/zed_benchmark_component) by extension 'colcon_pkg'
[0.638s] [34mcolcon.colcon_core.package_identification[0m [1;30mLevel 1[0m _identify(src/zed-ros2-examples/tools/zed_benchmark_component) by extensions ['colcon_meta']
[0.638s] [34mcolcon.colcon_core.package_identification[0m [1;30mLevel 1[0m _identify(src/zed-ros2-examples/tools/zed_benchmark_component) by extension 'colcon_meta'
[0.638s] [34mcolcon.colcon_core.package_identification[0m [1;30mLevel 1[0m _identify(src/zed-ros2-examples/tools/zed_benchmark_component) by extensions ['ros']
[0.638s] [34mcolcon.colcon_core.package_identification[0m [1;30mLevel 1[0m _identify(src/zed-ros2-examples/tools/zed_benchmark_component) by extension 'ros'
[0.639s] [34mcolcon.colcon_core.package_identification[0m [1;30mDEBUG[0m [32mPackage 'src/zed-ros2-examples/tools/zed_benchmark_component' with type 'ros.ament_cmake' and name 'zed_topic_benchmark_component'[0m
[0.639s] [34mcolcon.colcon_core.package_identification[0m [1;30mLevel 1[0m _identify(src/zed-ros2-examples/tools/zed_benchmark_interfaces) by extensions ['ignore', 'ignore_ament_install']
[0.639s] [34mcolcon.colcon_core.package_identification[0m [1;30mLevel 1[0m _identify(src/zed-ros2-examples/tools/zed_benchmark_interfaces) by extension 'ignore'
[0.639s] [34mcolcon.colcon_core.package_identification[0m [1;30mLevel 1[0m _identify(src/zed-ros2-examples/tools/zed_benchmark_interfaces) by extension 'ignore_ament_install'
[0.639s] [34mcolcon.colcon_core.package_identification[0m [1;30mLevel 1[0m _identify(src/zed-ros2-examples/tools/zed_benchmark_interfaces) by extensions ['colcon_pkg']
[0.639s] [34mcolcon.colcon_core.package_identification[0m [1;30mLevel 1[0m _identify(src/zed-ros2-examples/tools/zed_benchmark_interfaces) by extension 'colcon_pkg'
[0.639s] [34mcolcon.colcon_core.package_identification[0m [1;30mLevel 1[0m _identify(src/zed-ros2-examples/tools/zed_benchmark_interfaces) by extensions ['colcon_meta']
[0.639s] [34mcolcon.colcon_core.package_identification[0m [1;30mLevel 1[0m _identify(src/zed-ros2-examples/tools/zed_benchmark_interfaces) by extension 'colcon_meta'
[0.640s] [34mcolcon.colcon_core.package_identification[0m [1;30mLevel 1[0m _identify(src/zed-ros2-examples/tools/zed_benchmark_interfaces) by extensions ['ros']
[0.640s] [34mcolcon.colcon_core.package_identification[0m [1;30mLevel 1[0m _identify(src/zed-ros2-examples/tools/zed_benchmark_interfaces) by extension 'ros'
[0.640s] [34mcolcon.colcon_core.package_identification[0m [1;30mDEBUG[0m [32mPackage 'src/zed-ros2-examples/tools/zed_benchmark_interfaces' with type 'ros.ament_cmake' and name 'zed_topic_benchmark_interfaces'[0m
[0.641s] [34mcolcon.colcon_core.package_identification[0m [1;30mLevel 1[0m _identify(src/zed-ros2-examples/tutorials) by extensions ['ignore', 'ignore_ament_install']
[0.641s] [34mcolcon.colcon_core.package_identification[0m [1;30mLevel 1[0m _identify(src/zed-ros2-examples/tutorials) by extension 'ignore'
[0.641s] [34mcolcon.colcon_core.package_identification[0m [1;30mLevel 1[0m _identify(src/zed-ros2-examples/tutorials) by extension 'ignore_ament_install'
[0.641s] [34mcolcon.colcon_core.package_identification[0m [1;30mLevel 1[0m _identify(src/zed-ros2-examples/tutorials) by extensions ['colcon_pkg']
[0.641s] [34mcolcon.colcon_core.package_identification[0m [1;30mLevel 1[0m _identify(src/zed-ros2-examples/tutorials) by extension 'colcon_pkg'
[0.641s] [34mcolcon.colcon_core.package_identification[0m [1;30mLevel 1[0m _identify(src/zed-ros2-examples/tutorials) by extensions ['colcon_meta']
[0.641s] [34mcolcon.colcon_core.package_identification[0m [1;30mLevel 1[0m _identify(src/zed-ros2-examples/tutorials) by extension 'colcon_meta'
[0.641s] [34mcolcon.colcon_core.package_identification[0m [1;30mLevel 1[0m _identify(src/zed-ros2-examples/tutorials) by extensions ['ros']
[0.641s] [34mcolcon.colcon_core.package_identification[0m [1;30mLevel 1[0m _identify(src/zed-ros2-examples/tutorials) by extension 'ros'
[0.641s] [34mcolcon.colcon_core.package_identification[0m [1;30mLevel 1[0m _identify(src/zed-ros2-examples/tutorials) by extensions ['cmake', 'python']
[0.641s] [34mcolcon.colcon_core.package_identification[0m [1;30mLevel 1[0m _identify(src/zed-ros2-examples/tutorials) by extension 'cmake'
[0.641s] [34mcolcon.colcon_core.package_identification[0m [1;30mLevel 1[0m _identify(src/zed-ros2-examples/tutorials) by extension 'python'
[0.641s] [34mcolcon.colcon_core.package_identification[0m [1;30mLevel 1[0m _identify(src/zed-ros2-examples/tutorials) by extensions ['python_setup_py']
[0.641s] [34mcolcon.colcon_core.package_identification[0m [1;30mLevel 1[0m _identify(src/zed-ros2-examples/tutorials) by extension 'python_setup_py'
[0.641s] [34mcolcon.colcon_core.package_identification[0m [1;30mLevel 1[0m _identify(src/zed-ros2-examples/tutorials/zed_depth_tutorial) by extensions ['ignore', 'ignore_ament_install']
[0.641s] [34mcolcon.colcon_core.package_identification[0m [1;30mLevel 1[0m _identify(src/zed-ros2-examples/tutorials/zed_depth_tutorial) by extension 'ignore'
[0.641s] [34mcolcon.colcon_core.package_identification[0m [1;30mLevel 1[0m _identify(src/zed-ros2-examples/tutorials/zed_depth_tutorial) by extension 'ignore_ament_install'
[0.641s] [34mcolcon.colcon_core.package_identification[0m [1;30mLevel 1[0m _identify(src/zed-ros2-examples/tutorials/zed_depth_tutorial) by extensions ['colcon_pkg']
[0.641s] [34mcolcon.colcon_core.package_identification[0m [1;30mLevel 1[0m _identify(src/zed-ros2-examples/tutorials/zed_depth_tutorial) by extension 'colcon_pkg'
[0.642s] [34mcolcon.colcon_core.package_identification[0m [1;30mLevel 1[0m _identify(src/zed-ros2-examples/tutorials/zed_depth_tutorial) by extensions ['colcon_meta']
[0.642s] [34mcolcon.colcon_core.package_identification[0m [1;30mLevel 1[0m _identify(src/zed-ros2-examples/tutorials/zed_depth_tutorial) by extension 'colcon_meta'
[0.642s] [34mcolcon.colcon_core.package_identification[0m [1;30mLevel 1[0m _identify(src/zed-ros2-examples/tutorials/zed_depth_tutorial) by extensions ['ros']
[0.642s] [34mcolcon.colcon_core.package_identification[0m [1;30mLevel 1[0m _identify(src/zed-ros2-examples/tutorials/zed_depth_tutorial) by extension 'ros'
[0.642s] [34mcolcon.colcon_core.package_identification[0m [1;30mDEBUG[0m [32mPackage 'src/zed-ros2-examples/tutorials/zed_depth_tutorial' with type 'ros.ament_cmake' and name 'zed_tutorial_depth'[0m
[0.642s] [34mcolcon.colcon_core.package_identification[0m [1;30mLevel 1[0m _identify(src/zed-ros2-examples/tutorials/zed_ipc) by extensions ['ignore', 'ignore_ament_install']
[0.642s] [34mcolcon.colcon_core.package_identification[0m [1;30mLevel 1[0m _identify(src/zed-ros2-examples/tutorials/zed_ipc) by extension 'ignore'
[0.643s] [34mcolcon.colcon_core.package_identification[0m [1;30mLevel 1[0m _identify(src/zed-ros2-examples/tutorials/zed_ipc) by extension 'ignore_ament_install'
[0.643s] [34mcolcon.colcon_core.package_identification[0m [1;30mLevel 1[0m _identify(src/zed-ros2-examples/tutorials/zed_ipc) by extensions ['colcon_pkg']
[0.643s] [34mcolcon.colcon_core.package_identification[0m [1;30mLevel 1[0m _identify(src/zed-ros2-examples/tutorials/zed_ipc) by extension 'colcon_pkg'
[0.643s] [34mcolcon.colcon_core.package_identification[0m [1;30mLevel 1[0m _identify(src/zed-ros2-examples/tutorials/zed_ipc) by extensions ['colcon_meta']
[0.643s] [34mcolcon.colcon_core.package_identification[0m [1;30mLevel 1[0m _identify(src/zed-ros2-examples/tutorials/zed_ipc) by extension 'colcon_meta'
[0.643s] [34mcolcon.colcon_core.package_identification[0m [1;30mLevel 1[0m _identify(src/zed-ros2-examples/tutorials/zed_ipc) by extensions ['ros']
[0.643s] [34mcolcon.colcon_core.package_identification[0m [1;30mLevel 1[0m _identify(src/zed-ros2-examples/tutorials/zed_ipc) by extension 'ros'
[0.643s] [34mcolcon.colcon_core.package_identification[0m [1;30mDEBUG[0m [32mPackage 'src/zed-ros2-examples/tutorials/zed_ipc' with type 'ros.ament_cmake' and name 'zed_ipc'[0m
[0.643s] [34mcolcon.colcon_core.package_identification[0m [1;30mLevel 1[0m _identify(src/zed-ros2-examples/tutorials/zed_multi_camera) by extensions ['ignore', 'ignore_ament_install']
[0.643s] [34mcolcon.colcon_core.package_identification[0m [1;30mLevel 1[0m _identify(src/zed-ros2-examples/tutorials/zed_multi_camera) by extension 'ignore'
[0.644s] [34mcolcon.colcon_core.package_identification[0m [1;30mLevel 1[0m _identify(src/zed-ros2-examples/tutorials/zed_multi_camera) by extension 'ignore_ament_install'
[0.644s] [34mcolcon.colcon_core.package_identification[0m [1;30mLevel 1[0m _identify(src/zed-ros2-examples/tutorials/zed_multi_camera) by extensions ['colcon_pkg']
[0.644s] [34mcolcon.colcon_core.package_identification[0m [1;30mLevel 1[0m _identify(src/zed-ros2-examples/tutorials/zed_multi_camera) by extension 'colcon_pkg'
[0.644s] [34mcolcon.colcon_core.package_identification[0m [1;30mLevel 1[0m _identify(src/zed-ros2-examples/tutorials/zed_multi_camera) by extensions ['colcon_meta']
[0.644s] [34mcolcon.colcon_core.package_identification[0m [1;30mLevel 1[0m _identify(src/zed-ros2-examples/tutorials/zed_multi_camera) by extension 'colcon_meta'
[0.644s] [34mcolcon.colcon_core.package_identification[0m [1;30mLevel 1[0m _identify(src/zed-ros2-examples/tutorials/zed_multi_camera) by extensions ['ros']
[0.644s] [34mcolcon.colcon_core.package_identification[0m [1;30mLevel 1[0m _identify(src/zed-ros2-examples/tutorials/zed_multi_camera) by extension 'ros'
[0.644s] [34mcolcon.colcon_core.package_identification[0m [1;30mDEBUG[0m [32mPackage 'src/zed-ros2-examples/tutorials/zed_multi_camera' with type 'ros.ament_cmake' and name 'zed_multi_camera'[0m
[0.644s] [34mcolcon.colcon_core.package_identification[0m [1;30mLevel 1[0m _identify(src/zed-ros2-examples/tutorials/zed_pose_tutorial) by extensions ['ignore', 'ignore_ament_install']
[0.645s] [34mcolcon.colcon_core.package_identification[0m [1;30mLevel 1[0m _identify(src/zed-ros2-examples/tutorials/zed_pose_tutorial) by extension 'ignore'
[0.645s] [34mcolcon.colcon_core.package_identification[0m [1;30mLevel 1[0m _identify(src/zed-ros2-examples/tutorials/zed_pose_tutorial) by extension 'ignore_ament_install'
[0.645s] [34mcolcon.colcon_core.package_identification[0m [1;30mLevel 1[0m _identify(src/zed-ros2-examples/tutorials/zed_pose_tutorial) by extensions ['colcon_pkg']
[0.645s] [34mcolcon.colcon_core.package_identification[0m [1;30mLevel 1[0m _identify(src/zed-ros2-examples/tutorials/zed_pose_tutorial) by extension 'colcon_pkg'
[0.645s] [34mcolcon.colcon_core.package_identification[0m [1;30mLevel 1[0m _identify(src/zed-ros2-examples/tutorials/zed_pose_tutorial) by extensions ['colcon_meta']
[0.645s] [34mcolcon.colcon_core.package_identification[0m [1;30mLevel 1[0m _identify(src/zed-ros2-examples/tutorials/zed_pose_tutorial) by extension 'colcon_meta'
[0.645s] [34mcolcon.colcon_core.package_identification[0m [1;30mLevel 1[0m _identify(src/zed-ros2-examples/tutorials/zed_pose_tutorial) by extensions ['ros']
[0.645s] [34mcolcon.colcon_core.package_identification[0m [1;30mLevel 1[0m _identify(src/zed-ros2-examples/tutorials/zed_pose_tutorial) by extension 'ros'
[0.646s] [34mcolcon.colcon_core.package_identification[0m [1;30mDEBUG[0m [32mPackage 'src/zed-ros2-examples/tutorials/zed_pose_tutorial' with type 'ros.ament_cmake' and name 'zed_tutorial_pos_tracking'[0m
[0.647s] [34mcolcon.colcon_core.package_identification[0m [1;30mLevel 1[0m _identify(src/zed-ros2-examples/tutorials/zed_rgb_convert) by extensions ['ignore', 'ignore_ament_install']
[0.647s] [34mcolcon.colcon_core.package_identification[0m [1;30mLevel 1[0m _identify(src/zed-ros2-examples/tutorials/zed_rgb_convert) by extension 'ignore'
[0.647s] [34mcolcon.colcon_core.package_identification[0m [1;30mLevel 1[0m _identify(src/zed-ros2-examples/tutorials/zed_rgb_convert) by extension 'ignore_ament_install'
[0.647s] [34mcolcon.colcon_core.package_identification[0m [1;30mLevel 1[0m _identify(src/zed-ros2-examples/tutorials/zed_rgb_convert) by extensions ['colcon_pkg']
[0.647s] [34mcolcon.colcon_core.package_identification[0m [1;30mLevel 1[0m _identify(src/zed-ros2-examples/tutorials/zed_rgb_convert) by extension 'colcon_pkg'
[0.647s] [34mcolcon.colcon_core.package_identification[0m [1;30mLevel 1[0m _identify(src/zed-ros2-examples/tutorials/zed_rgb_convert) by extensions ['colcon_meta']
[0.647s] [34mcolcon.colcon_core.package_identification[0m [1;30mLevel 1[0m _identify(src/zed-ros2-examples/tutorials/zed_rgb_convert) by extension 'colcon_meta'
[0.647s] [34mcolcon.colcon_core.package_identification[0m [1;30mLevel 1[0m _identify(src/zed-ros2-examples/tutorials/zed_rgb_convert) by extensions ['ros']
[0.647s] [34mcolcon.colcon_core.package_identification[0m [1;30mLevel 1[0m _identify(src/zed-ros2-examples/tutorials/zed_rgb_convert) by extension 'ros'
[0.648s] [34mcolcon.colcon_core.package_identification[0m [1;30mDEBUG[0m [32mPackage 'src/zed-ros2-examples/tutorials/zed_rgb_convert' with type 'ros.ament_cmake' and name 'zed_rgb_convert'[0m
[0.648s] [34mcolcon.colcon_core.package_identification[0m [1;30mLevel 1[0m _identify(src/zed-ros2-examples/tutorials/zed_robot_integration) by extensions ['ignore', 'ignore_ament_install']
[0.648s] [34mcolcon.colcon_core.package_identification[0m [1;30mLevel 1[0m _identify(src/zed-ros2-examples/tutorials/zed_robot_integration) by extension 'ignore'
[0.648s] [34mcolcon.colcon_core.package_identification[0m [1;30mLevel 1[0m _identify(src/zed-ros2-examples/tutorials/zed_robot_integration) by extension 'ignore_ament_install'
[0.648s] [34mcolcon.colcon_core.package_identification[0m [1;30mLevel 1[0m _identify(src/zed-ros2-examples/tutorials/zed_robot_integration) by extensions ['colcon_pkg']
[0.648s] [34mcolcon.colcon_core.package_identification[0m [1;30mLevel 1[0m _identify(src/zed-ros2-examples/tutorials/zed_robot_integration) by extension 'colcon_pkg'
[0.648s] [34mcolcon.colcon_core.package_identification[0m [1;30mLevel 1[0m _identify(src/zed-ros2-examples/tutorials/zed_robot_integration) by extensions ['colcon_meta']
[0.648s] [34mcolcon.colcon_core.package_identification[0m [1;30mLevel 1[0m _identify(src/zed-ros2-examples/tutorials/zed_robot_integration) by extension 'colcon_meta'
[0.648s] [34mcolcon.colcon_core.package_identification[0m [1;30mLevel 1[0m _identify(src/zed-ros2-examples/tutorials/zed_robot_integration) by extensions ['ros']
[0.648s] [34mcolcon.colcon_core.package_identification[0m [1;30mLevel 1[0m _identify(src/zed-ros2-examples/tutorials/zed_robot_integration) by extension 'ros'
[0.649s] [34mcolcon.colcon_core.package_identification[0m [1;30mDEBUG[0m [32mPackage 'src/zed-ros2-examples/tutorials/zed_robot_integration' with type 'ros.ament_cmake' and name 'zed_robot_integration'[0m
[0.649s] [34mcolcon.colcon_core.package_identification[0m [1;30mLevel 1[0m _identify(src/zed-ros2-examples/tutorials/zed_video_tutorial) by extensions ['ignore', 'ignore_ament_install']
[0.649s] [34mcolcon.colcon_core.package_identification[0m [1;30mLevel 1[0m _identify(src/zed-ros2-examples/tutorials/zed_video_tutorial) by extension 'ignore'
[0.649s] [34mcolcon.colcon_core.package_identification[0m [1;30mLevel 1[0m _identify(src/zed-ros2-examples/tutorials/zed_video_tutorial) by extension 'ignore_ament_install'
[0.649s] [34mcolcon.colcon_core.package_identification[0m [1;30mLevel 1[0m _identify(src/zed-ros2-examples/tutorials/zed_video_tutorial) by extensions ['colcon_pkg']
[0.649s] [34mcolcon.colcon_core.package_identification[0m [1;30mLevel 1[0m _identify(src/zed-ros2-examples/tutorials/zed_video_tutorial) by extension 'colcon_pkg'
[0.650s] [34mcolcon.colcon_core.package_identification[0m [1;30mLevel 1[0m _identify(src/zed-ros2-examples/tutorials/zed_video_tutorial) by extensions ['colcon_meta']
[0.650s] [34mcolcon.colcon_core.package_identification[0m [1;30mLevel 1[0m _identify(src/zed-ros2-examples/tutorials/zed_video_tutorial) by extension 'colcon_meta'
[0.650s] [34mcolcon.colcon_core.package_identification[0m [1;30mLevel 1[0m _identify(src/zed-ros2-examples/tutorials/zed_video_tutorial) by extensions ['ros']
[0.650s] [34mcolcon.colcon_core.package_identification[0m [1;30mLevel 1[0m _identify(src/zed-ros2-examples/tutorials/zed_video_tutorial) by extension 'ros'
[0.650s] [34mcolcon.colcon_core.package_identification[0m [1;30mDEBUG[0m [32mPackage 'src/zed-ros2-examples/tutorials/zed_video_tutorial' with type 'ros.ament_cmake' and name 'zed_tutorial_video'[0m
[0.650s] [34mcolcon.colcon_core.package_identification[0m [1;30mLevel 1[0m _identify(src/zed-ros2-examples/zed_display_foxglove) by extensions ['ignore', 'ignore_ament_install']
[0.651s] [34mcolcon.colcon_core.package_identification[0m [1;30mLevel 1[0m _identify(src/zed-ros2-examples/zed_display_foxglove) by extension 'ignore'
[0.651s] [34mcolcon.colcon_core.package_identification[0m [1;30mLevel 1[0m _identify(src/zed-ros2-examples/zed_display_foxglove) by extension 'ignore_ament_install'
[0.651s] [34mcolcon.colcon_core.package_identification[0m [1;30mLevel 1[0m _identify(src/zed-ros2-examples/zed_display_foxglove) by extensions ['colcon_pkg']
[0.651s] [34mcolcon.colcon_core.package_identification[0m [1;30mLevel 1[0m _identify(src/zed-ros2-examples/zed_display_foxglove) by extension 'colcon_pkg'
[0.651s] [34mcolcon.colcon_core.package_identification[0m [1;30mLevel 1[0m _identify(src/zed-ros2-examples/zed_display_foxglove) by extensions ['colcon_meta']
[0.651s] [34mcolcon.colcon_core.package_identification[0m [1;30mLevel 1[0m _identify(src/zed-ros2-examples/zed_display_foxglove) by extension 'colcon_meta'
[0.651s] [34mcolcon.colcon_core.package_identification[0m [1;30mLevel 1[0m _identify(src/zed-ros2-examples/zed_display_foxglove) by extensions ['ros']
[0.651s] [34mcolcon.colcon_core.package_identification[0m [1;30mLevel 1[0m _identify(src/zed-ros2-examples/zed_display_foxglove) by extension 'ros'
[0.651s] [34mcolcon.colcon_core.package_identification[0m [1;30mLevel 1[0m _identify(src/zed-ros2-examples/zed_display_foxglove) by extensions ['cmake', 'python']
[0.651s] [34mcolcon.colcon_core.package_identification[0m [1;30mLevel 1[0m _identify(src/zed-ros2-examples/zed_display_foxglove) by extension 'cmake'
[0.651s] [34mcolcon.colcon_core.package_identification[0m [1;30mLevel 1[0m _identify(src/zed-ros2-examples/zed_display_foxglove) by extension 'python'
[0.651s] [34mcolcon.colcon_core.package_identification[0m [1;30mLevel 1[0m _identify(src/zed-ros2-examples/zed_display_foxglove) by extensions ['python_setup_py']
[0.651s] [34mcolcon.colcon_core.package_identification[0m [1;30mLevel 1[0m _identify(src/zed-ros2-examples/zed_display_foxglove) by extension 'python_setup_py'
[0.651s] [34mcolcon.colcon_core.package_identification[0m [1;30mLevel 1[0m _identify(src/zed-ros2-examples/zed_display_foxglove/images) by extensions ['ignore', 'ignore_ament_install']
[0.651s] [34mcolcon.colcon_core.package_identification[0m [1;30mLevel 1[0m _identify(src/zed-ros2-examples/zed_display_foxglove/images) by extension 'ignore'
[0.651s] [34mcolcon.colcon_core.package_identification[0m [1;30mLevel 1[0m _identify(src/zed-ros2-examples/zed_display_foxglove/images) by extension 'ignore_ament_install'
[0.651s] [34mcolcon.colcon_core.package_identification[0m [1;30mLevel 1[0m _identify(src/zed-ros2-examples/zed_display_foxglove/images) by extensions ['colcon_pkg']
[0.651s] [34mcolcon.colcon_core.package_identification[0m [1;30mLevel 1[0m _identify(src/zed-ros2-examples/zed_display_foxglove/images) by extension 'colcon_pkg'
[0.651s] [34mcolcon.colcon_core.package_identification[0m [1;30mLevel 1[0m _identify(src/zed-ros2-examples/zed_display_foxglove/images) by extensions ['colcon_meta']
[0.651s] [34mcolcon.colcon_core.package_identification[0m [1;30mLevel 1[0m _identify(src/zed-ros2-examples/zed_display_foxglove/images) by extension 'colcon_meta'
[0.652s] [34mcolcon.colcon_core.package_identification[0m [1;30mLevel 1[0m _identify(src/zed-ros2-examples/zed_display_foxglove/images) by extensions ['ros']
[0.652s] [34mcolcon.colcon_core.package_identification[0m [1;30mLevel 1[0m _identify(src/zed-ros2-examples/zed_display_foxglove/images) by extension 'ros'
[0.652s] [34mcolcon.colcon_core.package_identification[0m [1;30mLevel 1[0m _identify(src/zed-ros2-examples/zed_display_foxglove/images) by extensions ['cmake', 'python']
[0.652s] [34mcolcon.colcon_core.package_identification[0m [1;30mLevel 1[0m _identify(src/zed-ros2-examples/zed_display_foxglove/images) by extension 'cmake'
[0.652s] [34mcolcon.colcon_core.package_identification[0m [1;30mLevel 1[0m _identify(src/zed-ros2-examples/zed_display_foxglove/images) by extension 'python'
[0.652s] [34mcolcon.colcon_core.package_identification[0m [1;30mLevel 1[0m _identify(src/zed-ros2-examples/zed_display_foxglove/images) by extensions ['python_setup_py']
[0.652s] [34mcolcon.colcon_core.package_identification[0m [1;30mLevel 1[0m _identify(src/zed-ros2-examples/zed_display_foxglove/images) by extension 'python_setup_py'
[0.652s] [34mcolcon.colcon_core.package_identification[0m [1;30mLevel 1[0m _identify(src/zed-ros2-examples/zed_display_foxglove/layouts) by extensions ['ignore', 'ignore_ament_install']
[0.652s] [34mcolcon.colcon_core.package_identification[0m [1;30mLevel 1[0m _identify(src/zed-ros2-examples/zed_display_foxglove/layouts) by extension 'ignore'
[0.652s] [34mcolcon.colcon_core.package_identification[0m [1;30mLevel 1[0m _identify(src/zed-ros2-examples/zed_display_foxglove/layouts) by extension 'ignore_ament_install'
[0.652s] [34mcolcon.colcon_core.package_identification[0m [1;30mLevel 1[0m _identify(src/zed-ros2-examples/zed_display_foxglove/layouts) by extensions ['colcon_pkg']
[0.652s] [34mcolcon.colcon_core.package_identification[0m [1;30mLevel 1[0m _identify(src/zed-ros2-examples/zed_display_foxglove/layouts) by extension 'colcon_pkg'
[0.652s] [34mcolcon.colcon_core.package_identification[0m [1;30mLevel 1[0m _identify(src/zed-ros2-examples/zed_display_foxglove/layouts) by extensions ['colcon_meta']
[0.652s] [34mcolcon.colcon_core.package_identification[0m [1;30mLevel 1[0m _identify(src/zed-ros2-examples/zed_display_foxglove/layouts) by extension 'colcon_meta'
[0.652s] [34mcolcon.colcon_core.package_identification[0m [1;30mLevel 1[0m _identify(src/zed-ros2-examples/zed_display_foxglove/layouts) by extensions ['ros']
[0.652s] [34mcolcon.colcon_core.package_identification[0m [1;30mLevel 1[0m _identify(src/zed-ros2-examples/zed_display_foxglove/layouts) by extension 'ros'
[0.652s] [34mcolcon.colcon_core.package_identification[0m [1;30mLevel 1[0m _identify(src/zed-ros2-examples/zed_display_foxglove/layouts) by extensions ['cmake', 'python']
[0.652s] [34mcolcon.colcon_core.package_identification[0m [1;30mLevel 1[0m _identify(src/zed-ros2-examples/zed_display_foxglove/layouts) by extension 'cmake'
[0.652s] [34mcolcon.colcon_core.package_identification[0m [1;30mLevel 1[0m _identify(src/zed-ros2-examples/zed_display_foxglove/layouts) by extension 'python'
[0.652s] [34mcolcon.colcon_core.package_identification[0m [1;30mLevel 1[0m _identify(src/zed-ros2-examples/zed_display_foxglove/layouts) by extensions ['python_setup_py']
[0.652s] [34mcolcon.colcon_core.package_identification[0m [1;30mLevel 1[0m _identify(src/zed-ros2-examples/zed_display_foxglove/layouts) by extension 'python_setup_py'
[0.653s] [34mcolcon.colcon_core.package_identification[0m [1;30mLevel 1[0m _identify(src/zed-ros2-examples/zed_display_rviz2) by extensions ['ignore', 'ignore_ament_install']
[0.653s] [34mcolcon.colcon_core.package_identification[0m [1;30mLevel 1[0m _identify(src/zed-ros2-examples/zed_display_rviz2) by extension 'ignore'
[0.653s] [34mcolcon.colcon_core.package_identification[0m [1;30mLevel 1[0m _identify(src/zed-ros2-examples/zed_display_rviz2) by extension 'ignore_ament_install'
[0.653s] [34mcolcon.colcon_core.package_identification[0m [1;30mLevel 1[0m _identify(src/zed-ros2-examples/zed_display_rviz2) by extensions ['colcon_pkg']
[0.653s] [34mcolcon.colcon_core.package_identification[0m [1;30mLevel 1[0m _identify(src/zed-ros2-examples/zed_display_rviz2) by extension 'colcon_pkg'
[0.653s] [34mcolcon.colcon_core.package_identification[0m [1;30mLevel 1[0m _identify(src/zed-ros2-examples/zed_display_rviz2) by extensions ['colcon_meta']
[0.653s] [34mcolcon.colcon_core.package_identification[0m [1;30mLevel 1[0m _identify(src/zed-ros2-examples/zed_display_rviz2) by extension 'colcon_meta'
[0.653s] [34mcolcon.colcon_core.package_identification[0m [1;30mLevel 1[0m _identify(src/zed-ros2-examples/zed_display_rviz2) by extensions ['ros']
[0.653s] [34mcolcon.colcon_core.package_identification[0m [1;30mLevel 1[0m _identify(src/zed-ros2-examples/zed_display_rviz2) by extension 'ros'
[0.654s] [34mcolcon.colcon_core.package_identification[0m [1;30mDEBUG[0m [32mPackage 'src/zed-ros2-examples/zed_display_rviz2' with type 'ros.ament_cmake' and name 'zed_display_rviz2'[0m
[0.654s] [34mcolcon.colcon_core.package_identification[0m [1;30mLevel 1[0m _identify(src/zed-ros2-wrapper) by extensions ['ignore', 'ignore_ament_install']
[0.654s] [34mcolcon.colcon_core.package_identification[0m [1;30mLevel 1[0m _identify(src/zed-ros2-wrapper) by extension 'ignore'
[0.655s] [34mcolcon.colcon_core.package_identification[0m [1;30mLevel 1[0m _identify(src/zed-ros2-wrapper) by extension 'ignore_ament_install'
[0.655s] [34mcolcon.colcon_core.package_identification[0m [1;30mLevel 1[0m _identify(src/zed-ros2-wrapper) by extensions ['colcon_pkg']
[0.655s] [34mcolcon.colcon_core.package_identification[0m [1;30mLevel 1[0m _identify(src/zed-ros2-wrapper) by extension 'colcon_pkg'
[0.655s] [34mcolcon.colcon_core.package_identification[0m [1;30mLevel 1[0m _identify(src/zed-ros2-wrapper) by extensions ['colcon_meta']
[0.655s] [34mcolcon.colcon_core.package_identification[0m [1;30mLevel 1[0m _identify(src/zed-ros2-wrapper) by extension 'colcon_meta'
[0.655s] [34mcolcon.colcon_core.package_identification[0m [1;30mLevel 1[0m _identify(src/zed-ros2-wrapper) by extensions ['ros']
[0.655s] [34mcolcon.colcon_core.package_identification[0m [1;30mLevel 1[0m _identify(src/zed-ros2-wrapper) by extension 'ros'
[0.655s] [34mcolcon.colcon_core.package_identification[0m [1;30mLevel 1[0m _identify(src/zed-ros2-wrapper) by extensions ['cmake', 'python']
[0.655s] [34mcolcon.colcon_core.package_identification[0m [1;30mLevel 1[0m _identify(src/zed-ros2-wrapper) by extension 'cmake'
[0.655s] [34mcolcon.colcon_core.package_identification[0m [1;30mLevel 1[0m _identify(src/zed-ros2-wrapper) by extension 'python'
[0.655s] [34mcolcon.colcon_core.package_identification[0m [1;30mLevel 1[0m _identify(src/zed-ros2-wrapper) by extensions ['python_setup_py']
[0.655s] [34mcolcon.colcon_core.package_identification[0m [1;30mLevel 1[0m _identify(src/zed-ros2-wrapper) by extension 'python_setup_py'
[0.655s] [34mcolcon.colcon_core.package_identification[0m [1;30mLevel 1[0m _identify(src/zed-ros2-wrapper/docker) by extensions ['ignore', 'ignore_ament_install']
[0.656s] [34mcolcon.colcon_core.package_identification[0m [1;30mLevel 1[0m _identify(src/zed-ros2-wrapper/docker) by extension 'ignore'
[0.656s] [34mcolcon.colcon_core.package_identification[0m [1;30mLevel 1[0m _identify(src/zed-ros2-wrapper/docker) by extension 'ignore_ament_install'
[0.656s] [34mcolcon.colcon_core.package_identification[0m [1;30mLevel 1[0m _identify(src/zed-ros2-wrapper/docker) by extensions ['colcon_pkg']
[0.656s] [34mcolcon.colcon_core.package_identification[0m [1;30mLevel 1[0m _identify(src/zed-ros2-wrapper/docker) by extension 'colcon_pkg'
[0.656s] [34mcolcon.colcon_core.package_identification[0m [1;30mLevel 1[0m _identify(src/zed-ros2-wrapper/docker) by extensions ['colcon_meta']
[0.656s] [34mcolcon.colcon_core.package_identification[0m [1;30mLevel 1[0m _identify(src/zed-ros2-wrapper/docker) by extension 'colcon_meta'
[0.656s] [34mcolcon.colcon_core.package_identification[0m [1;30mLevel 1[0m _identify(src/zed-ros2-wrapper/docker) by extensions ['ros']
[0.656s] [34mcolcon.colcon_core.package_identification[0m [1;30mLevel 1[0m _identify(src/zed-ros2-wrapper/docker) by extension 'ros'
[0.656s] [34mcolcon.colcon_core.package_identification[0m [1;30mLevel 1[0m _identify(src/zed-ros2-wrapper/docker) by extensions ['cmake', 'python']
[0.656s] [34mcolcon.colcon_core.package_identification[0m [1;30mLevel 1[0m _identify(src/zed-ros2-wrapper/docker) by extension 'cmake'
[0.656s] [34mcolcon.colcon_core.package_identification[0m [1;30mLevel 1[0m _identify(src/zed-ros2-wrapper/docker) by extension 'python'
[0.656s] [34mcolcon.colcon_core.package_identification[0m [1;30mLevel 1[0m _identify(src/zed-ros2-wrapper/docker) by extensions ['python_setup_py']
[0.656s] [34mcolcon.colcon_core.package_identification[0m [1;30mLevel 1[0m _identify(src/zed-ros2-wrapper/docker) by extension 'python_setup_py'
[0.656s] [34mcolcon.colcon_core.package_identification[0m [1;30mLevel 1[0m _identify(src/zed-ros2-wrapper/images) by extensions ['ignore', 'ignore_ament_install']
[0.657s] [34mcolcon.colcon_core.package_identification[0m [1;30mLevel 1[0m _identify(src/zed-ros2-wrapper/images) by extension 'ignore'
[0.657s] [34mcolcon.colcon_core.package_identification[0m [1;30mLevel 1[0m _identify(src/zed-ros2-wrapper/images) by extension 'ignore_ament_install'
[0.657s] [34mcolcon.colcon_core.package_identification[0m [1;30mLevel 1[0m _identify(src/zed-ros2-wrapper/images) by extensions ['colcon_pkg']
[0.657s] [34mcolcon.colcon_core.package_identification[0m [1;30mLevel 1[0m _identify(src/zed-ros2-wrapper/images) by extension 'colcon_pkg'
[0.657s] [34mcolcon.colcon_core.package_identification[0m [1;30mLevel 1[0m _identify(src/zed-ros2-wrapper/images) by extensions ['colcon_meta']
[0.657s] [34mcolcon.colcon_core.package_identification[0m [1;30mLevel 1[0m _identify(src/zed-ros2-wrapper/images) by extension 'colcon_meta'
[0.657s] [34mcolcon.colcon_core.package_identification[0m [1;30mLevel 1[0m _identify(src/zed-ros2-wrapper/images) by extensions ['ros']
[0.657s] [34mcolcon.colcon_core.package_identification[0m [1;30mLevel 1[0m _identify(src/zed-ros2-wrapper/images) by extension 'ros'
[0.657s] [34mcolcon.colcon_core.package_identification[0m [1;30mLevel 1[0m _identify(src/zed-ros2-wrapper/images) by extensions ['cmake', 'python']
[0.657s] [34mcolcon.colcon_core.package_identification[0m [1;30mLevel 1[0m _identify(src/zed-ros2-wrapper/images) by extension 'cmake'
[0.657s] [34mcolcon.colcon_core.package_identification[0m [1;30mLevel 1[0m _identify(src/zed-ros2-wrapper/images) by extension 'python'
[0.657s] [34mcolcon.colcon_core.package_identification[0m [1;30mLevel 1[0m _identify(src/zed-ros2-wrapper/images) by extensions ['python_setup_py']
[0.657s] [34mcolcon.colcon_core.package_identification[0m [1;30mLevel 1[0m _identify(src/zed-ros2-wrapper/images) by extension 'python_setup_py'
[0.657s] [34mcolcon.colcon_core.package_identification[0m [1;30mLevel 1[0m _identify(src/zed-ros2-wrapper/zed_components) by extensions ['ignore', 'ignore_ament_install']
[0.657s] [34mcolcon.colcon_core.package_identification[0m [1;30mLevel 1[0m _identify(src/zed-ros2-wrapper/zed_components) by extension 'ignore'
[0.657s] [34mcolcon.colcon_core.package_identification[0m [1;30mLevel 1[0m _identify(src/zed-ros2-wrapper/zed_components) by extension 'ignore_ament_install'
[0.658s] [34mcolcon.colcon_core.package_identification[0m [1;30mLevel 1[0m _identify(src/zed-ros2-wrapper/zed_components) by extensions ['colcon_pkg']
[0.658s] [34mcolcon.colcon_core.package_identification[0m [1;30mLevel 1[0m _identify(src/zed-ros2-wrapper/zed_components) by extension 'colcon_pkg'
[0.658s] [34mcolcon.colcon_core.package_identification[0m [1;30mLevel 1[0m _identify(src/zed-ros2-wrapper/zed_components) by extensions ['colcon_meta']
[0.658s] [34mcolcon.colcon_core.package_identification[0m [1;30mLevel 1[0m _identify(src/zed-ros2-wrapper/zed_components) by extension 'colcon_meta'
[0.658s] [34mcolcon.colcon_core.package_identification[0m [1;30mLevel 1[0m _identify(src/zed-ros2-wrapper/zed_components) by extensions ['ros']
[0.658s] [34mcolcon.colcon_core.package_identification[0m [1;30mLevel 1[0m _identify(src/zed-ros2-wrapper/zed_components) by extension 'ros'
[0.659s] [34mcolcon.colcon_core.package_identification[0m [1;30mDEBUG[0m [32mPackage 'src/zed-ros2-wrapper/zed_components' with type 'ros.ament_cmake' and name 'zed_components'[0m
[0.659s] [34mcolcon.colcon_core.package_identification[0m [1;30mLevel 1[0m _identify(src/zed-ros2-wrapper/zed_ros2) by extensions ['ignore', 'ignore_ament_install']
[0.659s] [34mcolcon.colcon_core.package_identification[0m [1;30mLevel 1[0m _identify(src/zed-ros2-wrapper/zed_ros2) by extension 'ignore'
[0.659s] [34mcolcon.colcon_core.package_identification[0m [1;30mLevel 1[0m _identify(src/zed-ros2-wrapper/zed_ros2) by extension 'ignore_ament_install'
[0.659s] [34mcolcon.colcon_core.package_identification[0m [1;30mLevel 1[0m _identify(src/zed-ros2-wrapper/zed_ros2) by extensions ['colcon_pkg']
[0.659s] [34mcolcon.colcon_core.package_identification[0m [1;30mLevel 1[0m _identify(src/zed-ros2-wrapper/zed_ros2) by extension 'colcon_pkg'
[0.660s] [34mcolcon.colcon_core.package_identification[0m [1;30mLevel 1[0m _identify(src/zed-ros2-wrapper/zed_ros2) by extensions ['colcon_meta']
[0.660s] [34mcolcon.colcon_core.package_identification[0m [1;30mLevel 1[0m _identify(src/zed-ros2-wrapper/zed_ros2) by extension 'colcon_meta'
[0.660s] [34mcolcon.colcon_core.package_identification[0m [1;30mLevel 1[0m _identify(src/zed-ros2-wrapper/zed_ros2) by extensions ['ros']
[0.660s] [34mcolcon.colcon_core.package_identification[0m [1;30mLevel 1[0m _identify(src/zed-ros2-wrapper/zed_ros2) by extension 'ros'
[0.660s] [34mcolcon.colcon_core.package_identification[0m [1;30mDEBUG[0m [32mPackage 'src/zed-ros2-wrapper/zed_ros2' with type 'ros.ament_cmake' and name 'zed_ros2'[0m
[0.661s] [34mcolcon.colcon_core.package_identification[0m [1;30mLevel 1[0m _identify(src/zed-ros2-wrapper/zed_wrapper) by extensions ['ignore', 'ignore_ament_install']
[0.661s] [34mcolcon.colcon_core.package_identification[0m [1;30mLevel 1[0m _identify(src/zed-ros2-wrapper/zed_wrapper) by extension 'ignore'
[0.661s] [34mcolcon.colcon_core.package_identification[0m [1;30mLevel 1[0m _identify(src/zed-ros2-wrapper/zed_wrapper) by extension 'ignore_ament_install'
[0.661s] [34mcolcon.colcon_core.package_identification[0m [1;30mLevel 1[0m _identify(src/zed-ros2-wrapper/zed_wrapper) by extensions ['colcon_pkg']
[0.661s] [34mcolcon.colcon_core.package_identification[0m [1;30mLevel 1[0m _identify(src/zed-ros2-wrapper/zed_wrapper) by extension 'colcon_pkg'
[0.661s] [34mcolcon.colcon_core.package_identification[0m [1;30mLevel 1[0m _identify(src/zed-ros2-wrapper/zed_wrapper) by extensions ['colcon_meta']
[0.661s] [34mcolcon.colcon_core.package_identification[0m [1;30mLevel 1[0m _identify(src/zed-ros2-wrapper/zed_wrapper) by extension 'colcon_meta'
[0.661s] [34mcolcon.colcon_core.package_identification[0m [1;30mLevel 1[0m _identify(src/zed-ros2-wrapper/zed_wrapper) by extensions ['ros']
[0.661s] [34mcolcon.colcon_core.package_identification[0m [1;30mLevel 1[0m _identify(src/zed-ros2-wrapper/zed_wrapper) by extension 'ros'
[0.674s] [34mcolcon.colcon_core.package_identification[0m [1;30mDEBUG[0m [32mPackage 'src/zed-ros2-wrapper/zed_wrapper' with type 'ros.ament_cmake' and name 'zed_wrapper'[0m
[0.674s] [34mcolcon.colcon_core.package_identification[0m [1;30mLevel 1[0m _identify(testing) by extensions ['ignore', 'ignore_ament_install']
[0.674s] [34mcolcon.colcon_core.package_identification[0m [1;30mLevel 1[0m _identify(testing) by extension 'ignore'
[0.674s] [34mcolcon.colcon_core.package_identification[0m [1;30mLevel 1[0m _identify(testing) by extension 'ignore_ament_install'
[0.674s] [34mcolcon.colcon_core.package_identification[0m [1;30mLevel 1[0m _identify(testing) by extensions ['colcon_pkg']
[0.674s] [34mcolcon.colcon_core.package_identification[0m [1;30mLevel 1[0m _identify(testing) by extension 'colcon_pkg'
[0.674s] [34mcolcon.colcon_core.package_identification[0m [1;30mLevel 1[0m _identify(testing) by extensions ['colcon_meta']
[0.674s] [34mcolcon.colcon_core.package_identification[0m [1;30mLevel 1[0m _identify(testing) by extension 'colcon_meta'
[0.674s] [34mcolcon.colcon_core.package_identification[0m [1;30mLevel 1[0m _identify(testing) by extensions ['ros']
[0.674s] [34mcolcon.colcon_core.package_identification[0m [1;30mLevel 1[0m _identify(testing) by extension 'ros'
[0.674s] [34mcolcon.colcon_core.package_identification[0m [1;30mLevel 1[0m _identify(testing) by extensions ['cmake', 'python']
[0.674s] [34mcolcon.colcon_core.package_identification[0m [1;30mLevel 1[0m _identify(testing) by extension 'cmake'
[0.674s] [34mcolcon.colcon_core.package_identification[0m [1;30mLevel 1[0m _identify(testing) by extension 'python'
[0.674s] [34mcolcon.colcon_core.package_identification[0m [1;30mLevel 1[0m _identify(testing) by extensions ['python_setup_py']
[0.675s] [34mcolcon.colcon_core.package_identification[0m [1;30mLevel 1[0m _identify(testing) by extension 'python_setup_py'
[0.675s] [34mcolcon.colcon_core.package_identification[0m [1;30mLevel 1[0m _identify(testing/rosbag2_2026_04_29-15_37_00) by extensions ['ignore', 'ignore_ament_install']
[0.675s] [34mcolcon.colcon_core.package_identification[0m [1;30mLevel 1[0m _identify(testing/rosbag2_2026_04_29-15_37_00) by extension 'ignore'
[0.675s] [34mcolcon.colcon_core.package_identification[0m [1;30mLevel 1[0m _identify(testing/rosbag2_2026_04_29-15_37_00) by extension 'ignore_ament_install'
[0.675s] [34mcolcon.colcon_core.package_identification[0m [1;30mLevel 1[0m _identify(testing/rosbag2_2026_04_29-15_37_00) by extensions ['colcon_pkg']
[0.675s] [34mcolcon.colcon_core.package_identification[0m [1;30mLevel 1[0m _identify(testing/rosbag2_2026_04_29-15_37_00) by extension 'colcon_pkg'
[0.675s] [34mcolcon.colcon_core.package_identification[0m [1;30mLevel 1[0m _identify(testing/rosbag2_2026_04_29-15_37_00) by extensions ['colcon_meta']
[0.675s] [34mcolcon.colcon_core.package_identification[0m [1;30mLevel 1[0m _identify(testing/rosbag2_2026_04_29-15_37_00) by extension 'colcon_meta'
[0.675s] [34mcolcon.colcon_core.package_identification[0m [1;30mLevel 1[0m _identify(testing/rosbag2_2026_04_29-15_37_00) by extensions ['ros']
[0.675s] [34mcolcon.colcon_core.package_identification[0m [1;30mLevel 1[0m _identify(testing/rosbag2_2026_04_29-15_37_00) by extension 'ros'
[0.675s] [34mcolcon.colcon_core.package_identification[0m [1;30mLevel 1[0m _identify(testing/rosbag2_2026_04_29-15_37_00) by extensions ['cmake', 'python']
[0.675s] [34mcolcon.colcon_core.package_identification[0m [1;30mLevel 1[0m _identify(testing/rosbag2_2026_04_29-15_37_00) by extension 'cmake'
[0.675s] [34mcolcon.colcon_core.package_identification[0m [1;30mLevel 1[0m _identify(testing/rosbag2_2026_04_29-15_37_00) by extension 'python'
[0.675s] [34mcolcon.colcon_core.package_identification[0m [1;30mLevel 1[0m _identify(testing/rosbag2_2026_04_29-15_37_00) by extensions ['python_setup_py']
[0.675s] [34mcolcon.colcon_core.package_identification[0m [1;30mLevel 1[0m _identify(testing/rosbag2_2026_04_29-15_37_00) by extension 'python_setup_py'
[0.675s] [34mcolcon.colcon_core.package_identification[0m [1;30mLevel 1[0m _identify(testing/rosbag2_2026_04_29-15_40_41) by extensions ['ignore', 'ignore_ament_install']
[0.675s] [34mcolcon.colcon_core.package_identification[0m [1;30mLevel 1[0m _identify(testing/rosbag2_2026_04_29-15_40_41) by extension 'ignore'
[0.675s] [34mcolcon.colcon_core.package_identification[0m [1;30mLevel 1[0m _identify(testing/rosbag2_2026_04_29-15_40_41) by extension 'ignore_ament_install'
[0.676s] [34mcolcon.colcon_core.package_identification[0m [1;30mLevel 1[0m _identify(testing/rosbag2_2026_04_29-15_40_41) by extensions ['colcon_pkg']
[0.676s] [34mcolcon.colcon_core.package_identification[0m [1;30mLevel 1[0m _identify(testing/rosbag2_2026_04_29-15_40_41) by extension 'colcon_pkg'
[0.676s] [34mcolcon.colcon_core.package_identification[0m [1;30mLevel 1[0m _identify(testing/rosbag2_2026_04_29-15_40_41) by extensions ['colcon_meta']
[0.676s] [34mcolcon.colcon_core.package_identification[0m [1;30mLevel 1[0m _identify(testing/rosbag2_2026_04_29-15_40_41) by extension 'colcon_meta'
[0.676s] [34mcolcon.colcon_core.package_identification[0m [1;30mLevel 1[0m _identify(testing/rosbag2_2026_04_29-15_40_41) by extensions ['ros']
[0.676s] [34mcolcon.colcon_core.package_identification[0m [1;30mLevel 1[0m _identify(testing/rosbag2_2026_04_29-15_40_41) by extension 'ros'
[0.676s] [34mcolcon.colcon_core.package_identification[0m [1;30mLevel 1[0m _identify(testing/rosbag2_2026_04_29-15_40_41) by extensions ['cmake', 'python']
[0.676s] [34mcolcon.colcon_core.package_identification[0m [1;30mLevel 1[0m _identify(testing/rosbag2_2026_04_29-15_40_41) by extension 'cmake'
[0.676s] [34mcolcon.colcon_core.package_identification[0m [1;30mLevel 1[0m _identify(testing/rosbag2_2026_04_29-15_40_41) by extension 'python'
[0.676s] [34mcolcon.colcon_core.package_identification[0m [1;30mLevel 1[0m _identify(testing/rosbag2_2026_04_29-15_40_41) by extensions ['python_setup_py']
[0.676s] [34mcolcon.colcon_core.package_identification[0m [1;30mLevel 1[0m _identify(testing/rosbag2_2026_04_29-15_40_41) by extension 'python_setup_py'
[0.677s] [34mcolcon.colcon_core.package_discovery[0m [1;30mLevel 1[0m discover_packages(recursive) using defaults
[0.677s] [34mcolcon.colcon_core.package_discovery[0m [1;30mLevel 1[0m discover_packages(ignore) discover
[0.677s] [34mcolcon.colcon_core.package_discovery[0m [1;30mLevel 1[0m discover_packages(ignore) using defaults
[0.677s] [34mcolcon.colcon_core.package_discovery[0m [1;30mLevel 1[0m discover_packages(path) discover
[0.677s] [34mcolcon.colcon_core.package_discovery[0m [1;30mLevel 1[0m discover_packages(path) using defaults
[0.714s] [34mcolcon.colcon_core.package_selection[0m [1;30mINFO[0m Skipping not selected package 'asurt_msgs' in 'src/asurt_msgs'
[0.714s] [34mcolcon.colcon_core.package_selection[0m [1;30mINFO[0m Skipping not selected package 'rviz_plugin_zed_od' in 'src/zed-ros2-examples/rviz-plugin-zed-od'
[0.714s] [34mcolcon.colcon_core.package_selection[0m [1;30mINFO[0m Skipping not selected package 'zed_components' in 'src/zed-ros2-wrapper/zed_components'
[0.714s] [34mcolcon.colcon_core.package_selection[0m [1;30mINFO[0m Skipping not selected package 'zed_topic_benchmark_interfaces' in 'src/zed-ros2-examples/tools/zed_benchmark_interfaces'
[0.714s] [34mcolcon.colcon_core.package_selection[0m [1;30mINFO[0m Skipping not selected package 'zed_tutorial_depth' in 'src/zed-ros2-examples/tutorials/zed_depth_tutorial'
[0.714s] [34mcolcon.colcon_core.package_selection[0m [1;30mINFO[0m Skipping not selected package 'zed_tutorial_pos_tracking' in 'src/zed-ros2-examples/tutorials/zed_pose_tutorial'
[0.714s] [34mcolcon.colcon_core.package_selection[0m [1;30mINFO[0m Skipping not selected package 'zed_tutorial_video' in 'src/zed-ros2-examples/tutorials/zed_video_tutorial'
[0.714s] [34mcolcon.colcon_core.package_selection[0m [1;30mINFO[0m Skipping not selected package 'logging_system' in 'src/logging_system'
[0.714s] [34mcolcon.colcon_core.package_selection[0m [1;30mINFO[0m Skipping not selected package 'tf_helper' in 'src/tf_helper'
[0.715s] [34mcolcon.colcon_core.package_selection[0m [1;30mINFO[0m Skipping not selected package 'zed_aruco_localization' in 'src/zed-ros2-examples/examples/zed_aruco_localization'
[0.715s] [34mcolcon.colcon_core.package_selection[0m [1;30mINFO[0m Skipping not selected package 'zed_isaac_ros_nitros_sub' in 'src/zed-ros2-examples/isaac_ros/zed_isaac_ros_nitros_sub'
[0.715s] [34mcolcon.colcon_core.package_selection[0m [1;30mINFO[0m Skipping not selected package 'zed_rgb_convert' in 'src/zed-ros2-examples/tutorials/zed_rgb_convert'
[0.715s] [34mcolcon.colcon_core.package_selection[0m [1;30mINFO[0m Skipping not selected package 'zed_topic_benchmark_component' in 'src/zed-ros2-examples/tools/zed_benchmark_component'
[0.715s] [34mcolcon.colcon_core.package_selection[0m [1;30mINFO[0m Skipping not selected package 'zed_wrapper' in 'src/zed-ros2-wrapper/zed_wrapper'
[0.715s] [34mcolcon.colcon_core.package_selection[0m [1;30mINFO[0m Skipping not selected package 'planning_centerline_calc' in 'src/planning_centerline_calc_MIX'
[0.715s] [34mcolcon.colcon_core.package_selection[0m [1;30mINFO[0m Skipping not selected package 'planning_deep_learning' in 'src/planning_deep_learning'
[0.715s] [34mcolcon.colcon_core.package_selection[0m [1;30mINFO[0m Skipping not selected package 'zed_depth_to_laserscan' in 'src/zed-ros2-examples/examples/zed_depth_to_laserscan'
[0.715s] [34mcolcon.colcon_core.package_selection[0m [1;30mINFO[0m Skipping not selected package 'zed_display_rviz2' in 'src/zed-ros2-examples/zed_display_rviz2'
[0.715s] [34mcolcon.colcon_core.package_selection[0m [1;30mINFO[0m Skipping not selected package 'zed_isaac_ros_april_tag' in 'src/zed-ros2-examples/isaac_ros/zed_isaac_ros_april_tag'
[0.715s] [34mcolcon.colcon_core.package_selection[0m [1;30mINFO[0m Skipping not selected package 'zed_isaac_ros_multi_camera' in 'src/zed-ros2-examples/isaac_ros/zed_isaac_ros_multi_camera'
[0.715s] [34mcolcon.colcon_core.package_selection[0m [1;30mINFO[0m Skipping not selected package 'zed_multi_camera' in 'src/zed-ros2-examples/tutorials/zed_multi_camera'
[0.715s] [34mcolcon.colcon_core.package_selection[0m [1;30mINFO[0m Skipping not selected package 'zed_robot_integration' in 'src/zed-ros2-examples/tutorials/zed_robot_integration'
[0.715s] [34mcolcon.colcon_core.package_selection[0m [1;30mINFO[0m Skipping not selected package 'zed_ros2' in 'src/zed-ros2-wrapper/zed_ros2'
[0.715s] [34mcolcon.colcon_core.package_selection[0m [1;30mINFO[0m Skipping not selected package 'zed_topic_benchmark' in 'src/zed-ros2-examples/tools/zed_benchmark'
[0.715s] [34mcolcon.colcon_core.package_selection[0m [1;30mINFO[0m Skipping not selected package 'zed_ipc' in 'src/zed-ros2-examples/tutorials/zed_ipc'
[0.716s] [34mcolcon.colcon_core.package_discovery[0m [1;30mLevel 1[0m discover_packages(prefix_path) check parameters
[0.716s] [34mcolcon.colcon_core.package_discovery[0m [1;30mLevel 1[0m discover_packages(prefix_path) discover
[0.724s] [34mcolcon.colcon_installed_package_information.package_discovery[0m [1;30mDEBUG[0m [32mFound 6 installed packages in /home/ayasx9/FSAI26/perception_deep_logging/ros2_ws/install[0m
[0.725s] [34mcolcon.colcon_installed_package_information.package_discovery[0m [1;30mDEBUG[0m [32mFound 2 installed packages in /home/ayasx9/arl_workshop/turtle_proj1/install[0m
[0.725s] [34mcolcon.colcon_installed_package_information.package_discovery[0m [1;30mDEBUG[0m [32mFound 1 installed packages in /home/ayasx9/ros2_proj1/install[0m
[0.726s] [34mcolcon.colcon_installed_package_information.package_discovery[0m [1;30mDEBUG[0m [32mFound 270 installed packages in /opt/ros/humble[0m
[0.728s] [34mcolcon.colcon_core.package_discovery[0m [1;30mLevel 1[0m discover_packages(prefix_path) using defaults
[0.761s] [34mcolcon.colcon_core.verb[0m [1;30mLevel 5[0m set package 'perception_zed_pkg' build argument 'cmake_args' from command line to 'None'
[0.761s] [34mcolcon.colcon_core.verb[0m [1;30mLevel 5[0m set package 'perception_zed_pkg' build argument 'cmake_target' from command line to 'None'
[0.761s] [34mcolcon.colcon_core.verb[0m [1;30mLevel 5[0m set package 'perception_zed_pkg' build argument 'cmake_target_skip_unavailable' from command line to 'False'
[0.761s] [34mcolcon.colcon_core.verb[0m [1;30mLevel 5[0m set package 'perception_zed_pkg' build argument 'cmake_clean_cache' from command line to 'False'
[0.761s] [34mcolcon.colcon_core.verb[0m [1;30mLevel 5[0m set package 'perception_zed_pkg' build argument 'cmake_clean_first' from command line to 'False'
[0.761s] [34mcolcon.colcon_core.verb[0m [1;30mLevel 5[0m set package 'perception_zed_pkg' build argument 'cmake_force_configure' from command line to 'False'
[0.761s] [34mcolcon.colcon_core.verb[0m [1;30mLevel 5[0m set package 'perception_zed_pkg' build argument 'ament_cmake_args' from command line to 'None'
[0.761s] [34mcolcon.colcon_core.verb[0m [1;30mLevel 5[0m set package 'perception_zed_pkg' build argument 'catkin_cmake_args' from command line to 'None'
[0.761s] [34mcolcon.colcon_core.verb[0m [1;30mLevel 5[0m set package 'perception_zed_pkg' build argument 'catkin_skip_building_tests' from command line to 'False'
[0.761s] [34mcolcon.colcon_core.verb[0m [1;30mDEBUG[0m [32mBuilding package 'perception_zed_pkg' with the following arguments: {'ament_cmake_args': None, 'build_base': '/home/ayasx9/FSAI26/perception_deep_logging/ros2_ws/build/perception_zed_pkg', 'catkin_cmake_args': None, 'catkin_skip_building_tests': False, 'cmake_args': None, 'cmake_clean_cache': False, 'cmake_clean_first': False, 'cmake_force_configure': False, 'cmake_target': None, 'cmake_target_skip_unavailable': False, 'install_base': '/home/ayasx9/FSAI26/perception_deep_logging/ros2_ws/install/perception_zed_pkg', 'merge_install': False, 'path': '/home/ayasx9/FSAI26/perception_deep_logging/ros2_ws/src/perception_zed_pkg', 'symlink_install': True, 'test_result_base': None}[0m
[0.762s] [34mcolcon.colcon_core.executor[0m [1;30mINFO[0m Executing jobs using 'parallel' executor
[0.763s] [34mcolcon.colcon_parallel_executor.executor.parallel[0m [1;30mDEBUG[0m [32mrun_until_complete[0m
[0.764s] [34mcolcon.colcon_ros.task.ament_python.build[0m [1;30mINFO[0m Building ROS package in '/home/ayasx9/FSAI26/perception_deep_logging/ros2_ws/src/perception_zed_pkg' with build type 'ament_python'
[0.764s] [34mcolcon.colcon_core.shell[0m [1;30mLevel 1[0m create_environment_hook('perception_zed_pkg', 'ament_prefix_path')
[0.771s] [34mcolcon.colcon_core.plugin_system[0m [1;30mINFO[0m Skipping extension 'colcon_core.shell.bat': Not used on non-Windows systems
[0.771s] [34mcolcon.colcon_core.shell[0m [1;30mINFO[0m Creating environment hook '/home/ayasx9/FSAI26/perception_deep_logging/ros2_ws/install/perception_zed_pkg/share/perception_zed_pkg/hook/ament_prefix_path.ps1'
[0.773s] [34mcolcon.colcon_core.shell[0m [1;30mINFO[0m Creating environment descriptor '/home/ayasx9/FSAI26/perception_deep_logging/ros2_ws/install/perception_zed_pkg/share/perception_zed_pkg/hook/ament_prefix_path.dsv'
[0.774s] [34mcolcon.colcon_core.shell[0m [1;30mINFO[0m Creating environment hook '/home/ayasx9/FSAI26/perception_deep_logging/ros2_ws/install/perception_zed_pkg/share/perception_zed_pkg/hook/ament_prefix_path.sh'
[0.775s] [34mcolcon.colcon_core.shell[0m [1;30mINFO[0m Skip shell extension 'powershell' for command environment: Not usable outside of PowerShell
[0.775s] [34mcolcon.colcon_core.shell[0m [1;30mDEBUG[0m [32mSkip shell extension 'dsv' for command environment[0m
[1.052s] [34mcolcon.colcon_core.task.python.build[0m [1;30mINFO[0m Building Python package in '/home/ayasx9/FSAI26/perception_deep_logging/ros2_ws/src/perception_zed_pkg'
[1.053s] [34mcolcon.colcon_core.shell[0m [1;30mINFO[0m Skip shell extension 'powershell' for command environment: Not usable outside of PowerShell
[1.053s] [34mcolcon.colcon_core.shell[0m [1;30mDEBUG[0m [32mSkip shell extension 'dsv' for command environment[0m
[1.524s] [34mcolcon.colcon_core.event_handler.log_command[0m [1;30mDEBUG[0m [32mInvoking command in '/home/ayasx9/FSAI26/perception_deep_logging/ros2_ws/build/perception_zed_pkg': PYTHONPATH=/home/ayasx9/FSAI26/perception_deep_logging/ros2_ws/build/perception_zed_pkg/prefix_override:/usr/lib/python3/dist-packages/colcon_core/task/python/colcon_distutils_commands:/home/ayasx9/FSAI26/perception_deep_logging/ros2_ws/install/perception_zed_pkg/lib/python3.10/site-packages:${PYTHONPATH} /usr/bin/python3 -W ignore:setup.py install is deprecated -W ignore:easy_install command is deprecated setup.py develop --editable --build-directory /home/ayasx9/FSAI26/perception_deep_logging/ros2_ws/build/perception_zed_pkg/build --no-deps symlink_data[0m
[1.920s] [34mcolcon.colcon_core.shell[0m [1;30mLevel 1[0m create_environment_hook('perception_zed_pkg', 'pythonpath_develop')
[1.920s] [34mcolcon.colcon_core.shell[0m [1;30mINFO[0m Creating environment hook '/home/ayasx9/FSAI26/perception_deep_logging/ros2_ws/build/perception_zed_pkg/share/perception_zed_pkg/hook/pythonpath_develop.ps1'
[1.921s] [34mcolcon.colcon_core.event_handler.log_command[0m [1;30mDEBUG[0m [32mInvoked command in '/home/ayasx9/FSAI26/perception_deep_logging/ros2_ws/build/perception_zed_pkg' returned '0': PYTHONPATH=/home/ayasx9/FSAI26/perception_deep_logging/ros2_ws/build/perception_zed_pkg/prefix_override:/usr/lib/python3/dist-packages/colcon_core/task/python/colcon_distutils_commands:/home/ayasx9/FSAI26/perception_deep_logging/ros2_ws/install/perception_zed_pkg/lib/python3.10/site-packages:${PYTHONPATH} /usr/bin/python3 -W ignore:setup.py install is deprecated -W ignore:easy_install command is deprecated setup.py develop --editable --build-directory /home/ayasx9/FSAI26/perception_deep_logging/ros2_ws/build/perception_zed_pkg/build --no-deps symlink_data[0m
[1.921s] [34mcolcon.colcon_core.shell[0m [1;30mINFO[0m Creating environment descriptor '/home/ayasx9/FSAI26/perception_deep_logging/ros2_ws/build/perception_zed_pkg/share/perception_zed_pkg/hook/pythonpath_develop.dsv'
[1.922s] [34mcolcon.colcon_core.shell[0m [1;30mINFO[0m Creating environment hook '/home/ayasx9/FSAI26/perception_deep_logging/ros2_ws/build/perception_zed_pkg/share/perception_zed_pkg/hook/pythonpath_develop.sh'
[1.928s] [34mcolcon.colcon_core.environment[0m [1;30mLevel 1[0m checking '/home/ayasx9/FSAI26/perception_deep_logging/ros2_ws/install/perception_zed_pkg' for CMake module files
[1.929s] [34mcolcon.colcon_core.environment[0m [1;30mLevel 1[0m checking '/home/ayasx9/FSAI26/perception_deep_logging/ros2_ws/install/perception_zed_pkg' for CMake config files
[1.932s] [34mcolcon.colcon_core.environment[0m [1;30mLevel 1[0m checking '/home/ayasx9/FSAI26/perception_deep_logging/ros2_ws/install/perception_zed_pkg/lib'
[1.932s] [34mcolcon.colcon_core.environment[0m [1;30mLevel 1[0m checking '/home/ayasx9/FSAI26/perception_deep_logging/ros2_ws/install/perception_zed_pkg/bin'
[1.932s] [34mcolcon.colcon_core.environment[0m [1;30mLevel 1[0m checking '/home/ayasx9/FSAI26/perception_deep_logging/ros2_ws/install/perception_zed_pkg/lib/pkgconfig/perception_zed_pkg.pc'
[1.932s] [34mcolcon.colcon_core.environment[0m [1;30mLevel 1[0m checking '/home/ayasx9/FSAI26/perception_deep_logging/ros2_ws/install/perception_zed_pkg/lib/python3.10/site-packages'
[1.932s] [34mcolcon.colcon_core.shell[0m [1;30mLevel 1[0m create_environment_hook('perception_zed_pkg', 'pythonpath')
[1.933s] [34mcolcon.colcon_core.shell[0m [1;30mINFO[0m Creating environment hook '/home/ayasx9/FSAI26/perception_deep_logging/ros2_ws/install/perception_zed_pkg/share/perception_zed_pkg/hook/pythonpath.ps1'
[1.933s] [34mcolcon.colcon_core.shell[0m [1;30mINFO[0m Creating environment descriptor '/home/ayasx9/FSAI26/perception_deep_logging/ros2_ws/install/perception_zed_pkg/share/perception_zed_pkg/hook/pythonpath.dsv'
[1.933s] [34mcolcon.colcon_core.shell[0m [1;30mINFO[0m Creating environment hook '/home/ayasx9/FSAI26/perception_deep_logging/ros2_ws/install/perception_zed_pkg/share/perception_zed_pkg/hook/pythonpath.sh'
[1.934s] [34mcolcon.colcon_core.environment[0m [1;30mLevel 1[0m checking '/home/ayasx9/FSAI26/perception_deep_logging/ros2_ws/install/perception_zed_pkg/bin'
[1.934s] [34mcolcon.colcon_core.environment[0m [1;30mLevel 1[0m create_environment_scripts_only(perception_zed_pkg)
[1.934s] [34mcolcon.colcon_core.shell[0m [1;30mINFO[0m Creating package script '/home/ayasx9/FSAI26/perception_deep_logging/ros2_ws/install/perception_zed_pkg/share/perception_zed_pkg/package.ps1'
[1.935s] [34mcolcon.colcon_core.shell[0m [1;30mINFO[0m Creating package descriptor '/home/ayasx9/FSAI26/perception_deep_logging/ros2_ws/install/perception_zed_pkg/share/perception_zed_pkg/package.dsv'
[1.936s] [34mcolcon.colcon_core.shell[0m [1;30mINFO[0m Creating package script '/home/ayasx9/FSAI26/perception_deep_logging/ros2_ws/install/perception_zed_pkg/share/perception_zed_pkg/package.sh'
[1.937s] [34mcolcon.colcon_core.shell[0m [1;30mINFO[0m Creating package script '/home/ayasx9/FSAI26/perception_deep_logging/ros2_ws/install/perception_zed_pkg/share/perception_zed_pkg/package.bash'
[1.938s] [34mcolcon.colcon_core.shell[0m [1;30mINFO[0m Creating package script '/home/ayasx9/FSAI26/perception_deep_logging/ros2_ws/install/perception_zed_pkg/share/perception_zed_pkg/package.zsh'
[1.939s] [34mcolcon.colcon_core.environment[0m [1;30mLevel 1[0m create_file_with_runtime_dependencies(/home/ayasx9/FSAI26/perception_deep_logging/ros2_ws/install/perception_zed_pkg/share/colcon-core/packages/perception_zed_pkg)
[1.939s] [34mcolcon.colcon_parallel_executor.executor.parallel[0m [1;30mDEBUG[0m [32mclosing loop[0m
[1.940s] [34mcolcon.colcon_parallel_executor.executor.parallel[0m [1;30mDEBUG[0m [32mloop closed[0m
[1.940s] [34mcolcon.colcon_parallel_executor.executor.parallel[0m [1;30mDEBUG[0m [32mrun_until_complete finished with '0'[0m
[1.940s] [34mcolcon.colcon_core.event_reactor[0m [1;30mDEBUG[0m [32mjoining thread[0m
[2.027s] [34mcolcon.colcon_core.plugin_system[0m [1;30mINFO[0m Skipping extension 'colcon_notification.desktop_notification.notify_send': Could not find 'notify-send'
[2.027s] [34mcolcon.colcon_core.plugin_system[0m [1;30mINFO[0m Skipping extension 'colcon_notification.desktop_notification.terminal_notifier': Not used on non-Darwin systems
[2.027s] [34mcolcon.colcon_core.plugin_system[0m [1;30mINFO[0m Skipping extension 'colcon_notification.desktop_notification.win32': Not used on non-Windows systems
[2.027s] [34mcolcon.colcon_notification.desktop_notification[0m [1;30mINFO[0m Sending desktop notification using 'notify2'
[2.032s] [34mcolcon.colcon_notification.desktop_notification.notify2[0m [1;30mDEBUG[0m [32mFailed to initialize notify2: org.freedesktop.DBus.Error.ServiceUnknown: The name org.freedesktop.Notifications was not provided by any .service files[0m
[2.032s] [34mcolcon.colcon_core.event_reactor[0m [1;30mDEBUG[0m [32mjoined thread[0m
[2.032s] [34mcolcon.colcon_core.shell[0m [1;30mINFO[0m Creating prefix script '/home/ayasx9/FSAI26/perception_deep_logging/ros2_ws/install/local_setup.ps1'
[2.033s] [34mcolcon.colcon_core.shell[0m [1;30mINFO[0m Creating prefix util module '/home/ayasx9/FSAI26/perception_deep_logging/ros2_ws/install/_local_setup_util_ps1.py'
[2.035s] [34mcolcon.colcon_core.shell[0m [1;30mINFO[0m Creating prefix chain script '/home/ayasx9/FSAI26/perception_deep_logging/ros2_ws/install/setup.ps1'
[2.036s] [34mcolcon.colcon_core.shell[0m [1;30mINFO[0m Creating prefix script '/home/ayasx9/FSAI26/perception_deep_logging/ros2_ws/install/local_setup.sh'
[2.037s] [34mcolcon.colcon_core.shell[0m [1;30mINFO[0m Creating prefix util module '/home/ayasx9/FSAI26/perception_deep_logging/ros2_ws/install/_local_setup_util_sh.py'
[2.038s] [34mcolcon.colcon_core.shell[0m [1;30mINFO[0m Creating prefix chain script '/home/ayasx9/FSAI26/perception_deep_logging/ros2_ws/install/setup.sh'
[2.039s] [34mcolcon.colcon_core.shell[0m [1;30mINFO[0m Creating prefix script '/home/ayasx9/FSAI26/perception_deep_logging/ros2_ws/install/local_setup.bash'
[2.040s] [34mcolcon.colcon_core.shell[0m [1;30mINFO[0m Creating prefix chain script '/home/ayasx9/FSAI26/perception_deep_logging/ros2_ws/install/setup.bash'
[2.043s] [34mcolcon.colcon_core.shell[0m [1;30mINFO[0m Creating prefix script '/home/ayasx9/FSAI26/perception_deep_logging/ros2_ws/install/local_setup.zsh'
[2.046s] [34mcolcon.colcon_core.shell[0m [1;30mINFO[0m Creating prefix chain script '/home/ayasx9/FSAI26/perception_deep_logging/ros2_ws/install/setup.zsh'
