[0.000000] (-) TimerEvent: {}
[0.000600] (asurt_msgs) JobQueued: {'identifier': 'asurt_msgs', 'dependencies': OrderedDict()}
[0.000746] (cloud_msgs) JobQueued: {'identifier': 'cloud_msgs', 'dependencies': OrderedDict()}
[0.000771] (cone_a_lisa) JobQueued: {'identifier': 'cone_a_lisa', 'dependencies': OrderedDict()}
[0.000789] (lego_loam_sr) JobQueued: {'identifier': 'lego_loam_sr', 'dependencies': OrderedDict({'asurt_msgs': '/home/aly-sultan/Desktop/fs-system-25/SLAM/install/asurt_msgs', 'cloud_msgs': '/home/aly-sultan/Desktop/fs-system-25/SLAM/install/cloud_msgs'})}
[0.000812] (asurt_msgs) JobStarted: {'identifier': 'asurt_msgs'}
[0.008279] (cloud_msgs) JobStarted: {'identifier': 'cloud_msgs'}
[0.010779] (cone_a_lisa) JobStarted: {'identifier': 'cone_a_lisa'}
[0.016930] (asurt_msgs) JobProgress: {'identifier': 'asurt_msgs', 'progress': 'cmake'}
[0.017579] (asurt_msgs) JobProgress: {'identifier': 'asurt_msgs', 'progress': 'build'}
[0.018398] (asurt_msgs) Command: {'cmd': ['/usr/bin/cmake', '--build', '/home/aly-sultan/Desktop/fs-system-25/SLAM/build/asurt_msgs', '--', '-j16', '-l16'], 'cwd': '/home/aly-sultan/Desktop/fs-system-25/SLAM/build/asurt_msgs', 'env': OrderedDict({'LESSOPEN': '| /usr/bin/lesspipe %s', 'GZ_SIM_RESOURCE_PATH': '/opt/ros/jazzy/share', 'USER': 'aly-sultan', 'GZ_CONFIG_PATH': '/opt/ros/jazzy/opt/gz_sim_vendor/share/gz:/opt/ros/jazzy/opt/sdformat_vendor/share/gz:/opt/ros/jazzy/opt/gz_gui_vendor/share/gz:/opt/ros/jazzy/opt/gz_transport_vendor/share/gz:/opt/ros/jazzy/opt/gz_rendering_vendor/share/gz:/opt/ros/jazzy/opt/gz_plugin_vendor/share/gz:/opt/ros/jazzy/opt/gz_fuel_tools_vendor/share/gz:/opt/ros/jazzy/opt/gz_msgs_vendor/share/gz:/opt/ros/jazzy/opt/gz_common_vendor/share/gz', 'XDG_SESSION_TYPE': 'wayland', 'CLUTTER_DISABLE_MIPMAPPED_TEXT': '1', 'SHLVL': '1', 'LD_LIBRARY_PATH': '/opt/ros/jazzy/opt/gz_sim_vendor/lib:/opt/ros/jazzy/opt/gz_sensors_vendor/lib:/opt/ros/jazzy/opt/gz_physics_vendor/lib:/opt/ros/jazzy/opt/sdformat_vendor/lib:/opt/ros/jazzy/opt/rviz_ogre_vendor/lib:/opt/ros/jazzy/lib/x86_64-linux-gnu:/opt/ros/jazzy/opt/gz_gui_vendor/lib:/opt/ros/jazzy/opt/gz_transport_vendor/lib:/opt/ros/jazzy/opt/gz_rendering_vendor/lib:/opt/ros/jazzy/opt/gz_plugin_vendor/lib:/opt/ros/jazzy/opt/gz_fuel_tools_vendor/lib:/opt/ros/jazzy/opt/gz_msgs_vendor/lib:/opt/ros/jazzy/opt/gz_common_vendor/lib:/opt/ros/jazzy/opt/gz_math_vendor/lib:/opt/ros/jazzy/opt/gz_utils_vendor/lib:/opt/ros/jazzy/opt/gz_tools_vendor/lib:/opt/ros/jazzy/opt/gz_ogre_next_vendor/lib:/opt/ros/jazzy/opt/gz_dartsim_vendor/lib:/opt/ros/jazzy/opt/gz_cmake_vendor/lib:/opt/ros/jazzy/lib', 'HOME': '/home/aly-sultan', 'OLDPWD': '/home/aly-sultan/Desktop/fs-system-25', 'DESKTOP_SESSION': 'ubuntu', 'ROS_PYTHON_VERSION': '3', 'GNOME_SHELL_SESSION_MODE': 'ubuntu', 'GTK_MODULES': 'gail:atk-bridge', 'SYSTEMD_EXEC_PID': '2874', 'GSM_SKIP_SSH_AGENT_WORKAROUND': 'true', 'DBUS_SESSION_BUS_ADDRESS': 'unix:path=/run/user/1000/bus', 'COLORTERM': 'truecolor', 'DEBUGINFOD_URLS': 'https://debuginfod.ubuntu.com', 'IM_CONFIG_PHASE': '1', 'WAYLAND_DISPLAY': 'wayland-0', 'ROS_DISTRO': 'jazzy', 'LOGNAME': 'aly-sultan', '_': '/usr/bin/colcon', 'ROS_VERSION': '2', 'MEMORY_PRESSURE_WATCH': '/sys/fs/cgroup/user.slice/user-1000.slice/user@1000.service/session.slice/org.gnome.Shell@wayland.service/memory.pressure', 'XDG_SESSION_CLASS': 'user', 'USERNAME': 'aly-sultan', 'TERM': 'xterm-256color', 'GNOME_DESKTOP_SESSION_ID': 'this-is-deprecated', 'PATH': '/opt/ros/jazzy/opt/gz_msgs_vendor/bin:/opt/ros/jazzy/opt/gz_tools_vendor/bin:/opt/ros/jazzy/opt/gz_ogre_next_vendor/bin:/opt/ros/jazzy/bin:/home/aly-sultan/.local/bin:/usr/local/sbin:/usr/local/bin:/usr/sbin:/usr/bin:/sbin:/bin:/usr/games:/usr/local/games:/snap/bin:/snap/bin', 'SESSION_MANAGER': 'local/aly-sultan-LOQ-15IAX9:@/tmp/.ICE-unix/2830,unix/aly-sultan-LOQ-15IAX9:/tmp/.ICE-unix/2830', 'XDG_MENU_PREFIX': 'gnome-', 'GNOME_TERMINAL_SCREEN': '/org/gnome/Terminal/screen/5af26948_a623_47f3_82e8_d1c4ea5b03ae', 'GNOME_SETUP_DISPLAY': ':1', 'XDG_RUNTIME_DIR': '/run/user/1000', 'DISPLAY': ':0', 'LANG': 'en_US.UTF-8', 'XDG_CURRENT_DESKTOP': 'ubuntu:GNOME', 'XMODIFIERS': '@im=ibus', 'XDG_SESSION_DESKTOP': 'ubuntu', 'XAUTHORITY': '/run/user/1000/.mutter-Xwaylandauth.3DQKN3', 'LS_COLORS': 'rs=0:di=01;34:ln=01;36:mh=00:pi=40;33:so=01;35:do=01;35:bd=40;33;01:cd=40;33;01:or=40;31;01:mi=00:su=37;41:sg=30;43:ca=00:tw=30;42:ow=34;42:st=37;44:ex=01;32:*.tar=01;31:*.tgz=01;31:*.arc=01;31:*.arj=01;31:*.taz=01;31:*.lha=01;31:*.lz4=01;31:*.lzh=01;31:*.lzma=01;31:*.tlz=01;31:*.txz=01;31:*.tzo=01;31:*.t7z=01;31:*.zip=01;31:*.z=01;31:*.dz=01;31:*.gz=01;31:*.lrz=01;31:*.lz=01;31:*.lzo=01;31:*.xz=01;31:*.zst=01;31:*.tzst=01;31:*.bz2=01;31:*.bz=01;31:*.tbz=01;31:*.tbz2=01;31:*.tz=01;31:*.deb=01;31:*.rpm=01;31:*.jar=01;31:*.war=01;31:*.ear=01;31:*.sar=01;31:*.rar=01;31:*.alz=01;31:*.ace=01;31:*.zoo=01;31:*.cpio=01;31:*.7z=01;31:*.rz=01;31:*.cab=01;31:*.wim=01;31:*.swm=01;31:*.dwm=01;31:*.esd=01;31:*.avif=01;35:*.jpg=01;35:*.jpeg=01;35:*.mjpg=01;35:*.mjpeg=01;35:*.gif=01;35:*.bmp=01;35:*.pbm=01;35:*.pgm=01;35:*.ppm=01;35:*.tga=01;35:*.xbm=01;35:*.xpm=01;35:*.tif=01;35:*.tiff=01;35:*.png=01;35:*.svg=01;35:*.svgz=01;35:*.mng=01;35:*.pcx=01;35:*.mov=01;35:*.mpg=01;35:*.mpeg=01;35:*.m2v=01;35:*.mkv=01;35:*.webm=01;35:*.webp=01;35:*.ogm=01;35:*.mp4=01;35:*.m4v=01;35:*.mp4v=01;35:*.vob=01;35:*.qt=01;35:*.nuv=01;35:*.wmv=01;35:*.asf=01;35:*.rm=01;35:*.rmvb=01;35:*.flc=01;35:*.avi=01;35:*.fli=01;35:*.flv=01;35:*.gl=01;35:*.dl=01;35:*.xcf=01;35:*.xwd=01;35:*.yuv=01;35:*.cgm=01;35:*.emf=01;35:*.ogv=01;35:*.ogx=01;35:*.aac=00;36:*.au=00;36:*.flac=00;36:*.m4a=00;36:*.mid=00;36:*.midi=00;36:*.mka=00;36:*.mp3=00;36:*.mpc=00;36:*.ogg=00;36:*.ra=00;36:*.wav=00;36:*.oga=00;36:*.opus=00;36:*.spx=00;36:*.xspf=00;36:*~=00;90:*#=00;90:*.bak=00;90:*.crdownload=00;90:*.dpkg-dist=00;90:*.dpkg-new=00;90:*.dpkg-old=00;90:*.dpkg-tmp=00;90:*.old=00;90:*.orig=00;90:*.part=00;90:*.rej=00;90:*.rpmnew=00;90:*.rpmorig=00;90:*.rpmsave=00;90:*.swp=00;90:*.tmp=00;90:*.ucf-dist=00;90:*.ucf-new=00;90:*.ucf-old=00;90:', 'GNOME_TERMINAL_SERVICE': ':1.143', 'SSH_AUTH_SOCK': '/run/user/1000/keyring/ssh', 'AMENT_PREFIX_PATH': '/opt/ros/jazzy', 'SHELL': '/bin/bash', 'QT_ACCESSIBILITY': '1', 'GDMSESSION': 'ubuntu', 'LESSCLOSE': '/usr/bin/lesspipe %s %s', 'ROS_AUTOMATIC_DISCOVERY_RANGE': 'SUBNET', 'QT_IM_MODULE': 'ibus', 'PWD': '/home/aly-sultan/Desktop/fs-system-25/SLAM/build/asurt_msgs', 'XDG_CONFIG_DIRS': '/etc/xdg/xdg-ubuntu:/etc/xdg', 'XDG_DATA_DIRS': '/usr/share/ubuntu:/usr/share/gnome:/usr/local/share/:/usr/share/:/var/lib/snapd/desktop', 'PYTHONPATH': '/opt/ros/jazzy/lib/python3.12/site-packages', 'COLCON': '1', 'MEMORY_PRESSURE_WRITE': 'c29tZSAyMDAwMDAgMjAwMDAwMAA=', 'VTE_VERSION': '7600', 'CMAKE_PREFIX_PATH': '/opt/ros/jazzy/opt/gz_sim_vendor:/opt/ros/jazzy/opt/gz_sensors_vendor:/opt/ros/jazzy/opt/gz_physics_vendor:/opt/ros/jazzy/opt/sdformat_vendor:/opt/ros/jazzy/opt/gz_gui_vendor:/opt/ros/jazzy/opt/gz_transport_vendor:/opt/ros/jazzy/opt/gz_rendering_vendor:/opt/ros/jazzy/opt/gz_plugin_vendor:/opt/ros/jazzy/opt/gz_fuel_tools_vendor:/opt/ros/jazzy/opt/gz_msgs_vendor:/opt/ros/jazzy/opt/gz_common_vendor:/opt/ros/jazzy/opt/gz_math_vendor:/opt/ros/jazzy/opt/gz_utils_vendor:/opt/ros/jazzy/opt/gz_tools_vendor:/opt/ros/jazzy/opt/gz_ogre_next_vendor:/opt/ros/jazzy/opt/gz_dartsim_vendor:/opt/ros/jazzy/opt/gz_cmake_vendor:/opt/ros/jazzy'}), 'shell': False}
[0.021097] (cloud_msgs) JobProgress: {'identifier': 'cloud_msgs', 'progress': 'cmake'}
[0.022383] (cloud_msgs) JobProgress: {'identifier': 'cloud_msgs', 'progress': 'build'}
[0.022948] (cloud_msgs) Command: {'cmd': ['/usr/bin/cmake', '--build', '/home/aly-sultan/Desktop/fs-system-25/SLAM/build/cloud_msgs', '--', '-j16', '-l16'], 'cwd': '/home/aly-sultan/Desktop/fs-system-25/SLAM/build/cloud_msgs', 'env': OrderedDict({'LESSOPEN': '| /usr/bin/lesspipe %s', 'GZ_SIM_RESOURCE_PATH': '/opt/ros/jazzy/share', 'USER': 'aly-sultan', 'GZ_CONFIG_PATH': '/opt/ros/jazzy/opt/gz_sim_vendor/share/gz:/opt/ros/jazzy/opt/sdformat_vendor/share/gz:/opt/ros/jazzy/opt/gz_gui_vendor/share/gz:/opt/ros/jazzy/opt/gz_transport_vendor/share/gz:/opt/ros/jazzy/opt/gz_rendering_vendor/share/gz:/opt/ros/jazzy/opt/gz_plugin_vendor/share/gz:/opt/ros/jazzy/opt/gz_fuel_tools_vendor/share/gz:/opt/ros/jazzy/opt/gz_msgs_vendor/share/gz:/opt/ros/jazzy/opt/gz_common_vendor/share/gz', 'XDG_SESSION_TYPE': 'wayland', 'CLUTTER_DISABLE_MIPMAPPED_TEXT': '1', 'SHLVL': '1', 'LD_LIBRARY_PATH': '/opt/ros/jazzy/opt/gz_sim_vendor/lib:/opt/ros/jazzy/opt/gz_sensors_vendor/lib:/opt/ros/jazzy/opt/gz_physics_vendor/lib:/opt/ros/jazzy/opt/sdformat_vendor/lib:/opt/ros/jazzy/opt/rviz_ogre_vendor/lib:/opt/ros/jazzy/lib/x86_64-linux-gnu:/opt/ros/jazzy/opt/gz_gui_vendor/lib:/opt/ros/jazzy/opt/gz_transport_vendor/lib:/opt/ros/jazzy/opt/gz_rendering_vendor/lib:/opt/ros/jazzy/opt/gz_plugin_vendor/lib:/opt/ros/jazzy/opt/gz_fuel_tools_vendor/lib:/opt/ros/jazzy/opt/gz_msgs_vendor/lib:/opt/ros/jazzy/opt/gz_common_vendor/lib:/opt/ros/jazzy/opt/gz_math_vendor/lib:/opt/ros/jazzy/opt/gz_utils_vendor/lib:/opt/ros/jazzy/opt/gz_tools_vendor/lib:/opt/ros/jazzy/opt/gz_ogre_next_vendor/lib:/opt/ros/jazzy/opt/gz_dartsim_vendor/lib:/opt/ros/jazzy/opt/gz_cmake_vendor/lib:/opt/ros/jazzy/lib', 'HOME': '/home/aly-sultan', 'OLDPWD': '/home/aly-sultan/Desktop/fs-system-25', 'DESKTOP_SESSION': 'ubuntu', 'ROS_PYTHON_VERSION': '3', 'GNOME_SHELL_SESSION_MODE': 'ubuntu', 'GTK_MODULES': 'gail:atk-bridge', 'SYSTEMD_EXEC_PID': '2874', 'GSM_SKIP_SSH_AGENT_WORKAROUND': 'true', 'DBUS_SESSION_BUS_ADDRESS': 'unix:path=/run/user/1000/bus', 'COLORTERM': 'truecolor', 'DEBUGINFOD_URLS': 'https://debuginfod.ubuntu.com', 'IM_CONFIG_PHASE': '1', 'WAYLAND_DISPLAY': 'wayland-0', 'ROS_DISTRO': 'jazzy', 'LOGNAME': 'aly-sultan', '_': '/usr/bin/colcon', 'ROS_VERSION': '2', 'MEMORY_PRESSURE_WATCH': '/sys/fs/cgroup/user.slice/user-1000.slice/user@1000.service/session.slice/org.gnome.Shell@wayland.service/memory.pressure', 'XDG_SESSION_CLASS': 'user', 'USERNAME': 'aly-sultan', 'TERM': 'xterm-256color', 'GNOME_DESKTOP_SESSION_ID': 'this-is-deprecated', 'PATH': '/opt/ros/jazzy/opt/gz_msgs_vendor/bin:/opt/ros/jazzy/opt/gz_tools_vendor/bin:/opt/ros/jazzy/opt/gz_ogre_next_vendor/bin:/opt/ros/jazzy/bin:/home/aly-sultan/.local/bin:/usr/local/sbin:/usr/local/bin:/usr/sbin:/usr/bin:/sbin:/bin:/usr/games:/usr/local/games:/snap/bin:/snap/bin', 'SESSION_MANAGER': 'local/aly-sultan-LOQ-15IAX9:@/tmp/.ICE-unix/2830,unix/aly-sultan-LOQ-15IAX9:/tmp/.ICE-unix/2830', 'XDG_MENU_PREFIX': 'gnome-', 'GNOME_TERMINAL_SCREEN': '/org/gnome/Terminal/screen/5af26948_a623_47f3_82e8_d1c4ea5b03ae', 'GNOME_SETUP_DISPLAY': ':1', 'XDG_RUNTIME_DIR': '/run/user/1000', 'DISPLAY': ':0', 'LANG': 'en_US.UTF-8', 'XDG_CURRENT_DESKTOP': 'ubuntu:GNOME', 'XMODIFIERS': '@im=ibus', 'XDG_SESSION_DESKTOP': 'ubuntu', 'XAUTHORITY': '/run/user/1000/.mutter-Xwaylandauth.3DQKN3', 'LS_COLORS': 'rs=0:di=01;34:ln=01;36:mh=00:pi=40;33:so=01;35:do=01;35:bd=40;33;01:cd=40;33;01:or=40;31;01:mi=00:su=37;41:sg=30;43:ca=00:tw=30;42:ow=34;42:st=37;44:ex=01;32:*.tar=01;31:*.tgz=01;31:*.arc=01;31:*.arj=01;31:*.taz=01;31:*.lha=01;31:*.lz4=01;31:*.lzh=01;31:*.lzma=01;31:*.tlz=01;31:*.txz=01;31:*.tzo=01;31:*.t7z=01;31:*.zip=01;31:*.z=01;31:*.dz=01;31:*.gz=01;31:*.lrz=01;31:*.lz=01;31:*.lzo=01;31:*.xz=01;31:*.zst=01;31:*.tzst=01;31:*.bz2=01;31:*.bz=01;31:*.tbz=01;31:*.tbz2=01;31:*.tz=01;31:*.deb=01;31:*.rpm=01;31:*.jar=01;31:*.war=01;31:*.ear=01;31:*.sar=01;31:*.rar=01;31:*.alz=01;31:*.ace=01;31:*.zoo=01;31:*.cpio=01;31:*.7z=01;31:*.rz=01;31:*.cab=01;31:*.wim=01;31:*.swm=01;31:*.dwm=01;31:*.esd=01;31:*.avif=01;35:*.jpg=01;35:*.jpeg=01;35:*.mjpg=01;35:*.mjpeg=01;35:*.gif=01;35:*.bmp=01;35:*.pbm=01;35:*.pgm=01;35:*.ppm=01;35:*.tga=01;35:*.xbm=01;35:*.xpm=01;35:*.tif=01;35:*.tiff=01;35:*.png=01;35:*.svg=01;35:*.svgz=01;35:*.mng=01;35:*.pcx=01;35:*.mov=01;35:*.mpg=01;35:*.mpeg=01;35:*.m2v=01;35:*.mkv=01;35:*.webm=01;35:*.webp=01;35:*.ogm=01;35:*.mp4=01;35:*.m4v=01;35:*.mp4v=01;35:*.vob=01;35:*.qt=01;35:*.nuv=01;35:*.wmv=01;35:*.asf=01;35:*.rm=01;35:*.rmvb=01;35:*.flc=01;35:*.avi=01;35:*.fli=01;35:*.flv=01;35:*.gl=01;35:*.dl=01;35:*.xcf=01;35:*.xwd=01;35:*.yuv=01;35:*.cgm=01;35:*.emf=01;35:*.ogv=01;35:*.ogx=01;35:*.aac=00;36:*.au=00;36:*.flac=00;36:*.m4a=00;36:*.mid=00;36:*.midi=00;36:*.mka=00;36:*.mp3=00;36:*.mpc=00;36:*.ogg=00;36:*.ra=00;36:*.wav=00;36:*.oga=00;36:*.opus=00;36:*.spx=00;36:*.xspf=00;36:*~=00;90:*#=00;90:*.bak=00;90:*.crdownload=00;90:*.dpkg-dist=00;90:*.dpkg-new=00;90:*.dpkg-old=00;90:*.dpkg-tmp=00;90:*.old=00;90:*.orig=00;90:*.part=00;90:*.rej=00;90:*.rpmnew=00;90:*.rpmorig=00;90:*.rpmsave=00;90:*.swp=00;90:*.tmp=00;90:*.ucf-dist=00;90:*.ucf-new=00;90:*.ucf-old=00;90:', 'GNOME_TERMINAL_SERVICE': ':1.143', 'SSH_AUTH_SOCK': '/run/user/1000/keyring/ssh', 'AMENT_PREFIX_PATH': '/opt/ros/jazzy', 'SHELL': '/bin/bash', 'QT_ACCESSIBILITY': '1', 'GDMSESSION': 'ubuntu', 'LESSCLOSE': '/usr/bin/lesspipe %s %s', 'ROS_AUTOMATIC_DISCOVERY_RANGE': 'SUBNET', 'QT_IM_MODULE': 'ibus', 'PWD': '/home/aly-sultan/Desktop/fs-system-25/SLAM/build/cloud_msgs', 'XDG_CONFIG_DIRS': '/etc/xdg/xdg-ubuntu:/etc/xdg', 'XDG_DATA_DIRS': '/usr/share/ubuntu:/usr/share/gnome:/usr/local/share/:/usr/share/:/var/lib/snapd/desktop', 'PYTHONPATH': '/opt/ros/jazzy/lib/python3.12/site-packages', 'COLCON': '1', 'MEMORY_PRESSURE_WRITE': 'c29tZSAyMDAwMDAgMjAwMDAwMAA=', 'VTE_VERSION': '7600', 'CMAKE_PREFIX_PATH': '/opt/ros/jazzy/opt/gz_sim_vendor:/opt/ros/jazzy/opt/gz_sensors_vendor:/opt/ros/jazzy/opt/gz_physics_vendor:/opt/ros/jazzy/opt/sdformat_vendor:/opt/ros/jazzy/opt/gz_gui_vendor:/opt/ros/jazzy/opt/gz_transport_vendor:/opt/ros/jazzy/opt/gz_rendering_vendor:/opt/ros/jazzy/opt/gz_plugin_vendor:/opt/ros/jazzy/opt/gz_fuel_tools_vendor:/opt/ros/jazzy/opt/gz_msgs_vendor:/opt/ros/jazzy/opt/gz_common_vendor:/opt/ros/jazzy/opt/gz_math_vendor:/opt/ros/jazzy/opt/gz_utils_vendor:/opt/ros/jazzy/opt/gz_tools_vendor:/opt/ros/jazzy/opt/gz_ogre_next_vendor:/opt/ros/jazzy/opt/gz_dartsim_vendor:/opt/ros/jazzy/opt/gz_cmake_vendor:/opt/ros/jazzy'}), 'shell': False}
[0.089935] (cloud_msgs) StdoutLine: {'line': b'[  2%] Built target cloud_msgs__rosidl_generator_type_description\n'}
[0.099251] (asurt_msgs) StdoutLine: {'line': b'[  1%] Built target asurt_msgs__rosidl_generator_type_description\n'}
[0.099618] (-) TimerEvent: {}
[0.104328] (cloud_msgs) StdoutLine: {'line': b'[  2%] Built target ament_cmake_python_copy_cloud_msgs\n'}
[0.113097] (asurt_msgs) StdoutLine: {'line': b'[  1%] Built target ament_cmake_python_copy_asurt_msgs\n'}
[0.113476] (cloud_msgs) StdoutLine: {'line': b'[  5%] Built target cloud_msgs__cpp\n'}
[0.119149] (cloud_msgs) StdoutLine: {'line': b'[ 20%] Built target cloud_msgs__rosidl_generator_c\n'}
[0.125675] (asurt_msgs) StdoutLine: {'line': b'[  1%] Built target asurt_msgs__cpp\n'}
[0.143497] (cloud_msgs) StdoutLine: {'line': b'[ 29%] Built target cloud_msgs__rosidl_typesupport_c\n'}
[0.149120] (asurt_msgs) StdoutLine: {'line': b'[ 27%] Built target asurt_msgs__rosidl_generator_c\n'}
[0.150901] (cloud_msgs) StdoutLine: {'line': b'[ 44%] Built target cloud_msgs__rosidl_typesupport_cpp\n'}
[0.151302] (cloud_msgs) StdoutLine: {'line': b'[ 47%] Built target cloud_msgs__rosidl_typesupport_fastrtps_c\n'}
[0.156597] (cloud_msgs) StdoutLine: {'line': b'[ 58%] Built target cloud_msgs__rosidl_typesupport_introspection_c\n'}
[0.156954] (cloud_msgs) StdoutLine: {'line': b'[ 64%] Built target cloud_msgs__rosidl_typesupport_fastrtps_cpp\n'}
[0.157088] (cloud_msgs) StdoutLine: {'line': b'[ 73%] Built target cloud_msgs__rosidl_typesupport_introspection_cpp\n'}
[0.178532] (cloud_msgs) StdoutLine: {'line': b'[ 73%] Built target cloud_msgs\n'}
[0.186596] (asurt_msgs) StdoutLine: {'line': b'[ 37%] Built target asurt_msgs__rosidl_typesupport_fastrtps_cpp\n'}
[0.191397] (asurt_msgs) StdoutLine: {'line': b'[ 54%] Built target asurt_msgs__rosidl_typesupport_fastrtps_c\n'}
[0.191754] (asurt_msgs) StdoutLine: {'line': b'[ 55%] Built target asurt_msgs__rosidl_typesupport_introspection_cpp\n'}
[0.192148] (asurt_msgs) StdoutLine: {'line': b'[ 65%] Built target asurt_msgs__rosidl_typesupport_introspection_c\n'}
[0.192892] (asurt_msgs) StdoutLine: {'line': b'[ 75%] Built target asurt_msgs__rosidl_typesupport_c\n'}
[0.195566] (asurt_msgs) StdoutLine: {'line': b'[ 85%] Built target asurt_msgs__rosidl_typesupport_cpp\n'}
[0.199749] (-) TimerEvent: {}
[0.209117] (cloud_msgs) StdoutLine: {'line': b'[ 76%] Built target cloud_msgs__py\n'}
[0.222277] (asurt_msgs) StdoutLine: {'line': b'[ 85%] Built target asurt_msgs\n'}
[0.248369] (cloud_msgs) StdoutLine: {'line': b'[ 82%] Built target cloud_msgs__rosidl_generator_py\n'}
[0.260981] (asurt_msgs) StdoutLine: {'line': b'[ 86%] Built target asurt_msgs__py\n'}
[0.274626] (cloud_msgs) StdoutLine: {'line': b'[ 88%] Built target cloud_msgs_s__rosidl_typesupport_c\n'}
[0.282324] (cloud_msgs) StdoutLine: {'line': b'[ 94%] Built target cloud_msgs_s__rosidl_typesupport_fastrtps_c\n'}
[0.286122] (cloud_msgs) StdoutLine: {'line': b'[100%] Built target cloud_msgs_s__rosidl_typesupport_introspection_c\n'}
[0.299911] (-) TimerEvent: {}
[0.301832] (asurt_msgs) StdoutLine: {'line': b'[ 94%] Built target asurt_msgs__rosidl_generator_py\n'}
[0.334511] (asurt_msgs) StdoutLine: {'line': b'[ 96%] Built target asurt_msgs_s__rosidl_typesupport_introspection_c\n'}
[0.334955] (asurt_msgs) StdoutLine: {'line': b'[ 98%] Built target asurt_msgs_s__rosidl_typesupport_c\n'}
[0.337858] (asurt_msgs) StdoutLine: {'line': b'[100%] Built target asurt_msgs_s__rosidl_typesupport_fastrtps_c\n'}
[0.390622] (cloud_msgs) StdoutLine: {'line': b'running egg_info\n'}
[0.400084] (-) TimerEvent: {}
[0.415407] (cloud_msgs) StdoutLine: {'line': b'writing cloud_msgs.egg-info/PKG-INFO\n'}
[0.415754] (cloud_msgs) StdoutLine: {'line': b'writing dependency_links to cloud_msgs.egg-info/dependency_links.txt\n'}
[0.416059] (cloud_msgs) StdoutLine: {'line': b'writing top-level names to cloud_msgs.egg-info/top_level.txt\n'}
[0.488887] (cloud_msgs) StdoutLine: {'line': b"reading manifest file 'cloud_msgs.egg-info/SOURCES.txt'\n"}
[0.489812] (cloud_msgs) StdoutLine: {'line': b"writing manifest file 'cloud_msgs.egg-info/SOURCES.txt'\n"}
[0.500253] (-) TimerEvent: {}
[0.505661] (asurt_msgs) StdoutLine: {'line': b'running egg_info\n'}
[0.526455] (cloud_msgs) StdoutLine: {'line': b'[100%] Built target ament_cmake_python_build_cloud_msgs_egg\n'}
[0.543361] (cloud_msgs) CommandEnded: {'returncode': 0}
[0.544566] (cloud_msgs) JobProgress: {'identifier': 'cloud_msgs', 'progress': 'install'}
[0.554787] (asurt_msgs) StdoutLine: {'line': b'writing asurt_msgs.egg-info/PKG-INFO\n'}
[0.555233] (asurt_msgs) StdoutLine: {'line': b'writing dependency_links to asurt_msgs.egg-info/dependency_links.txt\n'}
[0.555608] (asurt_msgs) StdoutLine: {'line': b'writing top-level names to asurt_msgs.egg-info/top_level.txt\n'}
[0.560905] (cloud_msgs) Command: {'cmd': ['/usr/bin/cmake', '--install', '/home/aly-sultan/Desktop/fs-system-25/SLAM/build/cloud_msgs'], 'cwd': '/home/aly-sultan/Desktop/fs-system-25/SLAM/build/cloud_msgs', 'env': OrderedDict({'LESSOPEN': '| /usr/bin/lesspipe %s', 'GZ_SIM_RESOURCE_PATH': '/opt/ros/jazzy/share', 'USER': 'aly-sultan', 'GZ_CONFIG_PATH': '/opt/ros/jazzy/opt/gz_sim_vendor/share/gz:/opt/ros/jazzy/opt/sdformat_vendor/share/gz:/opt/ros/jazzy/opt/gz_gui_vendor/share/gz:/opt/ros/jazzy/opt/gz_transport_vendor/share/gz:/opt/ros/jazzy/opt/gz_rendering_vendor/share/gz:/opt/ros/jazzy/opt/gz_plugin_vendor/share/gz:/opt/ros/jazzy/opt/gz_fuel_tools_vendor/share/gz:/opt/ros/jazzy/opt/gz_msgs_vendor/share/gz:/opt/ros/jazzy/opt/gz_common_vendor/share/gz', 'XDG_SESSION_TYPE': 'wayland', 'CLUTTER_DISABLE_MIPMAPPED_TEXT': '1', 'SHLVL': '1', 'LD_LIBRARY_PATH': '/opt/ros/jazzy/opt/gz_sim_vendor/lib:/opt/ros/jazzy/opt/gz_sensors_vendor/lib:/opt/ros/jazzy/opt/gz_physics_vendor/lib:/opt/ros/jazzy/opt/sdformat_vendor/lib:/opt/ros/jazzy/opt/rviz_ogre_vendor/lib:/opt/ros/jazzy/lib/x86_64-linux-gnu:/opt/ros/jazzy/opt/gz_gui_vendor/lib:/opt/ros/jazzy/opt/gz_transport_vendor/lib:/opt/ros/jazzy/opt/gz_rendering_vendor/lib:/opt/ros/jazzy/opt/gz_plugin_vendor/lib:/opt/ros/jazzy/opt/gz_fuel_tools_vendor/lib:/opt/ros/jazzy/opt/gz_msgs_vendor/lib:/opt/ros/jazzy/opt/gz_common_vendor/lib:/opt/ros/jazzy/opt/gz_math_vendor/lib:/opt/ros/jazzy/opt/gz_utils_vendor/lib:/opt/ros/jazzy/opt/gz_tools_vendor/lib:/opt/ros/jazzy/opt/gz_ogre_next_vendor/lib:/opt/ros/jazzy/opt/gz_dartsim_vendor/lib:/opt/ros/jazzy/opt/gz_cmake_vendor/lib:/opt/ros/jazzy/lib', 'HOME': '/home/aly-sultan', 'OLDPWD': '/home/aly-sultan/Desktop/fs-system-25', 'DESKTOP_SESSION': 'ubuntu', 'ROS_PYTHON_VERSION': '3', 'GNOME_SHELL_SESSION_MODE': 'ubuntu', 'GTK_MODULES': 'gail:atk-bridge', 'SYSTEMD_EXEC_PID': '2874', 'GSM_SKIP_SSH_AGENT_WORKAROUND': 'true', 'DBUS_SESSION_BUS_ADDRESS': 'unix:path=/run/user/1000/bus', 'COLORTERM': 'truecolor', 'DEBUGINFOD_URLS': 'https://debuginfod.ubuntu.com', 'IM_CONFIG_PHASE': '1', 'WAYLAND_DISPLAY': 'wayland-0', 'ROS_DISTRO': 'jazzy', 'LOGNAME': 'aly-sultan', '_': '/usr/bin/colcon', 'ROS_VERSION': '2', 'MEMORY_PRESSURE_WATCH': '/sys/fs/cgroup/user.slice/user-1000.slice/user@1000.service/session.slice/org.gnome.Shell@wayland.service/memory.pressure', 'XDG_SESSION_CLASS': 'user', 'USERNAME': 'aly-sultan', 'TERM': 'xterm-256color', 'GNOME_DESKTOP_SESSION_ID': 'this-is-deprecated', 'PATH': '/opt/ros/jazzy/opt/gz_msgs_vendor/bin:/opt/ros/jazzy/opt/gz_tools_vendor/bin:/opt/ros/jazzy/opt/gz_ogre_next_vendor/bin:/opt/ros/jazzy/bin:/home/aly-sultan/.local/bin:/usr/local/sbin:/usr/local/bin:/usr/sbin:/usr/bin:/sbin:/bin:/usr/games:/usr/local/games:/snap/bin:/snap/bin', 'SESSION_MANAGER': 'local/aly-sultan-LOQ-15IAX9:@/tmp/.ICE-unix/2830,unix/aly-sultan-LOQ-15IAX9:/tmp/.ICE-unix/2830', 'XDG_MENU_PREFIX': 'gnome-', 'GNOME_TERMINAL_SCREEN': '/org/gnome/Terminal/screen/5af26948_a623_47f3_82e8_d1c4ea5b03ae', 'GNOME_SETUP_DISPLAY': ':1', 'XDG_RUNTIME_DIR': '/run/user/1000', 'DISPLAY': ':0', 'LANG': 'en_US.UTF-8', 'XDG_CURRENT_DESKTOP': 'ubuntu:GNOME', 'XMODIFIERS': '@im=ibus', 'XDG_SESSION_DESKTOP': 'ubuntu', 'XAUTHORITY': '/run/user/1000/.mutter-Xwaylandauth.3DQKN3', 'LS_COLORS': 'rs=0:di=01;34:ln=01;36:mh=00:pi=40;33:so=01;35:do=01;35:bd=40;33;01:cd=40;33;01:or=40;31;01:mi=00:su=37;41:sg=30;43:ca=00:tw=30;42:ow=34;42:st=37;44:ex=01;32:*.tar=01;31:*.tgz=01;31:*.arc=01;31:*.arj=01;31:*.taz=01;31:*.lha=01;31:*.lz4=01;31:*.lzh=01;31:*.lzma=01;31:*.tlz=01;31:*.txz=01;31:*.tzo=01;31:*.t7z=01;31:*.zip=01;31:*.z=01;31:*.dz=01;31:*.gz=01;31:*.lrz=01;31:*.lz=01;31:*.lzo=01;31:*.xz=01;31:*.zst=01;31:*.tzst=01;31:*.bz2=01;31:*.bz=01;31:*.tbz=01;31:*.tbz2=01;31:*.tz=01;31:*.deb=01;31:*.rpm=01;31:*.jar=01;31:*.war=01;31:*.ear=01;31:*.sar=01;31:*.rar=01;31:*.alz=01;31:*.ace=01;31:*.zoo=01;31:*.cpio=01;31:*.7z=01;31:*.rz=01;31:*.cab=01;31:*.wim=01;31:*.swm=01;31:*.dwm=01;31:*.esd=01;31:*.avif=01;35:*.jpg=01;35:*.jpeg=01;35:*.mjpg=01;35:*.mjpeg=01;35:*.gif=01;35:*.bmp=01;35:*.pbm=01;35:*.pgm=01;35:*.ppm=01;35:*.tga=01;35:*.xbm=01;35:*.xpm=01;35:*.tif=01;35:*.tiff=01;35:*.png=01;35:*.svg=01;35:*.svgz=01;35:*.mng=01;35:*.pcx=01;35:*.mov=01;35:*.mpg=01;35:*.mpeg=01;35:*.m2v=01;35:*.mkv=01;35:*.webm=01;35:*.webp=01;35:*.ogm=01;35:*.mp4=01;35:*.m4v=01;35:*.mp4v=01;35:*.vob=01;35:*.qt=01;35:*.nuv=01;35:*.wmv=01;35:*.asf=01;35:*.rm=01;35:*.rmvb=01;35:*.flc=01;35:*.avi=01;35:*.fli=01;35:*.flv=01;35:*.gl=01;35:*.dl=01;35:*.xcf=01;35:*.xwd=01;35:*.yuv=01;35:*.cgm=01;35:*.emf=01;35:*.ogv=01;35:*.ogx=01;35:*.aac=00;36:*.au=00;36:*.flac=00;36:*.m4a=00;36:*.mid=00;36:*.midi=00;36:*.mka=00;36:*.mp3=00;36:*.mpc=00;36:*.ogg=00;36:*.ra=00;36:*.wav=00;36:*.oga=00;36:*.opus=00;36:*.spx=00;36:*.xspf=00;36:*~=00;90:*#=00;90:*.bak=00;90:*.crdownload=00;90:*.dpkg-dist=00;90:*.dpkg-new=00;90:*.dpkg-old=00;90:*.dpkg-tmp=00;90:*.old=00;90:*.orig=00;90:*.part=00;90:*.rej=00;90:*.rpmnew=00;90:*.rpmorig=00;90:*.rpmsave=00;90:*.swp=00;90:*.tmp=00;90:*.ucf-dist=00;90:*.ucf-new=00;90:*.ucf-old=00;90:', 'GNOME_TERMINAL_SERVICE': ':1.143', 'SSH_AUTH_SOCK': '/run/user/1000/keyring/ssh', 'AMENT_PREFIX_PATH': '/opt/ros/jazzy', 'SHELL': '/bin/bash', 'QT_ACCESSIBILITY': '1', 'GDMSESSION': 'ubuntu', 'LESSCLOSE': '/usr/bin/lesspipe %s %s', 'ROS_AUTOMATIC_DISCOVERY_RANGE': 'SUBNET', 'QT_IM_MODULE': 'ibus', 'PWD': '/home/aly-sultan/Desktop/fs-system-25/SLAM/build/cloud_msgs', 'XDG_CONFIG_DIRS': '/etc/xdg/xdg-ubuntu:/etc/xdg', 'XDG_DATA_DIRS': '/usr/share/ubuntu:/usr/share/gnome:/usr/local/share/:/usr/share/:/var/lib/snapd/desktop', 'PYTHONPATH': '/opt/ros/jazzy/lib/python3.12/site-packages', 'COLCON': '1', 'MEMORY_PRESSURE_WRITE': 'c29tZSAyMDAwMDAgMjAwMDAwMAA=', 'VTE_VERSION': '7600', 'CMAKE_PREFIX_PATH': '/opt/ros/jazzy/opt/gz_sim_vendor:/opt/ros/jazzy/opt/gz_sensors_vendor:/opt/ros/jazzy/opt/gz_physics_vendor:/opt/ros/jazzy/opt/sdformat_vendor:/opt/ros/jazzy/opt/gz_gui_vendor:/opt/ros/jazzy/opt/gz_transport_vendor:/opt/ros/jazzy/opt/gz_rendering_vendor:/opt/ros/jazzy/opt/gz_plugin_vendor:/opt/ros/jazzy/opt/gz_fuel_tools_vendor:/opt/ros/jazzy/opt/gz_msgs_vendor:/opt/ros/jazzy/opt/gz_common_vendor:/opt/ros/jazzy/opt/gz_math_vendor:/opt/ros/jazzy/opt/gz_utils_vendor:/opt/ros/jazzy/opt/gz_tools_vendor:/opt/ros/jazzy/opt/gz_ogre_next_vendor:/opt/ros/jazzy/opt/gz_dartsim_vendor:/opt/ros/jazzy/opt/gz_cmake_vendor:/opt/ros/jazzy'}), 'shell': False}
[0.576635] (cloud_msgs) StdoutLine: {'line': b'-- Install configuration: ""\n'}
[0.577052] (cloud_msgs) StdoutLine: {'line': b'-- Up-to-date: /home/aly-sultan/Desktop/fs-system-25/SLAM/install/cloud_msgs/share/ament_index/resource_index/rosidl_interfaces/cloud_msgs\n'}
[0.577321] (cloud_msgs) StdoutLine: {'line': b'-- Up-to-date: /home/aly-sultan/Desktop/fs-system-25/SLAM/install/cloud_msgs/share/cloud_msgs/msg/CloudInfo.json\n'}
[0.577513] (cloud_msgs) StdoutLine: {'line': b'-- Up-to-date: /home/aly-sultan/Desktop/fs-system-25/SLAM/install/cloud_msgs/include/cloud_msgs/cloud_msgs\n'}
[0.577658] (cloud_msgs) StdoutLine: {'line': b'-- Up-to-date: /home/aly-sultan/Desktop/fs-system-25/SLAM/install/cloud_msgs/include/cloud_msgs/cloud_msgs/msg\n'}
[0.577824] (cloud_msgs) StdoutLine: {'line': b'-- Up-to-date: /home/aly-sultan/Desktop/fs-system-25/SLAM/install/cloud_msgs/include/cloud_msgs/cloud_msgs/msg/rosidl_generator_c__visibility_control.h\n'}
[0.577987] (cloud_msgs) StdoutLine: {'line': b'-- Up-to-date: /home/aly-sultan/Desktop/fs-system-25/SLAM/install/cloud_msgs/include/cloud_msgs/cloud_msgs/msg/cloud_info.h\n'}
[0.578180] (cloud_msgs) StdoutLine: {'line': b'-- Up-to-date: /home/aly-sultan/Desktop/fs-system-25/SLAM/install/cloud_msgs/include/cloud_msgs/cloud_msgs/msg/detail\n'}
[0.578357] (cloud_msgs) StdoutLine: {'line': b'-- Up-to-date: /home/aly-sultan/Desktop/fs-system-25/SLAM/install/cloud_msgs/include/cloud_msgs/cloud_msgs/msg/detail/cloud_info__type_support.h\n'}
[0.578503] (cloud_msgs) StdoutLine: {'line': b'-- Up-to-date: /home/aly-sultan/Desktop/fs-system-25/SLAM/install/cloud_msgs/include/cloud_msgs/cloud_msgs/msg/detail/cloud_info__functions.c\n'}
[0.578673] (cloud_msgs) StdoutLine: {'line': b'-- Up-to-date: /home/aly-sultan/Desktop/fs-system-25/SLAM/install/cloud_msgs/include/cloud_msgs/cloud_msgs/msg/detail/cloud_info__type_support.c\n'}
[0.578869] (cloud_msgs) StdoutLine: {'line': b'-- Up-to-date: /home/aly-sultan/Desktop/fs-system-25/SLAM/install/cloud_msgs/include/cloud_msgs/cloud_msgs/msg/detail/cloud_info__struct.h\n'}
[0.579041] (cloud_msgs) StdoutLine: {'line': b'-- Up-to-date: /home/aly-sultan/Desktop/fs-system-25/SLAM/install/cloud_msgs/include/cloud_msgs/cloud_msgs/msg/detail/cloud_info__functions.h\n'}
[0.579243] (cloud_msgs) StdoutLine: {'line': b'-- Up-to-date: /home/aly-sultan/Desktop/fs-system-25/SLAM/install/cloud_msgs/include/cloud_msgs/cloud_msgs/msg/detail/cloud_info__description.c\n'}
[0.579434] (cloud_msgs) StdoutLine: {'line': b'-- Up-to-date: /home/aly-sultan/Desktop/fs-system-25/SLAM/install/cloud_msgs/share/cloud_msgs/environment/library_path.sh\n'}
[0.579648] (cloud_msgs) StdoutLine: {'line': b'-- Up-to-date: /home/aly-sultan/Desktop/fs-system-25/SLAM/install/cloud_msgs/share/cloud_msgs/environment/library_path.dsv\n'}
[0.579793] (cloud_msgs) StdoutLine: {'line': b'-- Up-to-date: /home/aly-sultan/Desktop/fs-system-25/SLAM/install/cloud_msgs/lib/libcloud_msgs__rosidl_generator_c.so\n'}
[0.579980] (cloud_msgs) StdoutLine: {'line': b'-- Up-to-date: /home/aly-sultan/Desktop/fs-system-25/SLAM/install/cloud_msgs/include/cloud_msgs/cloud_msgs\n'}
[0.580216] (cloud_msgs) StdoutLine: {'line': b'-- Up-to-date: /home/aly-sultan/Desktop/fs-system-25/SLAM/install/cloud_msgs/include/cloud_msgs/cloud_msgs/msg\n'}
[0.580387] (cloud_msgs) StdoutLine: {'line': b'-- Up-to-date: /home/aly-sultan/Desktop/fs-system-25/SLAM/install/cloud_msgs/include/cloud_msgs/cloud_msgs/msg/rosidl_typesupport_fastrtps_c__visibility_control.h\n'}
[0.580571] (cloud_msgs) StdoutLine: {'line': b'-- Up-to-date: /home/aly-sultan/Desktop/fs-system-25/SLAM/install/cloud_msgs/include/cloud_msgs/cloud_msgs/msg/detail\n'}
[0.580770] (cloud_msgs) StdoutLine: {'line': b'-- Up-to-date: /home/aly-sultan/Desktop/fs-system-25/SLAM/install/cloud_msgs/include/cloud_msgs/cloud_msgs/msg/detail/cloud_info__rosidl_typesupport_fastrtps_c.h\n'}
[0.580988] (cloud_msgs) StdoutLine: {'line': b'-- Up-to-date: /home/aly-sultan/Desktop/fs-system-25/SLAM/install/cloud_msgs/lib/libcloud_msgs__rosidl_typesupport_fastrtps_c.so\n'}
[0.581169] (cloud_msgs) StdoutLine: {'line': b'-- Up-to-date: /home/aly-sultan/Desktop/fs-system-25/SLAM/install/cloud_msgs/include/cloud_msgs/cloud_msgs\n'}
[0.581368] (cloud_msgs) StdoutLine: {'line': b'-- Up-to-date: /home/aly-sultan/Desktop/fs-system-25/SLAM/install/cloud_msgs/include/cloud_msgs/cloud_msgs/msg\n'}
[0.581574] (cloud_msgs) StdoutLine: {'line': b'-- Up-to-date: /home/aly-sultan/Desktop/fs-system-25/SLAM/install/cloud_msgs/include/cloud_msgs/cloud_msgs/msg/rosidl_generator_cpp__visibility_control.hpp\n'}
[0.581754] (cloud_msgs) StdoutLine: {'line': b'-- Up-to-date: /home/aly-sultan/Desktop/fs-system-25/SLAM/install/cloud_msgs/include/cloud_msgs/cloud_msgs/msg/cloud_info.hpp\n'}
[0.581968] (cloud_msgs) StdoutLine: {'line': b'-- Up-to-date: /home/aly-sultan/Desktop/fs-system-25/SLAM/install/cloud_msgs/include/cloud_msgs/cloud_msgs/msg/detail\n'}
[0.582189] (cloud_msgs) StdoutLine: {'line': b'-- Up-to-date: /home/aly-sultan/Desktop/fs-system-25/SLAM/install/cloud_msgs/include/cloud_msgs/cloud_msgs/msg/detail/cloud_info__struct.hpp\n'}
[0.582419] (cloud_msgs) StdoutLine: {'line': b'-- Up-to-date: /home/aly-sultan/Desktop/fs-system-25/SLAM/install/cloud_msgs/include/cloud_msgs/cloud_msgs/msg/detail/cloud_info__builder.hpp\n'}
[0.582567] (cloud_msgs) StdoutLine: {'line': b'-- Up-to-date: /home/aly-sultan/Desktop/fs-system-25/SLAM/install/cloud_msgs/include/cloud_msgs/cloud_msgs/msg/detail/cloud_info__traits.hpp\n'}
[0.582708] (cloud_msgs) StdoutLine: {'line': b'-- Up-to-date: /home/aly-sultan/Desktop/fs-system-25/SLAM/install/cloud_msgs/include/cloud_msgs/cloud_msgs/msg/detail/cloud_info__type_support.hpp\n'}
[0.582858] (cloud_msgs) StdoutLine: {'line': b'-- Up-to-date: /home/aly-sultan/Desktop/fs-system-25/SLAM/install/cloud_msgs/include/cloud_msgs/cloud_msgs\n'}
[0.583005] (cloud_msgs) StdoutLine: {'line': b'-- Up-to-date: /home/aly-sultan/Desktop/fs-system-25/SLAM/install/cloud_msgs/include/cloud_msgs/cloud_msgs/msg\n'}
[0.583147] (cloud_msgs) StdoutLine: {'line': b'-- Up-to-date: /home/aly-sultan/Desktop/fs-system-25/SLAM/install/cloud_msgs/include/cloud_msgs/cloud_msgs/msg/rosidl_typesupport_fastrtps_cpp__visibility_control.h\n'}
[0.583290] (cloud_msgs) StdoutLine: {'line': b'-- Up-to-date: /home/aly-sultan/Desktop/fs-system-25/SLAM/install/cloud_msgs/include/cloud_msgs/cloud_msgs/msg/detail\n'}
[0.583427] (cloud_msgs) StdoutLine: {'line': b'-- Up-to-date: /home/aly-sultan/Desktop/fs-system-25/SLAM/install/cloud_msgs/include/cloud_msgs/cloud_msgs/msg/detail/cloud_info__rosidl_typesupport_fastrtps_cpp.hpp\n'}
[0.583566] (cloud_msgs) StdoutLine: {'line': b'-- Up-to-date: /home/aly-sultan/Desktop/fs-system-25/SLAM/install/cloud_msgs/include/cloud_msgs/cloud_msgs/msg/detail/dds_fastrtps\n'}
[0.583717] (cloud_msgs) StdoutLine: {'line': b'-- Up-to-date: /home/aly-sultan/Desktop/fs-system-25/SLAM/install/cloud_msgs/lib/libcloud_msgs__rosidl_typesupport_fastrtps_cpp.so\n'}
[0.583869] (cloud_msgs) StdoutLine: {'line': b'-- Up-to-date: /home/aly-sultan/Desktop/fs-system-25/SLAM/install/cloud_msgs/include/cloud_msgs/cloud_msgs\n'}
[0.584016] (cloud_msgs) StdoutLine: {'line': b'-- Up-to-date: /home/aly-sultan/Desktop/fs-system-25/SLAM/install/cloud_msgs/include/cloud_msgs/cloud_msgs/msg\n'}
[0.584160] (cloud_msgs) StdoutLine: {'line': b'-- Up-to-date: /home/aly-sultan/Desktop/fs-system-25/SLAM/install/cloud_msgs/include/cloud_msgs/cloud_msgs/msg/rosidl_typesupport_introspection_c__visibility_control.h\n'}
[0.584322] (cloud_msgs) StdoutLine: {'line': b'-- Up-to-date: /home/aly-sultan/Desktop/fs-system-25/SLAM/install/cloud_msgs/include/cloud_msgs/cloud_msgs/msg/detail\n'}
[0.584472] (cloud_msgs) StdoutLine: {'line': b'-- Up-to-date: /home/aly-sultan/Desktop/fs-system-25/SLAM/install/cloud_msgs/include/cloud_msgs/cloud_msgs/msg/detail/cloud_info__type_support.c\n'}
[0.584620] (cloud_msgs) StdoutLine: {'line': b'-- Up-to-date: /home/aly-sultan/Desktop/fs-system-25/SLAM/install/cloud_msgs/include/cloud_msgs/cloud_msgs/msg/detail/cloud_info__rosidl_typesupport_introspection_c.h\n'}
[0.584781] (cloud_msgs) StdoutLine: {'line': b'-- Up-to-date: /home/aly-sultan/Desktop/fs-system-25/SLAM/install/cloud_msgs/lib/libcloud_msgs__rosidl_typesupport_introspection_c.so\n'}
[0.584939] (cloud_msgs) StdoutLine: {'line': b'-- Up-to-date: /home/aly-sultan/Desktop/fs-system-25/SLAM/install/cloud_msgs/lib/libcloud_msgs__rosidl_typesupport_c.so\n'}
[0.585083] (cloud_msgs) StdoutLine: {'line': b'-- Up-to-date: /home/aly-sultan/Desktop/fs-system-25/SLAM/install/cloud_msgs/include/cloud_msgs/cloud_msgs\n'}
[0.585233] (cloud_msgs) StdoutLine: {'line': b'-- Up-to-date: /home/aly-sultan/Desktop/fs-system-25/SLAM/install/cloud_msgs/include/cloud_msgs/cloud_msgs/msg\n'}
[0.585389] (cloud_msgs) StdoutLine: {'line': b'-- Up-to-date: /home/aly-sultan/Desktop/fs-system-25/SLAM/install/cloud_msgs/include/cloud_msgs/cloud_msgs/msg/detail\n'}
[0.585539] (cloud_msgs) StdoutLine: {'line': b'-- Up-to-date: /home/aly-sultan/Desktop/fs-system-25/SLAM/install/cloud_msgs/include/cloud_msgs/cloud_msgs/msg/detail/cloud_info__type_support.cpp\n'}
[0.585685] (cloud_msgs) StdoutLine: {'line': b'-- Up-to-date: /home/aly-sultan/Desktop/fs-system-25/SLAM/install/cloud_msgs/include/cloud_msgs/cloud_msgs/msg/detail/cloud_info__rosidl_typesupport_introspection_cpp.hpp\n'}
[0.585830] (cloud_msgs) StdoutLine: {'line': b'-- Up-to-date: /home/aly-sultan/Desktop/fs-system-25/SLAM/install/cloud_msgs/lib/libcloud_msgs__rosidl_typesupport_introspection_cpp.so\n'}
[0.585995] (cloud_msgs) StdoutLine: {'line': b'-- Up-to-date: /home/aly-sultan/Desktop/fs-system-25/SLAM/install/cloud_msgs/lib/libcloud_msgs__rosidl_typesupport_cpp.so\n'}
[0.586157] (cloud_msgs) StdoutLine: {'line': b'-- Up-to-date: /home/aly-sultan/Desktop/fs-system-25/SLAM/install/cloud_msgs/share/cloud_msgs/environment/pythonpath.sh\n'}
[0.586311] (cloud_msgs) StdoutLine: {'line': b'-- Up-to-date: /home/aly-sultan/Desktop/fs-system-25/SLAM/install/cloud_msgs/share/cloud_msgs/environment/pythonpath.dsv\n'}
[0.586459] (cloud_msgs) StdoutLine: {'line': b'-- Up-to-date: /home/aly-sultan/Desktop/fs-system-25/SLAM/install/cloud_msgs/lib/python3.12/site-packages/cloud_msgs-1.0.0-py3.12.egg-info\n'}
[0.586612] (cloud_msgs) StdoutLine: {'line': b'-- Installing: /home/aly-sultan/Desktop/fs-system-25/SLAM/install/cloud_msgs/lib/python3.12/site-packages/cloud_msgs-1.0.0-py3.12.egg-info/top_level.txt\n'}
[0.586768] (cloud_msgs) StdoutLine: {'line': b'-- Installing: /home/aly-sultan/Desktop/fs-system-25/SLAM/install/cloud_msgs/lib/python3.12/site-packages/cloud_msgs-1.0.0-py3.12.egg-info/dependency_links.txt\n'}
[0.586931] (cloud_msgs) StdoutLine: {'line': b'-- Installing: /home/aly-sultan/Desktop/fs-system-25/SLAM/install/cloud_msgs/lib/python3.12/site-packages/cloud_msgs-1.0.0-py3.12.egg-info/PKG-INFO\n'}
[0.587089] (cloud_msgs) StdoutLine: {'line': b'-- Installing: /home/aly-sultan/Desktop/fs-system-25/SLAM/install/cloud_msgs/lib/python3.12/site-packages/cloud_msgs-1.0.0-py3.12.egg-info/SOURCES.txt\n'}
[0.587241] (cloud_msgs) StdoutLine: {'line': b'-- Up-to-date: /home/aly-sultan/Desktop/fs-system-25/SLAM/install/cloud_msgs/lib/python3.12/site-packages/cloud_msgs\n'}
[0.587393] (cloud_msgs) StdoutLine: {'line': b'-- Up-to-date: /home/aly-sultan/Desktop/fs-system-25/SLAM/install/cloud_msgs/lib/python3.12/site-packages/cloud_msgs/_cloud_msgs_s.ep.rosidl_typesupport_c.c\n'}
[0.587555] (cloud_msgs) StdoutLine: {'line': b'-- Up-to-date: /home/aly-sultan/Desktop/fs-system-25/SLAM/install/cloud_msgs/lib/python3.12/site-packages/cloud_msgs/_cloud_msgs_s.ep.rosidl_typesupport_fastrtps_c.c\n'}
[0.587733] (cloud_msgs) StdoutLine: {'line': b'-- Up-to-date: /home/aly-sultan/Desktop/fs-system-25/SLAM/install/cloud_msgs/lib/python3.12/site-packages/cloud_msgs/__init__.py\n'}
[0.587911] (cloud_msgs) StdoutLine: {'line': b'-- Up-to-date: /home/aly-sultan/Desktop/fs-system-25/SLAM/install/cloud_msgs/lib/python3.12/site-packages/cloud_msgs/msg\n'}
[0.588063] (cloud_msgs) StdoutLine: {'line': b'-- Up-to-date: /home/aly-sultan/Desktop/fs-system-25/SLAM/install/cloud_msgs/lib/python3.12/site-packages/cloud_msgs/msg/__init__.py\n'}
[0.588218] (cloud_msgs) StdoutLine: {'line': b'-- Up-to-date: /home/aly-sultan/Desktop/fs-system-25/SLAM/install/cloud_msgs/lib/python3.12/site-packages/cloud_msgs/msg/_cloud_info.py\n'}
[0.588372] (cloud_msgs) StdoutLine: {'line': b'-- Up-to-date: /home/aly-sultan/Desktop/fs-system-25/SLAM/install/cloud_msgs/lib/python3.12/site-packages/cloud_msgs/msg/_cloud_info_s.c\n'}
[0.588518] (cloud_msgs) StdoutLine: {'line': b'-- Up-to-date: /home/aly-sultan/Desktop/fs-system-25/SLAM/install/cloud_msgs/lib/python3.12/site-packages/cloud_msgs/cloud_msgs_s__rosidl_typesupport_fastrtps_c.so\n'}
[0.588666] (cloud_msgs) StdoutLine: {'line': b'-- Up-to-date: /home/aly-sultan/Desktop/fs-system-25/SLAM/install/cloud_msgs/lib/python3.12/site-packages/cloud_msgs/_cloud_msgs_s.ep.rosidl_typesupport_introspection_c.c\n'}
[0.588827] (cloud_msgs) StdoutLine: {'line': b'-- Up-to-date: /home/aly-sultan/Desktop/fs-system-25/SLAM/install/cloud_msgs/lib/python3.12/site-packages/cloud_msgs/cloud_msgs_s__rosidl_typesupport_c.so\n'}
[0.588993] (cloud_msgs) StdoutLine: {'line': b'-- Up-to-date: /home/aly-sultan/Desktop/fs-system-25/SLAM/install/cloud_msgs/lib/python3.12/site-packages/cloud_msgs/cloud_msgs_s__rosidl_typesupport_introspection_c.so\n'}
[0.600382] (-) TimerEvent: {}
[0.633724] (cloud_msgs) StdoutLine: {'line': b"Listing '/home/aly-sultan/Desktop/fs-system-25/SLAM/install/cloud_msgs/lib/python3.12/site-packages/cloud_msgs'...\n"}
[0.634082] (cloud_msgs) StdoutLine: {'line': b"Listing '/home/aly-sultan/Desktop/fs-system-25/SLAM/install/cloud_msgs/lib/python3.12/site-packages/cloud_msgs/msg'...\n"}
[0.640833] (cloud_msgs) StdoutLine: {'line': b'-- Up-to-date: /home/aly-sultan/Desktop/fs-system-25/SLAM/install/cloud_msgs/lib/python3.12/site-packages/cloud_msgs/cloud_msgs_s__rosidl_typesupport_fastrtps_c.so\n'}
[0.641338] (cloud_msgs) StdoutLine: {'line': b'-- Up-to-date: /home/aly-sultan/Desktop/fs-system-25/SLAM/install/cloud_msgs/lib/python3.12/site-packages/cloud_msgs/cloud_msgs_s__rosidl_typesupport_introspection_c.so\n'}
[0.641689] (cloud_msgs) StdoutLine: {'line': b'-- Up-to-date: /home/aly-sultan/Desktop/fs-system-25/SLAM/install/cloud_msgs/lib/python3.12/site-packages/cloud_msgs/cloud_msgs_s__rosidl_typesupport_c.so\n'}
[0.642136] (cloud_msgs) StdoutLine: {'line': b'-- Up-to-date: /home/aly-sultan/Desktop/fs-system-25/SLAM/install/cloud_msgs/lib/libcloud_msgs__rosidl_generator_py.so\n'}
[0.642386] (cloud_msgs) StdoutLine: {'line': b'-- Up-to-date: /home/aly-sultan/Desktop/fs-system-25/SLAM/install/cloud_msgs/share/cloud_msgs/msg/CloudInfo.idl\n'}
[0.642491] (cloud_msgs) StdoutLine: {'line': b'-- Up-to-date: /home/aly-sultan/Desktop/fs-system-25/SLAM/install/cloud_msgs/share/cloud_msgs/msg/CloudInfo.msg\n'}
[0.642596] (cloud_msgs) StdoutLine: {'line': b'-- Up-to-date: /home/aly-sultan/Desktop/fs-system-25/SLAM/install/cloud_msgs/share/ament_index/resource_index/package_run_dependencies/cloud_msgs\n'}
[0.642700] (cloud_msgs) StdoutLine: {'line': b'-- Up-to-date: /home/aly-sultan/Desktop/fs-system-25/SLAM/install/cloud_msgs/share/ament_index/resource_index/parent_prefix_path/cloud_msgs\n'}
[0.642830] (cloud_msgs) StdoutLine: {'line': b'-- Up-to-date: /home/aly-sultan/Desktop/fs-system-25/SLAM/install/cloud_msgs/share/cloud_msgs/environment/ament_prefix_path.sh\n'}
[0.642926] (cloud_msgs) StdoutLine: {'line': b'-- Up-to-date: /home/aly-sultan/Desktop/fs-system-25/SLAM/install/cloud_msgs/share/cloud_msgs/environment/ament_prefix_path.dsv\n'}
[0.643033] (cloud_msgs) StdoutLine: {'line': b'-- Up-to-date: /home/aly-sultan/Desktop/fs-system-25/SLAM/install/cloud_msgs/share/cloud_msgs/environment/path.sh\n'}
[0.643117] (cloud_msgs) StdoutLine: {'line': b'-- Up-to-date: /home/aly-sultan/Desktop/fs-system-25/SLAM/install/cloud_msgs/share/cloud_msgs/environment/path.dsv\n'}
[0.643196] (cloud_msgs) StdoutLine: {'line': b'-- Up-to-date: /home/aly-sultan/Desktop/fs-system-25/SLAM/install/cloud_msgs/share/cloud_msgs/local_setup.bash\n'}
[0.643274] (cloud_msgs) StdoutLine: {'line': b'-- Up-to-date: /home/aly-sultan/Desktop/fs-system-25/SLAM/install/cloud_msgs/share/cloud_msgs/local_setup.sh\n'}
[0.643372] (cloud_msgs) StdoutLine: {'line': b'-- Up-to-date: /home/aly-sultan/Desktop/fs-system-25/SLAM/install/cloud_msgs/share/cloud_msgs/local_setup.zsh\n'}
[0.643469] (cloud_msgs) StdoutLine: {'line': b'-- Up-to-date: /home/aly-sultan/Desktop/fs-system-25/SLAM/install/cloud_msgs/share/cloud_msgs/local_setup.dsv\n'}
[0.643542] (cloud_msgs) StdoutLine: {'line': b'-- Installing: /home/aly-sultan/Desktop/fs-system-25/SLAM/install/cloud_msgs/share/cloud_msgs/package.dsv\n'}
[0.643640] (cloud_msgs) StdoutLine: {'line': b'-- Up-to-date: /home/aly-sultan/Desktop/fs-system-25/SLAM/install/cloud_msgs/share/ament_index/resource_index/packages/cloud_msgs\n'}
[0.643734] (cloud_msgs) StdoutLine: {'line': b'-- Up-to-date: /home/aly-sultan/Desktop/fs-system-25/SLAM/install/cloud_msgs/share/cloud_msgs/cmake/export_cloud_msgs__rosidl_generator_cExport.cmake\n'}
[0.643830] (cloud_msgs) StdoutLine: {'line': b'-- Up-to-date: /home/aly-sultan/Desktop/fs-system-25/SLAM/install/cloud_msgs/share/cloud_msgs/cmake/export_cloud_msgs__rosidl_generator_cExport-noconfig.cmake\n'}
[0.643969] (cloud_msgs) StdoutLine: {'line': b'-- Up-to-date: /home/aly-sultan/Desktop/fs-system-25/SLAM/install/cloud_msgs/share/cloud_msgs/cmake/export_cloud_msgs__rosidl_typesupport_fastrtps_cExport.cmake\n'}
[0.644081] (cloud_msgs) StdoutLine: {'line': b'-- Up-to-date: /home/aly-sultan/Desktop/fs-system-25/SLAM/install/cloud_msgs/share/cloud_msgs/cmake/export_cloud_msgs__rosidl_typesupport_fastrtps_cExport-noconfig.cmake\n'}
[0.644228] (cloud_msgs) StdoutLine: {'line': b'-- Up-to-date: /home/aly-sultan/Desktop/fs-system-25/SLAM/install/cloud_msgs/share/cloud_msgs/cmake/export_cloud_msgs__rosidl_generator_cppExport.cmake\n'}
[0.644365] (cloud_msgs) StdoutLine: {'line': b'-- Up-to-date: /home/aly-sultan/Desktop/fs-system-25/SLAM/install/cloud_msgs/share/cloud_msgs/cmake/export_cloud_msgs__rosidl_typesupport_fastrtps_cppExport.cmake\n'}
[0.644460] (cloud_msgs) StdoutLine: {'line': b'-- Up-to-date: /home/aly-sultan/Desktop/fs-system-25/SLAM/install/cloud_msgs/share/cloud_msgs/cmake/export_cloud_msgs__rosidl_typesupport_fastrtps_cppExport-noconfig.cmake\n'}
[0.644571] (cloud_msgs) StdoutLine: {'line': b'-- Up-to-date: /home/aly-sultan/Desktop/fs-system-25/SLAM/install/cloud_msgs/share/cloud_msgs/cmake/cloud_msgs__rosidl_typesupport_introspection_cExport.cmake\n'}
[0.644667] (cloud_msgs) StdoutLine: {'line': b'-- Up-to-date: /home/aly-sultan/Desktop/fs-system-25/SLAM/install/cloud_msgs/share/cloud_msgs/cmake/cloud_msgs__rosidl_typesupport_introspection_cExport-noconfig.cmake\n'}
[0.644752] (cloud_msgs) StdoutLine: {'line': b'-- Up-to-date: /home/aly-sultan/Desktop/fs-system-25/SLAM/install/cloud_msgs/share/cloud_msgs/cmake/cloud_msgs__rosidl_typesupport_cExport.cmake\n'}
[0.644865] (cloud_msgs) StdoutLine: {'line': b'-- Up-to-date: /home/aly-sultan/Desktop/fs-system-25/SLAM/install/cloud_msgs/share/cloud_msgs/cmake/cloud_msgs__rosidl_typesupport_cExport-noconfig.cmake\n'}
[0.644972] (cloud_msgs) StdoutLine: {'line': b'-- Up-to-date: /home/aly-sultan/Desktop/fs-system-25/SLAM/install/cloud_msgs/share/cloud_msgs/cmake/cloud_msgs__rosidl_typesupport_introspection_cppExport.cmake\n'}
[0.645073] (cloud_msgs) StdoutLine: {'line': b'-- Up-to-date: /home/aly-sultan/Desktop/fs-system-25/SLAM/install/cloud_msgs/share/cloud_msgs/cmake/cloud_msgs__rosidl_typesupport_introspection_cppExport-noconfig.cmake\n'}
[0.645213] (cloud_msgs) StdoutLine: {'line': b'-- Up-to-date: /home/aly-sultan/Desktop/fs-system-25/SLAM/install/cloud_msgs/share/cloud_msgs/cmake/cloud_msgs__rosidl_typesupport_cppExport.cmake\n'}
[0.645307] (cloud_msgs) StdoutLine: {'line': b'-- Up-to-date: /home/aly-sultan/Desktop/fs-system-25/SLAM/install/cloud_msgs/share/cloud_msgs/cmake/cloud_msgs__rosidl_typesupport_cppExport-noconfig.cmake\n'}
[0.645409] (cloud_msgs) StdoutLine: {'line': b'-- Up-to-date: /home/aly-sultan/Desktop/fs-system-25/SLAM/install/cloud_msgs/share/cloud_msgs/cmake/export_cloud_msgs__rosidl_generator_pyExport.cmake\n'}
[0.645500] (cloud_msgs) StdoutLine: {'line': b'-- Up-to-date: /home/aly-sultan/Desktop/fs-system-25/SLAM/install/cloud_msgs/share/cloud_msgs/cmake/export_cloud_msgs__rosidl_generator_pyExport-noconfig.cmake\n'}
[0.645605] (cloud_msgs) StdoutLine: {'line': b'-- Up-to-date: /home/aly-sultan/Desktop/fs-system-25/SLAM/install/cloud_msgs/share/cloud_msgs/cmake/rosidl_cmake-extras.cmake\n'}
[0.645705] (cloud_msgs) StdoutLine: {'line': b'-- Up-to-date: /home/aly-sultan/Desktop/fs-system-25/SLAM/install/cloud_msgs/share/cloud_msgs/cmake/ament_cmake_export_dependencies-extras.cmake\n'}
[0.645818] (cloud_msgs) StdoutLine: {'line': b'-- Up-to-date: /home/aly-sultan/Desktop/fs-system-25/SLAM/install/cloud_msgs/share/cloud_msgs/cmake/ament_cmake_export_include_directories-extras.cmake\n'}
[0.645911] (cloud_msgs) StdoutLine: {'line': b'-- Up-to-date: /home/aly-sultan/Desktop/fs-system-25/SLAM/install/cloud_msgs/share/cloud_msgs/cmake/ament_cmake_export_libraries-extras.cmake\n'}
[0.645991] (cloud_msgs) StdoutLine: {'line': b'-- Up-to-date: /home/aly-sultan/Desktop/fs-system-25/SLAM/install/cloud_msgs/share/cloud_msgs/cmake/ament_cmake_export_targets-extras.cmake\n'}
[0.646091] (cloud_msgs) StdoutLine: {'line': b'-- Up-to-date: /home/aly-sultan/Desktop/fs-system-25/SLAM/install/cloud_msgs/share/cloud_msgs/cmake/rosidl_cmake_export_typesupport_targets-extras.cmake\n'}
[0.646195] (cloud_msgs) StdoutLine: {'line': b'-- Up-to-date: /home/aly-sultan/Desktop/fs-system-25/SLAM/install/cloud_msgs/share/cloud_msgs/cmake/rosidl_cmake_export_typesupport_libraries-extras.cmake\n'}
[0.646263] (cloud_msgs) StdoutLine: {'line': b'-- Up-to-date: /home/aly-sultan/Desktop/fs-system-25/SLAM/install/cloud_msgs/share/cloud_msgs/cmake/cloud_msgsConfig.cmake\n'}
[0.646325] (cloud_msgs) StdoutLine: {'line': b'-- Up-to-date: /home/aly-sultan/Desktop/fs-system-25/SLAM/install/cloud_msgs/share/cloud_msgs/cmake/cloud_msgsConfig-version.cmake\n'}
[0.646388] (cloud_msgs) StdoutLine: {'line': b'-- Up-to-date: /home/aly-sultan/Desktop/fs-system-25/SLAM/install/cloud_msgs/share/cloud_msgs/package.xml\n'}
[0.648783] (cloud_msgs) CommandEnded: {'returncode': 0}
[0.664097] (asurt_msgs) StdoutLine: {'line': b"reading manifest file 'asurt_msgs.egg-info/SOURCES.txt'\n"}
[0.664989] (asurt_msgs) StdoutLine: {'line': b"writing manifest file 'asurt_msgs.egg-info/SOURCES.txt'\n"}
[0.679197] (cloud_msgs) JobEnded: {'identifier': 'cloud_msgs', 'rc': 0}
[0.699994] (asurt_msgs) StdoutLine: {'line': b'[100%] Built target ament_cmake_python_build_asurt_msgs_egg\n'}
[0.700434] (-) TimerEvent: {}
[0.719481] (asurt_msgs) CommandEnded: {'returncode': 0}
[0.720464] (asurt_msgs) JobProgress: {'identifier': 'asurt_msgs', 'progress': 'install'}
[0.721364] (asurt_msgs) Command: {'cmd': ['/usr/bin/cmake', '--install', '/home/aly-sultan/Desktop/fs-system-25/SLAM/build/asurt_msgs'], 'cwd': '/home/aly-sultan/Desktop/fs-system-25/SLAM/build/asurt_msgs', 'env': OrderedDict({'LESSOPEN': '| /usr/bin/lesspipe %s', 'GZ_SIM_RESOURCE_PATH': '/opt/ros/jazzy/share', 'USER': 'aly-sultan', 'GZ_CONFIG_PATH': '/opt/ros/jazzy/opt/gz_sim_vendor/share/gz:/opt/ros/jazzy/opt/sdformat_vendor/share/gz:/opt/ros/jazzy/opt/gz_gui_vendor/share/gz:/opt/ros/jazzy/opt/gz_transport_vendor/share/gz:/opt/ros/jazzy/opt/gz_rendering_vendor/share/gz:/opt/ros/jazzy/opt/gz_plugin_vendor/share/gz:/opt/ros/jazzy/opt/gz_fuel_tools_vendor/share/gz:/opt/ros/jazzy/opt/gz_msgs_vendor/share/gz:/opt/ros/jazzy/opt/gz_common_vendor/share/gz', 'XDG_SESSION_TYPE': 'wayland', 'CLUTTER_DISABLE_MIPMAPPED_TEXT': '1', 'SHLVL': '1', 'LD_LIBRARY_PATH': '/opt/ros/jazzy/opt/gz_sim_vendor/lib:/opt/ros/jazzy/opt/gz_sensors_vendor/lib:/opt/ros/jazzy/opt/gz_physics_vendor/lib:/opt/ros/jazzy/opt/sdformat_vendor/lib:/opt/ros/jazzy/opt/rviz_ogre_vendor/lib:/opt/ros/jazzy/lib/x86_64-linux-gnu:/opt/ros/jazzy/opt/gz_gui_vendor/lib:/opt/ros/jazzy/opt/gz_transport_vendor/lib:/opt/ros/jazzy/opt/gz_rendering_vendor/lib:/opt/ros/jazzy/opt/gz_plugin_vendor/lib:/opt/ros/jazzy/opt/gz_fuel_tools_vendor/lib:/opt/ros/jazzy/opt/gz_msgs_vendor/lib:/opt/ros/jazzy/opt/gz_common_vendor/lib:/opt/ros/jazzy/opt/gz_math_vendor/lib:/opt/ros/jazzy/opt/gz_utils_vendor/lib:/opt/ros/jazzy/opt/gz_tools_vendor/lib:/opt/ros/jazzy/opt/gz_ogre_next_vendor/lib:/opt/ros/jazzy/opt/gz_dartsim_vendor/lib:/opt/ros/jazzy/opt/gz_cmake_vendor/lib:/opt/ros/jazzy/lib', 'HOME': '/home/aly-sultan', 'OLDPWD': '/home/aly-sultan/Desktop/fs-system-25', 'DESKTOP_SESSION': 'ubuntu', 'ROS_PYTHON_VERSION': '3', 'GNOME_SHELL_SESSION_MODE': 'ubuntu', 'GTK_MODULES': 'gail:atk-bridge', 'SYSTEMD_EXEC_PID': '2874', 'GSM_SKIP_SSH_AGENT_WORKAROUND': 'true', 'DBUS_SESSION_BUS_ADDRESS': 'unix:path=/run/user/1000/bus', 'COLORTERM': 'truecolor', 'DEBUGINFOD_URLS': 'https://debuginfod.ubuntu.com', 'IM_CONFIG_PHASE': '1', 'WAYLAND_DISPLAY': 'wayland-0', 'ROS_DISTRO': 'jazzy', 'LOGNAME': 'aly-sultan', '_': '/usr/bin/colcon', 'ROS_VERSION': '2', 'MEMORY_PRESSURE_WATCH': '/sys/fs/cgroup/user.slice/user-1000.slice/user@1000.service/session.slice/org.gnome.Shell@wayland.service/memory.pressure', 'XDG_SESSION_CLASS': 'user', 'USERNAME': 'aly-sultan', 'TERM': 'xterm-256color', 'GNOME_DESKTOP_SESSION_ID': 'this-is-deprecated', 'PATH': '/opt/ros/jazzy/opt/gz_msgs_vendor/bin:/opt/ros/jazzy/opt/gz_tools_vendor/bin:/opt/ros/jazzy/opt/gz_ogre_next_vendor/bin:/opt/ros/jazzy/bin:/home/aly-sultan/.local/bin:/usr/local/sbin:/usr/local/bin:/usr/sbin:/usr/bin:/sbin:/bin:/usr/games:/usr/local/games:/snap/bin:/snap/bin', 'SESSION_MANAGER': 'local/aly-sultan-LOQ-15IAX9:@/tmp/.ICE-unix/2830,unix/aly-sultan-LOQ-15IAX9:/tmp/.ICE-unix/2830', 'XDG_MENU_PREFIX': 'gnome-', 'GNOME_TERMINAL_SCREEN': '/org/gnome/Terminal/screen/5af26948_a623_47f3_82e8_d1c4ea5b03ae', 'GNOME_SETUP_DISPLAY': ':1', 'XDG_RUNTIME_DIR': '/run/user/1000', 'DISPLAY': ':0', 'LANG': 'en_US.UTF-8', 'XDG_CURRENT_DESKTOP': 'ubuntu:GNOME', 'XMODIFIERS': '@im=ibus', 'XDG_SESSION_DESKTOP': 'ubuntu', 'XAUTHORITY': '/run/user/1000/.mutter-Xwaylandauth.3DQKN3', 'LS_COLORS': 'rs=0:di=01;34:ln=01;36:mh=00:pi=40;33:so=01;35:do=01;35:bd=40;33;01:cd=40;33;01:or=40;31;01:mi=00:su=37;41:sg=30;43:ca=00:tw=30;42:ow=34;42:st=37;44:ex=01;32:*.tar=01;31:*.tgz=01;31:*.arc=01;31:*.arj=01;31:*.taz=01;31:*.lha=01;31:*.lz4=01;31:*.lzh=01;31:*.lzma=01;31:*.tlz=01;31:*.txz=01;31:*.tzo=01;31:*.t7z=01;31:*.zip=01;31:*.z=01;31:*.dz=01;31:*.gz=01;31:*.lrz=01;31:*.lz=01;31:*.lzo=01;31:*.xz=01;31:*.zst=01;31:*.tzst=01;31:*.bz2=01;31:*.bz=01;31:*.tbz=01;31:*.tbz2=01;31:*.tz=01;31:*.deb=01;31:*.rpm=01;31:*.jar=01;31:*.war=01;31:*.ear=01;31:*.sar=01;31:*.rar=01;31:*.alz=01;31:*.ace=01;31:*.zoo=01;31:*.cpio=01;31:*.7z=01;31:*.rz=01;31:*.cab=01;31:*.wim=01;31:*.swm=01;31:*.dwm=01;31:*.esd=01;31:*.avif=01;35:*.jpg=01;35:*.jpeg=01;35:*.mjpg=01;35:*.mjpeg=01;35:*.gif=01;35:*.bmp=01;35:*.pbm=01;35:*.pgm=01;35:*.ppm=01;35:*.tga=01;35:*.xbm=01;35:*.xpm=01;35:*.tif=01;35:*.tiff=01;35:*.png=01;35:*.svg=01;35:*.svgz=01;35:*.mng=01;35:*.pcx=01;35:*.mov=01;35:*.mpg=01;35:*.mpeg=01;35:*.m2v=01;35:*.mkv=01;35:*.webm=01;35:*.webp=01;35:*.ogm=01;35:*.mp4=01;35:*.m4v=01;35:*.mp4v=01;35:*.vob=01;35:*.qt=01;35:*.nuv=01;35:*.wmv=01;35:*.asf=01;35:*.rm=01;35:*.rmvb=01;35:*.flc=01;35:*.avi=01;35:*.fli=01;35:*.flv=01;35:*.gl=01;35:*.dl=01;35:*.xcf=01;35:*.xwd=01;35:*.yuv=01;35:*.cgm=01;35:*.emf=01;35:*.ogv=01;35:*.ogx=01;35:*.aac=00;36:*.au=00;36:*.flac=00;36:*.m4a=00;36:*.mid=00;36:*.midi=00;36:*.mka=00;36:*.mp3=00;36:*.mpc=00;36:*.ogg=00;36:*.ra=00;36:*.wav=00;36:*.oga=00;36:*.opus=00;36:*.spx=00;36:*.xspf=00;36:*~=00;90:*#=00;90:*.bak=00;90:*.crdownload=00;90:*.dpkg-dist=00;90:*.dpkg-new=00;90:*.dpkg-old=00;90:*.dpkg-tmp=00;90:*.old=00;90:*.orig=00;90:*.part=00;90:*.rej=00;90:*.rpmnew=00;90:*.rpmorig=00;90:*.rpmsave=00;90:*.swp=00;90:*.tmp=00;90:*.ucf-dist=00;90:*.ucf-new=00;90:*.ucf-old=00;90:', 'GNOME_TERMINAL_SERVICE': ':1.143', 'SSH_AUTH_SOCK': '/run/user/1000/keyring/ssh', 'AMENT_PREFIX_PATH': '/opt/ros/jazzy', 'SHELL': '/bin/bash', 'QT_ACCESSIBILITY': '1', 'GDMSESSION': 'ubuntu', 'LESSCLOSE': '/usr/bin/lesspipe %s %s', 'ROS_AUTOMATIC_DISCOVERY_RANGE': 'SUBNET', 'QT_IM_MODULE': 'ibus', 'PWD': '/home/aly-sultan/Desktop/fs-system-25/SLAM/build/asurt_msgs', 'XDG_CONFIG_DIRS': '/etc/xdg/xdg-ubuntu:/etc/xdg', 'XDG_DATA_DIRS': '/usr/share/ubuntu:/usr/share/gnome:/usr/local/share/:/usr/share/:/var/lib/snapd/desktop', 'PYTHONPATH': '/opt/ros/jazzy/lib/python3.12/site-packages', 'COLCON': '1', 'MEMORY_PRESSURE_WRITE': 'c29tZSAyMDAwMDAgMjAwMDAwMAA=', 'VTE_VERSION': '7600', 'CMAKE_PREFIX_PATH': '/opt/ros/jazzy/opt/gz_sim_vendor:/opt/ros/jazzy/opt/gz_sensors_vendor:/opt/ros/jazzy/opt/gz_physics_vendor:/opt/ros/jazzy/opt/sdformat_vendor:/opt/ros/jazzy/opt/gz_gui_vendor:/opt/ros/jazzy/opt/gz_transport_vendor:/opt/ros/jazzy/opt/gz_rendering_vendor:/opt/ros/jazzy/opt/gz_plugin_vendor:/opt/ros/jazzy/opt/gz_fuel_tools_vendor:/opt/ros/jazzy/opt/gz_msgs_vendor:/opt/ros/jazzy/opt/gz_common_vendor:/opt/ros/jazzy/opt/gz_math_vendor:/opt/ros/jazzy/opt/gz_utils_vendor:/opt/ros/jazzy/opt/gz_tools_vendor:/opt/ros/jazzy/opt/gz_ogre_next_vendor:/opt/ros/jazzy/opt/gz_dartsim_vendor:/opt/ros/jazzy/opt/gz_cmake_vendor:/opt/ros/jazzy'}), 'shell': False}
[0.734385] (asurt_msgs) StdoutLine: {'line': b'-- Install configuration: ""\n'}
[0.734731] (asurt_msgs) StdoutLine: {'line': b'-- Up-to-date: /home/aly-sultan/Desktop/fs-system-25/SLAM/install/asurt_msgs/share/ament_index/resource_index/rosidl_interfaces/asurt_msgs\n'}
[0.734887] (asurt_msgs) StdoutLine: {'line': b'-- Up-to-date: /home/aly-sultan/Desktop/fs-system-25/SLAM/install/asurt_msgs/share/asurt_msgs/msg/Landmark.json\n'}
[0.735012] (asurt_msgs) StdoutLine: {'line': b'-- Up-to-date: /home/aly-sultan/Desktop/fs-system-25/SLAM/install/asurt_msgs/share/asurt_msgs/msg/LandmarkArray.json\n'}
[0.735124] (asurt_msgs) StdoutLine: {'line': b'-- Up-to-date: /home/aly-sultan/Desktop/fs-system-25/SLAM/install/asurt_msgs/share/asurt_msgs/msg/NodeStatus.json\n'}
[0.735240] (asurt_msgs) StdoutLine: {'line': b'-- Up-to-date: /home/aly-sultan/Desktop/fs-system-25/SLAM/install/asurt_msgs/share/asurt_msgs/msg/Roadstate.json\n'}
[0.735396] (asurt_msgs) StdoutLine: {'line': b'-- Up-to-date: /home/aly-sultan/Desktop/fs-system-25/SLAM/install/asurt_msgs/share/asurt_msgs/msg/BoundingBox.json\n'}
[0.735606] (asurt_msgs) StdoutLine: {'line': b'-- Up-to-date: /home/aly-sultan/Desktop/fs-system-25/SLAM/install/asurt_msgs/share/asurt_msgs/msg/BoundingBoxes.json\n'}
[0.735723] (asurt_msgs) StdoutLine: {'line': b'-- Up-to-date: /home/aly-sultan/Desktop/fs-system-25/SLAM/install/asurt_msgs/share/asurt_msgs/msg/ConeImg.json\n'}
[0.735844] (asurt_msgs) StdoutLine: {'line': b'-- Up-to-date: /home/aly-sultan/Desktop/fs-system-25/SLAM/install/asurt_msgs/share/asurt_msgs/msg/ConeImgArray.json\n'}
[0.735947] (asurt_msgs) StdoutLine: {'line': b'-- Up-to-date: /home/aly-sultan/Desktop/fs-system-25/SLAM/install/asurt_msgs/share/asurt_msgs/msg/KeyPoints.json\n'}
[0.736018] (asurt_msgs) StdoutLine: {'line': b'-- Up-to-date: /home/aly-sultan/Desktop/fs-system-25/SLAM/install/asurt_msgs/include/asurt_msgs/asurt_msgs\n'}
[0.736085] (asurt_msgs) StdoutLine: {'line': b'-- Up-to-date: /home/aly-sultan/Desktop/fs-system-25/SLAM/install/asurt_msgs/include/asurt_msgs/asurt_msgs/msg\n'}
[0.736151] (asurt_msgs) StdoutLine: {'line': b'-- Up-to-date: /home/aly-sultan/Desktop/fs-system-25/SLAM/install/asurt_msgs/include/asurt_msgs/asurt_msgs/msg/key_points.h\n'}
[0.736217] (asurt_msgs) StdoutLine: {'line': b'-- Up-to-date: /home/aly-sultan/Desktop/fs-system-25/SLAM/install/asurt_msgs/include/asurt_msgs/asurt_msgs/msg/cone_img.h\n'}
[0.736901] (asurt_msgs) StdoutLine: {'line': b'-- Up-to-date: /home/aly-sultan/Desktop/fs-system-25/SLAM/install/asurt_msgs/include/asurt_msgs/asurt_msgs/msg/cone_img_array.h\n'}
[0.737108] (asurt_msgs) StdoutLine: {'line': b'-- Up-to-date: /home/aly-sultan/Desktop/fs-system-25/SLAM/install/asurt_msgs/include/asurt_msgs/asurt_msgs/msg/bounding_boxes.h\n'}
[0.737224] (asurt_msgs) StdoutLine: {'line': b'-- Up-to-date: /home/aly-sultan/Desktop/fs-system-25/SLAM/install/asurt_msgs/include/asurt_msgs/asurt_msgs/msg/roadstate.h\n'}
[0.737343] (asurt_msgs) StdoutLine: {'line': b'-- Up-to-date: /home/aly-sultan/Desktop/fs-system-25/SLAM/install/asurt_msgs/include/asurt_msgs/asurt_msgs/msg/rosidl_generator_c__visibility_control.h\n'}
[0.737455] (asurt_msgs) StdoutLine: {'line': b'-- Up-to-date: /home/aly-sultan/Desktop/fs-system-25/SLAM/install/asurt_msgs/include/asurt_msgs/asurt_msgs/msg/landmark.h\n'}
[0.737566] (asurt_msgs) StdoutLine: {'line': b'-- Up-to-date: /home/aly-sultan/Desktop/fs-system-25/SLAM/install/asurt_msgs/include/asurt_msgs/asurt_msgs/msg/node_status.h\n'}
[0.737675] (asurt_msgs) StdoutLine: {'line': b'-- Up-to-date: /home/aly-sultan/Desktop/fs-system-25/SLAM/install/asurt_msgs/include/asurt_msgs/asurt_msgs/msg/landmark_array.h\n'}
[0.737958] (asurt_msgs) StdoutLine: {'line': b'-- Up-to-date: /home/aly-sultan/Desktop/fs-system-25/SLAM/install/asurt_msgs/include/asurt_msgs/asurt_msgs/msg/bounding_box.h\n'}
[0.738369] (asurt_msgs) StdoutLine: {'line': b'-- Up-to-date: /home/aly-sultan/Desktop/fs-system-25/SLAM/install/asurt_msgs/include/asurt_msgs/asurt_msgs/msg/detail\n'}
[0.738668] (asurt_msgs) StdoutLine: {'line': b'-- Up-to-date: /home/aly-sultan/Desktop/fs-system-25/SLAM/install/asurt_msgs/include/asurt_msgs/asurt_msgs/msg/detail/landmark_array__type_support.h\n'}
[0.739019] (asurt_msgs) StdoutLine: {'line': b'-- Up-to-date: /home/aly-sultan/Desktop/fs-system-25/SLAM/install/asurt_msgs/include/asurt_msgs/asurt_msgs/msg/detail/roadstate__type_support.h\n'}
[0.739322] (asurt_msgs) StdoutLine: {'line': b'-- Up-to-date: /home/aly-sultan/Desktop/fs-system-25/SLAM/install/asurt_msgs/include/asurt_msgs/asurt_msgs/msg/detail/node_status__description.c\n'}
[0.739609] (asurt_msgs) StdoutLine: {'line': b'-- Up-to-date: /home/aly-sultan/Desktop/fs-system-25/SLAM/install/asurt_msgs/include/asurt_msgs/asurt_msgs/msg/detail/key_points__functions.c\n'}
[0.739811] (asurt_msgs) StdoutLine: {'line': b'-- Up-to-date: /home/aly-sultan/Desktop/fs-system-25/SLAM/install/asurt_msgs/include/asurt_msgs/asurt_msgs/msg/detail/landmark__type_support.h\n'}
[0.740048] (asurt_msgs) StdoutLine: {'line': b'-- Up-to-date: /home/aly-sultan/Desktop/fs-system-25/SLAM/install/asurt_msgs/include/asurt_msgs/asurt_msgs/msg/detail/bounding_boxes__functions.c\n'}
[0.740234] (asurt_msgs) StdoutLine: {'line': b'-- Up-to-date: /home/aly-sultan/Desktop/fs-system-25/SLAM/install/asurt_msgs/include/asurt_msgs/asurt_msgs/msg/detail/cone_img__description.c\n'}
[0.740383] (asurt_msgs) StdoutLine: {'line': b'-- Up-to-date: /home/aly-sultan/Desktop/fs-system-25/SLAM/install/asurt_msgs/include/asurt_msgs/asurt_msgs/msg/detail/bounding_box__type_support.h\n'}
[0.740631] (asurt_msgs) StdoutLine: {'line': b'-- Up-to-date: /home/aly-sultan/Desktop/fs-system-25/SLAM/install/asurt_msgs/include/asurt_msgs/asurt_msgs/msg/detail/key_points__functions.h\n'}
[0.740810] (asurt_msgs) StdoutLine: {'line': b'-- Up-to-date: /home/aly-sultan/Desktop/fs-system-25/SLAM/install/asurt_msgs/include/asurt_msgs/asurt_msgs/msg/detail/cone_img_array__functions.c\n'}
[0.741064] (asurt_msgs) StdoutLine: {'line': b'-- Up-to-date: /home/aly-sultan/Desktop/fs-system-25/SLAM/install/asurt_msgs/include/asurt_msgs/asurt_msgs/msg/detail/landmark_array__functions.c\n'}
[0.741218] (asurt_msgs) StdoutLine: {'line': b'-- Up-to-date: /home/aly-sultan/Desktop/fs-system-25/SLAM/install/asurt_msgs/include/asurt_msgs/asurt_msgs/msg/detail/bounding_box__functions.c\n'}
[0.741474] (asurt_msgs) StdoutLine: {'line': b'-- Up-to-date: /home/aly-sultan/Desktop/fs-system-25/SLAM/install/asurt_msgs/include/asurt_msgs/asurt_msgs/msg/detail/node_status__functions.c\n'}
[0.741637] (asurt_msgs) StdoutLine: {'line': b'-- Up-to-date: /home/aly-sultan/Desktop/fs-system-25/SLAM/install/asurt_msgs/include/asurt_msgs/asurt_msgs/msg/detail/roadstate__struct.h\n'}
[0.741846] (asurt_msgs) StdoutLine: {'line': b'-- Up-to-date: /home/aly-sultan/Desktop/fs-system-25/SLAM/install/asurt_msgs/include/asurt_msgs/asurt_msgs/msg/detail/roadstate__type_support.c\n'}
[0.742063] (asurt_msgs) StdoutLine: {'line': b'-- Up-to-date: /home/aly-sultan/Desktop/fs-system-25/SLAM/install/asurt_msgs/include/asurt_msgs/asurt_msgs/msg/detail/landmark_array__type_support.c\n'}
[0.742262] (asurt_msgs) StdoutLine: {'line': b'-- Up-to-date: /home/aly-sultan/Desktop/fs-system-25/SLAM/install/asurt_msgs/include/asurt_msgs/asurt_msgs/msg/detail/cone_img__type_support.c\n'}
[0.742461] (asurt_msgs) StdoutLine: {'line': b'-- Up-to-date: /home/aly-sultan/Desktop/fs-system-25/SLAM/install/asurt_msgs/include/asurt_msgs/asurt_msgs/msg/detail/key_points__struct.h\n'}
[0.742739] (asurt_msgs) StdoutLine: {'line': b'-- Up-to-date: /home/aly-sultan/Desktop/fs-system-25/SLAM/install/asurt_msgs/include/asurt_msgs/asurt_msgs/msg/detail/bounding_boxes__functions.h\n'}
[0.742998] (asurt_msgs) StdoutLine: {'line': b'-- Up-to-date: /home/aly-sultan/Desktop/fs-system-25/SLAM/install/asurt_msgs/include/asurt_msgs/asurt_msgs/msg/detail/bounding_box__description.c\n'}
[0.743182] (asurt_msgs) StdoutLine: {'line': b'-- Up-to-date: /home/aly-sultan/Desktop/fs-system-25/SLAM/install/asurt_msgs/include/asurt_msgs/asurt_msgs/msg/detail/bounding_box__type_support.c\n'}
[0.743329] (asurt_msgs) StdoutLine: {'line': b'-- Up-to-date: /home/aly-sultan/Desktop/fs-system-25/SLAM/install/asurt_msgs/include/asurt_msgs/asurt_msgs/msg/detail/node_status__type_support.c\n'}
[0.743476] (asurt_msgs) StdoutLine: {'line': b'-- Up-to-date: /home/aly-sultan/Desktop/fs-system-25/SLAM/install/asurt_msgs/include/asurt_msgs/asurt_msgs/msg/detail/bounding_boxes__type_support.c\n'}
[0.743631] (asurt_msgs) StdoutLine: {'line': b'-- Up-to-date: /home/aly-sultan/Desktop/fs-system-25/SLAM/install/asurt_msgs/include/asurt_msgs/asurt_msgs/msg/detail/key_points__type_support.h\n'}
[0.743781] (asurt_msgs) StdoutLine: {'line': b'-- Up-to-date: /home/aly-sultan/Desktop/fs-system-25/SLAM/install/asurt_msgs/include/asurt_msgs/asurt_msgs/msg/detail/cone_img_array__functions.h\n'}
[0.744015] (asurt_msgs) StdoutLine: {'line': b'-- Up-to-date: /home/aly-sultan/Desktop/fs-system-25/SLAM/install/asurt_msgs/include/asurt_msgs/asurt_msgs/msg/detail/roadstate__functions.c\n'}
[0.744114] (asurt_msgs) StdoutLine: {'line': b'-- Up-to-date: /home/aly-sultan/Desktop/fs-system-25/SLAM/install/asurt_msgs/include/asurt_msgs/asurt_msgs/msg/detail/bounding_box__struct.h\n'}
[0.744183] (asurt_msgs) StdoutLine: {'line': b'-- Up-to-date: /home/aly-sultan/Desktop/fs-system-25/SLAM/install/asurt_msgs/include/asurt_msgs/asurt_msgs/msg/detail/node_status__type_support.h\n'}
[0.744250] (asurt_msgs) StdoutLine: {'line': b'-- Up-to-date: /home/aly-sultan/Desktop/fs-system-25/SLAM/install/asurt_msgs/include/asurt_msgs/asurt_msgs/msg/detail/roadstate__description.c\n'}
[0.744327] (asurt_msgs) StdoutLine: {'line': b'-- Up-to-date: /home/aly-sultan/Desktop/fs-system-25/SLAM/install/asurt_msgs/include/asurt_msgs/asurt_msgs/msg/detail/cone_img_array__type_support.c\n'}
[0.744387] (asurt_msgs) StdoutLine: {'line': b'-- Up-to-date: /home/aly-sultan/Desktop/fs-system-25/SLAM/install/asurt_msgs/include/asurt_msgs/asurt_msgs/msg/detail/bounding_boxes__type_support.h\n'}
[0.744468] (asurt_msgs) StdoutLine: {'line': b'-- Up-to-date: /home/aly-sultan/Desktop/fs-system-25/SLAM/install/asurt_msgs/include/asurt_msgs/asurt_msgs/msg/detail/cone_img_array__description.c\n'}
[0.744528] (asurt_msgs) StdoutLine: {'line': b'-- Up-to-date: /home/aly-sultan/Desktop/fs-system-25/SLAM/install/asurt_msgs/include/asurt_msgs/asurt_msgs/msg/detail/landmark_array__struct.h\n'}
[0.744588] (asurt_msgs) StdoutLine: {'line': b'-- Up-to-date: /home/aly-sultan/Desktop/fs-system-25/SLAM/install/asurt_msgs/include/asurt_msgs/asurt_msgs/msg/detail/roadstate__functions.h\n'}
[0.744651] (asurt_msgs) StdoutLine: {'line': b'-- Up-to-date: /home/aly-sultan/Desktop/fs-system-25/SLAM/install/asurt_msgs/include/asurt_msgs/asurt_msgs/msg/detail/key_points__type_support.c\n'}
[0.744710] (asurt_msgs) StdoutLine: {'line': b'-- Up-to-date: /home/aly-sultan/Desktop/fs-system-25/SLAM/install/asurt_msgs/include/asurt_msgs/asurt_msgs/msg/detail/cone_img__functions.h\n'}
[0.744770] (asurt_msgs) StdoutLine: {'line': b'-- Up-to-date: /home/aly-sultan/Desktop/fs-system-25/SLAM/install/asurt_msgs/include/asurt_msgs/asurt_msgs/msg/detail/bounding_boxes__struct.h\n'}
[0.744832] (asurt_msgs) StdoutLine: {'line': b'-- Up-to-date: /home/aly-sultan/Desktop/fs-system-25/SLAM/install/asurt_msgs/include/asurt_msgs/asurt_msgs/msg/detail/landmark__type_support.c\n'}
[0.744901] (asurt_msgs) StdoutLine: {'line': b'-- Up-to-date: /home/aly-sultan/Desktop/fs-system-25/SLAM/install/asurt_msgs/include/asurt_msgs/asurt_msgs/msg/detail/landmark__functions.c\n'}
[0.744962] (asurt_msgs) StdoutLine: {'line': b'-- Up-to-date: /home/aly-sultan/Desktop/fs-system-25/SLAM/install/asurt_msgs/include/asurt_msgs/asurt_msgs/msg/detail/cone_img__struct.h\n'}
[0.745023] (asurt_msgs) StdoutLine: {'line': b'-- Up-to-date: /home/aly-sultan/Desktop/fs-system-25/SLAM/install/asurt_msgs/include/asurt_msgs/asurt_msgs/msg/detail/landmark__struct.h\n'}
[0.745083] (asurt_msgs) StdoutLine: {'line': b'-- Up-to-date: /home/aly-sultan/Desktop/fs-system-25/SLAM/install/asurt_msgs/include/asurt_msgs/asurt_msgs/msg/detail/landmark__functions.h\n'}
[0.745146] (asurt_msgs) StdoutLine: {'line': b'-- Up-to-date: /home/aly-sultan/Desktop/fs-system-25/SLAM/install/asurt_msgs/include/asurt_msgs/asurt_msgs/msg/detail/node_status__struct.h\n'}
[0.745205] (asurt_msgs) StdoutLine: {'line': b'-- Up-to-date: /home/aly-sultan/Desktop/fs-system-25/SLAM/install/asurt_msgs/include/asurt_msgs/asurt_msgs/msg/detail/landmark__description.c\n'}
[0.745261] (asurt_msgs) StdoutLine: {'line': b'-- Up-to-date: /home/aly-sultan/Desktop/fs-system-25/SLAM/install/asurt_msgs/include/asurt_msgs/asurt_msgs/msg/detail/cone_img_array__type_support.h\n'}
[0.745321] (asurt_msgs) StdoutLine: {'line': b'-- Up-to-date: /home/aly-sultan/Desktop/fs-system-25/SLAM/install/asurt_msgs/include/asurt_msgs/asurt_msgs/msg/detail/bounding_boxes__description.c\n'}
[0.745386] (asurt_msgs) StdoutLine: {'line': b'-- Up-to-date: /home/aly-sultan/Desktop/fs-system-25/SLAM/install/asurt_msgs/include/asurt_msgs/asurt_msgs/msg/detail/cone_img_array__struct.h\n'}
[0.745447] (asurt_msgs) StdoutLine: {'line': b'-- Up-to-date: /home/aly-sultan/Desktop/fs-system-25/SLAM/install/asurt_msgs/include/asurt_msgs/asurt_msgs/msg/detail/bounding_box__functions.h\n'}
[0.745506] (asurt_msgs) StdoutLine: {'line': b'-- Up-to-date: /home/aly-sultan/Desktop/fs-system-25/SLAM/install/asurt_msgs/include/asurt_msgs/asurt_msgs/msg/detail/cone_img__functions.c\n'}
[0.745564] (asurt_msgs) StdoutLine: {'line': b'-- Up-to-date: /home/aly-sultan/Desktop/fs-system-25/SLAM/install/asurt_msgs/include/asurt_msgs/asurt_msgs/msg/detail/landmark_array__description.c\n'}
[0.745621] (asurt_msgs) StdoutLine: {'line': b'-- Up-to-date: /home/aly-sultan/Desktop/fs-system-25/SLAM/install/asurt_msgs/include/asurt_msgs/asurt_msgs/msg/detail/cone_img__type_support.h\n'}
[0.745682] (asurt_msgs) StdoutLine: {'line': b'-- Up-to-date: /home/aly-sultan/Desktop/fs-system-25/SLAM/install/asurt_msgs/include/asurt_msgs/asurt_msgs/msg/detail/node_status__functions.h\n'}
[0.745740] (asurt_msgs) StdoutLine: {'line': b'-- Up-to-date: /home/aly-sultan/Desktop/fs-system-25/SLAM/install/asurt_msgs/include/asurt_msgs/asurt_msgs/msg/detail/landmark_array__functions.h\n'}
[0.745801] (asurt_msgs) StdoutLine: {'line': b'-- Up-to-date: /home/aly-sultan/Desktop/fs-system-25/SLAM/install/asurt_msgs/include/asurt_msgs/asurt_msgs/msg/detail/key_points__description.c\n'}
[0.745867] (asurt_msgs) StdoutLine: {'line': b'-- Up-to-date: /home/aly-sultan/Desktop/fs-system-25/SLAM/install/asurt_msgs/share/asurt_msgs/environment/library_path.sh\n'}
[0.745930] (asurt_msgs) StdoutLine: {'line': b'-- Up-to-date: /home/aly-sultan/Desktop/fs-system-25/SLAM/install/asurt_msgs/share/asurt_msgs/environment/library_path.dsv\n'}
[0.745995] (asurt_msgs) StdoutLine: {'line': b'-- Up-to-date: /home/aly-sultan/Desktop/fs-system-25/SLAM/install/asurt_msgs/lib/libasurt_msgs__rosidl_generator_c.so\n'}
[0.746061] (asurt_msgs) StdoutLine: {'line': b'-- Up-to-date: /home/aly-sultan/Desktop/fs-system-25/SLAM/install/asurt_msgs/include/asurt_msgs/asurt_msgs\n'}
[0.746127] (asurt_msgs) StdoutLine: {'line': b'-- Up-to-date: /home/aly-sultan/Desktop/fs-system-25/SLAM/install/asurt_msgs/include/asurt_msgs/asurt_msgs/msg\n'}
[0.746187] (asurt_msgs) StdoutLine: {'line': b'-- Up-to-date: /home/aly-sultan/Desktop/fs-system-25/SLAM/install/asurt_msgs/include/asurt_msgs/asurt_msgs/msg/rosidl_typesupport_fastrtps_c__visibility_control.h\n'}
[0.746251] (asurt_msgs) StdoutLine: {'line': b'-- Up-to-date: /home/aly-sultan/Desktop/fs-system-25/SLAM/install/asurt_msgs/include/asurt_msgs/asurt_msgs/msg/detail\n'}
[0.746314] (asurt_msgs) StdoutLine: {'line': b'-- Up-to-date: /home/aly-sultan/Desktop/fs-system-25/SLAM/install/asurt_msgs/include/asurt_msgs/asurt_msgs/msg/detail/landmark__rosidl_typesupport_fastrtps_c.h\n'}
[0.746378] (asurt_msgs) StdoutLine: {'line': b'-- Up-to-date: /home/aly-sultan/Desktop/fs-system-25/SLAM/install/asurt_msgs/include/asurt_msgs/asurt_msgs/msg/detail/landmark_array__rosidl_typesupport_fastrtps_c.h\n'}
[0.746437] (asurt_msgs) StdoutLine: {'line': b'-- Up-to-date: /home/aly-sultan/Desktop/fs-system-25/SLAM/install/asurt_msgs/include/asurt_msgs/asurt_msgs/msg/detail/cone_img_array__rosidl_typesupport_fastrtps_c.h\n'}
[0.746499] (asurt_msgs) StdoutLine: {'line': b'-- Up-to-date: /home/aly-sultan/Desktop/fs-system-25/SLAM/install/asurt_msgs/include/asurt_msgs/asurt_msgs/msg/detail/key_points__rosidl_typesupport_fastrtps_c.h\n'}
[0.746558] (asurt_msgs) StdoutLine: {'line': b'-- Up-to-date: /home/aly-sultan/Desktop/fs-system-25/SLAM/install/asurt_msgs/include/asurt_msgs/asurt_msgs/msg/detail/node_status__rosidl_typesupport_fastrtps_c.h\n'}
[0.746617] (asurt_msgs) StdoutLine: {'line': b'-- Up-to-date: /home/aly-sultan/Desktop/fs-system-25/SLAM/install/asurt_msgs/include/asurt_msgs/asurt_msgs/msg/detail/bounding_boxes__rosidl_typesupport_fastrtps_c.h\n'}
[0.746676] (asurt_msgs) StdoutLine: {'line': b'-- Up-to-date: /home/aly-sultan/Desktop/fs-system-25/SLAM/install/asurt_msgs/include/asurt_msgs/asurt_msgs/msg/detail/cone_img__rosidl_typesupport_fastrtps_c.h\n'}
[0.746733] (asurt_msgs) StdoutLine: {'line': b'-- Up-to-date: /home/aly-sultan/Desktop/fs-system-25/SLAM/install/asurt_msgs/include/asurt_msgs/asurt_msgs/msg/detail/roadstate__rosidl_typesupport_fastrtps_c.h\n'}
[0.746794] (asurt_msgs) StdoutLine: {'line': b'-- Up-to-date: /home/aly-sultan/Desktop/fs-system-25/SLAM/install/asurt_msgs/include/asurt_msgs/asurt_msgs/msg/detail/bounding_box__rosidl_typesupport_fastrtps_c.h\n'}
[0.746862] (asurt_msgs) StdoutLine: {'line': b'-- Up-to-date: /home/aly-sultan/Desktop/fs-system-25/SLAM/install/asurt_msgs/lib/libasurt_msgs__rosidl_typesupport_fastrtps_c.so\n'}
[0.746919] (asurt_msgs) StdoutLine: {'line': b'-- Up-to-date: /home/aly-sultan/Desktop/fs-system-25/SLAM/install/asurt_msgs/include/asurt_msgs/asurt_msgs\n'}
[0.746977] (asurt_msgs) StdoutLine: {'line': b'-- Up-to-date: /home/aly-sultan/Desktop/fs-system-25/SLAM/install/asurt_msgs/include/asurt_msgs/asurt_msgs/msg\n'}
[0.747040] (asurt_msgs) StdoutLine: {'line': b'-- Up-to-date: /home/aly-sultan/Desktop/fs-system-25/SLAM/install/asurt_msgs/include/asurt_msgs/asurt_msgs/msg/bounding_boxes.hpp\n'}
[0.747101] (asurt_msgs) StdoutLine: {'line': b'-- Up-to-date: /home/aly-sultan/Desktop/fs-system-25/SLAM/install/asurt_msgs/include/asurt_msgs/asurt_msgs/msg/key_points.hpp\n'}
[0.747158] (asurt_msgs) StdoutLine: {'line': b'-- Up-to-date: /home/aly-sultan/Desktop/fs-system-25/SLAM/install/asurt_msgs/include/asurt_msgs/asurt_msgs/msg/landmark_array.hpp\n'}
[0.747219] (asurt_msgs) StdoutLine: {'line': b'-- Up-to-date: /home/aly-sultan/Desktop/fs-system-25/SLAM/install/asurt_msgs/include/asurt_msgs/asurt_msgs/msg/landmark.hpp\n'}
[0.747280] (asurt_msgs) StdoutLine: {'line': b'-- Up-to-date: /home/aly-sultan/Desktop/fs-system-25/SLAM/install/asurt_msgs/include/asurt_msgs/asurt_msgs/msg/rosidl_generator_cpp__visibility_control.hpp\n'}
[0.747341] (asurt_msgs) StdoutLine: {'line': b'-- Up-to-date: /home/aly-sultan/Desktop/fs-system-25/SLAM/install/asurt_msgs/include/asurt_msgs/asurt_msgs/msg/node_status.hpp\n'}
[0.747403] (asurt_msgs) StdoutLine: {'line': b'-- Up-to-date: /home/aly-sultan/Desktop/fs-system-25/SLAM/install/asurt_msgs/include/asurt_msgs/asurt_msgs/msg/bounding_box.hpp\n'}
[0.747460] (asurt_msgs) StdoutLine: {'line': b'-- Up-to-date: /home/aly-sultan/Desktop/fs-system-25/SLAM/install/asurt_msgs/include/asurt_msgs/asurt_msgs/msg/cone_img.hpp\n'}
[0.747521] (asurt_msgs) StdoutLine: {'line': b'-- Up-to-date: /home/aly-sultan/Desktop/fs-system-25/SLAM/install/asurt_msgs/include/asurt_msgs/asurt_msgs/msg/roadstate.hpp\n'}
[0.747580] (asurt_msgs) StdoutLine: {'line': b'-- Up-to-date: /home/aly-sultan/Desktop/fs-system-25/SLAM/install/asurt_msgs/include/asurt_msgs/asurt_msgs/msg/cone_img_array.hpp\n'}
[0.747638] (asurt_msgs) StdoutLine: {'line': b'-- Up-to-date: /home/aly-sultan/Desktop/fs-system-25/SLAM/install/asurt_msgs/include/asurt_msgs/asurt_msgs/msg/detail\n'}
[0.747695] (asurt_msgs) StdoutLine: {'line': b'-- Up-to-date: /home/aly-sultan/Desktop/fs-system-25/SLAM/install/asurt_msgs/include/asurt_msgs/asurt_msgs/msg/detail/landmark_array__struct.hpp\n'}
[0.747751] (asurt_msgs) StdoutLine: {'line': b'-- Up-to-date: /home/aly-sultan/Desktop/fs-system-25/SLAM/install/asurt_msgs/include/asurt_msgs/asurt_msgs/msg/detail/landmark__traits.hpp\n'}
[0.747808] (asurt_msgs) StdoutLine: {'line': b'-- Up-to-date: /home/aly-sultan/Desktop/fs-system-25/SLAM/install/asurt_msgs/include/asurt_msgs/asurt_msgs/msg/detail/bounding_box__traits.hpp\n'}
[0.747877] (asurt_msgs) StdoutLine: {'line': b'-- Up-to-date: /home/aly-sultan/Desktop/fs-system-25/SLAM/install/asurt_msgs/include/asurt_msgs/asurt_msgs/msg/detail/bounding_boxes__struct.hpp\n'}
[0.747947] (asurt_msgs) StdoutLine: {'line': b'-- Up-to-date: /home/aly-sultan/Desktop/fs-system-25/SLAM/install/asurt_msgs/include/asurt_msgs/asurt_msgs/msg/detail/bounding_box__struct.hpp\n'}
[0.748004] (asurt_msgs) StdoutLine: {'line': b'-- Up-to-date: /home/aly-sultan/Desktop/fs-system-25/SLAM/install/asurt_msgs/include/asurt_msgs/asurt_msgs/msg/detail/cone_img_array__traits.hpp\n'}
[0.748061] (asurt_msgs) StdoutLine: {'line': b'-- Up-to-date: /home/aly-sultan/Desktop/fs-system-25/SLAM/install/asurt_msgs/include/asurt_msgs/asurt_msgs/msg/detail/cone_img_array__struct.hpp\n'}
[0.748125] (asurt_msgs) StdoutLine: {'line': b'-- Up-to-date: /home/aly-sultan/Desktop/fs-system-25/SLAM/install/asurt_msgs/include/asurt_msgs/asurt_msgs/msg/detail/landmark__struct.hpp\n'}
[0.748184] (asurt_msgs) StdoutLine: {'line': b'-- Up-to-date: /home/aly-sultan/Desktop/fs-system-25/SLAM/install/asurt_msgs/include/asurt_msgs/asurt_msgs/msg/detail/landmark_array__type_support.hpp\n'}
[0.748244] (asurt_msgs) StdoutLine: {'line': b'-- Up-to-date: /home/aly-sultan/Desktop/fs-system-25/SLAM/install/asurt_msgs/include/asurt_msgs/asurt_msgs/msg/detail/bounding_box__type_support.hpp\n'}
[0.748301] (asurt_msgs) StdoutLine: {'line': b'-- Up-to-date: /home/aly-sultan/Desktop/fs-system-25/SLAM/install/asurt_msgs/include/asurt_msgs/asurt_msgs/msg/detail/key_points__traits.hpp\n'}
[0.748363] (asurt_msgs) StdoutLine: {'line': b'-- Up-to-date: /home/aly-sultan/Desktop/fs-system-25/SLAM/install/asurt_msgs/include/asurt_msgs/asurt_msgs/msg/detail/bounding_box__builder.hpp\n'}
[0.748421] (asurt_msgs) StdoutLine: {'line': b'-- Up-to-date: /home/aly-sultan/Desktop/fs-system-25/SLAM/install/asurt_msgs/include/asurt_msgs/asurt_msgs/msg/detail/roadstate__builder.hpp\n'}
[0.748482] (asurt_msgs) StdoutLine: {'line': b'-- Up-to-date: /home/aly-sultan/Desktop/fs-system-25/SLAM/install/asurt_msgs/include/asurt_msgs/asurt_msgs/msg/detail/node_status__type_support.hpp\n'}
[0.748542] (asurt_msgs) StdoutLine: {'line': b'-- Up-to-date: /home/aly-sultan/Desktop/fs-system-25/SLAM/install/asurt_msgs/include/asurt_msgs/asurt_msgs/msg/detail/cone_img__type_support.hpp\n'}
[0.748606] (asurt_msgs) StdoutLine: {'line': b'-- Up-to-date: /home/aly-sultan/Desktop/fs-system-25/SLAM/install/asurt_msgs/include/asurt_msgs/asurt_msgs/msg/detail/landmark__type_support.hpp\n'}
[0.748665] (asurt_msgs) StdoutLine: {'line': b'-- Up-to-date: /home/aly-sultan/Desktop/fs-system-25/SLAM/install/asurt_msgs/include/asurt_msgs/asurt_msgs/msg/detail/cone_img_array__type_support.hpp\n'}
[0.748731] (asurt_msgs) StdoutLine: {'line': b'-- Up-to-date: /home/aly-sultan/Desktop/fs-system-25/SLAM/install/asurt_msgs/include/asurt_msgs/asurt_msgs/msg/detail/roadstate__traits.hpp\n'}
[0.748792] (asurt_msgs) StdoutLine: {'line': b'-- Up-to-date: /home/aly-sultan/Desktop/fs-system-25/SLAM/install/asurt_msgs/include/asurt_msgs/asurt_msgs/msg/detail/key_points__builder.hpp\n'}
[0.748877] (asurt_msgs) StdoutLine: {'line': b'-- Up-to-date: /home/aly-sultan/Desktop/fs-system-25/SLAM/install/asurt_msgs/include/asurt_msgs/asurt_msgs/msg/detail/bounding_boxes__traits.hpp\n'}
[0.748943] (asurt_msgs) StdoutLine: {'line': b'-- Up-to-date: /home/aly-sultan/Desktop/fs-system-25/SLAM/install/asurt_msgs/include/asurt_msgs/asurt_msgs/msg/detail/cone_img__builder.hpp\n'}
[0.749003] (asurt_msgs) StdoutLine: {'line': b'-- Up-to-date: /home/aly-sultan/Desktop/fs-system-25/SLAM/install/asurt_msgs/include/asurt_msgs/asurt_msgs/msg/detail/key_points__type_support.hpp\n'}
[0.749062] (asurt_msgs) StdoutLine: {'line': b'-- Up-to-date: /home/aly-sultan/Desktop/fs-system-25/SLAM/install/asurt_msgs/include/asurt_msgs/asurt_msgs/msg/detail/landmark_array__builder.hpp\n'}
[0.749121] (asurt_msgs) StdoutLine: {'line': b'-- Up-to-date: /home/aly-sultan/Desktop/fs-system-25/SLAM/install/asurt_msgs/include/asurt_msgs/asurt_msgs/msg/detail/cone_img__traits.hpp\n'}
[0.749180] (asurt_msgs) StdoutLine: {'line': b'-- Up-to-date: /home/aly-sultan/Desktop/fs-system-25/SLAM/install/asurt_msgs/include/asurt_msgs/asurt_msgs/msg/detail/roadstate__type_support.hpp\n'}
[0.749238] (asurt_msgs) StdoutLine: {'line': b'-- Up-to-date: /home/aly-sultan/Desktop/fs-system-25/SLAM/install/asurt_msgs/include/asurt_msgs/asurt_msgs/msg/detail/node_status__builder.hpp\n'}
[0.749298] (asurt_msgs) StdoutLine: {'line': b'-- Up-to-date: /home/aly-sultan/Desktop/fs-system-25/SLAM/install/asurt_msgs/include/asurt_msgs/asurt_msgs/msg/detail/node_status__struct.hpp\n'}
[0.749357] (asurt_msgs) StdoutLine: {'line': b'-- Up-to-date: /home/aly-sultan/Desktop/fs-system-25/SLAM/install/asurt_msgs/include/asurt_msgs/asurt_msgs/msg/detail/bounding_boxes__type_support.hpp\n'}
[0.749418] (asurt_msgs) StdoutLine: {'line': b'-- Up-to-date: /home/aly-sultan/Desktop/fs-system-25/SLAM/install/asurt_msgs/include/asurt_msgs/asurt_msgs/msg/detail/landmark__builder.hpp\n'}
[0.749475] (asurt_msgs) StdoutLine: {'line': b'-- Up-to-date: /home/aly-sultan/Desktop/fs-system-25/SLAM/install/asurt_msgs/include/asurt_msgs/asurt_msgs/msg/detail/landmark_array__traits.hpp\n'}
[0.749534] (asurt_msgs) StdoutLine: {'line': b'-- Up-to-date: /home/aly-sultan/Desktop/fs-system-25/SLAM/install/asurt_msgs/include/asurt_msgs/asurt_msgs/msg/detail/roadstate__struct.hpp\n'}
[0.749593] (asurt_msgs) StdoutLine: {'line': b'-- Up-to-date: /home/aly-sultan/Desktop/fs-system-25/SLAM/install/asurt_msgs/include/asurt_msgs/asurt_msgs/msg/detail/bounding_boxes__builder.hpp\n'}
[0.749658] (asurt_msgs) StdoutLine: {'line': b'-- Up-to-date: /home/aly-sultan/Desktop/fs-system-25/SLAM/install/asurt_msgs/include/asurt_msgs/asurt_msgs/msg/detail/cone_img__struct.hpp\n'}
[0.749715] (asurt_msgs) StdoutLine: {'line': b'-- Up-to-date: /home/aly-sultan/Desktop/fs-system-25/SLAM/install/asurt_msgs/include/asurt_msgs/asurt_msgs/msg/detail/cone_img_array__builder.hpp\n'}
[0.749772] (asurt_msgs) StdoutLine: {'line': b'-- Up-to-date: /home/aly-sultan/Desktop/fs-system-25/SLAM/install/asurt_msgs/include/asurt_msgs/asurt_msgs/msg/detail/node_status__traits.hpp\n'}
[0.749830] (asurt_msgs) StdoutLine: {'line': b'-- Up-to-date: /home/aly-sultan/Desktop/fs-system-25/SLAM/install/asurt_msgs/include/asurt_msgs/asurt_msgs/msg/detail/key_points__struct.hpp\n'}
[0.749903] (asurt_msgs) StdoutLine: {'line': b'-- Up-to-date: /home/aly-sultan/Desktop/fs-system-25/SLAM/install/asurt_msgs/include/asurt_msgs/asurt_msgs\n'}
[0.749965] (asurt_msgs) StdoutLine: {'line': b'-- Up-to-date: /home/aly-sultan/Desktop/fs-system-25/SLAM/install/asurt_msgs/include/asurt_msgs/asurt_msgs/msg\n'}
[0.750022] (asurt_msgs) StdoutLine: {'line': b'-- Up-to-date: /home/aly-sultan/Desktop/fs-system-25/SLAM/install/asurt_msgs/include/asurt_msgs/asurt_msgs/msg/rosidl_typesupport_fastrtps_cpp__visibility_control.h\n'}
[0.750079] (asurt_msgs) StdoutLine: {'line': b'-- Up-to-date: /home/aly-sultan/Desktop/fs-system-25/SLAM/install/asurt_msgs/include/asurt_msgs/asurt_msgs/msg/detail\n'}
[0.750136] (asurt_msgs) StdoutLine: {'line': b'-- Up-to-date: /home/aly-sultan/Desktop/fs-system-25/SLAM/install/asurt_msgs/include/asurt_msgs/asurt_msgs/msg/detail/bounding_boxes__rosidl_typesupport_fastrtps_cpp.hpp\n'}
[0.750193] (asurt_msgs) StdoutLine: {'line': b'-- Up-to-date: /home/aly-sultan/Desktop/fs-system-25/SLAM/install/asurt_msgs/include/asurt_msgs/asurt_msgs/msg/detail/cone_img_array__rosidl_typesupport_fastrtps_cpp.hpp\n'}
[0.750251] (asurt_msgs) StdoutLine: {'line': b'-- Up-to-date: /home/aly-sultan/Desktop/fs-system-25/SLAM/install/asurt_msgs/include/asurt_msgs/asurt_msgs/msg/detail/node_status__rosidl_typesupport_fastrtps_cpp.hpp\n'}
[0.750312] (asurt_msgs) StdoutLine: {'line': b'-- Up-to-date: /home/aly-sultan/Desktop/fs-system-25/SLAM/install/asurt_msgs/include/asurt_msgs/asurt_msgs/msg/detail/dds_fastrtps\n'}
[0.750373] (asurt_msgs) StdoutLine: {'line': b'-- Up-to-date: /home/aly-sultan/Desktop/fs-system-25/SLAM/install/asurt_msgs/include/asurt_msgs/asurt_msgs/msg/detail/bounding_box__rosidl_typesupport_fastrtps_cpp.hpp\n'}
[0.750433] (asurt_msgs) StdoutLine: {'line': b'-- Up-to-date: /home/aly-sultan/Desktop/fs-system-25/SLAM/install/asurt_msgs/include/asurt_msgs/asurt_msgs/msg/detail/key_points__rosidl_typesupport_fastrtps_cpp.hpp\n'}
[0.750491] (asurt_msgs) StdoutLine: {'line': b'-- Up-to-date: /home/aly-sultan/Desktop/fs-system-25/SLAM/install/asurt_msgs/include/asurt_msgs/asurt_msgs/msg/detail/landmark_array__rosidl_typesupport_fastrtps_cpp.hpp\n'}
[0.750551] (asurt_msgs) StdoutLine: {'line': b'-- Up-to-date: /home/aly-sultan/Desktop/fs-system-25/SLAM/install/asurt_msgs/include/asurt_msgs/asurt_msgs/msg/detail/landmark__rosidl_typesupport_fastrtps_cpp.hpp\n'}
[0.750614] (asurt_msgs) StdoutLine: {'line': b'-- Up-to-date: /home/aly-sultan/Desktop/fs-system-25/SLAM/install/asurt_msgs/include/asurt_msgs/asurt_msgs/msg/detail/roadstate__rosidl_typesupport_fastrtps_cpp.hpp\n'}
[0.750671] (asurt_msgs) StdoutLine: {'line': b'-- Up-to-date: /home/aly-sultan/Desktop/fs-system-25/SLAM/install/asurt_msgs/include/asurt_msgs/asurt_msgs/msg/detail/cone_img__rosidl_typesupport_fastrtps_cpp.hpp\n'}
[0.750730] (asurt_msgs) StdoutLine: {'line': b'-- Up-to-date: /home/aly-sultan/Desktop/fs-system-25/SLAM/install/asurt_msgs/lib/libasurt_msgs__rosidl_typesupport_fastrtps_cpp.so\n'}
[0.750790] (asurt_msgs) StdoutLine: {'line': b'-- Up-to-date: /home/aly-sultan/Desktop/fs-system-25/SLAM/install/asurt_msgs/include/asurt_msgs/asurt_msgs\n'}
[0.750854] (asurt_msgs) StdoutLine: {'line': b'-- Up-to-date: /home/aly-sultan/Desktop/fs-system-25/SLAM/install/asurt_msgs/include/asurt_msgs/asurt_msgs/msg\n'}
[0.750914] (asurt_msgs) StdoutLine: {'line': b'-- Up-to-date: /home/aly-sultan/Desktop/fs-system-25/SLAM/install/asurt_msgs/include/asurt_msgs/asurt_msgs/msg/rosidl_typesupport_introspection_c__visibility_control.h\n'}
[0.750973] (asurt_msgs) StdoutLine: {'line': b'-- Up-to-date: /home/aly-sultan/Desktop/fs-system-25/SLAM/install/asurt_msgs/include/asurt_msgs/asurt_msgs/msg/detail\n'}
[0.751030] (asurt_msgs) StdoutLine: {'line': b'-- Up-to-date: /home/aly-sultan/Desktop/fs-system-25/SLAM/install/asurt_msgs/include/asurt_msgs/asurt_msgs/msg/detail/node_status__rosidl_typesupport_introspection_c.h\n'}
[0.751099] (asurt_msgs) StdoutLine: {'line': b'-- Up-to-date: /home/aly-sultan/Desktop/fs-system-25/SLAM/install/asurt_msgs/include/asurt_msgs/asurt_msgs/msg/detail/roadstate__type_support.c\n'}
[0.751157] (asurt_msgs) StdoutLine: {'line': b'-- Up-to-date: /home/aly-sultan/Desktop/fs-system-25/SLAM/install/asurt_msgs/include/asurt_msgs/asurt_msgs/msg/detail/landmark_array__type_support.c\n'}
[0.751213] (asurt_msgs) StdoutLine: {'line': b'-- Up-to-date: /home/aly-sultan/Desktop/fs-system-25/SLAM/install/asurt_msgs/include/asurt_msgs/asurt_msgs/msg/detail/cone_img__type_support.c\n'}
[0.751273] (asurt_msgs) StdoutLine: {'line': b'-- Up-to-date: /home/aly-sultan/Desktop/fs-system-25/SLAM/install/asurt_msgs/include/asurt_msgs/asurt_msgs/msg/detail/key_points__rosidl_typesupport_introspection_c.h\n'}
[0.751337] (asurt_msgs) StdoutLine: {'line': b'-- Up-to-date: /home/aly-sultan/Desktop/fs-system-25/SLAM/install/asurt_msgs/include/asurt_msgs/asurt_msgs/msg/detail/cone_img__rosidl_typesupport_introspection_c.h\n'}
[0.751395] (asurt_msgs) StdoutLine: {'line': b'-- Up-to-date: /home/aly-sultan/Desktop/fs-system-25/SLAM/install/asurt_msgs/include/asurt_msgs/asurt_msgs/msg/detail/bounding_box__type_support.c\n'}
[0.751452] (asurt_msgs) StdoutLine: {'line': b'-- Up-to-date: /home/aly-sultan/Desktop/fs-system-25/SLAM/install/asurt_msgs/include/asurt_msgs/asurt_msgs/msg/detail/node_status__type_support.c\n'}
[0.751509] (asurt_msgs) StdoutLine: {'line': b'-- Up-to-date: /home/aly-sultan/Desktop/fs-system-25/SLAM/install/asurt_msgs/include/asurt_msgs/asurt_msgs/msg/detail/landmark__rosidl_typesupport_introspection_c.h\n'}
[0.751566] (asurt_msgs) StdoutLine: {'line': b'-- Up-to-date: /home/aly-sultan/Desktop/fs-system-25/SLAM/install/asurt_msgs/include/asurt_msgs/asurt_msgs/msg/detail/bounding_boxes__type_support.c\n'}
[0.751625] (asurt_msgs) StdoutLine: {'line': b'-- Up-to-date: /home/aly-sultan/Desktop/fs-system-25/SLAM/install/asurt_msgs/include/asurt_msgs/asurt_msgs/msg/detail/cone_img_array__type_support.c\n'}
[0.751682] (asurt_msgs) StdoutLine: {'line': b'-- Up-to-date: /home/aly-sultan/Desktop/fs-system-25/SLAM/install/asurt_msgs/include/asurt_msgs/asurt_msgs/msg/detail/key_points__type_support.c\n'}
[0.751740] (asurt_msgs) StdoutLine: {'line': b'-- Up-to-date: /home/aly-sultan/Desktop/fs-system-25/SLAM/install/asurt_msgs/include/asurt_msgs/asurt_msgs/msg/detail/landmark_array__rosidl_typesupport_introspection_c.h\n'}
[0.751798] (asurt_msgs) StdoutLine: {'line': b'-- Up-to-date: /home/aly-sultan/Desktop/fs-system-25/SLAM/install/asurt_msgs/include/asurt_msgs/asurt_msgs/msg/detail/cone_img_array__rosidl_typesupport_introspection_c.h\n'}
[0.751865] (asurt_msgs) StdoutLine: {'line': b'-- Up-to-date: /home/aly-sultan/Desktop/fs-system-25/SLAM/install/asurt_msgs/include/asurt_msgs/asurt_msgs/msg/detail/landmark__type_support.c\n'}
[0.751925] (asurt_msgs) StdoutLine: {'line': b'-- Up-to-date: /home/aly-sultan/Desktop/fs-system-25/SLAM/install/asurt_msgs/include/asurt_msgs/asurt_msgs/msg/detail/roadstate__rosidl_typesupport_introspection_c.h\n'}
[0.751984] (asurt_msgs) StdoutLine: {'line': b'-- Up-to-date: /home/aly-sultan/Desktop/fs-system-25/SLAM/install/asurt_msgs/include/asurt_msgs/asurt_msgs/msg/detail/bounding_boxes__rosidl_typesupport_introspection_c.h\n'}
[0.752042] (asurt_msgs) StdoutLine: {'line': b'-- Up-to-date: /home/aly-sultan/Desktop/fs-system-25/SLAM/install/asurt_msgs/include/asurt_msgs/asurt_msgs/msg/detail/bounding_box__rosidl_typesupport_introspection_c.h\n'}
[0.752099] (asurt_msgs) StdoutLine: {'line': b'-- Up-to-date: /home/aly-sultan/Desktop/fs-system-25/SLAM/install/asurt_msgs/lib/libasurt_msgs__rosidl_typesupport_introspection_c.so\n'}
[0.752157] (asurt_msgs) StdoutLine: {'line': b'-- Up-to-date: /home/aly-sultan/Desktop/fs-system-25/SLAM/install/asurt_msgs/lib/libasurt_msgs__rosidl_typesupport_c.so\n'}
[0.752217] (asurt_msgs) StdoutLine: {'line': b'-- Up-to-date: /home/aly-sultan/Desktop/fs-system-25/SLAM/install/asurt_msgs/include/asurt_msgs/asurt_msgs\n'}
[0.752275] (asurt_msgs) StdoutLine: {'line': b'-- Up-to-date: /home/aly-sultan/Desktop/fs-system-25/SLAM/install/asurt_msgs/include/asurt_msgs/asurt_msgs/msg\n'}
[0.752338] (asurt_msgs) StdoutLine: {'line': b'-- Up-to-date: /home/aly-sultan/Desktop/fs-system-25/SLAM/install/asurt_msgs/include/asurt_msgs/asurt_msgs/msg/detail\n'}
[0.752394] (asurt_msgs) StdoutLine: {'line': b'-- Up-to-date: /home/aly-sultan/Desktop/fs-system-25/SLAM/install/asurt_msgs/include/asurt_msgs/asurt_msgs/msg/detail/bounding_box__type_support.cpp\n'}
[0.752452] (asurt_msgs) StdoutLine: {'line': b'-- Up-to-date: /home/aly-sultan/Desktop/fs-system-25/SLAM/install/asurt_msgs/include/asurt_msgs/asurt_msgs/msg/detail/cone_img_array__type_support.cpp\n'}
[0.752512] (asurt_msgs) StdoutLine: {'line': b'-- Up-to-date: /home/aly-sultan/Desktop/fs-system-25/SLAM/install/asurt_msgs/include/asurt_msgs/asurt_msgs/msg/detail/cone_img__rosidl_typesupport_introspection_cpp.hpp\n'}
[0.752569] (asurt_msgs) StdoutLine: {'line': b'-- Up-to-date: /home/aly-sultan/Desktop/fs-system-25/SLAM/install/asurt_msgs/include/asurt_msgs/asurt_msgs/msg/detail/key_points__rosidl_typesupport_introspection_cpp.hpp\n'}
[0.752625] (asurt_msgs) StdoutLine: {'line': b'-- Up-to-date: /home/aly-sultan/Desktop/fs-system-25/SLAM/install/asurt_msgs/include/asurt_msgs/asurt_msgs/msg/detail/bounding_boxes__rosidl_typesupport_introspection_cpp.hpp\n'}
[0.752684] (asurt_msgs) StdoutLine: {'line': b'-- Up-to-date: /home/aly-sultan/Desktop/fs-system-25/SLAM/install/asurt_msgs/include/asurt_msgs/asurt_msgs/msg/detail/node_status__type_support.cpp\n'}
[0.752743] (asurt_msgs) StdoutLine: {'line': b'-- Up-to-date: /home/aly-sultan/Desktop/fs-system-25/SLAM/install/asurt_msgs/include/asurt_msgs/asurt_msgs/msg/detail/node_status__rosidl_typesupport_introspection_cpp.hpp\n'}
[0.752801] (asurt_msgs) StdoutLine: {'line': b'-- Up-to-date: /home/aly-sultan/Desktop/fs-system-25/SLAM/install/asurt_msgs/include/asurt_msgs/asurt_msgs/msg/detail/cone_img_array__rosidl_typesupport_introspection_cpp.hpp\n'}
[0.752869] (asurt_msgs) StdoutLine: {'line': b'-- Up-to-date: /home/aly-sultan/Desktop/fs-system-25/SLAM/install/asurt_msgs/include/asurt_msgs/asurt_msgs/msg/detail/landmark__type_support.cpp\n'}
[0.752935] (asurt_msgs) StdoutLine: {'line': b'-- Up-to-date: /home/aly-sultan/Desktop/fs-system-25/SLAM/install/asurt_msgs/include/asurt_msgs/asurt_msgs/msg/detail/landmark_array__type_support.cpp\n'}
[0.752993] (asurt_msgs) StdoutLine: {'line': b'-- Up-to-date: /home/aly-sultan/Desktop/fs-system-25/SLAM/install/asurt_msgs/include/asurt_msgs/asurt_msgs/msg/detail/bounding_boxes__type_support.cpp\n'}
[0.753052] (asurt_msgs) StdoutLine: {'line': b'-- Up-to-date: /home/aly-sultan/Desktop/fs-system-25/SLAM/install/asurt_msgs/include/asurt_msgs/asurt_msgs/msg/detail/roadstate__type_support.cpp\n'}
[0.753110] (asurt_msgs) StdoutLine: {'line': b'-- Up-to-date: /home/aly-sultan/Desktop/fs-system-25/SLAM/install/asurt_msgs/include/asurt_msgs/asurt_msgs/msg/detail/roadstate__rosidl_typesupport_introspection_cpp.hpp\n'}
[0.753170] (asurt_msgs) StdoutLine: {'line': b'-- Up-to-date: /home/aly-sultan/Desktop/fs-system-25/SLAM/install/asurt_msgs/include/asurt_msgs/asurt_msgs/msg/detail/landmark__rosidl_typesupport_introspection_cpp.hpp\n'}
[0.753229] (asurt_msgs) StdoutLine: {'line': b'-- Up-to-date: /home/aly-sultan/Desktop/fs-system-25/SLAM/install/asurt_msgs/include/asurt_msgs/asurt_msgs/msg/detail/key_points__type_support.cpp\n'}
[0.753284] (asurt_msgs) StdoutLine: {'line': b'-- Up-to-date: /home/aly-sultan/Desktop/fs-system-25/SLAM/install/asurt_msgs/include/asurt_msgs/asurt_msgs/msg/detail/bounding_box__rosidl_typesupport_introspection_cpp.hpp\n'}
[0.753343] (asurt_msgs) StdoutLine: {'line': b'-- Up-to-date: /home/aly-sultan/Desktop/fs-system-25/SLAM/install/asurt_msgs/include/asurt_msgs/asurt_msgs/msg/detail/landmark_array__rosidl_typesupport_introspection_cpp.hpp\n'}
[0.753402] (asurt_msgs) StdoutLine: {'line': b'-- Up-to-date: /home/aly-sultan/Desktop/fs-system-25/SLAM/install/asurt_msgs/include/asurt_msgs/asurt_msgs/msg/detail/cone_img__type_support.cpp\n'}
[0.753463] (asurt_msgs) StdoutLine: {'line': b'-- Up-to-date: /home/aly-sultan/Desktop/fs-system-25/SLAM/install/asurt_msgs/lib/libasurt_msgs__rosidl_typesupport_introspection_cpp.so\n'}
[0.753521] (asurt_msgs) StdoutLine: {'line': b'-- Up-to-date: /home/aly-sultan/Desktop/fs-system-25/SLAM/install/asurt_msgs/lib/libasurt_msgs__rosidl_typesupport_cpp.so\n'}
[0.753581] (asurt_msgs) StdoutLine: {'line': b'-- Up-to-date: /home/aly-sultan/Desktop/fs-system-25/SLAM/install/asurt_msgs/share/asurt_msgs/environment/pythonpath.sh\n'}
[0.753643] (asurt_msgs) StdoutLine: {'line': b'-- Up-to-date: /home/aly-sultan/Desktop/fs-system-25/SLAM/install/asurt_msgs/share/asurt_msgs/environment/pythonpath.dsv\n'}
[0.753706] (asurt_msgs) StdoutLine: {'line': b'-- Up-to-date: /home/aly-sultan/Desktop/fs-system-25/SLAM/install/asurt_msgs/lib/python3.12/site-packages/asurt_msgs-2.0.0-py3.12.egg-info\n'}
[0.753764] (asurt_msgs) StdoutLine: {'line': b'-- Installing: /home/aly-sultan/Desktop/fs-system-25/SLAM/install/asurt_msgs/lib/python3.12/site-packages/asurt_msgs-2.0.0-py3.12.egg-info/top_level.txt\n'}
[0.753825] (asurt_msgs) StdoutLine: {'line': b'-- Installing: /home/aly-sultan/Desktop/fs-system-25/SLAM/install/asurt_msgs/lib/python3.12/site-packages/asurt_msgs-2.0.0-py3.12.egg-info/dependency_links.txt\n'}
[0.753895] (asurt_msgs) StdoutLine: {'line': b'-- Installing: /home/aly-sultan/Desktop/fs-system-25/SLAM/install/asurt_msgs/lib/python3.12/site-packages/asurt_msgs-2.0.0-py3.12.egg-info/PKG-INFO\n'}
[0.753957] (asurt_msgs) StdoutLine: {'line': b'-- Installing: /home/aly-sultan/Desktop/fs-system-25/SLAM/install/asurt_msgs/lib/python3.12/site-packages/asurt_msgs-2.0.0-py3.12.egg-info/SOURCES.txt\n'}
[0.754018] (asurt_msgs) StdoutLine: {'line': b'-- Up-to-date: /home/aly-sultan/Desktop/fs-system-25/SLAM/install/asurt_msgs/lib/python3.12/site-packages/asurt_msgs\n'}
[0.754076] (asurt_msgs) StdoutLine: {'line': b'-- Up-to-date: /home/aly-sultan/Desktop/fs-system-25/SLAM/install/asurt_msgs/lib/python3.12/site-packages/asurt_msgs/asurt_msgs_s__rosidl_typesupport_fastrtps_c.so\n'}
[0.754140] (asurt_msgs) StdoutLine: {'line': b'-- Up-to-date: /home/aly-sultan/Desktop/fs-system-25/SLAM/install/asurt_msgs/lib/python3.12/site-packages/asurt_msgs/asurt_msgs_s__rosidl_typesupport_c.so\n'}
[0.754198] (asurt_msgs) StdoutLine: {'line': b'-- Up-to-date: /home/aly-sultan/Desktop/fs-system-25/SLAM/install/asurt_msgs/lib/python3.12/site-packages/asurt_msgs/asurt_msgs_s__rosidl_typesupport_introspection_c.so\n'}
[0.754259] (asurt_msgs) StdoutLine: {'line': b'-- Up-to-date: /home/aly-sultan/Desktop/fs-system-25/SLAM/install/asurt_msgs/lib/python3.12/site-packages/asurt_msgs/__init__.py\n'}
[0.754319] (asurt_msgs) StdoutLine: {'line': b'-- Up-to-date: /home/aly-sultan/Desktop/fs-system-25/SLAM/install/asurt_msgs/lib/python3.12/site-packages/asurt_msgs/msg\n'}
[0.754379] (asurt_msgs) StdoutLine: {'line': b'-- Up-to-date: /home/aly-sultan/Desktop/fs-system-25/SLAM/install/asurt_msgs/lib/python3.12/site-packages/asurt_msgs/msg/_landmark_array_s.c\n'}
[0.754443] (asurt_msgs) StdoutLine: {'line': b'-- Up-to-date: /home/aly-sultan/Desktop/fs-system-25/SLAM/install/asurt_msgs/lib/python3.12/site-packages/asurt_msgs/msg/_bounding_boxes_s.c\n'}
[0.754504] (asurt_msgs) StdoutLine: {'line': b'-- Up-to-date: /home/aly-sultan/Desktop/fs-system-25/SLAM/install/asurt_msgs/lib/python3.12/site-packages/asurt_msgs/msg/_bounding_box.py\n'}
[0.754564] (asurt_msgs) StdoutLine: {'line': b'-- Up-to-date: /home/aly-sultan/Desktop/fs-system-25/SLAM/install/asurt_msgs/lib/python3.12/site-packages/asurt_msgs/msg/_key_points.py\n'}
[0.754629] (asurt_msgs) StdoutLine: {'line': b'-- Up-to-date: /home/aly-sultan/Desktop/fs-system-25/SLAM/install/asurt_msgs/lib/python3.12/site-packages/asurt_msgs/msg/_bounding_box_s.c\n'}
[0.754685] (asurt_msgs) StdoutLine: {'line': b'-- Up-to-date: /home/aly-sultan/Desktop/fs-system-25/SLAM/install/asurt_msgs/lib/python3.12/site-packages/asurt_msgs/msg/_roadstate.py\n'}
[0.754752] (asurt_msgs) StdoutLine: {'line': b'-- Up-to-date: /home/aly-sultan/Desktop/fs-system-25/SLAM/install/asurt_msgs/lib/python3.12/site-packages/asurt_msgs/msg/_node_status_s.c\n'}
[0.754815] (asurt_msgs) StdoutLine: {'line': b'-- Up-to-date: /home/aly-sultan/Desktop/fs-system-25/SLAM/install/asurt_msgs/lib/python3.12/site-packages/asurt_msgs/msg/_landmark_s.c\n'}
[0.754881] (asurt_msgs) StdoutLine: {'line': b'-- Up-to-date: /home/aly-sultan/Desktop/fs-system-25/SLAM/install/asurt_msgs/lib/python3.12/site-packages/asurt_msgs/msg/_cone_img.py\n'}
[0.754942] (asurt_msgs) StdoutLine: {'line': b'-- Up-to-date: /home/aly-sultan/Desktop/fs-system-25/SLAM/install/asurt_msgs/lib/python3.12/site-packages/asurt_msgs/msg/_cone_img_s.c\n'}
[0.755003] (asurt_msgs) StdoutLine: {'line': b'-- Up-to-date: /home/aly-sultan/Desktop/fs-system-25/SLAM/install/asurt_msgs/lib/python3.12/site-packages/asurt_msgs/msg/__init__.py\n'}
[0.755070] (asurt_msgs) StdoutLine: {'line': b'-- Up-to-date: /home/aly-sultan/Desktop/fs-system-25/SLAM/install/asurt_msgs/lib/python3.12/site-packages/asurt_msgs/msg/_key_points_s.c\n'}
[0.755131] (asurt_msgs) StdoutLine: {'line': b'-- Up-to-date: /home/aly-sultan/Desktop/fs-system-25/SLAM/install/asurt_msgs/lib/python3.12/site-packages/asurt_msgs/msg/_bounding_boxes.py\n'}
[0.755194] (asurt_msgs) StdoutLine: {'line': b'-- Up-to-date: /home/aly-sultan/Desktop/fs-system-25/SLAM/install/asurt_msgs/lib/python3.12/site-packages/asurt_msgs/msg/_roadstate_s.c\n'}
[0.755255] (asurt_msgs) StdoutLine: {'line': b'-- Up-to-date: /home/aly-sultan/Desktop/fs-system-25/SLAM/install/asurt_msgs/lib/python3.12/site-packages/asurt_msgs/msg/_landmark.py\n'}
[0.755315] (asurt_msgs) StdoutLine: {'line': b'-- Up-to-date: /home/aly-sultan/Desktop/fs-system-25/SLAM/install/asurt_msgs/lib/python3.12/site-packages/asurt_msgs/msg/_cone_img_array.py\n'}
[0.755375] (asurt_msgs) StdoutLine: {'line': b'-- Up-to-date: /home/aly-sultan/Desktop/fs-system-25/SLAM/install/asurt_msgs/lib/python3.12/site-packages/asurt_msgs/msg/_cone_img_array_s.c\n'}
[0.755437] (asurt_msgs) StdoutLine: {'line': b'-- Up-to-date: /home/aly-sultan/Desktop/fs-system-25/SLAM/install/asurt_msgs/lib/python3.12/site-packages/asurt_msgs/msg/_landmark_array.py\n'}
[0.755498] (asurt_msgs) StdoutLine: {'line': b'-- Up-to-date: /home/aly-sultan/Desktop/fs-system-25/SLAM/install/asurt_msgs/lib/python3.12/site-packages/asurt_msgs/msg/_node_status.py\n'}
[0.755562] (asurt_msgs) StdoutLine: {'line': b'-- Up-to-date: /home/aly-sultan/Desktop/fs-system-25/SLAM/install/asurt_msgs/lib/python3.12/site-packages/asurt_msgs/_asurt_msgs_s.ep.rosidl_typesupport_fastrtps_c.c\n'}
[0.755621] (asurt_msgs) StdoutLine: {'line': b'-- Up-to-date: /home/aly-sultan/Desktop/fs-system-25/SLAM/install/asurt_msgs/lib/python3.12/site-packages/asurt_msgs/_asurt_msgs_s.ep.rosidl_typesupport_c.c\n'}
[0.755683] (asurt_msgs) StdoutLine: {'line': b'-- Up-to-date: /home/aly-sultan/Desktop/fs-system-25/SLAM/install/asurt_msgs/lib/python3.12/site-packages/asurt_msgs/_asurt_msgs_s.ep.rosidl_typesupport_introspection_c.c\n'}
[0.800678] (-) TimerEvent: {}
[0.810258] (asurt_msgs) StdoutLine: {'line': b"Listing '/home/aly-sultan/Desktop/fs-system-25/SLAM/install/asurt_msgs/lib/python3.12/site-packages/asurt_msgs'...\n"}
[0.810604] (asurt_msgs) StdoutLine: {'line': b"Listing '/home/aly-sultan/Desktop/fs-system-25/SLAM/install/asurt_msgs/lib/python3.12/site-packages/asurt_msgs/msg'...\n"}
[0.819997] (asurt_msgs) StdoutLine: {'line': b'-- Up-to-date: /home/aly-sultan/Desktop/fs-system-25/SLAM/install/asurt_msgs/lib/python3.12/site-packages/asurt_msgs/asurt_msgs_s__rosidl_typesupport_fastrtps_c.so\n'}
[0.820464] (asurt_msgs) StdoutLine: {'line': b'-- Up-to-date: /home/aly-sultan/Desktop/fs-system-25/SLAM/install/asurt_msgs/lib/python3.12/site-packages/asurt_msgs/asurt_msgs_s__rosidl_typesupport_introspection_c.so\n'}
[0.820877] (asurt_msgs) StdoutLine: {'line': b'-- Up-to-date: /home/aly-sultan/Desktop/fs-system-25/SLAM/install/asurt_msgs/lib/python3.12/site-packages/asurt_msgs/asurt_msgs_s__rosidl_typesupport_c.so\n'}
[0.821384] (asurt_msgs) StdoutLine: {'line': b'-- Up-to-date: /home/aly-sultan/Desktop/fs-system-25/SLAM/install/asurt_msgs/lib/libasurt_msgs__rosidl_generator_py.so\n'}
[0.821719] (asurt_msgs) StdoutLine: {'line': b'-- Up-to-date: /home/aly-sultan/Desktop/fs-system-25/SLAM/install/asurt_msgs/share/asurt_msgs/msg/Landmark.idl\n'}
[0.822102] (asurt_msgs) StdoutLine: {'line': b'-- Up-to-date: /home/aly-sultan/Desktop/fs-system-25/SLAM/install/asurt_msgs/share/asurt_msgs/msg/LandmarkArray.idl\n'}
[0.822461] (asurt_msgs) StdoutLine: {'line': b'-- Up-to-date: /home/aly-sultan/Desktop/fs-system-25/SLAM/install/asurt_msgs/share/asurt_msgs/msg/NodeStatus.idl\n'}
[0.822715] (asurt_msgs) StdoutLine: {'line': b'-- Up-to-date: /home/aly-sultan/Desktop/fs-system-25/SLAM/install/asurt_msgs/share/asurt_msgs/msg/Roadstate.idl\n'}
[0.822955] (asurt_msgs) StdoutLine: {'line': b'-- Up-to-date: /home/aly-sultan/Desktop/fs-system-25/SLAM/install/asurt_msgs/share/asurt_msgs/msg/BoundingBox.idl\n'}
[0.823147] (asurt_msgs) StdoutLine: {'line': b'-- Up-to-date: /home/aly-sultan/Desktop/fs-system-25/SLAM/install/asurt_msgs/share/asurt_msgs/msg/BoundingBoxes.idl\n'}
[0.823357] (asurt_msgs) StdoutLine: {'line': b'-- Up-to-date: /home/aly-sultan/Desktop/fs-system-25/SLAM/install/asurt_msgs/share/asurt_msgs/msg/ConeImg.idl\n'}
[0.823550] (asurt_msgs) StdoutLine: {'line': b'-- Up-to-date: /home/aly-sultan/Desktop/fs-system-25/SLAM/install/asurt_msgs/share/asurt_msgs/msg/ConeImgArray.idl\n'}
[0.823754] (asurt_msgs) StdoutLine: {'line': b'-- Up-to-date: /home/aly-sultan/Desktop/fs-system-25/SLAM/install/asurt_msgs/share/asurt_msgs/msg/KeyPoints.idl\n'}
[0.823935] (asurt_msgs) StdoutLine: {'line': b'-- Up-to-date: /home/aly-sultan/Desktop/fs-system-25/SLAM/install/asurt_msgs/share/asurt_msgs/msg/Landmark.msg\n'}
[0.824080] (asurt_msgs) StdoutLine: {'line': b'-- Up-to-date: /home/aly-sultan/Desktop/fs-system-25/SLAM/install/asurt_msgs/share/asurt_msgs/msg/LandmarkArray.msg\n'}
[0.824227] (asurt_msgs) StdoutLine: {'line': b'-- Up-to-date: /home/aly-sultan/Desktop/fs-system-25/SLAM/install/asurt_msgs/share/asurt_msgs/msg/NodeStatus.msg\n'}
[0.824407] (asurt_msgs) StdoutLine: {'line': b'-- Up-to-date: /home/aly-sultan/Desktop/fs-system-25/SLAM/install/asurt_msgs/share/asurt_msgs/msg/Roadstate.msg\n'}
[0.824577] (asurt_msgs) StdoutLine: {'line': b'-- Up-to-date: /home/aly-sultan/Desktop/fs-system-25/SLAM/install/asurt_msgs/share/asurt_msgs/msg/BoundingBox.msg\n'}
[0.824772] (asurt_msgs) StdoutLine: {'line': b'-- Up-to-date: /home/aly-sultan/Desktop/fs-system-25/SLAM/install/asurt_msgs/share/asurt_msgs/msg/BoundingBoxes.msg\n'}
[0.824952] (asurt_msgs) StdoutLine: {'line': b'-- Up-to-date: /home/aly-sultan/Desktop/fs-system-25/SLAM/install/asurt_msgs/share/asurt_msgs/msg/ConeImg.msg\n'}
[0.825119] (asurt_msgs) StdoutLine: {'line': b'-- Up-to-date: /home/aly-sultan/Desktop/fs-system-25/SLAM/install/asurt_msgs/share/asurt_msgs/msg/ConeImgArray.msg\n'}
[0.825290] (asurt_msgs) StdoutLine: {'line': b'-- Up-to-date: /home/aly-sultan/Desktop/fs-system-25/SLAM/install/asurt_msgs/share/asurt_msgs/msg/KeyPoints.msg\n'}
[0.825458] (asurt_msgs) StdoutLine: {'line': b'-- Up-to-date: /home/aly-sultan/Desktop/fs-system-25/SLAM/install/asurt_msgs/share/ament_index/resource_index/package_run_dependencies/asurt_msgs\n'}
[0.825638] (asurt_msgs) StdoutLine: {'line': b'-- Up-to-date: /home/aly-sultan/Desktop/fs-system-25/SLAM/install/asurt_msgs/share/ament_index/resource_index/parent_prefix_path/asurt_msgs\n'}
[0.825805] (asurt_msgs) StdoutLine: {'line': b'-- Up-to-date: /home/aly-sultan/Desktop/fs-system-25/SLAM/install/asurt_msgs/share/asurt_msgs/environment/ament_prefix_path.sh\n'}
[0.825964] (asurt_msgs) StdoutLine: {'line': b'-- Up-to-date: /home/aly-sultan/Desktop/fs-system-25/SLAM/install/asurt_msgs/share/asurt_msgs/environment/ament_prefix_path.dsv\n'}
[0.826150] (asurt_msgs) StdoutLine: {'line': b'-- Up-to-date: /home/aly-sultan/Desktop/fs-system-25/SLAM/install/asurt_msgs/share/asurt_msgs/environment/path.sh\n'}
[0.826318] (asurt_msgs) StdoutLine: {'line': b'-- Up-to-date: /home/aly-sultan/Desktop/fs-system-25/SLAM/install/asurt_msgs/share/asurt_msgs/environment/path.dsv\n'}
[0.826512] (asurt_msgs) StdoutLine: {'line': b'-- Up-to-date: /home/aly-sultan/Desktop/fs-system-25/SLAM/install/asurt_msgs/share/asurt_msgs/local_setup.bash\n'}
[0.826721] (asurt_msgs) StdoutLine: {'line': b'-- Up-to-date: /home/aly-sultan/Desktop/fs-system-25/SLAM/install/asurt_msgs/share/asurt_msgs/local_setup.sh\n'}
[0.826923] (asurt_msgs) StdoutLine: {'line': b'-- Up-to-date: /home/aly-sultan/Desktop/fs-system-25/SLAM/install/asurt_msgs/share/asurt_msgs/local_setup.zsh\n'}
[0.827125] (asurt_msgs) StdoutLine: {'line': b'-- Up-to-date: /home/aly-sultan/Desktop/fs-system-25/SLAM/install/asurt_msgs/share/asurt_msgs/local_setup.dsv\n'}
[0.827304] (asurt_msgs) StdoutLine: {'line': b'-- Installing: /home/aly-sultan/Desktop/fs-system-25/SLAM/install/asurt_msgs/share/asurt_msgs/package.dsv\n'}
[0.827449] (asurt_msgs) StdoutLine: {'line': b'-- Up-to-date: /home/aly-sultan/Desktop/fs-system-25/SLAM/install/asurt_msgs/share/ament_index/resource_index/packages/asurt_msgs\n'}
[0.827591] (asurt_msgs) StdoutLine: {'line': b'-- Up-to-date: /home/aly-sultan/Desktop/fs-system-25/SLAM/install/asurt_msgs/share/asurt_msgs/cmake/export_asurt_msgs__rosidl_generator_cExport.cmake\n'}
[0.827730] (asurt_msgs) StdoutLine: {'line': b'-- Up-to-date: /home/aly-sultan/Desktop/fs-system-25/SLAM/install/asurt_msgs/share/asurt_msgs/cmake/export_asurt_msgs__rosidl_generator_cExport-noconfig.cmake\n'}
[0.827886] (asurt_msgs) StdoutLine: {'line': b'-- Up-to-date: /home/aly-sultan/Desktop/fs-system-25/SLAM/install/asurt_msgs/share/asurt_msgs/cmake/export_asurt_msgs__rosidl_typesupport_fastrtps_cExport.cmake\n'}
[0.828034] (asurt_msgs) StdoutLine: {'line': b'-- Up-to-date: /home/aly-sultan/Desktop/fs-system-25/SLAM/install/asurt_msgs/share/asurt_msgs/cmake/export_asurt_msgs__rosidl_typesupport_fastrtps_cExport-noconfig.cmake\n'}
[0.828184] (asurt_msgs) StdoutLine: {'line': b'-- Up-to-date: /home/aly-sultan/Desktop/fs-system-25/SLAM/install/asurt_msgs/share/asurt_msgs/cmake/export_asurt_msgs__rosidl_generator_cppExport.cmake\n'}
[0.828328] (asurt_msgs) StdoutLine: {'line': b'-- Up-to-date: /home/aly-sultan/Desktop/fs-system-25/SLAM/install/asurt_msgs/share/asurt_msgs/cmake/export_asurt_msgs__rosidl_typesupport_fastrtps_cppExport.cmake\n'}
[0.828475] (asurt_msgs) StdoutLine: {'line': b'-- Up-to-date: /home/aly-sultan/Desktop/fs-system-25/SLAM/install/asurt_msgs/share/asurt_msgs/cmake/export_asurt_msgs__rosidl_typesupport_fastrtps_cppExport-noconfig.cmake\n'}
[0.828619] (asurt_msgs) StdoutLine: {'line': b'-- Up-to-date: /home/aly-sultan/Desktop/fs-system-25/SLAM/install/asurt_msgs/share/asurt_msgs/cmake/asurt_msgs__rosidl_typesupport_introspection_cExport.cmake\n'}
[0.828794] (asurt_msgs) StdoutLine: {'line': b'-- Up-to-date: /home/aly-sultan/Desktop/fs-system-25/SLAM/install/asurt_msgs/share/asurt_msgs/cmake/asurt_msgs__rosidl_typesupport_introspection_cExport-noconfig.cmake\n'}
[0.828962] (asurt_msgs) StdoutLine: {'line': b'-- Up-to-date: /home/aly-sultan/Desktop/fs-system-25/SLAM/install/asurt_msgs/share/asurt_msgs/cmake/asurt_msgs__rosidl_typesupport_cExport.cmake\n'}
[0.829113] (asurt_msgs) StdoutLine: {'line': b'-- Up-to-date: /home/aly-sultan/Desktop/fs-system-25/SLAM/install/asurt_msgs/share/asurt_msgs/cmake/asurt_msgs__rosidl_typesupport_cExport-noconfig.cmake\n'}
[0.829278] (asurt_msgs) StdoutLine: {'line': b'-- Up-to-date: /home/aly-sultan/Desktop/fs-system-25/SLAM/install/asurt_msgs/share/asurt_msgs/cmake/asurt_msgs__rosidl_typesupport_introspection_cppExport.cmake\n'}
[0.829429] (asurt_msgs) StdoutLine: {'line': b'-- Up-to-date: /home/aly-sultan/Desktop/fs-system-25/SLAM/install/asurt_msgs/share/asurt_msgs/cmake/asurt_msgs__rosidl_typesupport_introspection_cppExport-noconfig.cmake\n'}
[0.829579] (asurt_msgs) StdoutLine: {'line': b'-- Up-to-date: /home/aly-sultan/Desktop/fs-system-25/SLAM/install/asurt_msgs/share/asurt_msgs/cmake/asurt_msgs__rosidl_typesupport_cppExport.cmake\n'}
[0.829888] (asurt_msgs) StdoutLine: {'line': b'-- Up-to-date: /home/aly-sultan/Desktop/fs-system-25/SLAM/install/asurt_msgs/share/asurt_msgs/cmake/asurt_msgs__rosidl_typesupport_cppExport-noconfig.cmake\n'}
[0.830274] (asurt_msgs) StdoutLine: {'line': b'-- Up-to-date: /home/aly-sultan/Desktop/fs-system-25/SLAM/install/asurt_msgs/share/asurt_msgs/cmake/export_asurt_msgs__rosidl_generator_pyExport.cmake\n'}
[0.831270] (asurt_msgs) StdoutLine: {'line': b'-- Up-to-date: /home/aly-sultan/Desktop/fs-system-25/SLAM/install/asurt_msgs/share/asurt_msgs/cmake/export_asurt_msgs__rosidl_generator_pyExport-noconfig.cmake\n'}
[0.832136] (asurt_msgs) StdoutLine: {'line': b'-- Up-to-date: /home/aly-sultan/Desktop/fs-system-25/SLAM/install/asurt_msgs/share/asurt_msgs/cmake/rosidl_cmake-extras.cmake\n'}
[0.832637] (asurt_msgs) StdoutLine: {'line': b'-- Up-to-date: /home/aly-sultan/Desktop/fs-system-25/SLAM/install/asurt_msgs/share/asurt_msgs/cmake/ament_cmake_export_dependencies-extras.cmake\n'}
[0.833008] (asurt_msgs) StdoutLine: {'line': b'-- Up-to-date: /home/aly-sultan/Desktop/fs-system-25/SLAM/install/asurt_msgs/share/asurt_msgs/cmake/ament_cmake_export_include_directories-extras.cmake\n'}
[0.833492] (asurt_msgs) StdoutLine: {'line': b'-- Up-to-date: /home/aly-sultan/Desktop/fs-system-25/SLAM/install/asurt_msgs/share/asurt_msgs/cmake/ament_cmake_export_libraries-extras.cmake\n'}
[0.833666] (asurt_msgs) StdoutLine: {'line': b'-- Up-to-date: /home/aly-sultan/Desktop/fs-system-25/SLAM/install/asurt_msgs/share/asurt_msgs/cmake/ament_cmake_export_targets-extras.cmake\n'}
[0.833819] (asurt_msgs) StdoutLine: {'line': b'-- Up-to-date: /home/aly-sultan/Desktop/fs-system-25/SLAM/install/asurt_msgs/share/asurt_msgs/cmake/rosidl_cmake_export_typesupport_targets-extras.cmake\n'}
[0.834105] (asurt_msgs) StdoutLine: {'line': b'-- Up-to-date: /home/aly-sultan/Desktop/fs-system-25/SLAM/install/asurt_msgs/share/asurt_msgs/cmake/rosidl_cmake_export_typesupport_libraries-extras.cmake\n'}
[0.834195] (asurt_msgs) StdoutLine: {'line': b'-- Up-to-date: /home/aly-sultan/Desktop/fs-system-25/SLAM/install/asurt_msgs/share/asurt_msgs/cmake/asurt_msgsConfig.cmake\n'}
[0.834266] (asurt_msgs) StdoutLine: {'line': b'-- Up-to-date: /home/aly-sultan/Desktop/fs-system-25/SLAM/install/asurt_msgs/share/asurt_msgs/cmake/asurt_msgsConfig-version.cmake\n'}
[0.834338] (asurt_msgs) StdoutLine: {'line': b'-- Up-to-date: /home/aly-sultan/Desktop/fs-system-25/SLAM/install/asurt_msgs/share/asurt_msgs/package.xml\n'}
[0.834407] (asurt_msgs) CommandEnded: {'returncode': 0}
[0.851720] (asurt_msgs) JobEnded: {'identifier': 'asurt_msgs', 'rc': 0}
[0.852461] (lego_loam_sr) JobStarted: {'identifier': 'lego_loam_sr'}
[0.867665] (lego_loam_sr) JobProgress: {'identifier': 'lego_loam_sr', 'progress': 'cmake'}
[0.868778] (lego_loam_sr) JobProgress: {'identifier': 'lego_loam_sr', 'progress': 'build'}
[0.869255] (lego_loam_sr) Command: {'cmd': ['/usr/bin/cmake', '--build', '/home/aly-sultan/Desktop/fs-system-25/SLAM/build/lego_loam_sr', '--', '-j16', '-l16'], 'cwd': '/home/aly-sultan/Desktop/fs-system-25/SLAM/build/lego_loam_sr', 'env': OrderedDict({'LESSOPEN': '| /usr/bin/lesspipe %s', 'GZ_SIM_RESOURCE_PATH': '/opt/ros/jazzy/share', 'USER': 'aly-sultan', 'GZ_CONFIG_PATH': '/opt/ros/jazzy/opt/gz_sim_vendor/share/gz:/opt/ros/jazzy/opt/sdformat_vendor/share/gz:/opt/ros/jazzy/opt/gz_gui_vendor/share/gz:/opt/ros/jazzy/opt/gz_transport_vendor/share/gz:/opt/ros/jazzy/opt/gz_rendering_vendor/share/gz:/opt/ros/jazzy/opt/gz_plugin_vendor/share/gz:/opt/ros/jazzy/opt/gz_fuel_tools_vendor/share/gz:/opt/ros/jazzy/opt/gz_msgs_vendor/share/gz:/opt/ros/jazzy/opt/gz_common_vendor/share/gz', 'XDG_SESSION_TYPE': 'wayland', 'CLUTTER_DISABLE_MIPMAPPED_TEXT': '1', 'SHLVL': '1', 'LD_LIBRARY_PATH': '/home/aly-sultan/Desktop/fs-system-25/SLAM/install/cloud_msgs/lib:/home/aly-sultan/Desktop/fs-system-25/SLAM/install/asurt_msgs/lib:/opt/ros/jazzy/opt/gz_sim_vendor/lib:/opt/ros/jazzy/opt/gz_sensors_vendor/lib:/opt/ros/jazzy/opt/gz_physics_vendor/lib:/opt/ros/jazzy/opt/sdformat_vendor/lib:/opt/ros/jazzy/opt/rviz_ogre_vendor/lib:/opt/ros/jazzy/lib/x86_64-linux-gnu:/opt/ros/jazzy/opt/gz_gui_vendor/lib:/opt/ros/jazzy/opt/gz_transport_vendor/lib:/opt/ros/jazzy/opt/gz_rendering_vendor/lib:/opt/ros/jazzy/opt/gz_plugin_vendor/lib:/opt/ros/jazzy/opt/gz_fuel_tools_vendor/lib:/opt/ros/jazzy/opt/gz_msgs_vendor/lib:/opt/ros/jazzy/opt/gz_common_vendor/lib:/opt/ros/jazzy/opt/gz_math_vendor/lib:/opt/ros/jazzy/opt/gz_utils_vendor/lib:/opt/ros/jazzy/opt/gz_tools_vendor/lib:/opt/ros/jazzy/opt/gz_ogre_next_vendor/lib:/opt/ros/jazzy/opt/gz_dartsim_vendor/lib:/opt/ros/jazzy/opt/gz_cmake_vendor/lib:/opt/ros/jazzy/lib', 'HOME': '/home/aly-sultan', 'OLDPWD': '/home/aly-sultan/Desktop/fs-system-25', 'DESKTOP_SESSION': 'ubuntu', 'ROS_PYTHON_VERSION': '3', 'GNOME_SHELL_SESSION_MODE': 'ubuntu', 'GTK_MODULES': 'gail:atk-bridge', 'SYSTEMD_EXEC_PID': '2874', 'GSM_SKIP_SSH_AGENT_WORKAROUND': 'true', 'DBUS_SESSION_BUS_ADDRESS': 'unix:path=/run/user/1000/bus', 'COLORTERM': 'truecolor', 'DEBUGINFOD_URLS': 'https://debuginfod.ubuntu.com', 'IM_CONFIG_PHASE': '1', 'WAYLAND_DISPLAY': 'wayland-0', 'ROS_DISTRO': 'jazzy', 'LOGNAME': 'aly-sultan', '_': '/usr/bin/colcon', 'ROS_VERSION': '2', 'MEMORY_PRESSURE_WATCH': '/sys/fs/cgroup/user.slice/user-1000.slice/user@1000.service/session.slice/org.gnome.Shell@wayland.service/memory.pressure', 'XDG_SESSION_CLASS': 'user', 'USERNAME': 'aly-sultan', 'TERM': 'xterm-256color', 'GNOME_DESKTOP_SESSION_ID': 'this-is-deprecated', 'PATH': '/opt/ros/jazzy/opt/gz_msgs_vendor/bin:/opt/ros/jazzy/opt/gz_tools_vendor/bin:/opt/ros/jazzy/opt/gz_ogre_next_vendor/bin:/opt/ros/jazzy/bin:/home/aly-sultan/.local/bin:/usr/local/sbin:/usr/local/bin:/usr/sbin:/usr/bin:/sbin:/bin:/usr/games:/usr/local/games:/snap/bin:/snap/bin', 'SESSION_MANAGER': 'local/aly-sultan-LOQ-15IAX9:@/tmp/.ICE-unix/2830,unix/aly-sultan-LOQ-15IAX9:/tmp/.ICE-unix/2830', 'XDG_MENU_PREFIX': 'gnome-', 'GNOME_TERMINAL_SCREEN': '/org/gnome/Terminal/screen/5af26948_a623_47f3_82e8_d1c4ea5b03ae', 'GNOME_SETUP_DISPLAY': ':1', 'XDG_RUNTIME_DIR': '/run/user/1000', 'DISPLAY': ':0', 'LANG': 'en_US.UTF-8', 'XDG_CURRENT_DESKTOP': 'ubuntu:GNOME', 'XMODIFIERS': '@im=ibus', 'XDG_SESSION_DESKTOP': 'ubuntu', 'XAUTHORITY': '/run/user/1000/.mutter-Xwaylandauth.3DQKN3', 'LS_COLORS': 'rs=0:di=01;34:ln=01;36:mh=00:pi=40;33:so=01;35:do=01;35:bd=40;33;01:cd=40;33;01:or=40;31;01:mi=00:su=37;41:sg=30;43:ca=00:tw=30;42:ow=34;42:st=37;44:ex=01;32:*.tar=01;31:*.tgz=01;31:*.arc=01;31:*.arj=01;31:*.taz=01;31:*.lha=01;31:*.lz4=01;31:*.lzh=01;31:*.lzma=01;31:*.tlz=01;31:*.txz=01;31:*.tzo=01;31:*.t7z=01;31:*.zip=01;31:*.z=01;31:*.dz=01;31:*.gz=01;31:*.lrz=01;31:*.lz=01;31:*.lzo=01;31:*.xz=01;31:*.zst=01;31:*.tzst=01;31:*.bz2=01;31:*.bz=01;31:*.tbz=01;31:*.tbz2=01;31:*.tz=01;31:*.deb=01;31:*.rpm=01;31:*.jar=01;31:*.war=01;31:*.ear=01;31:*.sar=01;31:*.rar=01;31:*.alz=01;31:*.ace=01;31:*.zoo=01;31:*.cpio=01;31:*.7z=01;31:*.rz=01;31:*.cab=01;31:*.wim=01;31:*.swm=01;31:*.dwm=01;31:*.esd=01;31:*.avif=01;35:*.jpg=01;35:*.jpeg=01;35:*.mjpg=01;35:*.mjpeg=01;35:*.gif=01;35:*.bmp=01;35:*.pbm=01;35:*.pgm=01;35:*.ppm=01;35:*.tga=01;35:*.xbm=01;35:*.xpm=01;35:*.tif=01;35:*.tiff=01;35:*.png=01;35:*.svg=01;35:*.svgz=01;35:*.mng=01;35:*.pcx=01;35:*.mov=01;35:*.mpg=01;35:*.mpeg=01;35:*.m2v=01;35:*.mkv=01;35:*.webm=01;35:*.webp=01;35:*.ogm=01;35:*.mp4=01;35:*.m4v=01;35:*.mp4v=01;35:*.vob=01;35:*.qt=01;35:*.nuv=01;35:*.wmv=01;35:*.asf=01;35:*.rm=01;35:*.rmvb=01;35:*.flc=01;35:*.avi=01;35:*.fli=01;35:*.flv=01;35:*.gl=01;35:*.dl=01;35:*.xcf=01;35:*.xwd=01;35:*.yuv=01;35:*.cgm=01;35:*.emf=01;35:*.ogv=01;35:*.ogx=01;35:*.aac=00;36:*.au=00;36:*.flac=00;36:*.m4a=00;36:*.mid=00;36:*.midi=00;36:*.mka=00;36:*.mp3=00;36:*.mpc=00;36:*.ogg=00;36:*.ra=00;36:*.wav=00;36:*.oga=00;36:*.opus=00;36:*.spx=00;36:*.xspf=00;36:*~=00;90:*#=00;90:*.bak=00;90:*.crdownload=00;90:*.dpkg-dist=00;90:*.dpkg-new=00;90:*.dpkg-old=00;90:*.dpkg-tmp=00;90:*.old=00;90:*.orig=00;90:*.part=00;90:*.rej=00;90:*.rpmnew=00;90:*.rpmorig=00;90:*.rpmsave=00;90:*.swp=00;90:*.tmp=00;90:*.ucf-dist=00;90:*.ucf-new=00;90:*.ucf-old=00;90:', 'GNOME_TERMINAL_SERVICE': ':1.143', 'SSH_AUTH_SOCK': '/run/user/1000/keyring/ssh', 'AMENT_PREFIX_PATH': '/home/aly-sultan/Desktop/fs-system-25/SLAM/install/cloud_msgs:/home/aly-sultan/Desktop/fs-system-25/SLAM/install/asurt_msgs:/opt/ros/jazzy', 'SHELL': '/bin/bash', 'QT_ACCESSIBILITY': '1', 'GDMSESSION': 'ubuntu', 'LESSCLOSE': '/usr/bin/lesspipe %s %s', 'ROS_AUTOMATIC_DISCOVERY_RANGE': 'SUBNET', 'QT_IM_MODULE': 'ibus', 'PWD': '/home/aly-sultan/Desktop/fs-system-25/SLAM/build/lego_loam_sr', 'XDG_CONFIG_DIRS': '/etc/xdg/xdg-ubuntu:/etc/xdg', 'XDG_DATA_DIRS': '/usr/share/ubuntu:/usr/share/gnome:/usr/local/share/:/usr/share/:/var/lib/snapd/desktop', 'PYTHONPATH': '/home/aly-sultan/Desktop/fs-system-25/SLAM/install/cloud_msgs/lib/python3.12/site-packages:/home/aly-sultan/Desktop/fs-system-25/SLAM/install/asurt_msgs/lib/python3.12/site-packages:/opt/ros/jazzy/lib/python3.12/site-packages', 'COLCON': '1', 'MEMORY_PRESSURE_WRITE': 'c29tZSAyMDAwMDAgMjAwMDAwMAA=', 'VTE_VERSION': '7600', 'CMAKE_PREFIX_PATH': '/home/aly-sultan/Desktop/fs-system-25/SLAM/install/cloud_msgs:/home/aly-sultan/Desktop/fs-system-25/SLAM/install/asurt_msgs:/opt/ros/jazzy/opt/gz_sim_vendor:/opt/ros/jazzy/opt/gz_sensors_vendor:/opt/ros/jazzy/opt/gz_physics_vendor:/opt/ros/jazzy/opt/sdformat_vendor:/opt/ros/jazzy/opt/gz_gui_vendor:/opt/ros/jazzy/opt/gz_transport_vendor:/opt/ros/jazzy/opt/gz_rendering_vendor:/opt/ros/jazzy/opt/gz_plugin_vendor:/opt/ros/jazzy/opt/gz_fuel_tools_vendor:/opt/ros/jazzy/opt/gz_msgs_vendor:/opt/ros/jazzy/opt/gz_common_vendor:/opt/ros/jazzy/opt/gz_math_vendor:/opt/ros/jazzy/opt/gz_utils_vendor:/opt/ros/jazzy/opt/gz_tools_vendor:/opt/ros/jazzy/opt/gz_ogre_next_vendor:/opt/ros/jazzy/opt/gz_dartsim_vendor:/opt/ros/jazzy/opt/gz_cmake_vendor:/opt/ros/jazzy'}), 'shell': False}
[0.900835] (-) TimerEvent: {}
[0.973267] (lego_loam_sr) StdoutLine: {'line': b'[100%] Built target lego_loam_sr\n'}
[0.990424] (lego_loam_sr) CommandEnded: {'returncode': 0}
[0.991583] (lego_loam_sr) JobProgress: {'identifier': 'lego_loam_sr', 'progress': 'install'}
[0.992651] (lego_loam_sr) Command: {'cmd': ['/usr/bin/cmake', '--install', '/home/aly-sultan/Desktop/fs-system-25/SLAM/build/lego_loam_sr'], 'cwd': '/home/aly-sultan/Desktop/fs-system-25/SLAM/build/lego_loam_sr', 'env': OrderedDict({'LESSOPEN': '| /usr/bin/lesspipe %s', 'GZ_SIM_RESOURCE_PATH': '/opt/ros/jazzy/share', 'USER': 'aly-sultan', 'GZ_CONFIG_PATH': '/opt/ros/jazzy/opt/gz_sim_vendor/share/gz:/opt/ros/jazzy/opt/sdformat_vendor/share/gz:/opt/ros/jazzy/opt/gz_gui_vendor/share/gz:/opt/ros/jazzy/opt/gz_transport_vendor/share/gz:/opt/ros/jazzy/opt/gz_rendering_vendor/share/gz:/opt/ros/jazzy/opt/gz_plugin_vendor/share/gz:/opt/ros/jazzy/opt/gz_fuel_tools_vendor/share/gz:/opt/ros/jazzy/opt/gz_msgs_vendor/share/gz:/opt/ros/jazzy/opt/gz_common_vendor/share/gz', 'XDG_SESSION_TYPE': 'wayland', 'CLUTTER_DISABLE_MIPMAPPED_TEXT': '1', 'SHLVL': '1', 'LD_LIBRARY_PATH': '/home/aly-sultan/Desktop/fs-system-25/SLAM/install/cloud_msgs/lib:/home/aly-sultan/Desktop/fs-system-25/SLAM/install/asurt_msgs/lib:/opt/ros/jazzy/opt/gz_sim_vendor/lib:/opt/ros/jazzy/opt/gz_sensors_vendor/lib:/opt/ros/jazzy/opt/gz_physics_vendor/lib:/opt/ros/jazzy/opt/sdformat_vendor/lib:/opt/ros/jazzy/opt/rviz_ogre_vendor/lib:/opt/ros/jazzy/lib/x86_64-linux-gnu:/opt/ros/jazzy/opt/gz_gui_vendor/lib:/opt/ros/jazzy/opt/gz_transport_vendor/lib:/opt/ros/jazzy/opt/gz_rendering_vendor/lib:/opt/ros/jazzy/opt/gz_plugin_vendor/lib:/opt/ros/jazzy/opt/gz_fuel_tools_vendor/lib:/opt/ros/jazzy/opt/gz_msgs_vendor/lib:/opt/ros/jazzy/opt/gz_common_vendor/lib:/opt/ros/jazzy/opt/gz_math_vendor/lib:/opt/ros/jazzy/opt/gz_utils_vendor/lib:/opt/ros/jazzy/opt/gz_tools_vendor/lib:/opt/ros/jazzy/opt/gz_ogre_next_vendor/lib:/opt/ros/jazzy/opt/gz_dartsim_vendor/lib:/opt/ros/jazzy/opt/gz_cmake_vendor/lib:/opt/ros/jazzy/lib', 'HOME': '/home/aly-sultan', 'OLDPWD': '/home/aly-sultan/Desktop/fs-system-25', 'DESKTOP_SESSION': 'ubuntu', 'ROS_PYTHON_VERSION': '3', 'GNOME_SHELL_SESSION_MODE': 'ubuntu', 'GTK_MODULES': 'gail:atk-bridge', 'SYSTEMD_EXEC_PID': '2874', 'GSM_SKIP_SSH_AGENT_WORKAROUND': 'true', 'DBUS_SESSION_BUS_ADDRESS': 'unix:path=/run/user/1000/bus', 'COLORTERM': 'truecolor', 'DEBUGINFOD_URLS': 'https://debuginfod.ubuntu.com', 'IM_CONFIG_PHASE': '1', 'WAYLAND_DISPLAY': 'wayland-0', 'ROS_DISTRO': 'jazzy', 'LOGNAME': 'aly-sultan', '_': '/usr/bin/colcon', 'ROS_VERSION': '2', 'MEMORY_PRESSURE_WATCH': '/sys/fs/cgroup/user.slice/user-1000.slice/user@1000.service/session.slice/org.gnome.Shell@wayland.service/memory.pressure', 'XDG_SESSION_CLASS': 'user', 'USERNAME': 'aly-sultan', 'TERM': 'xterm-256color', 'GNOME_DESKTOP_SESSION_ID': 'this-is-deprecated', 'PATH': '/opt/ros/jazzy/opt/gz_msgs_vendor/bin:/opt/ros/jazzy/opt/gz_tools_vendor/bin:/opt/ros/jazzy/opt/gz_ogre_next_vendor/bin:/opt/ros/jazzy/bin:/home/aly-sultan/.local/bin:/usr/local/sbin:/usr/local/bin:/usr/sbin:/usr/bin:/sbin:/bin:/usr/games:/usr/local/games:/snap/bin:/snap/bin', 'SESSION_MANAGER': 'local/aly-sultan-LOQ-15IAX9:@/tmp/.ICE-unix/2830,unix/aly-sultan-LOQ-15IAX9:/tmp/.ICE-unix/2830', 'XDG_MENU_PREFIX': 'gnome-', 'GNOME_TERMINAL_SCREEN': '/org/gnome/Terminal/screen/5af26948_a623_47f3_82e8_d1c4ea5b03ae', 'GNOME_SETUP_DISPLAY': ':1', 'XDG_RUNTIME_DIR': '/run/user/1000', 'DISPLAY': ':0', 'LANG': 'en_US.UTF-8', 'XDG_CURRENT_DESKTOP': 'ubuntu:GNOME', 'XMODIFIERS': '@im=ibus', 'XDG_SESSION_DESKTOP': 'ubuntu', 'XAUTHORITY': '/run/user/1000/.mutter-Xwaylandauth.3DQKN3', 'LS_COLORS': 'rs=0:di=01;34:ln=01;36:mh=00:pi=40;33:so=01;35:do=01;35:bd=40;33;01:cd=40;33;01:or=40;31;01:mi=00:su=37;41:sg=30;43:ca=00:tw=30;42:ow=34;42:st=37;44:ex=01;32:*.tar=01;31:*.tgz=01;31:*.arc=01;31:*.arj=01;31:*.taz=01;31:*.lha=01;31:*.lz4=01;31:*.lzh=01;31:*.lzma=01;31:*.tlz=01;31:*.txz=01;31:*.tzo=01;31:*.t7z=01;31:*.zip=01;31:*.z=01;31:*.dz=01;31:*.gz=01;31:*.lrz=01;31:*.lz=01;31:*.lzo=01;31:*.xz=01;31:*.zst=01;31:*.tzst=01;31:*.bz2=01;31:*.bz=01;31:*.tbz=01;31:*.tbz2=01;31:*.tz=01;31:*.deb=01;31:*.rpm=01;31:*.jar=01;31:*.war=01;31:*.ear=01;31:*.sar=01;31:*.rar=01;31:*.alz=01;31:*.ace=01;31:*.zoo=01;31:*.cpio=01;31:*.7z=01;31:*.rz=01;31:*.cab=01;31:*.wim=01;31:*.swm=01;31:*.dwm=01;31:*.esd=01;31:*.avif=01;35:*.jpg=01;35:*.jpeg=01;35:*.mjpg=01;35:*.mjpeg=01;35:*.gif=01;35:*.bmp=01;35:*.pbm=01;35:*.pgm=01;35:*.ppm=01;35:*.tga=01;35:*.xbm=01;35:*.xpm=01;35:*.tif=01;35:*.tiff=01;35:*.png=01;35:*.svg=01;35:*.svgz=01;35:*.mng=01;35:*.pcx=01;35:*.mov=01;35:*.mpg=01;35:*.mpeg=01;35:*.m2v=01;35:*.mkv=01;35:*.webm=01;35:*.webp=01;35:*.ogm=01;35:*.mp4=01;35:*.m4v=01;35:*.mp4v=01;35:*.vob=01;35:*.qt=01;35:*.nuv=01;35:*.wmv=01;35:*.asf=01;35:*.rm=01;35:*.rmvb=01;35:*.flc=01;35:*.avi=01;35:*.fli=01;35:*.flv=01;35:*.gl=01;35:*.dl=01;35:*.xcf=01;35:*.xwd=01;35:*.yuv=01;35:*.cgm=01;35:*.emf=01;35:*.ogv=01;35:*.ogx=01;35:*.aac=00;36:*.au=00;36:*.flac=00;36:*.m4a=00;36:*.mid=00;36:*.midi=00;36:*.mka=00;36:*.mp3=00;36:*.mpc=00;36:*.ogg=00;36:*.ra=00;36:*.wav=00;36:*.oga=00;36:*.opus=00;36:*.spx=00;36:*.xspf=00;36:*~=00;90:*#=00;90:*.bak=00;90:*.crdownload=00;90:*.dpkg-dist=00;90:*.dpkg-new=00;90:*.dpkg-old=00;90:*.dpkg-tmp=00;90:*.old=00;90:*.orig=00;90:*.part=00;90:*.rej=00;90:*.rpmnew=00;90:*.rpmorig=00;90:*.rpmsave=00;90:*.swp=00;90:*.tmp=00;90:*.ucf-dist=00;90:*.ucf-new=00;90:*.ucf-old=00;90:', 'GNOME_TERMINAL_SERVICE': ':1.143', 'SSH_AUTH_SOCK': '/run/user/1000/keyring/ssh', 'AMENT_PREFIX_PATH': '/home/aly-sultan/Desktop/fs-system-25/SLAM/install/cloud_msgs:/home/aly-sultan/Desktop/fs-system-25/SLAM/install/asurt_msgs:/opt/ros/jazzy', 'SHELL': '/bin/bash', 'QT_ACCESSIBILITY': '1', 'GDMSESSION': 'ubuntu', 'LESSCLOSE': '/usr/bin/lesspipe %s %s', 'ROS_AUTOMATIC_DISCOVERY_RANGE': 'SUBNET', 'QT_IM_MODULE': 'ibus', 'PWD': '/home/aly-sultan/Desktop/fs-system-25/SLAM/build/lego_loam_sr', 'XDG_CONFIG_DIRS': '/etc/xdg/xdg-ubuntu:/etc/xdg', 'XDG_DATA_DIRS': '/usr/share/ubuntu:/usr/share/gnome:/usr/local/share/:/usr/share/:/var/lib/snapd/desktop', 'PYTHONPATH': '/home/aly-sultan/Desktop/fs-system-25/SLAM/install/cloud_msgs/lib/python3.12/site-packages:/home/aly-sultan/Desktop/fs-system-25/SLAM/install/asurt_msgs/lib/python3.12/site-packages:/opt/ros/jazzy/lib/python3.12/site-packages', 'COLCON': '1', 'MEMORY_PRESSURE_WRITE': 'c29tZSAyMDAwMDAgMjAwMDAwMAA=', 'VTE_VERSION': '7600', 'CMAKE_PREFIX_PATH': '/home/aly-sultan/Desktop/fs-system-25/SLAM/install/cloud_msgs:/home/aly-sultan/Desktop/fs-system-25/SLAM/install/asurt_msgs:/opt/ros/jazzy/opt/gz_sim_vendor:/opt/ros/jazzy/opt/gz_sensors_vendor:/opt/ros/jazzy/opt/gz_physics_vendor:/opt/ros/jazzy/opt/sdformat_vendor:/opt/ros/jazzy/opt/gz_gui_vendor:/opt/ros/jazzy/opt/gz_transport_vendor:/opt/ros/jazzy/opt/gz_rendering_vendor:/opt/ros/jazzy/opt/gz_plugin_vendor:/opt/ros/jazzy/opt/gz_fuel_tools_vendor:/opt/ros/jazzy/opt/gz_msgs_vendor:/opt/ros/jazzy/opt/gz_common_vendor:/opt/ros/jazzy/opt/gz_math_vendor:/opt/ros/jazzy/opt/gz_utils_vendor:/opt/ros/jazzy/opt/gz_tools_vendor:/opt/ros/jazzy/opt/gz_ogre_next_vendor:/opt/ros/jazzy/opt/gz_dartsim_vendor:/opt/ros/jazzy/opt/gz_cmake_vendor:/opt/ros/jazzy'}), 'shell': False}
[1.001037] (-) TimerEvent: {}
[1.005977] (lego_loam_sr) StdoutLine: {'line': b'-- Install configuration: ""\n'}
[1.006365] (lego_loam_sr) StdoutLine: {'line': b'-- Up-to-date: /home/aly-sultan/Desktop/fs-system-25/SLAM/install/lego_loam_sr/lib/lego_loam_sr/lego_loam_sr\n'}
[1.006539] (lego_loam_sr) StdoutLine: {'line': b'-- Up-to-date: /home/aly-sultan/Desktop/fs-system-25/SLAM/install/lego_loam_sr/share/lego_loam_sr/config\n'}
[1.006618] (lego_loam_sr) StdoutLine: {'line': b'-- Up-to-date: /home/aly-sultan/Desktop/fs-system-25/SLAM/install/lego_loam_sr/share/lego_loam_sr/config/loam_config.yaml\n'}
[1.006689] (lego_loam_sr) StdoutLine: {'line': b'-- Up-to-date: /home/aly-sultan/Desktop/fs-system-25/SLAM/install/lego_loam_sr/share/lego_loam_sr/launch\n'}
[1.006758] (lego_loam_sr) StdoutLine: {'line': b'-- Up-to-date: /home/aly-sultan/Desktop/fs-system-25/SLAM/install/lego_loam_sr/share/lego_loam_sr/launch/google-earth.png\n'}
[1.006825] (lego_loam_sr) StdoutLine: {'line': b'-- Up-to-date: /home/aly-sultan/Desktop/fs-system-25/SLAM/install/lego_loam_sr/share/lego_loam_sr/launch/demo.gif\n'}
[1.006902] (lego_loam_sr) StdoutLine: {'line': b'-- Up-to-date: /home/aly-sultan/Desktop/fs-system-25/SLAM/install/lego_loam_sr/share/lego_loam_sr/launch/block.png\n'}
[1.006971] (lego_loam_sr) StdoutLine: {'line': b'-- Up-to-date: /home/aly-sultan/Desktop/fs-system-25/SLAM/install/lego_loam_sr/share/lego_loam_sr/launch/seg-total.jpg\n'}
[1.007035] (lego_loam_sr) StdoutLine: {'line': b'-- Up-to-date: /home/aly-sultan/Desktop/fs-system-25/SLAM/install/lego_loam_sr/share/lego_loam_sr/launch/run.launch.py\n'}
[1.007098] (lego_loam_sr) StdoutLine: {'line': b'-- Up-to-date: /home/aly-sultan/Desktop/fs-system-25/SLAM/install/lego_loam_sr/share/lego_loam_sr/launch/odometry.jpg\n'}
[1.007165] (lego_loam_sr) StdoutLine: {'line': b'-- Up-to-date: /home/aly-sultan/Desktop/fs-system-25/SLAM/install/lego_loam_sr/share/lego_loam_sr/launch/dataset-demo.gif\n'}
[1.007226] (lego_loam_sr) StdoutLine: {'line': b'-- Up-to-date: /home/aly-sultan/Desktop/fs-system-25/SLAM/install/lego_loam_sr/share/lego_loam_sr/rviz\n'}
[1.007288] (lego_loam_sr) StdoutLine: {'line': b'-- Up-to-date: /home/aly-sultan/Desktop/fs-system-25/SLAM/install/lego_loam_sr/share/lego_loam_sr/rviz/test.rviz\n'}
[1.007439] (lego_loam_sr) StdoutLine: {'line': b'-- Up-to-date: /home/aly-sultan/Desktop/fs-system-25/SLAM/install/lego_loam_sr/share/ament_index/resource_index/package_run_dependencies/lego_loam_sr\n'}
[1.007519] (lego_loam_sr) StdoutLine: {'line': b'-- Up-to-date: /home/aly-sultan/Desktop/fs-system-25/SLAM/install/lego_loam_sr/share/ament_index/resource_index/parent_prefix_path/lego_loam_sr\n'}
[1.007580] (lego_loam_sr) StdoutLine: {'line': b'-- Up-to-date: /home/aly-sultan/Desktop/fs-system-25/SLAM/install/lego_loam_sr/share/lego_loam_sr/environment/ament_prefix_path.sh\n'}
[1.007640] (lego_loam_sr) StdoutLine: {'line': b'-- Up-to-date: /home/aly-sultan/Desktop/fs-system-25/SLAM/install/lego_loam_sr/share/lego_loam_sr/environment/ament_prefix_path.dsv\n'}
[1.007698] (lego_loam_sr) StdoutLine: {'line': b'-- Up-to-date: /home/aly-sultan/Desktop/fs-system-25/SLAM/install/lego_loam_sr/share/lego_loam_sr/environment/path.sh\n'}
[1.007758] (lego_loam_sr) StdoutLine: {'line': b'-- Up-to-date: /home/aly-sultan/Desktop/fs-system-25/SLAM/install/lego_loam_sr/share/lego_loam_sr/environment/path.dsv\n'}
[1.007825] (lego_loam_sr) StdoutLine: {'line': b'-- Up-to-date: /home/aly-sultan/Desktop/fs-system-25/SLAM/install/lego_loam_sr/share/lego_loam_sr/local_setup.bash\n'}
[1.007895] (lego_loam_sr) StdoutLine: {'line': b'-- Up-to-date: /home/aly-sultan/Desktop/fs-system-25/SLAM/install/lego_loam_sr/share/lego_loam_sr/local_setup.sh\n'}
[1.007954] (lego_loam_sr) StdoutLine: {'line': b'-- Up-to-date: /home/aly-sultan/Desktop/fs-system-25/SLAM/install/lego_loam_sr/share/lego_loam_sr/local_setup.zsh\n'}
[1.008009] (lego_loam_sr) StdoutLine: {'line': b'-- Up-to-date: /home/aly-sultan/Desktop/fs-system-25/SLAM/install/lego_loam_sr/share/lego_loam_sr/local_setup.dsv\n'}
[1.008065] (lego_loam_sr) StdoutLine: {'line': b'-- Installing: /home/aly-sultan/Desktop/fs-system-25/SLAM/install/lego_loam_sr/share/lego_loam_sr/package.dsv\n'}
[1.008121] (lego_loam_sr) StdoutLine: {'line': b'-- Up-to-date: /home/aly-sultan/Desktop/fs-system-25/SLAM/install/lego_loam_sr/share/ament_index/resource_index/packages/lego_loam_sr\n'}
[1.008178] (lego_loam_sr) StdoutLine: {'line': b'-- Up-to-date: /home/aly-sultan/Desktop/fs-system-25/SLAM/install/lego_loam_sr/share/lego_loam_sr/cmake/ament_cmake_export_include_directories-extras.cmake\n'}
[1.008237] (lego_loam_sr) StdoutLine: {'line': b'-- Up-to-date: /home/aly-sultan/Desktop/fs-system-25/SLAM/install/lego_loam_sr/share/lego_loam_sr/cmake/lego_loam_srConfig.cmake\n'}
[1.008366] (lego_loam_sr) StdoutLine: {'line': b'-- Up-to-date: /home/aly-sultan/Desktop/fs-system-25/SLAM/install/lego_loam_sr/share/lego_loam_sr/cmake/lego_loam_srConfig-version.cmake\n'}
[1.008431] (lego_loam_sr) StdoutLine: {'line': b'-- Up-to-date: /home/aly-sultan/Desktop/fs-system-25/SLAM/install/lego_loam_sr/share/lego_loam_sr/package.xml\n'}
[1.009804] (lego_loam_sr) CommandEnded: {'returncode': 0}
[1.026191] (lego_loam_sr) JobEnded: {'identifier': 'lego_loam_sr', 'rc': 0}
[1.101275] (-) TimerEvent: {}
[1.154679] (cone_a_lisa) Command: {'cmd': ['/usr/bin/python3', '-W', 'ignore:setup.py install is deprecated', '-W', 'ignore:easy_install command is deprecated', 'setup.py', 'egg_info', '--egg-base', '../build/cone_a_lisa', 'build', '--build-base', '/home/aly-sultan/Desktop/fs-system-25/SLAM/build/cone_a_lisa/build', 'install', '--record', '/home/aly-sultan/Desktop/fs-system-25/SLAM/build/cone_a_lisa/install.log', '--single-version-externally-managed', 'install_data'], 'cwd': '/home/aly-sultan/Desktop/fs-system-25/SLAM/cone_a_lisa', 'env': {'LESSOPEN': '| /usr/bin/lesspipe %s', 'GZ_SIM_RESOURCE_PATH': '/opt/ros/jazzy/share', 'USER': 'aly-sultan', 'GZ_CONFIG_PATH': '/opt/ros/jazzy/opt/gz_sim_vendor/share/gz:/opt/ros/jazzy/opt/sdformat_vendor/share/gz:/opt/ros/jazzy/opt/gz_gui_vendor/share/gz:/opt/ros/jazzy/opt/gz_transport_vendor/share/gz:/opt/ros/jazzy/opt/gz_rendering_vendor/share/gz:/opt/ros/jazzy/opt/gz_plugin_vendor/share/gz:/opt/ros/jazzy/opt/gz_fuel_tools_vendor/share/gz:/opt/ros/jazzy/opt/gz_msgs_vendor/share/gz:/opt/ros/jazzy/opt/gz_common_vendor/share/gz', 'XDG_SESSION_TYPE': 'wayland', 'CLUTTER_DISABLE_MIPMAPPED_TEXT': '1', 'SHLVL': '1', 'LD_LIBRARY_PATH': '/opt/ros/jazzy/opt/gz_sim_vendor/lib:/opt/ros/jazzy/opt/gz_sensors_vendor/lib:/opt/ros/jazzy/opt/gz_physics_vendor/lib:/opt/ros/jazzy/opt/sdformat_vendor/lib:/opt/ros/jazzy/opt/rviz_ogre_vendor/lib:/opt/ros/jazzy/lib/x86_64-linux-gnu:/opt/ros/jazzy/opt/gz_gui_vendor/lib:/opt/ros/jazzy/opt/gz_transport_vendor/lib:/opt/ros/jazzy/opt/gz_rendering_vendor/lib:/opt/ros/jazzy/opt/gz_plugin_vendor/lib:/opt/ros/jazzy/opt/gz_fuel_tools_vendor/lib:/opt/ros/jazzy/opt/gz_msgs_vendor/lib:/opt/ros/jazzy/opt/gz_common_vendor/lib:/opt/ros/jazzy/opt/gz_math_vendor/lib:/opt/ros/jazzy/opt/gz_utils_vendor/lib:/opt/ros/jazzy/opt/gz_tools_vendor/lib:/opt/ros/jazzy/opt/gz_ogre_next_vendor/lib:/opt/ros/jazzy/opt/gz_dartsim_vendor/lib:/opt/ros/jazzy/opt/gz_cmake_vendor/lib:/opt/ros/jazzy/lib', 'HOME': '/home/aly-sultan', 'OLDPWD': '/home/aly-sultan/Desktop/fs-system-25', 'DESKTOP_SESSION': 'ubuntu', 'ROS_PYTHON_VERSION': '3', 'GNOME_SHELL_SESSION_MODE': 'ubuntu', 'GTK_MODULES': 'gail:atk-bridge', 'SYSTEMD_EXEC_PID': '2874', 'GSM_SKIP_SSH_AGENT_WORKAROUND': 'true', 'DBUS_SESSION_BUS_ADDRESS': 'unix:path=/run/user/1000/bus', 'COLORTERM': 'truecolor', 'DEBUGINFOD_URLS': 'https://debuginfod.ubuntu.com', 'IM_CONFIG_PHASE': '1', 'WAYLAND_DISPLAY': 'wayland-0', 'ROS_DISTRO': 'jazzy', 'LOGNAME': 'aly-sultan', '_': '/usr/bin/colcon', 'ROS_VERSION': '2', 'MEMORY_PRESSURE_WATCH': '/sys/fs/cgroup/user.slice/user-1000.slice/user@1000.service/session.slice/org.gnome.Shell@wayland.service/memory.pressure', 'XDG_SESSION_CLASS': 'user', 'USERNAME': 'aly-sultan', 'TERM': 'xterm-256color', 'GNOME_DESKTOP_SESSION_ID': 'this-is-deprecated', 'PATH': '/opt/ros/jazzy/opt/gz_msgs_vendor/bin:/opt/ros/jazzy/opt/gz_tools_vendor/bin:/opt/ros/jazzy/opt/gz_ogre_next_vendor/bin:/opt/ros/jazzy/bin:/home/aly-sultan/.local/bin:/usr/local/sbin:/usr/local/bin:/usr/sbin:/usr/bin:/sbin:/bin:/usr/games:/usr/local/games:/snap/bin:/snap/bin', 'SESSION_MANAGER': 'local/aly-sultan-LOQ-15IAX9:@/tmp/.ICE-unix/2830,unix/aly-sultan-LOQ-15IAX9:/tmp/.ICE-unix/2830', 'XDG_MENU_PREFIX': 'gnome-', 'GNOME_TERMINAL_SCREEN': '/org/gnome/Terminal/screen/5af26948_a623_47f3_82e8_d1c4ea5b03ae', 'GNOME_SETUP_DISPLAY': ':1', 'XDG_RUNTIME_DIR': '/run/user/1000', 'DISPLAY': ':0', 'LANG': 'en_US.UTF-8', 'XDG_CURRENT_DESKTOP': 'ubuntu:GNOME', 'XMODIFIERS': '@im=ibus', 'XDG_SESSION_DESKTOP': 'ubuntu', 'XAUTHORITY': '/run/user/1000/.mutter-Xwaylandauth.3DQKN3', 'LS_COLORS': 'rs=0:di=01;34:ln=01;36:mh=00:pi=40;33:so=01;35:do=01;35:bd=40;33;01:cd=40;33;01:or=40;31;01:mi=00:su=37;41:sg=30;43:ca=00:tw=30;42:ow=34;42:st=37;44:ex=01;32:*.tar=01;31:*.tgz=01;31:*.arc=01;31:*.arj=01;31:*.taz=01;31:*.lha=01;31:*.lz4=01;31:*.lzh=01;31:*.lzma=01;31:*.tlz=01;31:*.txz=01;31:*.tzo=01;31:*.t7z=01;31:*.zip=01;31:*.z=01;31:*.dz=01;31:*.gz=01;31:*.lrz=01;31:*.lz=01;31:*.lzo=01;31:*.xz=01;31:*.zst=01;31:*.tzst=01;31:*.bz2=01;31:*.bz=01;31:*.tbz=01;31:*.tbz2=01;31:*.tz=01;31:*.deb=01;31:*.rpm=01;31:*.jar=01;31:*.war=01;31:*.ear=01;31:*.sar=01;31:*.rar=01;31:*.alz=01;31:*.ace=01;31:*.zoo=01;31:*.cpio=01;31:*.7z=01;31:*.rz=01;31:*.cab=01;31:*.wim=01;31:*.swm=01;31:*.dwm=01;31:*.esd=01;31:*.avif=01;35:*.jpg=01;35:*.jpeg=01;35:*.mjpg=01;35:*.mjpeg=01;35:*.gif=01;35:*.bmp=01;35:*.pbm=01;35:*.pgm=01;35:*.ppm=01;35:*.tga=01;35:*.xbm=01;35:*.xpm=01;35:*.tif=01;35:*.tiff=01;35:*.png=01;35:*.svg=01;35:*.svgz=01;35:*.mng=01;35:*.pcx=01;35:*.mov=01;35:*.mpg=01;35:*.mpeg=01;35:*.m2v=01;35:*.mkv=01;35:*.webm=01;35:*.webp=01;35:*.ogm=01;35:*.mp4=01;35:*.m4v=01;35:*.mp4v=01;35:*.vob=01;35:*.qt=01;35:*.nuv=01;35:*.wmv=01;35:*.asf=01;35:*.rm=01;35:*.rmvb=01;35:*.flc=01;35:*.avi=01;35:*.fli=01;35:*.flv=01;35:*.gl=01;35:*.dl=01;35:*.xcf=01;35:*.xwd=01;35:*.yuv=01;35:*.cgm=01;35:*.emf=01;35:*.ogv=01;35:*.ogx=01;35:*.aac=00;36:*.au=00;36:*.flac=00;36:*.m4a=00;36:*.mid=00;36:*.midi=00;36:*.mka=00;36:*.mp3=00;36:*.mpc=00;36:*.ogg=00;36:*.ra=00;36:*.wav=00;36:*.oga=00;36:*.opus=00;36:*.spx=00;36:*.xspf=00;36:*~=00;90:*#=00;90:*.bak=00;90:*.crdownload=00;90:*.dpkg-dist=00;90:*.dpkg-new=00;90:*.dpkg-old=00;90:*.dpkg-tmp=00;90:*.old=00;90:*.orig=00;90:*.part=00;90:*.rej=00;90:*.rpmnew=00;90:*.rpmorig=00;90:*.rpmsave=00;90:*.swp=00;90:*.tmp=00;90:*.ucf-dist=00;90:*.ucf-new=00;90:*.ucf-old=00;90:', 'GNOME_TERMINAL_SERVICE': ':1.143', 'SSH_AUTH_SOCK': '/run/user/1000/keyring/ssh', 'AMENT_PREFIX_PATH': '/opt/ros/jazzy', 'SHELL': '/bin/bash', 'QT_ACCESSIBILITY': '1', 'GDMSESSION': 'ubuntu', 'LESSCLOSE': '/usr/bin/lesspipe %s %s', 'ROS_AUTOMATIC_DISCOVERY_RANGE': 'SUBNET', 'QT_IM_MODULE': 'ibus', 'PWD': '/home/aly-sultan/Desktop/fs-system-25/SLAM/build/cone_a_lisa', 'XDG_CONFIG_DIRS': '/etc/xdg/xdg-ubuntu:/etc/xdg', 'XDG_DATA_DIRS': '/usr/share/ubuntu:/usr/share/gnome:/usr/local/share/:/usr/share/:/var/lib/snapd/desktop', 'PYTHONPATH': '/home/aly-sultan/Desktop/fs-system-25/SLAM/build/cone_a_lisa/prefix_override:/usr/lib/python3/dist-packages/colcon_core/task/python/colcon_distutils_commands:/home/aly-sultan/Desktop/fs-system-25/SLAM/install/cone_a_lisa/lib/python3.12/site-packages:/opt/ros/jazzy/lib/python3.12/site-packages', 'COLCON': '1', 'MEMORY_PRESSURE_WRITE': 'c29tZSAyMDAwMDAgMjAwMDAwMAA=', 'VTE_VERSION': '7600', 'CMAKE_PREFIX_PATH': '/opt/ros/jazzy/opt/gz_sim_vendor:/opt/ros/jazzy/opt/gz_sensors_vendor:/opt/ros/jazzy/opt/gz_physics_vendor:/opt/ros/jazzy/opt/sdformat_vendor:/opt/ros/jazzy/opt/gz_gui_vendor:/opt/ros/jazzy/opt/gz_transport_vendor:/opt/ros/jazzy/opt/gz_rendering_vendor:/opt/ros/jazzy/opt/gz_plugin_vendor:/opt/ros/jazzy/opt/gz_fuel_tools_vendor:/opt/ros/jazzy/opt/gz_msgs_vendor:/opt/ros/jazzy/opt/gz_common_vendor:/opt/ros/jazzy/opt/gz_math_vendor:/opt/ros/jazzy/opt/gz_utils_vendor:/opt/ros/jazzy/opt/gz_tools_vendor:/opt/ros/jazzy/opt/gz_ogre_next_vendor:/opt/ros/jazzy/opt/gz_dartsim_vendor:/opt/ros/jazzy/opt/gz_cmake_vendor'}, 'shell': False}
[1.201382] (-) TimerEvent: {}
[1.301803] (-) TimerEvent: {}
[1.402255] (-) TimerEvent: {}
[1.467126] (cone_a_lisa) StdoutLine: {'line': b'running egg_info\n'}
[1.488476] (cone_a_lisa) StdoutLine: {'line': b'writing ../build/cone_a_lisa/cone_a_lisa.egg-info/PKG-INFO\n'}
[1.488882] (cone_a_lisa) StdoutLine: {'line': b'writing dependency_links to ../build/cone_a_lisa/cone_a_lisa.egg-info/dependency_links.txt\n'}
[1.489178] (cone_a_lisa) StdoutLine: {'line': b'writing entry points to ../build/cone_a_lisa/cone_a_lisa.egg-info/entry_points.txt\n'}
[1.489400] (cone_a_lisa) StdoutLine: {'line': b'writing requirements to ../build/cone_a_lisa/cone_a_lisa.egg-info/requires.txt\n'}
[1.489558] (cone_a_lisa) StdoutLine: {'line': b'writing top-level names to ../build/cone_a_lisa/cone_a_lisa.egg-info/top_level.txt\n'}
[1.502394] (-) TimerEvent: {}
[1.534616] (cone_a_lisa) StdoutLine: {'line': b"reading manifest file '../build/cone_a_lisa/cone_a_lisa.egg-info/SOURCES.txt'\n"}
[1.535833] (cone_a_lisa) StdoutLine: {'line': b"writing manifest file '../build/cone_a_lisa/cone_a_lisa.egg-info/SOURCES.txt'\n"}
[1.536164] (cone_a_lisa) StdoutLine: {'line': b'running build\n'}
[1.536325] (cone_a_lisa) StdoutLine: {'line': b'running build_py\n'}
[1.536589] (cone_a_lisa) StdoutLine: {'line': b'running install\n'}
[1.544265] (cone_a_lisa) StdoutLine: {'line': b'running install_lib\n'}
[1.567320] (cone_a_lisa) StdoutLine: {'line': b'running install_data\n'}
[1.567663] (cone_a_lisa) StdoutLine: {'line': b'running install_egg_info\n'}
[1.591319] (cone_a_lisa) StdoutLine: {'line': b"removing '/home/aly-sultan/Desktop/fs-system-25/SLAM/install/cone_a_lisa/lib/python3.12/site-packages/cone_a_lisa-0.0.0-py3.12.egg-info' (and everything under it)\n"}
[1.591666] (cone_a_lisa) StdoutLine: {'line': b'Copying ../build/cone_a_lisa/cone_a_lisa.egg-info to /home/aly-sultan/Desktop/fs-system-25/SLAM/install/cone_a_lisa/lib/python3.12/site-packages/cone_a_lisa-0.0.0-py3.12.egg-info\n'}
[1.592267] (cone_a_lisa) StdoutLine: {'line': b'running install_scripts\n'}
[1.602587] (-) TimerEvent: {}
[1.703042] (-) TimerEvent: {}
[1.740498] (cone_a_lisa) StdoutLine: {'line': b'Installing cone_a_lisa script to /home/aly-sultan/Desktop/fs-system-25/SLAM/install/cone_a_lisa/lib/cone_a_lisa\n'}
[1.740977] (cone_a_lisa) StdoutLine: {'line': b'Installing landmark_to_marker script to /home/aly-sultan/Desktop/fs-system-25/SLAM/install/cone_a_lisa/lib/cone_a_lisa\n'}
[1.741167] (cone_a_lisa) StdoutLine: {'line': b'Installing map_plot script to /home/aly-sultan/Desktop/fs-system-25/SLAM/install/cone_a_lisa/lib/cone_a_lisa\n'}
[1.741464] (cone_a_lisa) StdoutLine: {'line': b"writing list of installed files to '/home/aly-sultan/Desktop/fs-system-25/SLAM/build/cone_a_lisa/install.log'\n"}
[1.775908] (cone_a_lisa) CommandEnded: {'returncode': 0}
[1.783632] (cone_a_lisa) JobEnded: {'identifier': 'cone_a_lisa', 'rc': 0}
[1.785043] (-) EventReactorShutdown: {}
