[0.000000] (-) TimerEvent: {}
[0.000133] (asurt_msgs) JobQueued: {'identifier': 'asurt_msgs', 'dependencies': OrderedDict()}
[0.001152] (asurt_msgs) JobStarted: {'identifier': 'asurt_msgs'}
[0.008825] (asurt_msgs) JobProgress: {'identifier': 'asurt_msgs', 'progress': 'cmake'}
[0.009463] (asurt_msgs) Command: {'cmd': ['/usr/bin/cmake', '/home/ayasx9/FSAI26/FSAI25_perception/fs-system-26/Perception/ros2_ws/asurt_msgs', '-DCMAKE_INSTALL_PREFIX=/home/ayasx9/FSAI26/FSAI25_perception/fs-system-26/Perception/ros2_ws/asurt_msgs/install/asurt_msgs'], 'cwd': '/home/ayasx9/FSAI26/FSAI25_perception/fs-system-26/Perception/ros2_ws/asurt_msgs/build/asurt_msgs', 'env': OrderedDict([('LESSOPEN', '| /usr/bin/lesspipe %s'), ('USER', 'ayasx9'), ('SSH_AGENT_PID', '577'), ('SHLVL', '1'), ('LD_LIBRARY_PATH', '/opt/ros/humble/opt/rviz_ogre_vendor/lib:/opt/ros/humble/lib/x86_64-linux-gnu:/opt/ros/humble/lib'), ('WT_PROFILE_ID', '{4ff56d04-d9cf-57ea-bae2-ad396374e7e3}'), ('MOTD_SHOWN', 'update-motd'), ('HOME', '/home/ayasx9'), ('OLDPWD', '/home/ayasx9/FSAI26/FSAI25_perception/fs-system-26/Perception/ros2_ws'), ('ROS_PYTHON_VERSION', '3'), ('DBUS_SESSION_BUS_ADDRESS', 'unix:path=/run/user/1000/bus'), ('WSL_DISTRO_NAME', 'Ubuntu-22.04'), ('WAYLAND_DISPLAY', 'wayland-0'), ('COLCON_PREFIX_PATH', '/home/ayasx9/arl_workshop/turtle_proj1/install:/home/ayasx9/ros2_proj1/install'), ('ROS_DISTRO', 'humble'), ('LOGNAME', 'ayasx9'), ('NAME', 'LAPTOP-4FIG3HKH'), ('WSL_INTEROP', '/run/WSL/315_interop'), ('PULSE_SERVER', 'unix:/mnt/wslg/PulseServer'), ('_', '/usr/bin/colcon'), ('ROS_VERSION', '2'), ('TERM', 'xterm-256color'), ('ROS_LOCALHOST_ONLY', '0'), ('PATH', '/home/ayasx9/.local/bin:/opt/ros/humble/bin:/usr/local/sbin:/usr/local/bin:/usr/sbin:/usr/bin:/sbin:/bin:/usr/games:/usr/local/games:/usr/lib/wsl/lib:/mnt/c/WINDOWS/system32:/mnt/c/WINDOWS:/mnt/c/WINDOWS/System32/Wbem:/mnt/c/WINDOWS/System32/WindowsPowerShell/v1.0/:/mnt/c/WINDOWS/System32/OpenSSH/:/mnt/c/Users/ayaya/AppData/Local/Programs/Python/Python312:/mnt/c/Program Files/Git/cmd:/mnt/c/Program Files/TortoiseGit/bin:/mnt/c/msys64/mingw64/bin:/mnt/c/Program Files/PuTTY/:/mnt/c/Program Files (x86)/Microsoft SQL Server/160/Tools/Binn/:/mnt/c/Program Files/Microsoft SQL Server/160/Tools/Binn/:/mnt/c/Program Files/Microsoft SQL Server/Client SDK/ODBC/170/Tools/Binn/:/mnt/c/Program Files/Microsoft SQL Server/160/DTS/Binn/:/mnt/c/Program Files (x86)/Microsoft SQL Server/160/DTS/Binn/:/mnt/c/Program Files/MATLAB/R2024b/bin:/mnt/c/Program Files/dotnet/:/mnt/c/Program Files/Microsoft SQL Server/150/Tools/Binn/:/mnt/c/Program Files/CMake/bin:/mnt/c/Program Files/nodejs/:/mnt/c/Program Files/MongoDB/Server/8.2/bin:/mnt/c/Users/ayaya/AppData/Local/Programs/Python/Python313/Scripts/:/mnt/c/Users/ayaya/AppData/Local/Programs/Python/Python313/:/mnt/c/Users/ayaya/AppData/Local/Programs/Python/Launcher/:/mnt/c/Program Files/MySQL/MySQL Shell 8.0/bin/:/mnt/c/Users/ayaya/AppData/Local/Programs/Python/Python312/Scripts/:/mnt/c/Users/ayaya/AppData/Local/Programs/Python/Python312/:/mnt/c/Users/ayaya/AppData/Local/Microsoft/WindowsApps:/mnt/c/Users/ayaya/AppData/Local/Programs/Microsoft VS Code/bin:/mnt/c/MinGW/bin:/mnt/c/questasim64_10.6c/win64:/mnt/c/Program Files/JetBrains/IntelliJ IDEA Community Edition 2024.3.3/bin:/mnt/c/Users/ayaya/.dotnet/tools:/mnt/c/Users/ayaya/AppData/Roaming/npm:/snap/bin'), ('WT_SESSION', '14a291ec-7231-4d47-ad58-9ad1536a51d7'), ('XDG_RUNTIME_DIR', '/run/user/1000/'), ('DISPLAY', ':0'), ('LANG', 'C.UTF-8'), ('LS_COLORS', 'rs=0:di=01;34:ln=01;36:mh=00:pi=40;33:so=01;35:do=01;35:bd=40;33;01:cd=40;33;01:or=40;31;01:mi=00:su=37;41:sg=30;43:ca=30;41:tw=30;42:ow=34;42:st=37;44:ex=01;32:*.tar=01;31:*.tgz=01;31:*.arc=01;31:*.arj=01;31:*.taz=01;31:*.lha=01;31:*.lz4=01;31:*.lzh=01;31:*.lzma=01;31:*.tlz=01;31:*.txz=01;31:*.tzo=01;31:*.t7z=01;31:*.zip=01;31:*.z=01;31:*.dz=01;31:*.gz=01;31:*.lrz=01;31:*.lz=01;31:*.lzo=01;31:*.xz=01;31:*.zst=01;31:*.tzst=01;31:*.bz2=01;31:*.bz=01;31:*.tbz=01;31:*.tbz2=01;31:*.tz=01;31:*.deb=01;31:*.rpm=01;31:*.jar=01;31:*.war=01;31:*.ear=01;31:*.sar=01;31:*.rar=01;31:*.alz=01;31:*.ace=01;31:*.zoo=01;31:*.cpio=01;31:*.7z=01;31:*.rz=01;31:*.cab=01;31:*.wim=01;31:*.swm=01;31:*.dwm=01;31:*.esd=01;31:*.jpg=01;35:*.jpeg=01;35:*.mjpg=01;35:*.mjpeg=01;35:*.gif=01;35:*.bmp=01;35:*.pbm=01;35:*.pgm=01;35:*.ppm=01;35:*.tga=01;35:*.xbm=01;35:*.xpm=01;35:*.tif=01;35:*.tiff=01;35:*.png=01;35:*.svg=01;35:*.svgz=01;35:*.mng=01;35:*.pcx=01;35:*.mov=01;35:*.mpg=01;35:*.mpeg=01;35:*.m2v=01;35:*.mkv=01;35:*.webm=01;35:*.webp=01;35:*.ogm=01;35:*.mp4=01;35:*.m4v=01;35:*.mp4v=01;35:*.vob=01;35:*.qt=01;35:*.nuv=01;35:*.wmv=01;35:*.asf=01;35:*.rm=01;35:*.rmvb=01;35:*.flc=01;35:*.avi=01;35:*.fli=01;35:*.flv=01;35:*.gl=01;35:*.dl=01;35:*.xcf=01;35:*.xwd=01;35:*.yuv=01;35:*.cgm=01;35:*.emf=01;35:*.ogv=01;35:*.ogx=01;35:*.aac=00;36:*.au=00;36:*.flac=00;36:*.m4a=00;36:*.mid=00;36:*.midi=00;36:*.mka=00;36:*.mp3=00;36:*.mpc=00;36:*.ogg=00;36:*.ra=00;36:*.wav=00;36:*.oga=00;36:*.opus=00;36:*.spx=00;36:*.xspf=00;36:'), ('SSH_AUTH_SOCK', '/tmp/ssh-XXXXXXlqinRV/agent.574'), ('AMENT_PREFIX_PATH', '/home/ayasx9/arl_workshop/turtle_proj1/install/my_launch_pkg:/home/ayasx9/arl_workshop/turtle_proj1/install/project_nodes:/home/ayasx9/ros2_proj1/install/my_turtle_proj:/opt/ros/humble'), ('SHELL', '/bin/bash'), ('LESSCLOSE', '/usr/bin/lesspipe %s %s'), ('PWD', '/home/ayasx9/FSAI26/FSAI25_perception/fs-system-26/Perception/ros2_ws/asurt_msgs/build/asurt_msgs'), ('XDG_DATA_DIRS', '/usr/local/share:/usr/share:/var/lib/snapd/desktop'), ('PYTHONPATH', '/home/ayasx9/arl_workshop/turtle_proj1/build/project_nodes:/home/ayasx9/arl_workshop/turtle_proj1/install/project_nodes/lib/python3.10/site-packages:/home/ayasx9/ros2_proj1/build/my_turtle_proj:/home/ayasx9/ros2_proj1/install/my_turtle_proj/lib/python3.10/site-packages:/opt/ros/humble/lib/python3.10/site-packages:/opt/ros/humble/local/lib/python3.10/dist-packages'), ('COLCON', '1'), ('WSL2_GUI_APPS_ENABLED', '1'), ('HOSTTYPE', 'x86_64'), ('CMAKE_PREFIX_PATH', '/home/ayasx9/arl_workshop/turtle_proj1/install/my_launch_pkg:/home/ayasx9/arl_workshop/turtle_proj1/install/project_nodes:/home/ayasx9/ros2_proj1/install/my_turtle_proj:/opt/ros/humble'), ('WSLENV', 'WT_SESSION:WT_PROFILE_ID:')]), 'shell': False}
[0.101109] (-) TimerEvent: {}
[0.195010] (asurt_msgs) StdoutLine: {'line': b'-- The C compiler identification is GNU 11.4.0\n'}
[0.201744] (-) TimerEvent: {}
[0.303901] (-) TimerEvent: {}
[0.404695] (-) TimerEvent: {}
[0.505709] (-) TimerEvent: {}
[0.606577] (-) TimerEvent: {}
[0.707449] (-) TimerEvent: {}
[0.807796] (-) TimerEvent: {}
[0.908603] (-) TimerEvent: {}
[1.008979] (-) TimerEvent: {}
[1.109552] (-) TimerEvent: {}
[1.140243] (asurt_msgs) StdoutLine: {'line': b'-- The CXX compiler identification is GNU 11.4.0\n'}
[1.209963] (-) TimerEvent: {}
[1.310455] (-) TimerEvent: {}
[1.412633] (-) TimerEvent: {}
[1.513592] (-) TimerEvent: {}
[1.614072] (-) TimerEvent: {}
[1.715005] (-) TimerEvent: {}
[1.815995] (-) TimerEvent: {}
[1.916941] (-) TimerEvent: {}
[2.017925] (-) TimerEvent: {}
[2.118857] (-) TimerEvent: {}
[2.219289] (-) TimerEvent: {}
[2.273870] (asurt_msgs) StdoutLine: {'line': b'-- Detecting C compiler ABI info\n'}
[2.319454] (-) TimerEvent: {}
[2.394000] (asurt_msgs) StdoutLine: {'line': b'-- Detecting C compiler ABI info - done\n'}
[2.398144] (asurt_msgs) StdoutLine: {'line': b'-- Check for working C compiler: /usr/bin/cc - skipped\n'}
[2.398793] (asurt_msgs) StdoutLine: {'line': b'-- Detecting C compile features\n'}
[2.398880] (asurt_msgs) StdoutLine: {'line': b'-- Detecting C compile features - done\n'}
[2.400714] (asurt_msgs) StdoutLine: {'line': b'-- Detecting CXX compiler ABI info\n'}
[2.419939] (-) TimerEvent: {}
[2.520685] (-) TimerEvent: {}
[2.539029] (asurt_msgs) StdoutLine: {'line': b'-- Detecting CXX compiler ABI info - done\n'}
[2.543857] (asurt_msgs) StdoutLine: {'line': b'-- Check for working CXX compiler: /usr/bin/c++ - skipped\n'}
[2.544150] (asurt_msgs) StdoutLine: {'line': b'-- Detecting CXX compile features\n'}
[2.544555] (asurt_msgs) StdoutLine: {'line': b'-- Detecting CXX compile features - done\n'}
[2.546350] (asurt_msgs) StdoutLine: {'line': b'-- Found ament_cmake: 1.3.12 (/opt/ros/humble/share/ament_cmake/cmake)\n'}
[2.620951] (-) TimerEvent: {}
[2.644118] (asurt_msgs) StdoutLine: {'line': b'-- Found Python3: /usr/bin/python3 (found version "3.10.12") found components: Interpreter \n'}
[2.704555] (asurt_msgs) StdoutLine: {'line': b'-- Found builtin_interfaces: 1.2.2 (/opt/ros/humble/share/builtin_interfaces/cmake)\n'}
[2.721372] (-) TimerEvent: {}
[2.822200] (-) TimerEvent: {}
[2.922991] (-) TimerEvent: {}
[3.023891] (-) TimerEvent: {}
[3.108742] (asurt_msgs) StdoutLine: {'line': b'-- Found rosidl_generator_c: 3.1.7 (/opt/ros/humble/share/rosidl_generator_c/cmake)\n'}
[3.112774] (asurt_msgs) StdoutLine: {'line': b'-- Found rosidl_adapter: 3.1.7 (/opt/ros/humble/share/rosidl_adapter/cmake)\n'}
[3.119160] (asurt_msgs) StdoutLine: {'line': b'-- Found rosidl_generator_cpp: 3.1.7 (/opt/ros/humble/share/rosidl_generator_cpp/cmake)\n'}
[3.125448] (-) TimerEvent: {}
[3.128150] (asurt_msgs) StdoutLine: {'line': b'-- Using all available rosidl_typesupport_c: rosidl_typesupport_fastrtps_c;rosidl_typesupport_introspection_c\n'}
[3.139870] (asurt_msgs) StdoutLine: {'line': b'-- Using all available rosidl_typesupport_cpp: rosidl_typesupport_fastrtps_cpp;rosidl_typesupport_introspection_cpp\n'}
[3.151742] (asurt_msgs) StdoutLine: {'line': b'-- Found rosidl_default_generators: 1.2.0 (/opt/ros/humble/share/rosidl_default_generators/cmake)\n'}
[3.164692] (asurt_msgs) StdoutLine: {'line': b'-- Found rclcpp: 16.0.15 (/opt/ros/humble/share/rclcpp/cmake)\n'}
[3.205167] (asurt_msgs) StdoutLine: {'line': b'-- Found rmw_implementation_cmake: 6.1.2 (/opt/ros/humble/share/rmw_implementation_cmake/cmake)\n'}
[3.207441] (asurt_msgs) StdoutLine: {'line': b'-- Found rmw_fastrtps_cpp: 6.2.8 (/opt/ros/humble/share/rmw_fastrtps_cpp/cmake)\n'}
[3.225760] (-) TimerEvent: {}
[3.327008] (-) TimerEvent: {}
[3.427389] (-) TimerEvent: {}
[3.528298] (-) TimerEvent: {}
[3.629267] (-) TimerEvent: {}
[3.730535] (-) TimerEvent: {}
[3.831828] (-) TimerEvent: {}
[3.932350] (-) TimerEvent: {}
[4.033652] (-) TimerEvent: {}
[4.134948] (-) TimerEvent: {}
[4.235510] (-) TimerEvent: {}
[4.337217] (-) TimerEvent: {}
[4.439443] (-) TimerEvent: {}
[4.541673] (-) TimerEvent: {}
[4.643798] (-) TimerEvent: {}
[4.746184] (-) TimerEvent: {}
[4.804229] (asurt_msgs) StdoutLine: {'line': b'-- Found OpenSSL: /usr/lib/x86_64-linux-gnu/libcrypto.so (found version "3.0.2")  \n'}
[4.847190] (-) TimerEvent: {}
[4.948848] (-) TimerEvent: {}
[5.051151] (-) TimerEvent: {}
[5.153552] (-) TimerEvent: {}
[5.254696] (-) TimerEvent: {}
[5.357028] (-) TimerEvent: {}
[5.459365] (-) TimerEvent: {}
[5.559915] (-) TimerEvent: {}
[5.660686] (-) TimerEvent: {}
[5.763055] (-) TimerEvent: {}
[5.865331] (-) TimerEvent: {}
[5.966659] (-) TimerEvent: {}
[6.069016] (-) TimerEvent: {}
[6.171378] (-) TimerEvent: {}
[6.272176] (-) TimerEvent: {}
[6.373218] (-) TimerEvent: {}
[6.473814] (-) TimerEvent: {}
[6.574657] (-) TimerEvent: {}
[6.676971] (-) TimerEvent: {}
[6.779344] (-) TimerEvent: {}
[6.879994] (-) TimerEvent: {}
[6.980936] (-) TimerEvent: {}
[7.082788] (-) TimerEvent: {}
[7.183670] (-) TimerEvent: {}
[7.285558] (-) TimerEvent: {}
[7.387936] (-) TimerEvent: {}
[7.489713] (-) TimerEvent: {}
[7.591977] (-) TimerEvent: {}
[7.694210] (-) TimerEvent: {}
[7.733064] (asurt_msgs) StdoutLine: {'line': b'-- Found FastRTPS: /opt/ros/humble/include  \n'}
[7.794536] (-) TimerEvent: {}
[7.896784] (-) TimerEvent: {}
[7.999054] (-) TimerEvent: {}
[8.101333] (-) TimerEvent: {}
[8.202150] (-) TimerEvent: {}
[8.302557] (-) TimerEvent: {}
[8.403180] (-) TimerEvent: {}
[8.504050] (-) TimerEvent: {}
[8.606223] (-) TimerEvent: {}
[8.708483] (-) TimerEvent: {}
[8.809556] (-) TimerEvent: {}
[8.912164] (-) TimerEvent: {}
[9.013264] (-) TimerEvent: {}
[9.115636] (-) TimerEvent: {}
[9.216236] (-) TimerEvent: {}
[9.318549] (-) TimerEvent: {}
[9.420818] (-) TimerEvent: {}
[9.521757] (-) TimerEvent: {}
[9.622677] (-) TimerEvent: {}
[9.723708] (-) TimerEvent: {}
[9.824179] (-) TimerEvent: {}
[9.924622] (-) TimerEvent: {}
[10.025527] (-) TimerEvent: {}
[10.126416] (-) TimerEvent: {}
[10.226860] (-) TimerEvent: {}
[10.327770] (-) TimerEvent: {}
[10.428238] (-) TimerEvent: {}
[10.529599] (-) TimerEvent: {}
[10.630895] (-) TimerEvent: {}
[10.732177] (-) TimerEvent: {}
[10.833495] (-) TimerEvent: {}
[10.934881] (-) TimerEvent: {}
[11.036190] (-) TimerEvent: {}
[11.137906] (-) TimerEvent: {}
[11.238896] (-) TimerEvent: {}
[11.340227] (-) TimerEvent: {}
[11.441563] (-) TimerEvent: {}
[11.542999] (-) TimerEvent: {}
[11.644329] (-) TimerEvent: {}
[11.745634] (-) TimerEvent: {}
[11.846501] (-) TimerEvent: {}
[11.947836] (-) TimerEvent: {}
[12.049218] (-) TimerEvent: {}
[12.150561] (-) TimerEvent: {}
[12.226155] (asurt_msgs) StdoutLine: {'line': b"-- Using RMW implementation 'rmw_fastrtps_cpp' as default\n"}
[12.231917] (asurt_msgs) StdoutLine: {'line': b'-- Looking for pthread.h\n'}
[12.250899] (-) TimerEvent: {}
[12.351353] (-) TimerEvent: {}
[12.451888] (-) TimerEvent: {}
[12.477734] (asurt_msgs) StdoutLine: {'line': b'-- Looking for pthread.h - found\n'}
[12.477944] (asurt_msgs) StdoutLine: {'line': b'-- Performing Test CMAKE_HAVE_LIBC_PTHREAD\n'}
[12.552037] (-) TimerEvent: {}
[12.653407] (-) TimerEvent: {}
[12.695677] (asurt_msgs) StdoutLine: {'line': b'-- Performing Test CMAKE_HAVE_LIBC_PTHREAD - Success\n'}
[12.695885] (asurt_msgs) StdoutLine: {'line': b'-- Found Threads: TRUE  \n'}
[12.734869] (asurt_msgs) StdoutLine: {'line': b'-- Found geometry_msgs: 4.9.0 (/opt/ros/humble/share/geometry_msgs/cmake)\n'}
[12.741461] (asurt_msgs) StdoutLine: {'line': b'-- Found sensor_msgs: 4.9.0 (/opt/ros/humble/share/sensor_msgs/cmake)\n'}
[12.755858] (-) TimerEvent: {}
[12.856829] (-) TimerEvent: {}
[12.958212] (-) TimerEvent: {}
[13.006873] (asurt_msgs) StdoutLine: {'line': b'-- Found ament_cmake_ros: 0.10.0 (/opt/ros/humble/share/ament_cmake_ros/cmake)\n'}
[13.058468] (-) TimerEvent: {}
[13.158828] (-) TimerEvent: {}
[13.259376] (-) TimerEvent: {}
[13.302686] (asurt_msgs) StdoutLine: {'line': b'-- Using all available rosidl_typesupport_c: rosidl_typesupport_fastrtps_c;rosidl_typesupport_introspection_c\n'}
[13.359526] (-) TimerEvent: {}
[13.440953] (asurt_msgs) StdoutLine: {'line': b'-- Using all available rosidl_typesupport_cpp: rosidl_typesupport_fastrtps_cpp;rosidl_typesupport_introspection_cpp\n'}
[13.459768] (-) TimerEvent: {}
[13.560301] (-) TimerEvent: {}
[13.661560] (-) TimerEvent: {}
[13.712966] (asurt_msgs) StdoutLine: {'line': b'-- Found PythonInterp: /usr/bin/python3 (found suitable version "3.10.12", minimum required is "3.6") \n'}
[13.714079] (asurt_msgs) StdoutLine: {'line': b'-- Found python_cmake_module: 0.10.0 (/opt/ros/humble/share/python_cmake_module/cmake)\n'}
[13.762070] (-) TimerEvent: {}
[13.864094] (-) TimerEvent: {}
[13.965363] (-) TimerEvent: {}
[14.067648] (-) TimerEvent: {}
[14.169922] (-) TimerEvent: {}
[14.271334] (-) TimerEvent: {}
[14.373572] (-) TimerEvent: {}
[14.475814] (-) TimerEvent: {}
[14.533325] (asurt_msgs) StdoutLine: {'line': b'-- Found PythonLibs: /usr/lib/x86_64-linux-gnu/libpython3.10.so (found suitable version "3.10.12", minimum required is "3.5") \n'}
[14.533832] (asurt_msgs) StdoutLine: {'line': b'-- Using PYTHON_EXECUTABLE: /usr/bin/python3\n'}
[14.533944] (asurt_msgs) StdoutLine: {'line': b'-- Using PYTHON_INCLUDE_DIRS: /usr/include/python3.10\n'}
[14.533993] (asurt_msgs) StdoutLine: {'line': b'-- Using PYTHON_LIBRARIES: /usr/lib/x86_64-linux-gnu/libpython3.10.so\n'}
[14.549387] (asurt_msgs) StdoutLine: {'line': b'-- Found PythonExtra: .so  \n'}
[14.575980] (-) TimerEvent: {}
[14.677643] (-) TimerEvent: {}
[14.682314] (asurt_msgs) StdoutLine: {'line': b'-- Found ament_lint_auto: 0.12.14 (/opt/ros/humble/share/ament_lint_auto/cmake)\n'}
[14.700229] (asurt_msgs) StdoutLine: {'line': b"-- Added test 'cppcheck' to perform static code analysis on C / C++ code\n"}
[14.701162] (asurt_msgs) StdoutLine: {'line': b'-- Configured cppcheck include dirs: $<BUILD_INTERFACE:/home/ayasx9/FSAI26/FSAI25_perception/fs-system-26/Perception/ros2_ws/asurt_msgs/build/asurt_msgs/rosidl_generator_c>;$<BUILD_INTERFACE:/home/ayasx9/FSAI26/FSAI25_perception/fs-system-26/Perception/ros2_ws/asurt_msgs/build/asurt_msgs/rosidl_typesupport_fastrtps_c>;$<BUILD_INTERFACE:/home/ayasx9/FSAI26/FSAI25_perception/fs-system-26/Perception/ros2_ws/asurt_msgs/build/asurt_msgs/rosidl_generator_cpp>;$<BUILD_INTERFACE:/home/ayasx9/FSAI26/FSAI25_perception/fs-system-26/Perception/ros2_ws/asurt_msgs/build/asurt_msgs/rosidl_typesupport_fastrtps_cpp>;$<BUILD_INTERFACE:/home/ayasx9/FSAI26/FSAI25_perception/fs-system-26/Perception/ros2_ws/asurt_msgs/build/asurt_msgs/rosidl_typesupport_introspection_c>;$<BUILD_INTERFACE:/home/ayasx9/FSAI26/FSAI25_perception/fs-system-26/Perception/ros2_ws/asurt_msgs/build/asurt_msgs/rosidl_typesupport_introspection_cpp>;/home/ayasx9/FSAI26/FSAI25_perception/fs-system-26/Perception/ros2_ws/asurt_msgs/build/asurt_msgs/rosidl_generator_c;/home/ayasx9/FSAI26/FSAI25_perception/fs-system-26/Perception/ros2_ws/asurt_msgs/build/asurt_msgs/rosidl_generator_py\n'}
[14.701304] (asurt_msgs) StdoutLine: {'line': b'-- Configured cppcheck exclude dirs and/or files: \n'}
[14.702729] (asurt_msgs) StdoutLine: {'line': b"-- Added test 'flake8' to check Python code syntax and style conventions\n"}
[14.704566] (asurt_msgs) StdoutLine: {'line': b"-- Added test 'lint_cmake' to check CMake code style\n"}
[14.706004] (asurt_msgs) StdoutLine: {'line': b"-- Added test 'pep257' to check Python code against some of the docstring style conventions in PEP 257\n"}
[14.712303] (asurt_msgs) StdoutLine: {'line': b"-- Added test 'uncrustify' to check C / C++ code style\n"}
[14.712450] (asurt_msgs) StdoutLine: {'line': b'-- Configured uncrustify additional arguments: \n'}
[14.713676] (asurt_msgs) StdoutLine: {'line': b"-- Added test 'xmllint' to check XML markup files\n"}
[14.718944] (asurt_msgs) StdoutLine: {'line': b'-- Configuring done\n'}
[14.778415] (-) TimerEvent: {}
[14.781922] (asurt_msgs) StdoutLine: {'line': b'-- Generating done\n'}
[14.799816] (asurt_msgs) StdoutLine: {'line': b'-- Build files have been written to: /home/ayasx9/FSAI26/FSAI25_perception/fs-system-26/Perception/ros2_ws/asurt_msgs/build/asurt_msgs\n'}
[14.809568] (asurt_msgs) CommandEnded: {'returncode': 0}
[14.810521] (asurt_msgs) JobProgress: {'identifier': 'asurt_msgs', 'progress': 'build'}
[14.811713] (asurt_msgs) Command: {'cmd': ['/usr/bin/cmake', '--build', '/home/ayasx9/FSAI26/FSAI25_perception/fs-system-26/Perception/ros2_ws/asurt_msgs/build/asurt_msgs', '--', '-j12', '-l12'], 'cwd': '/home/ayasx9/FSAI26/FSAI25_perception/fs-system-26/Perception/ros2_ws/asurt_msgs/build/asurt_msgs', 'env': OrderedDict([('LESSOPEN', '| /usr/bin/lesspipe %s'), ('USER', 'ayasx9'), ('SSH_AGENT_PID', '577'), ('SHLVL', '1'), ('LD_LIBRARY_PATH', '/opt/ros/humble/opt/rviz_ogre_vendor/lib:/opt/ros/humble/lib/x86_64-linux-gnu:/opt/ros/humble/lib'), ('WT_PROFILE_ID', '{4ff56d04-d9cf-57ea-bae2-ad396374e7e3}'), ('MOTD_SHOWN', 'update-motd'), ('HOME', '/home/ayasx9'), ('OLDPWD', '/home/ayasx9/FSAI26/FSAI25_perception/fs-system-26/Perception/ros2_ws'), ('ROS_PYTHON_VERSION', '3'), ('DBUS_SESSION_BUS_ADDRESS', 'unix:path=/run/user/1000/bus'), ('WSL_DISTRO_NAME', 'Ubuntu-22.04'), ('WAYLAND_DISPLAY', 'wayland-0'), ('COLCON_PREFIX_PATH', '/home/ayasx9/arl_workshop/turtle_proj1/install:/home/ayasx9/ros2_proj1/install'), ('ROS_DISTRO', 'humble'), ('LOGNAME', 'ayasx9'), ('NAME', 'LAPTOP-4FIG3HKH'), ('WSL_INTEROP', '/run/WSL/315_interop'), ('PULSE_SERVER', 'unix:/mnt/wslg/PulseServer'), ('_', '/usr/bin/colcon'), ('ROS_VERSION', '2'), ('TERM', 'xterm-256color'), ('ROS_LOCALHOST_ONLY', '0'), ('PATH', '/home/ayasx9/.local/bin:/opt/ros/humble/bin:/usr/local/sbin:/usr/local/bin:/usr/sbin:/usr/bin:/sbin:/bin:/usr/games:/usr/local/games:/usr/lib/wsl/lib:/mnt/c/WINDOWS/system32:/mnt/c/WINDOWS:/mnt/c/WINDOWS/System32/Wbem:/mnt/c/WINDOWS/System32/WindowsPowerShell/v1.0/:/mnt/c/WINDOWS/System32/OpenSSH/:/mnt/c/Users/ayaya/AppData/Local/Programs/Python/Python312:/mnt/c/Program Files/Git/cmd:/mnt/c/Program Files/TortoiseGit/bin:/mnt/c/msys64/mingw64/bin:/mnt/c/Program Files/PuTTY/:/mnt/c/Program Files (x86)/Microsoft SQL Server/160/Tools/Binn/:/mnt/c/Program Files/Microsoft SQL Server/160/Tools/Binn/:/mnt/c/Program Files/Microsoft SQL Server/Client SDK/ODBC/170/Tools/Binn/:/mnt/c/Program Files/Microsoft SQL Server/160/DTS/Binn/:/mnt/c/Program Files (x86)/Microsoft SQL Server/160/DTS/Binn/:/mnt/c/Program Files/MATLAB/R2024b/bin:/mnt/c/Program Files/dotnet/:/mnt/c/Program Files/Microsoft SQL Server/150/Tools/Binn/:/mnt/c/Program Files/CMake/bin:/mnt/c/Program Files/nodejs/:/mnt/c/Program Files/MongoDB/Server/8.2/bin:/mnt/c/Users/ayaya/AppData/Local/Programs/Python/Python313/Scripts/:/mnt/c/Users/ayaya/AppData/Local/Programs/Python/Python313/:/mnt/c/Users/ayaya/AppData/Local/Programs/Python/Launcher/:/mnt/c/Program Files/MySQL/MySQL Shell 8.0/bin/:/mnt/c/Users/ayaya/AppData/Local/Programs/Python/Python312/Scripts/:/mnt/c/Users/ayaya/AppData/Local/Programs/Python/Python312/:/mnt/c/Users/ayaya/AppData/Local/Microsoft/WindowsApps:/mnt/c/Users/ayaya/AppData/Local/Programs/Microsoft VS Code/bin:/mnt/c/MinGW/bin:/mnt/c/questasim64_10.6c/win64:/mnt/c/Program Files/JetBrains/IntelliJ IDEA Community Edition 2024.3.3/bin:/mnt/c/Users/ayaya/.dotnet/tools:/mnt/c/Users/ayaya/AppData/Roaming/npm:/snap/bin'), ('WT_SESSION', '14a291ec-7231-4d47-ad58-9ad1536a51d7'), ('XDG_RUNTIME_DIR', '/run/user/1000/'), ('DISPLAY', ':0'), ('LANG', 'C.UTF-8'), ('LS_COLORS', 'rs=0:di=01;34:ln=01;36:mh=00:pi=40;33:so=01;35:do=01;35:bd=40;33;01:cd=40;33;01:or=40;31;01:mi=00:su=37;41:sg=30;43:ca=30;41:tw=30;42:ow=34;42:st=37;44:ex=01;32:*.tar=01;31:*.tgz=01;31:*.arc=01;31:*.arj=01;31:*.taz=01;31:*.lha=01;31:*.lz4=01;31:*.lzh=01;31:*.lzma=01;31:*.tlz=01;31:*.txz=01;31:*.tzo=01;31:*.t7z=01;31:*.zip=01;31:*.z=01;31:*.dz=01;31:*.gz=01;31:*.lrz=01;31:*.lz=01;31:*.lzo=01;31:*.xz=01;31:*.zst=01;31:*.tzst=01;31:*.bz2=01;31:*.bz=01;31:*.tbz=01;31:*.tbz2=01;31:*.tz=01;31:*.deb=01;31:*.rpm=01;31:*.jar=01;31:*.war=01;31:*.ear=01;31:*.sar=01;31:*.rar=01;31:*.alz=01;31:*.ace=01;31:*.zoo=01;31:*.cpio=01;31:*.7z=01;31:*.rz=01;31:*.cab=01;31:*.wim=01;31:*.swm=01;31:*.dwm=01;31:*.esd=01;31:*.jpg=01;35:*.jpeg=01;35:*.mjpg=01;35:*.mjpeg=01;35:*.gif=01;35:*.bmp=01;35:*.pbm=01;35:*.pgm=01;35:*.ppm=01;35:*.tga=01;35:*.xbm=01;35:*.xpm=01;35:*.tif=01;35:*.tiff=01;35:*.png=01;35:*.svg=01;35:*.svgz=01;35:*.mng=01;35:*.pcx=01;35:*.mov=01;35:*.mpg=01;35:*.mpeg=01;35:*.m2v=01;35:*.mkv=01;35:*.webm=01;35:*.webp=01;35:*.ogm=01;35:*.mp4=01;35:*.m4v=01;35:*.mp4v=01;35:*.vob=01;35:*.qt=01;35:*.nuv=01;35:*.wmv=01;35:*.asf=01;35:*.rm=01;35:*.rmvb=01;35:*.flc=01;35:*.avi=01;35:*.fli=01;35:*.flv=01;35:*.gl=01;35:*.dl=01;35:*.xcf=01;35:*.xwd=01;35:*.yuv=01;35:*.cgm=01;35:*.emf=01;35:*.ogv=01;35:*.ogx=01;35:*.aac=00;36:*.au=00;36:*.flac=00;36:*.m4a=00;36:*.mid=00;36:*.midi=00;36:*.mka=00;36:*.mp3=00;36:*.mpc=00;36:*.ogg=00;36:*.ra=00;36:*.wav=00;36:*.oga=00;36:*.opus=00;36:*.spx=00;36:*.xspf=00;36:'), ('SSH_AUTH_SOCK', '/tmp/ssh-XXXXXXlqinRV/agent.574'), ('AMENT_PREFIX_PATH', '/home/ayasx9/arl_workshop/turtle_proj1/install/my_launch_pkg:/home/ayasx9/arl_workshop/turtle_proj1/install/project_nodes:/home/ayasx9/ros2_proj1/install/my_turtle_proj:/opt/ros/humble'), ('SHELL', '/bin/bash'), ('LESSCLOSE', '/usr/bin/lesspipe %s %s'), ('PWD', '/home/ayasx9/FSAI26/FSAI25_perception/fs-system-26/Perception/ros2_ws/asurt_msgs/build/asurt_msgs'), ('XDG_DATA_DIRS', '/usr/local/share:/usr/share:/var/lib/snapd/desktop'), ('PYTHONPATH', '/home/ayasx9/arl_workshop/turtle_proj1/build/project_nodes:/home/ayasx9/arl_workshop/turtle_proj1/install/project_nodes/lib/python3.10/site-packages:/home/ayasx9/ros2_proj1/build/my_turtle_proj:/home/ayasx9/ros2_proj1/install/my_turtle_proj/lib/python3.10/site-packages:/opt/ros/humble/lib/python3.10/site-packages:/opt/ros/humble/local/lib/python3.10/dist-packages'), ('COLCON', '1'), ('WSL2_GUI_APPS_ENABLED', '1'), ('HOSTTYPE', 'x86_64'), ('CMAKE_PREFIX_PATH', '/home/ayasx9/arl_workshop/turtle_proj1/install/my_launch_pkg:/home/ayasx9/arl_workshop/turtle_proj1/install/project_nodes:/home/ayasx9/ros2_proj1/install/my_turtle_proj:/opt/ros/humble'), ('WSLENV', 'WT_SESSION:WT_PROFILE_ID:')]), 'shell': False}
[14.843892] (asurt_msgs) StdoutLine: {'line': b'[  1%] \x1b[34m\x1b[1mGenerating C code for ROS interfaces\x1b[0m\n'}
[14.852907] (asurt_msgs) StdoutLine: {'line': b'[  1%] \x1b[34m\x1b[1mGenerating C++ code for ROS interfaces\x1b[0m\n'}
[14.861296] (asurt_msgs) StdoutLine: {'line': b'[  1%] Built target ament_cmake_python_copy_asurt_msgs\n'}
[14.878857] (-) TimerEvent: {}
[14.979292] (-) TimerEvent: {}
[15.080135] (-) TimerEvent: {}
[15.111513] (asurt_msgs) StdoutLine: {'line': b'running egg_info\n'}
[15.112244] (asurt_msgs) StdoutLine: {'line': b'creating asurt_msgs.egg-info\n'}
[15.112780] (asurt_msgs) StdoutLine: {'line': b'writing asurt_msgs.egg-info/PKG-INFO\n'}
[15.112998] (asurt_msgs) StdoutLine: {'line': b'writing dependency_links to asurt_msgs.egg-info/dependency_links.txt\n'}
[15.113202] (asurt_msgs) StdoutLine: {'line': b'writing top-level names to asurt_msgs.egg-info/top_level.txt\n'}
[15.113442] (asurt_msgs) StdoutLine: {'line': b"writing manifest file 'asurt_msgs.egg-info/SOURCES.txt'\n"}
[15.115470] (asurt_msgs) StdoutLine: {'line': b"reading manifest file 'asurt_msgs.egg-info/SOURCES.txt'\n"}
[15.115948] (asurt_msgs) StdoutLine: {'line': b"writing manifest file 'asurt_msgs.egg-info/SOURCES.txt'\n"}
[15.144711] (asurt_msgs) StdoutLine: {'line': b'[  1%] Built target ament_cmake_python_build_asurt_msgs_egg\n'}
[15.181083] (-) TimerEvent: {}
[15.283300] (-) TimerEvent: {}
[15.385504] (-) TimerEvent: {}
[15.487809] (-) TimerEvent: {}
[15.590908] (-) TimerEvent: {}
[15.692249] (-) TimerEvent: {}
[15.698841] (asurt_msgs) StdoutLine: {'line': b'[  1%] Built target asurt_msgs__cpp\n'}
[15.709211] (asurt_msgs) StdoutLine: {'line': b'[  3%] \x1b[34m\x1b[1mGenerating C++ type support for eProsima Fast-RTPS\x1b[0m\n'}
[15.709444] (asurt_msgs) StdoutLine: {'line': b'[  2%] \x1b[34m\x1b[1mGenerating C++ type support dispatch for ROS interfaces\x1b[0m\n'}
[15.712861] (asurt_msgs) StdoutLine: {'line': b'[  4%] \x1b[34m\x1b[1mGenerating C++ introspection for ROS interfaces\x1b[0m\n'}
[15.713418] (asurt_msgs) StdoutLine: {'line': b'[  5%] \x1b[32mBuilding C object CMakeFiles/asurt_msgs__rosidl_generator_c.dir/rosidl_generator_c/asurt_msgs/msg/detail/landmark_array__functions.c.o\x1b[0m\n'}
[15.713547] (asurt_msgs) StdoutLine: {'line': b'[  6%] \x1b[32mBuilding C object CMakeFiles/asurt_msgs__rosidl_generator_c.dir/rosidl_generator_c/asurt_msgs/msg/detail/roadstate__functions.c.o\x1b[0m\n'}
[15.716858] (asurt_msgs) StdoutLine: {'line': b'[  7%] \x1b[32mBuilding C object CMakeFiles/asurt_msgs__rosidl_generator_c.dir/rosidl_generator_c/asurt_msgs/msg/detail/cloud_info__functions.c.o\x1b[0m\n'}
[15.726100] (asurt_msgs) StdoutLine: {'line': b'[  8%] \x1b[32mBuilding C object CMakeFiles/asurt_msgs__rosidl_generator_c.dir/rosidl_generator_c/asurt_msgs/msg/detail/node_status__functions.c.o\x1b[0m\n'}
[15.726506] (asurt_msgs) StdoutLine: {'line': b'[  9%] \x1b[32mBuilding C object CMakeFiles/asurt_msgs__rosidl_generator_c.dir/rosidl_generator_c/asurt_msgs/msg/detail/landmark__functions.c.o\x1b[0m\n'}
[15.726609] (asurt_msgs) StdoutLine: {'line': b'[ 11%] \x1b[32mBuilding C object CMakeFiles/asurt_msgs__rosidl_generator_c.dir/rosidl_generator_c/asurt_msgs/msg/detail/bounding_box__functions.c.o\x1b[0m\n'}
[15.726696] (asurt_msgs) StdoutLine: {'line': b'[ 11%] \x1b[32mBuilding C object CMakeFiles/asurt_msgs__rosidl_generator_c.dir/rosidl_generator_c/asurt_msgs/msg/detail/bounding_boxes__functions.c.o\x1b[0m\n'}
[15.726827] (asurt_msgs) StdoutLine: {'line': b'[ 12%] \x1b[32mBuilding C object CMakeFiles/asurt_msgs__rosidl_generator_c.dir/rosidl_generator_c/asurt_msgs/msg/detail/cone_img_array__functions.c.o\x1b[0m\n'}
[15.728010] (asurt_msgs) StdoutLine: {'line': b'[ 13%] \x1b[32mBuilding C object CMakeFiles/asurt_msgs__rosidl_generator_c.dir/rosidl_generator_c/asurt_msgs/msg/detail/cone_img__functions.c.o\x1b[0m\n'}
[15.781910] (asurt_msgs) StdoutLine: {'line': b'[ 14%] \x1b[32mBuilding C object CMakeFiles/asurt_msgs__rosidl_generator_c.dir/rosidl_generator_c/asurt_msgs/msg/detail/key_points__functions.c.o\x1b[0m\n'}
[15.792488] (-) TimerEvent: {}
[15.844987] (asurt_msgs) StdoutLine: {'line': b'[ 15%] \x1b[32m\x1b[1mLinking C shared library libasurt_msgs__rosidl_generator_c.so\x1b[0m\n'}
[15.892751] (-) TimerEvent: {}
[15.993394] (-) TimerEvent: {}
[16.093884] (-) TimerEvent: {}
[16.130831] (asurt_msgs) StdoutLine: {'line': b'[ 15%] Built target asurt_msgs__rosidl_generator_c\n'}
[16.146879] (asurt_msgs) StdoutLine: {'line': b'[ 16%] \x1b[34m\x1b[1mGenerating C introspection for ROS interfaces\x1b[0m\n'}
[16.156499] (asurt_msgs) StdoutLine: {'line': b'[ 17%] \x1b[34m\x1b[1mGenerating C type support for eProsima Fast-RTPS\x1b[0m\n'}
[16.159486] (asurt_msgs) StdoutLine: {'line': b'[ 18%] \x1b[34m\x1b[1mGenerating C type support dispatch for ROS interfaces\x1b[0m\n'}
[16.195588] (-) TimerEvent: {}
[16.296060] (-) TimerEvent: {}
[16.318593] (asurt_msgs) StdoutLine: {'line': b'[ 19%] \x1b[32mBuilding CXX object CMakeFiles/asurt_msgs__rosidl_typesupport_cpp.dir/rosidl_typesupport_cpp/asurt_msgs/msg/landmark__type_support.cpp.o\x1b[0m\n'}
[16.323701] (asurt_msgs) StdoutLine: {'line': b'[ 20%] \x1b[32mBuilding CXX object CMakeFiles/asurt_msgs__rosidl_typesupport_cpp.dir/rosidl_typesupport_cpp/asurt_msgs/msg/landmark_array__type_support.cpp.o\x1b[0m\n'}
[16.323965] (asurt_msgs) StdoutLine: {'line': b'[ 21%] \x1b[32mBuilding CXX object CMakeFiles/asurt_msgs__rosidl_typesupport_cpp.dir/rosidl_typesupport_cpp/asurt_msgs/msg/roadstate__type_support.cpp.o\x1b[0m\n'}
[16.326727] (asurt_msgs) StdoutLine: {'line': b'[ 23%] \x1b[32mBuilding CXX object CMakeFiles/asurt_msgs__rosidl_typesupport_cpp.dir/rosidl_typesupport_cpp/asurt_msgs/msg/node_status__type_support.cpp.o\x1b[0m\n'}
[16.327026] (asurt_msgs) StdoutLine: {'line': b'[ 23%] \x1b[32mBuilding CXX object CMakeFiles/asurt_msgs__rosidl_typesupport_cpp.dir/rosidl_typesupport_cpp/asurt_msgs/msg/cloud_info__type_support.cpp.o\x1b[0m\n'}
[16.330906] (asurt_msgs) StdoutLine: {'line': b'[ 24%] \x1b[32mBuilding CXX object CMakeFiles/asurt_msgs__rosidl_typesupport_cpp.dir/rosidl_typesupport_cpp/asurt_msgs/msg/bounding_boxes__type_support.cpp.o\x1b[0m\n'}
[16.334788] (asurt_msgs) StdoutLine: {'line': b'[ 25%] \x1b[32mBuilding CXX object CMakeFiles/asurt_msgs__rosidl_typesupport_cpp.dir/rosidl_typesupport_cpp/asurt_msgs/msg/bounding_box__type_support.cpp.o\x1b[0m\n'}
[16.402495] (-) TimerEvent: {}
[16.502976] (-) TimerEvent: {}
[16.603543] (-) TimerEvent: {}
[16.704281] (-) TimerEvent: {}
[16.750795] (asurt_msgs) StdoutLine: {'line': b'[ 26%] \x1b[32mBuilding CXX object CMakeFiles/asurt_msgs__rosidl_typesupport_introspection_cpp.dir/rosidl_typesupport_introspection_cpp/asurt_msgs/msg/detail/landmark__type_support.cpp.o\x1b[0m\n'}
[16.773483] (asurt_msgs) StdoutLine: {'line': b'[ 27%] \x1b[32mBuilding CXX object CMakeFiles/asurt_msgs__rosidl_typesupport_fastrtps_cpp.dir/rosidl_typesupport_fastrtps_cpp/asurt_msgs/msg/detail/dds_fastrtps/landmark__type_support.cpp.o\x1b[0m\n'}
[16.794564] (asurt_msgs) StdoutLine: {'line': b'[ 28%] \x1b[32mBuilding CXX object CMakeFiles/asurt_msgs__rosidl_typesupport_cpp.dir/rosidl_typesupport_cpp/asurt_msgs/msg/cone_img__type_support.cpp.o\x1b[0m\n'}
[16.804449] (-) TimerEvent: {}
[16.810027] (asurt_msgs) StdoutLine: {'line': b'[ 29%] \x1b[32mBuilding CXX object CMakeFiles/asurt_msgs__rosidl_typesupport_introspection_cpp.dir/rosidl_typesupport_introspection_cpp/asurt_msgs/msg/detail/landmark_array__type_support.cpp.o\x1b[0m\n'}
[16.833111] (asurt_msgs) StdoutLine: {'line': b'[ 30%] \x1b[32mBuilding CXX object CMakeFiles/asurt_msgs__rosidl_typesupport_introspection_cpp.dir/rosidl_typesupport_introspection_cpp/asurt_msgs/msg/detail/node_status__type_support.cpp.o\x1b[0m\n'}
[16.904724] (-) TimerEvent: {}
[16.913885] (asurt_msgs) StdoutLine: {'line': b'[ 31%] \x1b[32mBuilding CXX object CMakeFiles/asurt_msgs__rosidl_typesupport_fastrtps_cpp.dir/rosidl_typesupport_fastrtps_cpp/asurt_msgs/msg/detail/dds_fastrtps/landmark_array__type_support.cpp.o\x1b[0m\n'}
[16.957496] (asurt_msgs) StdoutLine: {'line': b'[ 32%] \x1b[32mBuilding CXX object CMakeFiles/asurt_msgs__rosidl_typesupport_introspection_cpp.dir/rosidl_typesupport_introspection_cpp/asurt_msgs/msg/detail/roadstate__type_support.cpp.o\x1b[0m\n'}
[16.970807] (asurt_msgs) StdoutLine: {'line': b'[ 33%] \x1b[32mBuilding CXX object CMakeFiles/asurt_msgs__rosidl_typesupport_introspection_cpp.dir/rosidl_typesupport_introspection_cpp/asurt_msgs/msg/detail/cloud_info__type_support.cpp.o\x1b[0m\n'}
[16.998075] (asurt_msgs) StdoutLine: {'line': b'[ 34%] \x1b[32mBuilding CXX object CMakeFiles/asurt_msgs__rosidl_typesupport_introspection_cpp.dir/rosidl_typesupport_introspection_cpp/asurt_msgs/msg/detail/bounding_box__type_support.cpp.o\x1b[0m\n'}
[17.004881] (-) TimerEvent: {}
[17.105505] (-) TimerEvent: {}
[17.210511] (-) TimerEvent: {}
[17.211233] (asurt_msgs) StdoutLine: {'line': b'[ 35%] \x1b[32mBuilding CXX object CMakeFiles/asurt_msgs__rosidl_typesupport_c.dir/rosidl_typesupport_c/asurt_msgs/msg/landmark__type_support.cpp.o\x1b[0m\n'}
[17.273548] (asurt_msgs) StdoutLine: {'line': b'[ 36%] \x1b[32mBuilding CXX object CMakeFiles/asurt_msgs__rosidl_typesupport_c.dir/rosidl_typesupport_c/asurt_msgs/msg/landmark_array__type_support.cpp.o\x1b[0m\n'}
[17.314459] (-) TimerEvent: {}
[17.333503] (asurt_msgs) StdoutLine: {'line': b'[ 37%] \x1b[32mBuilding CXX object CMakeFiles/asurt_msgs__rosidl_typesupport_c.dir/rosidl_typesupport_c/asurt_msgs/msg/node_status__type_support.cpp.o\x1b[0m\n'}
[17.401883] (asurt_msgs) StdoutLine: {'line': b'[ 38%] \x1b[32mBuilding CXX object CMakeFiles/asurt_msgs__rosidl_typesupport_c.dir/rosidl_typesupport_c/asurt_msgs/msg/roadstate__type_support.cpp.o\x1b[0m\n'}
[17.406737] (asurt_msgs) StdoutLine: {'line': b'[ 39%] \x1b[32mBuilding CXX object CMakeFiles/asurt_msgs__rosidl_typesupport_c.dir/rosidl_typesupport_c/asurt_msgs/msg/cloud_info__type_support.cpp.o\x1b[0m\n'}
[17.410713] (asurt_msgs) StdoutLine: {'line': b'[ 39%] \x1b[32mBuilding CXX object CMakeFiles/asurt_msgs__rosidl_typesupport_fastrtps_cpp.dir/rosidl_typesupport_fastrtps_cpp/asurt_msgs/msg/detail/dds_fastrtps/node_status__type_support.cpp.o\x1b[0m\n'}
[17.414616] (-) TimerEvent: {}
[17.419110] (asurt_msgs) StdoutLine: {'line': b'[ 40%] \x1b[32mBuilding CXX object CMakeFiles/asurt_msgs__rosidl_typesupport_cpp.dir/rosidl_typesupport_cpp/asurt_msgs/msg/cone_img_array__type_support.cpp.o\x1b[0m\n'}
[17.437226] (asurt_msgs) StdoutLine: {'line': b'[ 41%] \x1b[32mBuilding C object CMakeFiles/asurt_msgs__rosidl_typesupport_introspection_c.dir/rosidl_typesupport_introspection_c/asurt_msgs/msg/detail/landmark__type_support.c.o\x1b[0m\n'}
[17.451714] (asurt_msgs) StdoutLine: {'line': b'[ 42%] \x1b[32mBuilding CXX object CMakeFiles/asurt_msgs__rosidl_typesupport_introspection_cpp.dir/rosidl_typesupport_introspection_cpp/asurt_msgs/msg/detail/bounding_boxes__type_support.cpp.o\x1b[0m\n'}
[17.458447] (asurt_msgs) StdoutLine: {'line': b'[ 43%] \x1b[32mBuilding CXX object CMakeFiles/asurt_msgs__rosidl_typesupport_c.dir/rosidl_typesupport_c/asurt_msgs/msg/bounding_box__type_support.cpp.o\x1b[0m\n'}
[17.469902] (asurt_msgs) StdoutLine: {'line': b'[ 44%] \x1b[32mBuilding C object CMakeFiles/asurt_msgs__rosidl_typesupport_introspection_c.dir/rosidl_typesupport_introspection_c/asurt_msgs/msg/detail/landmark_array__type_support.c.o\x1b[0m\n'}
[17.507753] (asurt_msgs) StdoutLine: {'line': b'[ 45%] \x1b[32mBuilding CXX object CMakeFiles/asurt_msgs__rosidl_typesupport_introspection_cpp.dir/rosidl_typesupport_introspection_cpp/asurt_msgs/msg/detail/cone_img__type_support.cpp.o\x1b[0m\n'}
[17.511356] (asurt_msgs) StdoutLine: {'line': b'[ 46%] \x1b[32mBuilding CXX object CMakeFiles/asurt_msgs__rosidl_typesupport_c.dir/rosidl_typesupport_c/asurt_msgs/msg/bounding_boxes__type_support.cpp.o\x1b[0m\n'}
[17.514783] (-) TimerEvent: {}
[17.529977] (asurt_msgs) StdoutLine: {'line': b'[ 47%] \x1b[32mBuilding C object CMakeFiles/asurt_msgs__rosidl_typesupport_introspection_c.dir/rosidl_typesupport_introspection_c/asurt_msgs/msg/detail/node_status__type_support.c.o\x1b[0m\n'}
[17.566552] (asurt_msgs) StdoutLine: {'line': b'[ 48%] \x1b[32mBuilding CXX object CMakeFiles/asurt_msgs__rosidl_typesupport_c.dir/rosidl_typesupport_c/asurt_msgs/msg/cone_img__type_support.cpp.o\x1b[0m\n'}
[17.592466] (asurt_msgs) StdoutLine: {'line': b'[ 49%] \x1b[32mBuilding C object CMakeFiles/asurt_msgs__rosidl_typesupport_introspection_c.dir/rosidl_typesupport_introspection_c/asurt_msgs/msg/detail/roadstate__type_support.c.o\x1b[0m\n'}
[17.614977] (-) TimerEvent: {}
[17.624238] (asurt_msgs) StdoutLine: {'line': b'[ 49%] \x1b[32mBuilding CXX object CMakeFiles/asurt_msgs__rosidl_typesupport_c.dir/rosidl_typesupport_c/asurt_msgs/msg/cone_img_array__type_support.cpp.o\x1b[0m\n'}
[17.652839] (asurt_msgs) StdoutLine: {'line': b'[ 50%] \x1b[32mBuilding C object CMakeFiles/asurt_msgs__rosidl_typesupport_introspection_c.dir/rosidl_typesupport_introspection_c/asurt_msgs/msg/detail/cloud_info__type_support.c.o\x1b[0m\n'}
[17.666776] (asurt_msgs) StdoutLine: {'line': b'[ 51%] \x1b[32mBuilding CXX object CMakeFiles/asurt_msgs__rosidl_typesupport_c.dir/rosidl_typesupport_c/asurt_msgs/msg/key_points__type_support.cpp.o\x1b[0m\n'}
[17.707232] (asurt_msgs) StdoutLine: {'line': b'[ 52%] \x1b[32m\x1b[1mLinking CXX shared library libasurt_msgs__rosidl_typesupport_c.so\x1b[0m\n'}
[17.718475] (asurt_msgs) StdoutLine: {'line': b'[ 53%] \x1b[32mBuilding C object CMakeFiles/asurt_msgs__rosidl_typesupport_introspection_c.dir/rosidl_typesupport_introspection_c/asurt_msgs/msg/detail/bounding_box__type_support.c.o\x1b[0m\n'}
[17.718858] (-) TimerEvent: {}
[17.721466] (asurt_msgs) StdoutLine: {'line': b'[ 54%] \x1b[32mBuilding CXX object CMakeFiles/asurt_msgs__rosidl_typesupport_introspection_cpp.dir/rosidl_typesupport_introspection_cpp/asurt_msgs/msg/detail/cone_img_array__type_support.cpp.o\x1b[0m\n'}
[17.731640] (asurt_msgs) StdoutLine: {'line': b'[ 55%] \x1b[32mBuilding CXX object CMakeFiles/asurt_msgs__rosidl_typesupport_fastrtps_c.dir/rosidl_typesupport_fastrtps_c/asurt_msgs/msg/detail/landmark__type_support_c.cpp.o\x1b[0m\n'}
[17.735025] (asurt_msgs) StdoutLine: {'line': b'[ 56%] \x1b[32mBuilding CXX object CMakeFiles/asurt_msgs__rosidl_typesupport_introspection_cpp.dir/rosidl_typesupport_introspection_cpp/asurt_msgs/msg/detail/key_points__type_support.cpp.o\x1b[0m\n'}
[17.768021] (asurt_msgs) StdoutLine: {'line': b'[ 57%] \x1b[32mBuilding C object CMakeFiles/asurt_msgs__rosidl_typesupport_introspection_c.dir/rosidl_typesupport_introspection_c/asurt_msgs/msg/detail/bounding_boxes__type_support.c.o\x1b[0m\n'}
[17.777389] (asurt_msgs) StdoutLine: {'line': b'[ 58%] \x1b[32mBuilding C object CMakeFiles/asurt_msgs__rosidl_typesupport_introspection_c.dir/rosidl_typesupport_introspection_c/asurt_msgs/msg/detail/cone_img__type_support.c.o\x1b[0m\n'}
[17.796412] (asurt_msgs) StdoutLine: {'line': b'[ 59%] \x1b[32mBuilding C object CMakeFiles/asurt_msgs__rosidl_typesupport_introspection_c.dir/rosidl_typesupport_introspection_c/asurt_msgs/msg/detail/cone_img_array__type_support.c.o\x1b[0m\n'}
[17.815513] (asurt_msgs) StdoutLine: {'line': b'[ 60%] \x1b[32mBuilding CXX object CMakeFiles/asurt_msgs__rosidl_typesupport_cpp.dir/rosidl_typesupport_cpp/asurt_msgs/msg/key_points__type_support.cpp.o\x1b[0m\n'}
[17.817997] (asurt_msgs) StdoutLine: {'line': b'[ 61%] \x1b[32mBuilding CXX object CMakeFiles/asurt_msgs__rosidl_typesupport_fastrtps_cpp.dir/rosidl_typesupport_fastrtps_cpp/asurt_msgs/msg/detail/dds_fastrtps/roadstate__type_support.cpp.o\x1b[0m\n'}
[17.819030] (-) TimerEvent: {}
[17.849130] (asurt_msgs) StdoutLine: {'line': b'[ 62%] \x1b[32mBuilding CXX object CMakeFiles/asurt_msgs__rosidl_typesupport_fastrtps_c.dir/rosidl_typesupport_fastrtps_c/asurt_msgs/msg/detail/landmark_array__type_support_c.cpp.o\x1b[0m\n'}
[17.867416] (asurt_msgs) StdoutLine: {'line': b'[ 63%] \x1b[32mBuilding C object CMakeFiles/asurt_msgs__rosidl_typesupport_introspection_c.dir/rosidl_typesupport_introspection_c/asurt_msgs/msg/detail/key_points__type_support.c.o\x1b[0m\n'}
[17.919633] (-) TimerEvent: {}
[17.936893] (asurt_msgs) StdoutLine: {'line': b'[ 64%] \x1b[32m\x1b[1mLinking C shared library libasurt_msgs__rosidl_typesupport_introspection_c.so\x1b[0m\n'}
[18.022457] (-) TimerEvent: {}
[18.047112] (asurt_msgs) StdoutLine: {'line': b'[ 64%] Built target asurt_msgs__rosidl_typesupport_c\n'}
[18.064458] (asurt_msgs) StdoutLine: {'line': b'[ 65%] \x1b[32mBuilding CXX object CMakeFiles/asurt_msgs__rosidl_typesupport_fastrtps_cpp.dir/rosidl_typesupport_fastrtps_cpp/asurt_msgs/msg/detail/dds_fastrtps/cloud_info__type_support.cpp.o\x1b[0m\n'}
[18.100317] (asurt_msgs) StdoutLine: {'line': b'[ 66%] \x1b[32mBuilding CXX object CMakeFiles/asurt_msgs__rosidl_typesupport_fastrtps_cpp.dir/rosidl_typesupport_fastrtps_cpp/asurt_msgs/msg/detail/dds_fastrtps/bounding_box__type_support.cpp.o\x1b[0m\n'}
[18.126963] (-) TimerEvent: {}
[18.149569] (asurt_msgs) StdoutLine: {'line': b'[ 67%] \x1b[32mBuilding CXX object CMakeFiles/asurt_msgs__rosidl_typesupport_fastrtps_cpp.dir/rosidl_typesupport_fastrtps_cpp/asurt_msgs/msg/detail/dds_fastrtps/bounding_boxes__type_support.cpp.o\x1b[0m\n'}
[18.197075] (asurt_msgs) StdoutLine: {'line': b'[ 68%] \x1b[32mBuilding CXX object CMakeFiles/asurt_msgs__rosidl_typesupport_fastrtps_cpp.dir/rosidl_typesupport_fastrtps_cpp/asurt_msgs/msg/detail/dds_fastrtps/cone_img__type_support.cpp.o\x1b[0m\n'}
[18.227129] (-) TimerEvent: {}
[18.258032] (asurt_msgs) StdoutLine: {'line': b'[ 69%] \x1b[32mBuilding CXX object CMakeFiles/asurt_msgs__rosidl_typesupport_fastrtps_cpp.dir/rosidl_typesupport_fastrtps_cpp/asurt_msgs/msg/detail/dds_fastrtps/cone_img_array__type_support.cpp.o\x1b[0m\n'}
[18.265777] (asurt_msgs) StdoutLine: {'line': b'[ 70%] \x1b[32mBuilding CXX object CMakeFiles/asurt_msgs__rosidl_typesupport_fastrtps_cpp.dir/rosidl_typesupport_fastrtps_cpp/asurt_msgs/msg/detail/dds_fastrtps/key_points__type_support.cpp.o\x1b[0m\n'}
[18.270800] (asurt_msgs) StdoutLine: {'line': b'[ 70%] Built target asurt_msgs__rosidl_typesupport_introspection_c\n'}
[18.273262] (asurt_msgs) StdoutLine: {'line': b'[ 71%] \x1b[32m\x1b[1mLinking CXX shared library libasurt_msgs__rosidl_typesupport_cpp.so\x1b[0m\n'}
[18.285255] (asurt_msgs) StdoutLine: {'line': b'[ 72%] \x1b[32mBuilding CXX object CMakeFiles/asurt_msgs__rosidl_typesupport_fastrtps_c.dir/rosidl_typesupport_fastrtps_c/asurt_msgs/msg/detail/node_status__type_support_c.cpp.o\x1b[0m\n'}
[18.327293] (-) TimerEvent: {}
[18.430484] (-) TimerEvent: {}
[18.449142] (asurt_msgs) StdoutLine: {'line': b'[ 73%] \x1b[32mBuilding CXX object CMakeFiles/asurt_msgs__rosidl_typesupport_fastrtps_c.dir/rosidl_typesupport_fastrtps_c/asurt_msgs/msg/detail/roadstate__type_support_c.cpp.o\x1b[0m\n'}
[18.517771] (asurt_msgs) StdoutLine: {'line': b'[ 74%] \x1b[32mBuilding CXX object CMakeFiles/asurt_msgs__rosidl_typesupport_fastrtps_c.dir/rosidl_typesupport_fastrtps_c/asurt_msgs/msg/detail/cloud_info__type_support_c.cpp.o\x1b[0m\n'}
[18.530691] (-) TimerEvent: {}
[18.532138] (asurt_msgs) StdoutLine: {'line': b'[ 75%] \x1b[32m\x1b[1mLinking CXX shared library libasurt_msgs__rosidl_typesupport_introspection_cpp.so\x1b[0m\n'}
[18.577092] (asurt_msgs) StdoutLine: {'line': b'[ 76%] \x1b[32mBuilding CXX object CMakeFiles/asurt_msgs__rosidl_typesupport_fastrtps_c.dir/rosidl_typesupport_fastrtps_c/asurt_msgs/msg/detail/bounding_box__type_support_c.cpp.o\x1b[0m\n'}
[18.634449] (asurt_msgs) StdoutLine: {'line': b'[ 76%] Built target asurt_msgs__rosidl_typesupport_cpp\n'}
[18.634762] (-) TimerEvent: {}
[18.644907] (asurt_msgs) StdoutLine: {'line': b'[ 77%] \x1b[32mBuilding CXX object CMakeFiles/asurt_msgs__rosidl_typesupport_fastrtps_c.dir/rosidl_typesupport_fastrtps_c/asurt_msgs/msg/detail/bounding_boxes__type_support_c.cpp.o\x1b[0m\n'}
[18.738481] (-) TimerEvent: {}
[18.838403] (asurt_msgs) StdoutLine: {'line': b'[ 78%] \x1b[32mBuilding CXX object CMakeFiles/asurt_msgs__rosidl_typesupport_fastrtps_c.dir/rosidl_typesupport_fastrtps_c/asurt_msgs/msg/detail/cone_img__type_support_c.cpp.o\x1b[0m\n'}
[18.838656] (-) TimerEvent: {}
[18.938988] (-) TimerEvent: {}
[18.965913] (asurt_msgs) StdoutLine: {'line': b'[ 79%] \x1b[32mBuilding CXX object CMakeFiles/asurt_msgs__rosidl_typesupport_fastrtps_c.dir/rosidl_typesupport_fastrtps_c/asurt_msgs/msg/detail/cone_img_array__type_support_c.cpp.o\x1b[0m\n'}
[18.983187] (asurt_msgs) StdoutLine: {'line': b'[ 79%] Built target asurt_msgs__rosidl_typesupport_introspection_cpp\n'}
[18.995194] (asurt_msgs) StdoutLine: {'line': b'[ 80%] \x1b[32mBuilding CXX object CMakeFiles/asurt_msgs__rosidl_typesupport_fastrtps_c.dir/rosidl_typesupport_fastrtps_c/asurt_msgs/msg/detail/key_points__type_support_c.cpp.o\x1b[0m\n'}
[19.039302] (-) TimerEvent: {}
[19.127495] (asurt_msgs) StdoutLine: {'line': b'[ 81%] \x1b[32m\x1b[1mLinking CXX shared library libasurt_msgs__rosidl_typesupport_fastrtps_cpp.so\x1b[0m\n'}
[19.139495] (-) TimerEvent: {}
[19.240135] (-) TimerEvent: {}
[19.342572] (-) TimerEvent: {}
[19.353625] (asurt_msgs) StdoutLine: {'line': b'[ 82%] \x1b[32m\x1b[1mLinking CXX shared library libasurt_msgs__rosidl_typesupport_fastrtps_c.so\x1b[0m\n'}
[19.404184] (asurt_msgs) StdoutLine: {'line': b'[ 82%] Built target asurt_msgs__rosidl_typesupport_fastrtps_cpp\n'}
[19.442707] (-) TimerEvent: {}
[19.496136] (asurt_msgs) StdoutLine: {'line': b'[ 82%] Built target asurt_msgs__rosidl_typesupport_fastrtps_c\n'}
[19.509057] (asurt_msgs) StdoutLine: {'line': b'[ 82%] Built target asurt_msgs\n'}
[19.523103] (asurt_msgs) StdoutLine: {'line': b'[ 83%] \x1b[34m\x1b[1mGenerating Python code for ROS interfaces\x1b[0m\n'}
[19.542831] (-) TimerEvent: {}
[19.643346] (-) TimerEvent: {}
[19.743871] (-) TimerEvent: {}
[19.844220] (-) TimerEvent: {}
[19.944826] (-) TimerEvent: {}
[20.045214] (-) TimerEvent: {}
[20.145924] (-) TimerEvent: {}
[20.246430] (-) TimerEvent: {}
[20.347215] (-) TimerEvent: {}
[20.428398] (asurt_msgs) StdoutLine: {'line': b'[ 83%] Built target asurt_msgs__py\n'}
[20.444324] (asurt_msgs) StdoutLine: {'line': b'[ 84%] \x1b[32mBuilding C object CMakeFiles/asurt_msgs__rosidl_generator_py.dir/rosidl_generator_py/asurt_msgs/msg/_landmark_array_s.c.o\x1b[0m\n'}
[20.451840] (asurt_msgs) StdoutLine: {'line': b'[ 85%] \x1b[32mBuilding C object CMakeFiles/asurt_msgs__rosidl_generator_py.dir/rosidl_generator_py/asurt_msgs/msg/_cloud_info_s.c.o\x1b[0m\n'}
[20.452107] (-) TimerEvent: {}
[20.452249] (asurt_msgs) StdoutLine: {'line': b'[ 86%] \x1b[32mBuilding C object CMakeFiles/asurt_msgs__rosidl_generator_py.dir/rosidl_generator_py/asurt_msgs/msg/_bounding_boxes_s.c.o\x1b[0m\n'}
[20.454117] (asurt_msgs) StdoutLine: {'line': b'[ 87%] \x1b[32mBuilding C object CMakeFiles/asurt_msgs__rosidl_generator_py.dir/rosidl_generator_py/asurt_msgs/msg/_cone_img_s.c.o\x1b[0m\n'}
[20.456280] (asurt_msgs) StdoutLine: {'line': b'[ 88%] \x1b[32mBuilding C object CMakeFiles/asurt_msgs__rosidl_generator_py.dir/rosidl_generator_py/asurt_msgs/msg/_cone_img_array_s.c.o\x1b[0m\n'}
[20.460283] (asurt_msgs) StdoutLine: {'line': b'[ 89%] \x1b[32mBuilding C object CMakeFiles/asurt_msgs__rosidl_generator_py.dir/rosidl_generator_py/asurt_msgs/msg/_node_status_s.c.o\x1b[0m\n'}
[20.461637] (asurt_msgs) StdoutLine: {'line': b'[ 90%] \x1b[32mBuilding C object CMakeFiles/asurt_msgs__rosidl_generator_py.dir/rosidl_generator_py/asurt_msgs/msg/_key_points_s.c.o\x1b[0m\n'}
[20.465444] (asurt_msgs) StdoutLine: {'line': b'[ 91%] \x1b[32mBuilding C object CMakeFiles/asurt_msgs__rosidl_generator_py.dir/rosidl_generator_py/asurt_msgs/msg/_roadstate_s.c.o\x1b[0m\n'}
[20.469909] (asurt_msgs) StdoutLine: {'line': b'[ 92%] \x1b[32mBuilding C object CMakeFiles/asurt_msgs__rosidl_generator_py.dir/rosidl_generator_py/asurt_msgs/msg/_bounding_box_s.c.o\x1b[0m\n'}
[20.470152] (asurt_msgs) StdoutLine: {'line': b'[ 93%] \x1b[32mBuilding C object CMakeFiles/asurt_msgs__rosidl_generator_py.dir/rosidl_generator_py/asurt_msgs/msg/_landmark_s.c.o\x1b[0m\n'}
[20.552701] (-) TimerEvent: {}
[20.653370] (-) TimerEvent: {}
[20.689373] (asurt_msgs) StdoutLine: {'line': b'[ 94%] \x1b[32m\x1b[1mLinking C shared library rosidl_generator_py/asurt_msgs/libasurt_msgs__rosidl_generator_py.so\x1b[0m\n'}
[20.753740] (-) TimerEvent: {}
[20.854387] (-) TimerEvent: {}
[20.954925] (-) TimerEvent: {}
[21.055487] (-) TimerEvent: {}
[21.075508] (asurt_msgs) StdoutLine: {'line': b'[ 94%] Built target asurt_msgs__rosidl_generator_py\n'}
[21.093748] (asurt_msgs) StdoutLine: {'line': b'[ 95%] \x1b[32mBuilding C object CMakeFiles/asurt_msgs__rosidl_typesupport_fastrtps_c__pyext.dir/rosidl_generator_py/asurt_msgs/_asurt_msgs_s.ep.rosidl_typesupport_fastrtps_c.c.o\x1b[0m\n'}
[21.099030] (asurt_msgs) StdoutLine: {'line': b'[ 96%] \x1b[32mBuilding C object CMakeFiles/asurt_msgs__rosidl_typesupport_introspection_c__pyext.dir/rosidl_generator_py/asurt_msgs/_asurt_msgs_s.ep.rosidl_typesupport_introspection_c.c.o\x1b[0m\n'}
[21.099273] (asurt_msgs) StdoutLine: {'line': b'[ 97%] \x1b[32mBuilding C object CMakeFiles/asurt_msgs__rosidl_typesupport_c__pyext.dir/rosidl_generator_py/asurt_msgs/_asurt_msgs_s.ep.rosidl_typesupport_c.c.o\x1b[0m\n'}
[21.156638] (-) TimerEvent: {}
[21.238625] (asurt_msgs) StdoutLine: {'line': b'[ 98%] \x1b[32m\x1b[1mLinking C shared library rosidl_generator_py/asurt_msgs/asurt_msgs_s__rosidl_typesupport_introspection_c.cpython-310-x86_64-linux-gnu.so\x1b[0m\n'}
[21.240529] (asurt_msgs) StdoutLine: {'line': b'[ 99%] \x1b[32m\x1b[1mLinking C shared library rosidl_generator_py/asurt_msgs/asurt_msgs_s__rosidl_typesupport_fastrtps_c.cpython-310-x86_64-linux-gnu.so\x1b[0m\n'}
[21.246680] (asurt_msgs) StdoutLine: {'line': b'[100%] \x1b[32m\x1b[1mLinking C shared library rosidl_generator_py/asurt_msgs/asurt_msgs_s__rosidl_typesupport_c.cpython-310-x86_64-linux-gnu.so\x1b[0m\n'}
[21.256898] (-) TimerEvent: {}
[21.357388] (-) TimerEvent: {}
[21.457956] (-) TimerEvent: {}
[21.520539] (asurt_msgs) StdoutLine: {'line': b'[100%] Built target asurt_msgs__rosidl_typesupport_introspection_c__pyext\n'}
[21.520808] (asurt_msgs) StdoutLine: {'line': b'[100%] Built target asurt_msgs__rosidl_typesupport_c__pyext\n'}
[21.520892] (asurt_msgs) StdoutLine: {'line': b'[100%] Built target asurt_msgs__rosidl_typesupport_fastrtps_c__pyext\n'}
[21.530749] (asurt_msgs) CommandEnded: {'returncode': 0}
[21.531778] (asurt_msgs) JobProgress: {'identifier': 'asurt_msgs', 'progress': 'install'}
[21.537452] (asurt_msgs) Command: {'cmd': ['/usr/bin/cmake', '--install', '/home/ayasx9/FSAI26/FSAI25_perception/fs-system-26/Perception/ros2_ws/asurt_msgs/build/asurt_msgs'], 'cwd': '/home/ayasx9/FSAI26/FSAI25_perception/fs-system-26/Perception/ros2_ws/asurt_msgs/build/asurt_msgs', 'env': OrderedDict([('LESSOPEN', '| /usr/bin/lesspipe %s'), ('USER', 'ayasx9'), ('SSH_AGENT_PID', '577'), ('SHLVL', '1'), ('LD_LIBRARY_PATH', '/opt/ros/humble/opt/rviz_ogre_vendor/lib:/opt/ros/humble/lib/x86_64-linux-gnu:/opt/ros/humble/lib'), ('WT_PROFILE_ID', '{4ff56d04-d9cf-57ea-bae2-ad396374e7e3}'), ('MOTD_SHOWN', 'update-motd'), ('HOME', '/home/ayasx9'), ('OLDPWD', '/home/ayasx9/FSAI26/FSAI25_perception/fs-system-26/Perception/ros2_ws'), ('ROS_PYTHON_VERSION', '3'), ('DBUS_SESSION_BUS_ADDRESS', 'unix:path=/run/user/1000/bus'), ('WSL_DISTRO_NAME', 'Ubuntu-22.04'), ('WAYLAND_DISPLAY', 'wayland-0'), ('COLCON_PREFIX_PATH', '/home/ayasx9/arl_workshop/turtle_proj1/install:/home/ayasx9/ros2_proj1/install'), ('ROS_DISTRO', 'humble'), ('LOGNAME', 'ayasx9'), ('NAME', 'LAPTOP-4FIG3HKH'), ('WSL_INTEROP', '/run/WSL/315_interop'), ('PULSE_SERVER', 'unix:/mnt/wslg/PulseServer'), ('_', '/usr/bin/colcon'), ('ROS_VERSION', '2'), ('TERM', 'xterm-256color'), ('ROS_LOCALHOST_ONLY', '0'), ('PATH', '/home/ayasx9/.local/bin:/opt/ros/humble/bin:/usr/local/sbin:/usr/local/bin:/usr/sbin:/usr/bin:/sbin:/bin:/usr/games:/usr/local/games:/usr/lib/wsl/lib:/mnt/c/WINDOWS/system32:/mnt/c/WINDOWS:/mnt/c/WINDOWS/System32/Wbem:/mnt/c/WINDOWS/System32/WindowsPowerShell/v1.0/:/mnt/c/WINDOWS/System32/OpenSSH/:/mnt/c/Users/ayaya/AppData/Local/Programs/Python/Python312:/mnt/c/Program Files/Git/cmd:/mnt/c/Program Files/TortoiseGit/bin:/mnt/c/msys64/mingw64/bin:/mnt/c/Program Files/PuTTY/:/mnt/c/Program Files (x86)/Microsoft SQL Server/160/Tools/Binn/:/mnt/c/Program Files/Microsoft SQL Server/160/Tools/Binn/:/mnt/c/Program Files/Microsoft SQL Server/Client SDK/ODBC/170/Tools/Binn/:/mnt/c/Program Files/Microsoft SQL Server/160/DTS/Binn/:/mnt/c/Program Files (x86)/Microsoft SQL Server/160/DTS/Binn/:/mnt/c/Program Files/MATLAB/R2024b/bin:/mnt/c/Program Files/dotnet/:/mnt/c/Program Files/Microsoft SQL Server/150/Tools/Binn/:/mnt/c/Program Files/CMake/bin:/mnt/c/Program Files/nodejs/:/mnt/c/Program Files/MongoDB/Server/8.2/bin:/mnt/c/Users/ayaya/AppData/Local/Programs/Python/Python313/Scripts/:/mnt/c/Users/ayaya/AppData/Local/Programs/Python/Python313/:/mnt/c/Users/ayaya/AppData/Local/Programs/Python/Launcher/:/mnt/c/Program Files/MySQL/MySQL Shell 8.0/bin/:/mnt/c/Users/ayaya/AppData/Local/Programs/Python/Python312/Scripts/:/mnt/c/Users/ayaya/AppData/Local/Programs/Python/Python312/:/mnt/c/Users/ayaya/AppData/Local/Microsoft/WindowsApps:/mnt/c/Users/ayaya/AppData/Local/Programs/Microsoft VS Code/bin:/mnt/c/MinGW/bin:/mnt/c/questasim64_10.6c/win64:/mnt/c/Program Files/JetBrains/IntelliJ IDEA Community Edition 2024.3.3/bin:/mnt/c/Users/ayaya/.dotnet/tools:/mnt/c/Users/ayaya/AppData/Roaming/npm:/snap/bin'), ('WT_SESSION', '14a291ec-7231-4d47-ad58-9ad1536a51d7'), ('XDG_RUNTIME_DIR', '/run/user/1000/'), ('DISPLAY', ':0'), ('LANG', 'C.UTF-8'), ('LS_COLORS', 'rs=0:di=01;34:ln=01;36:mh=00:pi=40;33:so=01;35:do=01;35:bd=40;33;01:cd=40;33;01:or=40;31;01:mi=00:su=37;41:sg=30;43:ca=30;41:tw=30;42:ow=34;42:st=37;44:ex=01;32:*.tar=01;31:*.tgz=01;31:*.arc=01;31:*.arj=01;31:*.taz=01;31:*.lha=01;31:*.lz4=01;31:*.lzh=01;31:*.lzma=01;31:*.tlz=01;31:*.txz=01;31:*.tzo=01;31:*.t7z=01;31:*.zip=01;31:*.z=01;31:*.dz=01;31:*.gz=01;31:*.lrz=01;31:*.lz=01;31:*.lzo=01;31:*.xz=01;31:*.zst=01;31:*.tzst=01;31:*.bz2=01;31:*.bz=01;31:*.tbz=01;31:*.tbz2=01;31:*.tz=01;31:*.deb=01;31:*.rpm=01;31:*.jar=01;31:*.war=01;31:*.ear=01;31:*.sar=01;31:*.rar=01;31:*.alz=01;31:*.ace=01;31:*.zoo=01;31:*.cpio=01;31:*.7z=01;31:*.rz=01;31:*.cab=01;31:*.wim=01;31:*.swm=01;31:*.dwm=01;31:*.esd=01;31:*.jpg=01;35:*.jpeg=01;35:*.mjpg=01;35:*.mjpeg=01;35:*.gif=01;35:*.bmp=01;35:*.pbm=01;35:*.pgm=01;35:*.ppm=01;35:*.tga=01;35:*.xbm=01;35:*.xpm=01;35:*.tif=01;35:*.tiff=01;35:*.png=01;35:*.svg=01;35:*.svgz=01;35:*.mng=01;35:*.pcx=01;35:*.mov=01;35:*.mpg=01;35:*.mpeg=01;35:*.m2v=01;35:*.mkv=01;35:*.webm=01;35:*.webp=01;35:*.ogm=01;35:*.mp4=01;35:*.m4v=01;35:*.mp4v=01;35:*.vob=01;35:*.qt=01;35:*.nuv=01;35:*.wmv=01;35:*.asf=01;35:*.rm=01;35:*.rmvb=01;35:*.flc=01;35:*.avi=01;35:*.fli=01;35:*.flv=01;35:*.gl=01;35:*.dl=01;35:*.xcf=01;35:*.xwd=01;35:*.yuv=01;35:*.cgm=01;35:*.emf=01;35:*.ogv=01;35:*.ogx=01;35:*.aac=00;36:*.au=00;36:*.flac=00;36:*.m4a=00;36:*.mid=00;36:*.midi=00;36:*.mka=00;36:*.mp3=00;36:*.mpc=00;36:*.ogg=00;36:*.ra=00;36:*.wav=00;36:*.oga=00;36:*.opus=00;36:*.spx=00;36:*.xspf=00;36:'), ('SSH_AUTH_SOCK', '/tmp/ssh-XXXXXXlqinRV/agent.574'), ('AMENT_PREFIX_PATH', '/home/ayasx9/arl_workshop/turtle_proj1/install/my_launch_pkg:/home/ayasx9/arl_workshop/turtle_proj1/install/project_nodes:/home/ayasx9/ros2_proj1/install/my_turtle_proj:/opt/ros/humble'), ('SHELL', '/bin/bash'), ('LESSCLOSE', '/usr/bin/lesspipe %s %s'), ('PWD', '/home/ayasx9/FSAI26/FSAI25_perception/fs-system-26/Perception/ros2_ws/asurt_msgs/build/asurt_msgs'), ('XDG_DATA_DIRS', '/usr/local/share:/usr/share:/var/lib/snapd/desktop'), ('PYTHONPATH', '/home/ayasx9/arl_workshop/turtle_proj1/build/project_nodes:/home/ayasx9/arl_workshop/turtle_proj1/install/project_nodes/lib/python3.10/site-packages:/home/ayasx9/ros2_proj1/build/my_turtle_proj:/home/ayasx9/ros2_proj1/install/my_turtle_proj/lib/python3.10/site-packages:/opt/ros/humble/lib/python3.10/site-packages:/opt/ros/humble/local/lib/python3.10/dist-packages'), ('COLCON', '1'), ('WSL2_GUI_APPS_ENABLED', '1'), ('HOSTTYPE', 'x86_64'), ('CMAKE_PREFIX_PATH', '/home/ayasx9/arl_workshop/turtle_proj1/install/my_launch_pkg:/home/ayasx9/arl_workshop/turtle_proj1/install/project_nodes:/home/ayasx9/ros2_proj1/install/my_turtle_proj:/opt/ros/humble'), ('WSLENV', 'WT_SESSION:WT_PROFILE_ID:')]), 'shell': False}
[21.542844] (asurt_msgs) StdoutLine: {'line': b'-- Install configuration: ""\n'}
[21.543492] (asurt_msgs) StdoutLine: {'line': b'-- Installing: /home/ayasx9/FSAI26/FSAI25_perception/fs-system-26/Perception/ros2_ws/asurt_msgs/install/asurt_msgs/share/ament_index/resource_index/rosidl_interfaces/asurt_msgs\n'}
[21.543668] (asurt_msgs) StdoutLine: {'line': b'-- Installing: /home/ayasx9/FSAI26/FSAI25_perception/fs-system-26/Perception/ros2_ws/asurt_msgs/install/asurt_msgs/include/asurt_msgs/asurt_msgs\n'}
[21.544204] (asurt_msgs) StdoutLine: {'line': b'-- Installing: /home/ayasx9/FSAI26/FSAI25_perception/fs-system-26/Perception/ros2_ws/asurt_msgs/install/asurt_msgs/include/asurt_msgs/asurt_msgs/msg\n'}
[21.544344] (asurt_msgs) StdoutLine: {'line': b'-- Installing: /home/ayasx9/FSAI26/FSAI25_perception/fs-system-26/Perception/ros2_ws/asurt_msgs/install/asurt_msgs/include/asurt_msgs/asurt_msgs/msg/roadstate.h\n'}
[21.544462] (asurt_msgs) StdoutLine: {'line': b'-- Installing: /home/ayasx9/FSAI26/FSAI25_perception/fs-system-26/Perception/ros2_ws/asurt_msgs/install/asurt_msgs/include/asurt_msgs/asurt_msgs/msg/landmark.h\n'}
[21.544787] (asurt_msgs) StdoutLine: {'line': b'-- Installing: /home/ayasx9/FSAI26/FSAI25_perception/fs-system-26/Perception/ros2_ws/asurt_msgs/install/asurt_msgs/include/asurt_msgs/asurt_msgs/msg/cone_img_array.h\n'}
[21.544836] (asurt_msgs) StdoutLine: {'line': b'-- Installing: /home/ayasx9/FSAI26/FSAI25_perception/fs-system-26/Perception/ros2_ws/asurt_msgs/install/asurt_msgs/include/asurt_msgs/asurt_msgs/msg/rosidl_generator_c__visibility_control.h\n'}
[21.544870] (asurt_msgs) StdoutLine: {'line': b'-- Installing: /home/ayasx9/FSAI26/FSAI25_perception/fs-system-26/Perception/ros2_ws/asurt_msgs/install/asurt_msgs/include/asurt_msgs/asurt_msgs/msg/landmark_array.h\n'}
[21.545239] (asurt_msgs) StdoutLine: {'line': b'-- Installing: /home/ayasx9/FSAI26/FSAI25_perception/fs-system-26/Perception/ros2_ws/asurt_msgs/install/asurt_msgs/include/asurt_msgs/asurt_msgs/msg/bounding_boxes.h\n'}
[21.545290] (asurt_msgs) StdoutLine: {'line': b'-- Installing: /home/ayasx9/FSAI26/FSAI25_perception/fs-system-26/Perception/ros2_ws/asurt_msgs/install/asurt_msgs/include/asurt_msgs/asurt_msgs/msg/key_points.h\n'}
[21.545385] (asurt_msgs) StdoutLine: {'line': b'-- Installing: /home/ayasx9/FSAI26/FSAI25_perception/fs-system-26/Perception/ros2_ws/asurt_msgs/install/asurt_msgs/include/asurt_msgs/asurt_msgs/msg/detail\n'}
[21.545616] (asurt_msgs) StdoutLine: {'line': b'-- Installing: /home/ayasx9/FSAI26/FSAI25_perception/fs-system-26/Perception/ros2_ws/asurt_msgs/install/asurt_msgs/include/asurt_msgs/asurt_msgs/msg/detail/key_points__struct.h\n'}
[21.545786] (asurt_msgs) StdoutLine: {'line': b'-- Installing: /home/ayasx9/FSAI26/FSAI25_perception/fs-system-26/Perception/ros2_ws/asurt_msgs/install/asurt_msgs/include/asurt_msgs/asurt_msgs/msg/detail/landmark_array__type_support.h\n'}
[21.545850] (asurt_msgs) StdoutLine: {'line': b'-- Installing: /home/ayasx9/FSAI26/FSAI25_perception/fs-system-26/Perception/ros2_ws/asurt_msgs/install/asurt_msgs/include/asurt_msgs/asurt_msgs/msg/detail/bounding_boxes__struct.h\n'}
[21.545939] (asurt_msgs) StdoutLine: {'line': b'-- Installing: /home/ayasx9/FSAI26/FSAI25_perception/fs-system-26/Perception/ros2_ws/asurt_msgs/install/asurt_msgs/include/asurt_msgs/asurt_msgs/msg/detail/node_status__struct.h\n'}
[21.546056] (asurt_msgs) StdoutLine: {'line': b'-- Installing: /home/ayasx9/FSAI26/FSAI25_perception/fs-system-26/Perception/ros2_ws/asurt_msgs/install/asurt_msgs/include/asurt_msgs/asurt_msgs/msg/detail/node_status__functions.c\n'}
[21.546234] (asurt_msgs) StdoutLine: {'line': b'-- Installing: /home/ayasx9/FSAI26/FSAI25_perception/fs-system-26/Perception/ros2_ws/asurt_msgs/install/asurt_msgs/include/asurt_msgs/asurt_msgs/msg/detail/bounding_box__functions.h\n'}
[21.546369] (asurt_msgs) StdoutLine: {'line': b'-- Installing: /home/ayasx9/FSAI26/FSAI25_perception/fs-system-26/Perception/ros2_ws/asurt_msgs/install/asurt_msgs/include/asurt_msgs/asurt_msgs/msg/detail/cone_img_array__struct.h\n'}
[21.546476] (asurt_msgs) StdoutLine: {'line': b'-- Installing: /home/ayasx9/FSAI26/FSAI25_perception/fs-system-26/Perception/ros2_ws/asurt_msgs/install/asurt_msgs/include/asurt_msgs/asurt_msgs/msg/detail/cone_img__struct.h\n'}
[21.546592] (asurt_msgs) StdoutLine: {'line': b'-- Installing: /home/ayasx9/FSAI26/FSAI25_perception/fs-system-26/Perception/ros2_ws/asurt_msgs/install/asurt_msgs/include/asurt_msgs/asurt_msgs/msg/detail/node_status__functions.h\n'}
[21.546706] (asurt_msgs) StdoutLine: {'line': b'-- Installing: /home/ayasx9/FSAI26/FSAI25_perception/fs-system-26/Perception/ros2_ws/asurt_msgs/install/asurt_msgs/include/asurt_msgs/asurt_msgs/msg/detail/key_points__functions.c\n'}
[21.546788] (asurt_msgs) StdoutLine: {'line': b'-- Installing: /home/ayasx9/FSAI26/FSAI25_perception/fs-system-26/Perception/ros2_ws/asurt_msgs/install/asurt_msgs/include/asurt_msgs/asurt_msgs/msg/detail/landmark__type_support.h\n'}
[21.546976] (asurt_msgs) StdoutLine: {'line': b'-- Installing: /home/ayasx9/FSAI26/FSAI25_perception/fs-system-26/Perception/ros2_ws/asurt_msgs/install/asurt_msgs/include/asurt_msgs/asurt_msgs/msg/detail/cloud_info__functions.h\n'}
[21.547201] (asurt_msgs) StdoutLine: {'line': b'-- Installing: /home/ayasx9/FSAI26/FSAI25_perception/fs-system-26/Perception/ros2_ws/asurt_msgs/install/asurt_msgs/include/asurt_msgs/asurt_msgs/msg/detail/bounding_boxes__type_support.h\n'}
[21.547279] (asurt_msgs) StdoutLine: {'line': b'-- Installing: /home/ayasx9/FSAI26/FSAI25_perception/fs-system-26/Perception/ros2_ws/asurt_msgs/install/asurt_msgs/include/asurt_msgs/asurt_msgs/msg/detail/bounding_boxes__functions.h\n'}
[21.547412] (asurt_msgs) StdoutLine: {'line': b'-- Installing: /home/ayasx9/FSAI26/FSAI25_perception/fs-system-26/Perception/ros2_ws/asurt_msgs/install/asurt_msgs/include/asurt_msgs/asurt_msgs/msg/detail/cloud_info__functions.c\n'}
[21.547540] (asurt_msgs) StdoutLine: {'line': b'-- Installing: /home/ayasx9/FSAI26/FSAI25_perception/fs-system-26/Perception/ros2_ws/asurt_msgs/install/asurt_msgs/include/asurt_msgs/asurt_msgs/msg/detail/bounding_box__struct.h\n'}
[21.547661] (asurt_msgs) StdoutLine: {'line': b'-- Installing: /home/ayasx9/FSAI26/FSAI25_perception/fs-system-26/Perception/ros2_ws/asurt_msgs/install/asurt_msgs/include/asurt_msgs/asurt_msgs/msg/detail/landmark_array__functions.h\n'}
[21.547794] (asurt_msgs) StdoutLine: {'line': b'-- Installing: /home/ayasx9/FSAI26/FSAI25_perception/fs-system-26/Perception/ros2_ws/asurt_msgs/install/asurt_msgs/include/asurt_msgs/asurt_msgs/msg/detail/bounding_box__type_support.h\n'}
[21.547975] (asurt_msgs) StdoutLine: {'line': b'-- Installing: /home/ayasx9/FSAI26/FSAI25_perception/fs-system-26/Perception/ros2_ws/asurt_msgs/install/asurt_msgs/include/asurt_msgs/asurt_msgs/msg/detail/cone_img__functions.c\n'}
[21.548143] (asurt_msgs) StdoutLine: {'line': b'-- Installing: /home/ayasx9/FSAI26/FSAI25_perception/fs-system-26/Perception/ros2_ws/asurt_msgs/install/asurt_msgs/include/asurt_msgs/asurt_msgs/msg/detail/roadstate__struct.h\n'}
[21.548206] (asurt_msgs) StdoutLine: {'line': b'-- Installing: /home/ayasx9/FSAI26/FSAI25_perception/fs-system-26/Perception/ros2_ws/asurt_msgs/install/asurt_msgs/include/asurt_msgs/asurt_msgs/msg/detail/cone_img_array__functions.c\n'}
[21.548325] (asurt_msgs) StdoutLine: {'line': b'-- Installing: /home/ayasx9/FSAI26/FSAI25_perception/fs-system-26/Perception/ros2_ws/asurt_msgs/install/asurt_msgs/include/asurt_msgs/asurt_msgs/msg/detail/cone_img_array__functions.h\n'}
[21.548453] (asurt_msgs) StdoutLine: {'line': b'-- Installing: /home/ayasx9/FSAI26/FSAI25_perception/fs-system-26/Perception/ros2_ws/asurt_msgs/install/asurt_msgs/include/asurt_msgs/asurt_msgs/msg/detail/key_points__type_support.h\n'}
[21.548577] (asurt_msgs) StdoutLine: {'line': b'-- Installing: /home/ayasx9/FSAI26/FSAI25_perception/fs-system-26/Perception/ros2_ws/asurt_msgs/install/asurt_msgs/include/asurt_msgs/asurt_msgs/msg/detail/landmark__functions.c\n'}
[21.548688] (asurt_msgs) StdoutLine: {'line': b'-- Installing: /home/ayasx9/FSAI26/FSAI25_perception/fs-system-26/Perception/ros2_ws/asurt_msgs/install/asurt_msgs/include/asurt_msgs/asurt_msgs/msg/detail/roadstate__type_support.h\n'}
[21.548911] (asurt_msgs) StdoutLine: {'line': b'-- Installing: /home/ayasx9/FSAI26/FSAI25_perception/fs-system-26/Perception/ros2_ws/asurt_msgs/install/asurt_msgs/include/asurt_msgs/asurt_msgs/msg/detail/roadstate__functions.c\n'}
[21.549027] (asurt_msgs) StdoutLine: {'line': b'-- Installing: /home/ayasx9/FSAI26/FSAI25_perception/fs-system-26/Perception/ros2_ws/asurt_msgs/install/asurt_msgs/include/asurt_msgs/asurt_msgs/msg/detail/cloud_info__struct.h\n'}
[21.549141] (asurt_msgs) StdoutLine: {'line': b'-- Installing: /home/ayasx9/FSAI26/FSAI25_perception/fs-system-26/Perception/ros2_ws/asurt_msgs/install/asurt_msgs/include/asurt_msgs/asurt_msgs/msg/detail/cloud_info__type_support.h\n'}
[21.549299] (asurt_msgs) StdoutLine: {'line': b'-- Installing: /home/ayasx9/FSAI26/FSAI25_perception/fs-system-26/Perception/ros2_ws/asurt_msgs/install/asurt_msgs/include/asurt_msgs/asurt_msgs/msg/detail/bounding_box__functions.c\n'}
[21.549351] (asurt_msgs) StdoutLine: {'line': b'-- Installing: /home/ayasx9/FSAI26/FSAI25_perception/fs-system-26/Perception/ros2_ws/asurt_msgs/install/asurt_msgs/include/asurt_msgs/asurt_msgs/msg/detail/landmark_array__struct.h\n'}
[21.549568] (asurt_msgs) StdoutLine: {'line': b'-- Installing: /home/ayasx9/FSAI26/FSAI25_perception/fs-system-26/Perception/ros2_ws/asurt_msgs/install/asurt_msgs/include/asurt_msgs/asurt_msgs/msg/detail/key_points__functions.h\n'}
[21.549703] (asurt_msgs) StdoutLine: {'line': b'-- Installing: /home/ayasx9/FSAI26/FSAI25_perception/fs-system-26/Perception/ros2_ws/asurt_msgs/install/asurt_msgs/include/asurt_msgs/asurt_msgs/msg/detail/cone_img__type_support.h\n'}
[21.549832] (asurt_msgs) StdoutLine: {'line': b'-- Installing: /home/ayasx9/FSAI26/FSAI25_perception/fs-system-26/Perception/ros2_ws/asurt_msgs/install/asurt_msgs/include/asurt_msgs/asurt_msgs/msg/detail/landmark__struct.h\n'}
[21.549961] (asurt_msgs) StdoutLine: {'line': b'-- Installing: /home/ayasx9/FSAI26/FSAI25_perception/fs-system-26/Perception/ros2_ws/asurt_msgs/install/asurt_msgs/include/asurt_msgs/asurt_msgs/msg/detail/roadstate__functions.h\n'}
[21.550078] (asurt_msgs) StdoutLine: {'line': b'-- Installing: /home/ayasx9/FSAI26/FSAI25_perception/fs-system-26/Perception/ros2_ws/asurt_msgs/install/asurt_msgs/include/asurt_msgs/asurt_msgs/msg/detail/cone_img_array__type_support.h\n'}
[21.550191] (asurt_msgs) StdoutLine: {'line': b'-- Installing: /home/ayasx9/FSAI26/FSAI25_perception/fs-system-26/Perception/ros2_ws/asurt_msgs/install/asurt_msgs/include/asurt_msgs/asurt_msgs/msg/detail/landmark__functions.h\n'}
[21.550449] (asurt_msgs) StdoutLine: {'line': b'-- Installing: /home/ayasx9/FSAI26/FSAI25_perception/fs-system-26/Perception/ros2_ws/asurt_msgs/install/asurt_msgs/include/asurt_msgs/asurt_msgs/msg/detail/node_status__type_support.h\n'}
[21.550603] (asurt_msgs) StdoutLine: {'line': b'-- Installing: /home/ayasx9/FSAI26/FSAI25_perception/fs-system-26/Perception/ros2_ws/asurt_msgs/install/asurt_msgs/include/asurt_msgs/asurt_msgs/msg/detail/bounding_boxes__functions.c\n'}
[21.550832] (asurt_msgs) StdoutLine: {'line': b'-- Installing: /home/ayasx9/FSAI26/FSAI25_perception/fs-system-26/Perception/ros2_ws/asurt_msgs/install/asurt_msgs/include/asurt_msgs/asurt_msgs/msg/detail/landmark_array__functions.c\n'}
[21.550892] (asurt_msgs) StdoutLine: {'line': b'-- Installing: /home/ayasx9/FSAI26/FSAI25_perception/fs-system-26/Perception/ros2_ws/asurt_msgs/install/asurt_msgs/include/asurt_msgs/asurt_msgs/msg/detail/cone_img__functions.h\n'}
[21.550926] (asurt_msgs) StdoutLine: {'line': b'-- Installing: /home/ayasx9/FSAI26/FSAI25_perception/fs-system-26/Perception/ros2_ws/asurt_msgs/install/asurt_msgs/include/asurt_msgs/asurt_msgs/msg/cloud_info.h\n'}
[21.550957] (asurt_msgs) StdoutLine: {'line': b'-- Installing: /home/ayasx9/FSAI26/FSAI25_perception/fs-system-26/Perception/ros2_ws/asurt_msgs/install/asurt_msgs/include/asurt_msgs/asurt_msgs/msg/bounding_box.h\n'}
[21.550996] (asurt_msgs) StdoutLine: {'line': b'-- Installing: /home/ayasx9/FSAI26/FSAI25_perception/fs-system-26/Perception/ros2_ws/asurt_msgs/install/asurt_msgs/include/asurt_msgs/asurt_msgs/msg/cone_img.h\n'}
[21.551032] (asurt_msgs) StdoutLine: {'line': b'-- Installing: /home/ayasx9/FSAI26/FSAI25_perception/fs-system-26/Perception/ros2_ws/asurt_msgs/install/asurt_msgs/include/asurt_msgs/asurt_msgs/msg/node_status.h\n'}
[21.551126] (asurt_msgs) StdoutLine: {'line': b'-- Installing: /home/ayasx9/FSAI26/FSAI25_perception/fs-system-26/Perception/ros2_ws/asurt_msgs/install/asurt_msgs/share/asurt_msgs/environment/library_path.sh\n'}
[21.551224] (asurt_msgs) StdoutLine: {'line': b'-- Installing: /home/ayasx9/FSAI26/FSAI25_perception/fs-system-26/Perception/ros2_ws/asurt_msgs/install/asurt_msgs/share/asurt_msgs/environment/library_path.dsv\n'}
[21.551405] (asurt_msgs) StdoutLine: {'line': b'-- Installing: /home/ayasx9/FSAI26/FSAI25_perception/fs-system-26/Perception/ros2_ws/asurt_msgs/install/asurt_msgs/lib/libasurt_msgs__rosidl_generator_c.so\n'}
[21.551758] (asurt_msgs) StdoutLine: {'line': b'-- Set runtime path of "/home/ayasx9/FSAI26/FSAI25_perception/fs-system-26/Perception/ros2_ws/asurt_msgs/install/asurt_msgs/lib/libasurt_msgs__rosidl_generator_c.so" to ""\n'}
[21.551954] (asurt_msgs) StdoutLine: {'line': b'-- Up-to-date: /home/ayasx9/FSAI26/FSAI25_perception/fs-system-26/Perception/ros2_ws/asurt_msgs/install/asurt_msgs/include/asurt_msgs/asurt_msgs\n'}
[21.552187] (asurt_msgs) StdoutLine: {'line': b'-- Up-to-date: /home/ayasx9/FSAI26/FSAI25_perception/fs-system-26/Perception/ros2_ws/asurt_msgs/install/asurt_msgs/include/asurt_msgs/asurt_msgs/msg\n'}
[21.552325] (asurt_msgs) StdoutLine: {'line': b'-- Up-to-date: /home/ayasx9/FSAI26/FSAI25_perception/fs-system-26/Perception/ros2_ws/asurt_msgs/install/asurt_msgs/include/asurt_msgs/asurt_msgs/msg/detail\n'}
[21.552449] (asurt_msgs) StdoutLine: {'line': b'-- Installing: /home/ayasx9/FSAI26/FSAI25_perception/fs-system-26/Perception/ros2_ws/asurt_msgs/install/asurt_msgs/include/asurt_msgs/asurt_msgs/msg/detail/bounding_box__rosidl_typesupport_fastrtps_c.h\n'}
[21.552646] (asurt_msgs) StdoutLine: {'line': b'-- Installing: /home/ayasx9/FSAI26/FSAI25_perception/fs-system-26/Perception/ros2_ws/asurt_msgs/install/asurt_msgs/include/asurt_msgs/asurt_msgs/msg/detail/cone_img__rosidl_typesupport_fastrtps_c.h\n'}
[21.552726] (asurt_msgs) StdoutLine: {'line': b'-- Installing: /home/ayasx9/FSAI26/FSAI25_perception/fs-system-26/Perception/ros2_ws/asurt_msgs/install/asurt_msgs/include/asurt_msgs/asurt_msgs/msg/detail/cone_img_array__rosidl_typesupport_fastrtps_c.h\n'}
[21.552852] (asurt_msgs) StdoutLine: {'line': b'-- Installing: /home/ayasx9/FSAI26/FSAI25_perception/fs-system-26/Perception/ros2_ws/asurt_msgs/install/asurt_msgs/include/asurt_msgs/asurt_msgs/msg/detail/key_points__rosidl_typesupport_fastrtps_c.h\n'}
[21.552962] (asurt_msgs) StdoutLine: {'line': b'-- Installing: /home/ayasx9/FSAI26/FSAI25_perception/fs-system-26/Perception/ros2_ws/asurt_msgs/install/asurt_msgs/include/asurt_msgs/asurt_msgs/msg/detail/cloud_info__rosidl_typesupport_fastrtps_c.h\n'}
[21.553084] (asurt_msgs) StdoutLine: {'line': b'-- Installing: /home/ayasx9/FSAI26/FSAI25_perception/fs-system-26/Perception/ros2_ws/asurt_msgs/install/asurt_msgs/include/asurt_msgs/asurt_msgs/msg/detail/bounding_boxes__rosidl_typesupport_fastrtps_c.h\n'}
[21.553327] (asurt_msgs) StdoutLine: {'line': b'-- Installing: /home/ayasx9/FSAI26/FSAI25_perception/fs-system-26/Perception/ros2_ws/asurt_msgs/install/asurt_msgs/include/asurt_msgs/asurt_msgs/msg/detail/node_status__rosidl_typesupport_fastrtps_c.h\n'}
[21.553393] (asurt_msgs) StdoutLine: {'line': b'-- Installing: /home/ayasx9/FSAI26/FSAI25_perception/fs-system-26/Perception/ros2_ws/asurt_msgs/install/asurt_msgs/include/asurt_msgs/asurt_msgs/msg/detail/roadstate__rosidl_typesupport_fastrtps_c.h\n'}
[21.553441] (asurt_msgs) StdoutLine: {'line': b'-- Installing: /home/ayasx9/FSAI26/FSAI25_perception/fs-system-26/Perception/ros2_ws/asurt_msgs/install/asurt_msgs/include/asurt_msgs/asurt_msgs/msg/detail/landmark_array__rosidl_typesupport_fastrtps_c.h\n'}
[21.553487] (asurt_msgs) StdoutLine: {'line': b'-- Installing: /home/ayasx9/FSAI26/FSAI25_perception/fs-system-26/Perception/ros2_ws/asurt_msgs/install/asurt_msgs/include/asurt_msgs/asurt_msgs/msg/detail/landmark__rosidl_typesupport_fastrtps_c.h\n'}
[21.553590] (asurt_msgs) StdoutLine: {'line': b'-- Installing: /home/ayasx9/FSAI26/FSAI25_perception/fs-system-26/Perception/ros2_ws/asurt_msgs/install/asurt_msgs/include/asurt_msgs/asurt_msgs/msg/rosidl_typesupport_fastrtps_c__visibility_control.h\n'}
[21.553714] (asurt_msgs) StdoutLine: {'line': b'-- Installing: /home/ayasx9/FSAI26/FSAI25_perception/fs-system-26/Perception/ros2_ws/asurt_msgs/install/asurt_msgs/lib/libasurt_msgs__rosidl_typesupport_fastrtps_c.so\n'}
[21.553936] (asurt_msgs) StdoutLine: {'line': b'-- Set runtime path of "/home/ayasx9/FSAI26/FSAI25_perception/fs-system-26/Perception/ros2_ws/asurt_msgs/install/asurt_msgs/lib/libasurt_msgs__rosidl_typesupport_fastrtps_c.so" to ""\n'}
[21.554000] (asurt_msgs) StdoutLine: {'line': b'-- Up-to-date: /home/ayasx9/FSAI26/FSAI25_perception/fs-system-26/Perception/ros2_ws/asurt_msgs/install/asurt_msgs/include/asurt_msgs/asurt_msgs\n'}
[21.554089] (asurt_msgs) StdoutLine: {'line': b'-- Up-to-date: /home/ayasx9/FSAI26/FSAI25_perception/fs-system-26/Perception/ros2_ws/asurt_msgs/install/asurt_msgs/include/asurt_msgs/asurt_msgs/msg\n'}
[21.554210] (asurt_msgs) StdoutLine: {'line': b'-- Installing: /home/ayasx9/FSAI26/FSAI25_perception/fs-system-26/Perception/ros2_ws/asurt_msgs/install/asurt_msgs/include/asurt_msgs/asurt_msgs/msg/bounding_boxes.hpp\n'}
[21.554301] (asurt_msgs) StdoutLine: {'line': b'-- Installing: /home/ayasx9/FSAI26/FSAI25_perception/fs-system-26/Perception/ros2_ws/asurt_msgs/install/asurt_msgs/include/asurt_msgs/asurt_msgs/msg/cloud_info.hpp\n'}
[21.554776] (asurt_msgs) StdoutLine: {'line': b'-- Installing: /home/ayasx9/FSAI26/FSAI25_perception/fs-system-26/Perception/ros2_ws/asurt_msgs/install/asurt_msgs/include/asurt_msgs/asurt_msgs/msg/cone_img_array.hpp\n'}
[21.554886] (asurt_msgs) StdoutLine: {'line': b'-- Installing: /home/ayasx9/FSAI26/FSAI25_perception/fs-system-26/Perception/ros2_ws/asurt_msgs/install/asurt_msgs/include/asurt_msgs/asurt_msgs/msg/key_points.hpp\n'}
[21.555004] (asurt_msgs) StdoutLine: {'line': b'-- Installing: /home/ayasx9/FSAI26/FSAI25_perception/fs-system-26/Perception/ros2_ws/asurt_msgs/install/asurt_msgs/include/asurt_msgs/asurt_msgs/msg/cone_img.hpp\n'}
[21.555134] (asurt_msgs) StdoutLine: {'line': b'-- Up-to-date: /home/ayasx9/FSAI26/FSAI25_perception/fs-system-26/Perception/ros2_ws/asurt_msgs/install/asurt_msgs/include/asurt_msgs/asurt_msgs/msg/detail\n'}
[21.555262] (asurt_msgs) StdoutLine: {'line': b'-- Installing: /home/ayasx9/FSAI26/FSAI25_perception/fs-system-26/Perception/ros2_ws/asurt_msgs/install/asurt_msgs/include/asurt_msgs/asurt_msgs/msg/detail/node_status__type_support.hpp\n'}
[21.555390] (asurt_msgs) StdoutLine: {'line': b'-- Installing: /home/ayasx9/FSAI26/FSAI25_perception/fs-system-26/Perception/ros2_ws/asurt_msgs/install/asurt_msgs/include/asurt_msgs/asurt_msgs/msg/detail/roadstate__builder.hpp\n'}
[21.555506] (asurt_msgs) StdoutLine: {'line': b'-- Installing: /home/ayasx9/FSAI26/FSAI25_perception/fs-system-26/Perception/ros2_ws/asurt_msgs/install/asurt_msgs/include/asurt_msgs/asurt_msgs/msg/detail/bounding_box__struct.hpp\n'}
[21.555719] (asurt_msgs) StdoutLine: {'line': b'-- Installing: /home/ayasx9/FSAI26/FSAI25_perception/fs-system-26/Perception/ros2_ws/asurt_msgs/install/asurt_msgs/include/asurt_msgs/asurt_msgs/msg/detail/landmark__traits.hpp\n'}
[21.555783] (asurt_msgs) StdoutLine: {'line': b'-- Installing: /home/ayasx9/FSAI26/FSAI25_perception/fs-system-26/Perception/ros2_ws/asurt_msgs/install/asurt_msgs/include/asurt_msgs/asurt_msgs/msg/detail/key_points__struct.hpp\n'}
[21.555900] (asurt_msgs) StdoutLine: {'line': b'-- Installing: /home/ayasx9/FSAI26/FSAI25_perception/fs-system-26/Perception/ros2_ws/asurt_msgs/install/asurt_msgs/include/asurt_msgs/asurt_msgs/msg/detail/bounding_box__traits.hpp\n'}
[21.556016] (asurt_msgs) StdoutLine: {'line': b'-- Installing: /home/ayasx9/FSAI26/FSAI25_perception/fs-system-26/Perception/ros2_ws/asurt_msgs/install/asurt_msgs/include/asurt_msgs/asurt_msgs/msg/detail/landmark_array__builder.hpp\n'}
[21.556128] (asurt_msgs) StdoutLine: {'line': b'-- Installing: /home/ayasx9/FSAI26/FSAI25_perception/fs-system-26/Perception/ros2_ws/asurt_msgs/install/asurt_msgs/include/asurt_msgs/asurt_msgs/msg/detail/cone_img_array__traits.hpp\n'}
[21.556238] (asurt_msgs) StdoutLine: {'line': b'-- Installing: /home/ayasx9/FSAI26/FSAI25_perception/fs-system-26/Perception/ros2_ws/asurt_msgs/install/asurt_msgs/include/asurt_msgs/asurt_msgs/msg/detail/cone_img__builder.hpp\n'}
[21.556377] (asurt_msgs) StdoutLine: {'line': b'-- Installing: /home/ayasx9/FSAI26/FSAI25_perception/fs-system-26/Perception/ros2_ws/asurt_msgs/install/asurt_msgs/include/asurt_msgs/asurt_msgs/msg/detail/key_points__type_support.hpp\n'}
[21.556488] (asurt_msgs) StdoutLine: {'line': b'-- Installing: /home/ayasx9/FSAI26/FSAI25_perception/fs-system-26/Perception/ros2_ws/asurt_msgs/install/asurt_msgs/include/asurt_msgs/asurt_msgs/msg/detail/landmark_array__type_support.hpp\n'}
[21.556597] (asurt_msgs) StdoutLine: {'line': b'-- Installing: /home/ayasx9/FSAI26/FSAI25_perception/fs-system-26/Perception/ros2_ws/asurt_msgs/install/asurt_msgs/include/asurt_msgs/asurt_msgs/msg/detail/node_status__traits.hpp\n'}
[21.556707] (asurt_msgs) StdoutLine: {'line': b'-- Installing: /home/ayasx9/FSAI26/FSAI25_perception/fs-system-26/Perception/ros2_ws/asurt_msgs/install/asurt_msgs/include/asurt_msgs/asurt_msgs/msg/detail/bounding_boxes__struct.hpp\n'}
[21.556845] (asurt_msgs) StdoutLine: {'line': b'-- Installing: /home/ayasx9/FSAI26/FSAI25_perception/fs-system-26/Perception/ros2_ws/asurt_msgs/install/asurt_msgs/include/asurt_msgs/asurt_msgs/msg/detail/cone_img_array__builder.hpp\n'}
[21.556898] (asurt_msgs) StdoutLine: {'line': b'-- Installing: /home/ayasx9/FSAI26/FSAI25_perception/fs-system-26/Perception/ros2_ws/asurt_msgs/install/asurt_msgs/include/asurt_msgs/asurt_msgs/msg/detail/cloud_info__builder.hpp\n'}
[21.557013] (asurt_msgs) StdoutLine: {'line': b'-- Installing: /home/ayasx9/FSAI26/FSAI25_perception/fs-system-26/Perception/ros2_ws/asurt_msgs/install/asurt_msgs/include/asurt_msgs/asurt_msgs/msg/detail/node_status__builder.hpp\n'}
[21.557130] (asurt_msgs) StdoutLine: {'line': b'-- Installing: /home/ayasx9/FSAI26/FSAI25_perception/fs-system-26/Perception/ros2_ws/asurt_msgs/install/asurt_msgs/include/asurt_msgs/asurt_msgs/msg/detail/cloud_info__struct.hpp\n'}
[21.557241] (asurt_msgs) StdoutLine: {'line': b'-- Installing: /home/ayasx9/FSAI26/FSAI25_perception/fs-system-26/Perception/ros2_ws/asurt_msgs/install/asurt_msgs/include/asurt_msgs/asurt_msgs/msg/detail/bounding_box__type_support.hpp\n'}
[21.557353] (asurt_msgs) StdoutLine: {'line': b'-- Installing: /home/ayasx9/FSAI26/FSAI25_perception/fs-system-26/Perception/ros2_ws/asurt_msgs/install/asurt_msgs/include/asurt_msgs/asurt_msgs/msg/detail/cone_img__struct.hpp\n'}
[21.557472] (asurt_msgs) StdoutLine: {'line': b'-- Installing: /home/ayasx9/FSAI26/FSAI25_perception/fs-system-26/Perception/ros2_ws/asurt_msgs/install/asurt_msgs/include/asurt_msgs/asurt_msgs/msg/detail/cloud_info__type_support.hpp\n'}
[21.557661] (asurt_msgs) StdoutLine: {'line': b'-- Installing: /home/ayasx9/FSAI26/FSAI25_perception/fs-system-26/Perception/ros2_ws/asurt_msgs/install/asurt_msgs/include/asurt_msgs/asurt_msgs/msg/detail/bounding_boxes__type_support.hpp\n'}
[21.557744] (asurt_msgs) StdoutLine: {'line': b'-- Installing: /home/ayasx9/FSAI26/FSAI25_perception/fs-system-26/Perception/ros2_ws/asurt_msgs/install/asurt_msgs/include/asurt_msgs/asurt_msgs/msg/detail/roadstate__struct.hpp\n'}
[21.557797] (asurt_msgs) StdoutLine: {'line': b'-- Installing: /home/ayasx9/FSAI26/FSAI25_perception/fs-system-26/Perception/ros2_ws/asurt_msgs/install/asurt_msgs/include/asurt_msgs/asurt_msgs/msg/detail/bounding_boxes__traits.hpp\n'}
[21.557874] (asurt_msgs) StdoutLine: {'line': b'-- Installing: /home/ayasx9/FSAI26/FSAI25_perception/fs-system-26/Perception/ros2_ws/asurt_msgs/install/asurt_msgs/include/asurt_msgs/asurt_msgs/msg/detail/bounding_boxes__builder.hpp\n'}
[21.557941] (-) TimerEvent: {}
[21.558103] (asurt_msgs) StdoutLine: {'line': b'-- Installing: /home/ayasx9/FSAI26/FSAI25_perception/fs-system-26/Perception/ros2_ws/asurt_msgs/install/asurt_msgs/include/asurt_msgs/asurt_msgs/msg/detail/bounding_box__builder.hpp\n'}
[21.558183] (asurt_msgs) StdoutLine: {'line': b'-- Installing: /home/ayasx9/FSAI26/FSAI25_perception/fs-system-26/Perception/ros2_ws/asurt_msgs/install/asurt_msgs/include/asurt_msgs/asurt_msgs/msg/detail/roadstate__type_support.hpp\n'}
[21.558390] (asurt_msgs) StdoutLine: {'line': b'-- Installing: /home/ayasx9/FSAI26/FSAI25_perception/fs-system-26/Perception/ros2_ws/asurt_msgs/install/asurt_msgs/include/asurt_msgs/asurt_msgs/msg/detail/landmark_array__traits.hpp\n'}
[21.558527] (asurt_msgs) StdoutLine: {'line': b'-- Installing: /home/ayasx9/FSAI26/FSAI25_perception/fs-system-26/Perception/ros2_ws/asurt_msgs/install/asurt_msgs/include/asurt_msgs/asurt_msgs/msg/detail/landmark__type_support.hpp\n'}
[21.558593] (asurt_msgs) StdoutLine: {'line': b'-- Installing: /home/ayasx9/FSAI26/FSAI25_perception/fs-system-26/Perception/ros2_ws/asurt_msgs/install/asurt_msgs/include/asurt_msgs/asurt_msgs/msg/detail/cone_img_array__struct.hpp\n'}
[21.558639] (asurt_msgs) StdoutLine: {'line': b'-- Installing: /home/ayasx9/FSAI26/FSAI25_perception/fs-system-26/Perception/ros2_ws/asurt_msgs/install/asurt_msgs/include/asurt_msgs/asurt_msgs/msg/detail/key_points__builder.hpp\n'}
[21.558687] (asurt_msgs) StdoutLine: {'line': b'-- Installing: /home/ayasx9/FSAI26/FSAI25_perception/fs-system-26/Perception/ros2_ws/asurt_msgs/install/asurt_msgs/include/asurt_msgs/asurt_msgs/msg/detail/roadstate__traits.hpp\n'}
[21.558732] (asurt_msgs) StdoutLine: {'line': b'-- Installing: /home/ayasx9/FSAI26/FSAI25_perception/fs-system-26/Perception/ros2_ws/asurt_msgs/install/asurt_msgs/include/asurt_msgs/asurt_msgs/msg/detail/landmark_array__struct.hpp\n'}
[21.558847] (asurt_msgs) StdoutLine: {'line': b'-- Installing: /home/ayasx9/FSAI26/FSAI25_perception/fs-system-26/Perception/ros2_ws/asurt_msgs/install/asurt_msgs/include/asurt_msgs/asurt_msgs/msg/detail/landmark__struct.hpp\n'}
[21.559043] (asurt_msgs) StdoutLine: {'line': b'-- Installing: /home/ayasx9/FSAI26/FSAI25_perception/fs-system-26/Perception/ros2_ws/asurt_msgs/install/asurt_msgs/include/asurt_msgs/asurt_msgs/msg/detail/key_points__traits.hpp\n'}
[21.559170] (asurt_msgs) StdoutLine: {'line': b'-- Installing: /home/ayasx9/FSAI26/FSAI25_perception/fs-system-26/Perception/ros2_ws/asurt_msgs/install/asurt_msgs/include/asurt_msgs/asurt_msgs/msg/detail/landmark__builder.hpp\n'}
[21.559409] (asurt_msgs) StdoutLine: {'line': b'-- Installing: /home/ayasx9/FSAI26/FSAI25_perception/fs-system-26/Perception/ros2_ws/asurt_msgs/install/asurt_msgs/include/asurt_msgs/asurt_msgs/msg/detail/cloud_info__traits.hpp\n'}
[21.559473] (asurt_msgs) StdoutLine: {'line': b'-- Installing: /home/ayasx9/FSAI26/FSAI25_perception/fs-system-26/Perception/ros2_ws/asurt_msgs/install/asurt_msgs/include/asurt_msgs/asurt_msgs/msg/detail/cone_img__traits.hpp\n'}
[21.559596] (asurt_msgs) StdoutLine: {'line': b'-- Installing: /home/ayasx9/FSAI26/FSAI25_perception/fs-system-26/Perception/ros2_ws/asurt_msgs/install/asurt_msgs/include/asurt_msgs/asurt_msgs/msg/detail/cone_img_array__type_support.hpp\n'}
[21.559717] (asurt_msgs) StdoutLine: {'line': b'-- Installing: /home/ayasx9/FSAI26/FSAI25_perception/fs-system-26/Perception/ros2_ws/asurt_msgs/install/asurt_msgs/include/asurt_msgs/asurt_msgs/msg/detail/cone_img__type_support.hpp\n'}
[21.559839] (asurt_msgs) StdoutLine: {'line': b'-- Installing: /home/ayasx9/FSAI26/FSAI25_perception/fs-system-26/Perception/ros2_ws/asurt_msgs/install/asurt_msgs/include/asurt_msgs/asurt_msgs/msg/detail/node_status__struct.hpp\n'}
[21.559943] (asurt_msgs) StdoutLine: {'line': b'-- Installing: /home/ayasx9/FSAI26/FSAI25_perception/fs-system-26/Perception/ros2_ws/asurt_msgs/install/asurt_msgs/include/asurt_msgs/asurt_msgs/msg/landmark_array.hpp\n'}
[21.560042] (asurt_msgs) StdoutLine: {'line': b'-- Installing: /home/ayasx9/FSAI26/FSAI25_perception/fs-system-26/Perception/ros2_ws/asurt_msgs/install/asurt_msgs/include/asurt_msgs/asurt_msgs/msg/roadstate.hpp\n'}
[21.560194] (asurt_msgs) StdoutLine: {'line': b'-- Installing: /home/ayasx9/FSAI26/FSAI25_perception/fs-system-26/Perception/ros2_ws/asurt_msgs/install/asurt_msgs/include/asurt_msgs/asurt_msgs/msg/bounding_box.hpp\n'}
[21.560447] (asurt_msgs) StdoutLine: {'line': b'-- Installing: /home/ayasx9/FSAI26/FSAI25_perception/fs-system-26/Perception/ros2_ws/asurt_msgs/install/asurt_msgs/include/asurt_msgs/asurt_msgs/msg/rosidl_generator_cpp__visibility_control.hpp\n'}
[21.560515] (asurt_msgs) StdoutLine: {'line': b'-- Installing: /home/ayasx9/FSAI26/FSAI25_perception/fs-system-26/Perception/ros2_ws/asurt_msgs/install/asurt_msgs/include/asurt_msgs/asurt_msgs/msg/node_status.hpp\n'}
[21.560606] (asurt_msgs) StdoutLine: {'line': b'-- Installing: /home/ayasx9/FSAI26/FSAI25_perception/fs-system-26/Perception/ros2_ws/asurt_msgs/install/asurt_msgs/include/asurt_msgs/asurt_msgs/msg/landmark.hpp\n'}
[21.560657] (asurt_msgs) StdoutLine: {'line': b'-- Up-to-date: /home/ayasx9/FSAI26/FSAI25_perception/fs-system-26/Perception/ros2_ws/asurt_msgs/install/asurt_msgs/include/asurt_msgs/asurt_msgs\n'}
[21.560702] (asurt_msgs) StdoutLine: {'line': b'-- Up-to-date: /home/ayasx9/FSAI26/FSAI25_perception/fs-system-26/Perception/ros2_ws/asurt_msgs/install/asurt_msgs/include/asurt_msgs/asurt_msgs/msg\n'}
[21.560745] (asurt_msgs) StdoutLine: {'line': b'-- Up-to-date: /home/ayasx9/FSAI26/FSAI25_perception/fs-system-26/Perception/ros2_ws/asurt_msgs/install/asurt_msgs/include/asurt_msgs/asurt_msgs/msg/detail\n'}
[21.560792] (asurt_msgs) StdoutLine: {'line': b'-- Installing: /home/ayasx9/FSAI26/FSAI25_perception/fs-system-26/Perception/ros2_ws/asurt_msgs/install/asurt_msgs/include/asurt_msgs/asurt_msgs/msg/detail/cone_img_array__rosidl_typesupport_fastrtps_cpp.hpp\n'}
[21.560836] (asurt_msgs) StdoutLine: {'line': b'-- Installing: /home/ayasx9/FSAI26/FSAI25_perception/fs-system-26/Perception/ros2_ws/asurt_msgs/install/asurt_msgs/include/asurt_msgs/asurt_msgs/msg/detail/node_status__rosidl_typesupport_fastrtps_cpp.hpp\n'}
[21.560940] (asurt_msgs) StdoutLine: {'line': b'-- Installing: /home/ayasx9/FSAI26/FSAI25_perception/fs-system-26/Perception/ros2_ws/asurt_msgs/install/asurt_msgs/include/asurt_msgs/asurt_msgs/msg/detail/roadstate__rosidl_typesupport_fastrtps_cpp.hpp\n'}
[21.561064] (asurt_msgs) StdoutLine: {'line': b'-- Installing: /home/ayasx9/FSAI26/FSAI25_perception/fs-system-26/Perception/ros2_ws/asurt_msgs/install/asurt_msgs/include/asurt_msgs/asurt_msgs/msg/detail/bounding_boxes__rosidl_typesupport_fastrtps_cpp.hpp\n'}
[21.561183] (asurt_msgs) StdoutLine: {'line': b'-- Installing: /home/ayasx9/FSAI26/FSAI25_perception/fs-system-26/Perception/ros2_ws/asurt_msgs/install/asurt_msgs/include/asurt_msgs/asurt_msgs/msg/detail/dds_fastrtps\n'}
[21.561357] (asurt_msgs) StdoutLine: {'line': b'-- Installing: /home/ayasx9/FSAI26/FSAI25_perception/fs-system-26/Perception/ros2_ws/asurt_msgs/install/asurt_msgs/include/asurt_msgs/asurt_msgs/msg/detail/key_points__rosidl_typesupport_fastrtps_cpp.hpp\n'}
[21.561592] (asurt_msgs) StdoutLine: {'line': b'-- Installing: /home/ayasx9/FSAI26/FSAI25_perception/fs-system-26/Perception/ros2_ws/asurt_msgs/install/asurt_msgs/include/asurt_msgs/asurt_msgs/msg/detail/bounding_box__rosidl_typesupport_fastrtps_cpp.hpp\n'}
[21.561652] (asurt_msgs) StdoutLine: {'line': b'-- Installing: /home/ayasx9/FSAI26/FSAI25_perception/fs-system-26/Perception/ros2_ws/asurt_msgs/install/asurt_msgs/include/asurt_msgs/asurt_msgs/msg/detail/landmark__rosidl_typesupport_fastrtps_cpp.hpp\n'}
[21.561751] (asurt_msgs) StdoutLine: {'line': b'-- Installing: /home/ayasx9/FSAI26/FSAI25_perception/fs-system-26/Perception/ros2_ws/asurt_msgs/install/asurt_msgs/include/asurt_msgs/asurt_msgs/msg/detail/cloud_info__rosidl_typesupport_fastrtps_cpp.hpp\n'}
[21.561870] (asurt_msgs) StdoutLine: {'line': b'-- Installing: /home/ayasx9/FSAI26/FSAI25_perception/fs-system-26/Perception/ros2_ws/asurt_msgs/install/asurt_msgs/include/asurt_msgs/asurt_msgs/msg/detail/landmark_array__rosidl_typesupport_fastrtps_cpp.hpp\n'}
[21.561987] (asurt_msgs) StdoutLine: {'line': b'-- Installing: /home/ayasx9/FSAI26/FSAI25_perception/fs-system-26/Perception/ros2_ws/asurt_msgs/install/asurt_msgs/include/asurt_msgs/asurt_msgs/msg/detail/cone_img__rosidl_typesupport_fastrtps_cpp.hpp\n'}
[21.562089] (asurt_msgs) StdoutLine: {'line': b'-- Installing: /home/ayasx9/FSAI26/FSAI25_perception/fs-system-26/Perception/ros2_ws/asurt_msgs/install/asurt_msgs/include/asurt_msgs/asurt_msgs/msg/rosidl_typesupport_fastrtps_cpp__visibility_control.h\n'}
[21.562311] (asurt_msgs) StdoutLine: {'line': b'-- Installing: /home/ayasx9/FSAI26/FSAI25_perception/fs-system-26/Perception/ros2_ws/asurt_msgs/install/asurt_msgs/lib/libasurt_msgs__rosidl_typesupport_fastrtps_cpp.so\n'}
[21.562596] (asurt_msgs) StdoutLine: {'line': b'-- Set runtime path of "/home/ayasx9/FSAI26/FSAI25_perception/fs-system-26/Perception/ros2_ws/asurt_msgs/install/asurt_msgs/lib/libasurt_msgs__rosidl_typesupport_fastrtps_cpp.so" to ""\n'}
[21.562707] (asurt_msgs) StdoutLine: {'line': b'-- Up-to-date: /home/ayasx9/FSAI26/FSAI25_perception/fs-system-26/Perception/ros2_ws/asurt_msgs/install/asurt_msgs/include/asurt_msgs/asurt_msgs\n'}
[21.562823] (asurt_msgs) StdoutLine: {'line': b'-- Up-to-date: /home/ayasx9/FSAI26/FSAI25_perception/fs-system-26/Perception/ros2_ws/asurt_msgs/install/asurt_msgs/include/asurt_msgs/asurt_msgs/msg\n'}
[21.562937] (asurt_msgs) StdoutLine: {'line': b'-- Up-to-date: /home/ayasx9/FSAI26/FSAI25_perception/fs-system-26/Perception/ros2_ws/asurt_msgs/install/asurt_msgs/include/asurt_msgs/asurt_msgs/msg/detail\n'}
[21.563051] (asurt_msgs) StdoutLine: {'line': b'-- Installing: /home/ayasx9/FSAI26/FSAI25_perception/fs-system-26/Perception/ros2_ws/asurt_msgs/install/asurt_msgs/include/asurt_msgs/asurt_msgs/msg/detail/cloud_info__type_support.c\n'}
[21.563167] (asurt_msgs) StdoutLine: {'line': b'-- Installing: /home/ayasx9/FSAI26/FSAI25_perception/fs-system-26/Perception/ros2_ws/asurt_msgs/install/asurt_msgs/include/asurt_msgs/asurt_msgs/msg/detail/landmark_array__type_support.c\n'}
[21.563379] (asurt_msgs) StdoutLine: {'line': b'-- Installing: /home/ayasx9/FSAI26/FSAI25_perception/fs-system-26/Perception/ros2_ws/asurt_msgs/install/asurt_msgs/include/asurt_msgs/asurt_msgs/msg/detail/key_points__type_support.c\n'}
[21.563437] (asurt_msgs) StdoutLine: {'line': b'-- Installing: /home/ayasx9/FSAI26/FSAI25_perception/fs-system-26/Perception/ros2_ws/asurt_msgs/install/asurt_msgs/include/asurt_msgs/asurt_msgs/msg/detail/node_status__type_support.c\n'}
[21.563559] (asurt_msgs) StdoutLine: {'line': b'-- Installing: /home/ayasx9/FSAI26/FSAI25_perception/fs-system-26/Perception/ros2_ws/asurt_msgs/install/asurt_msgs/include/asurt_msgs/asurt_msgs/msg/detail/bounding_boxes__type_support.c\n'}
[21.563717] (asurt_msgs) StdoutLine: {'line': b'-- Installing: /home/ayasx9/FSAI26/FSAI25_perception/fs-system-26/Perception/ros2_ws/asurt_msgs/install/asurt_msgs/include/asurt_msgs/asurt_msgs/msg/detail/landmark__rosidl_typesupport_introspection_c.h\n'}
[21.563820] (asurt_msgs) StdoutLine: {'line': b'-- Installing: /home/ayasx9/FSAI26/FSAI25_perception/fs-system-26/Perception/ros2_ws/asurt_msgs/install/asurt_msgs/include/asurt_msgs/asurt_msgs/msg/detail/cone_img_array__rosidl_typesupport_introspection_c.h\n'}
[21.563935] (asurt_msgs) StdoutLine: {'line': b'-- Installing: /home/ayasx9/FSAI26/FSAI25_perception/fs-system-26/Perception/ros2_ws/asurt_msgs/install/asurt_msgs/include/asurt_msgs/asurt_msgs/msg/detail/bounding_box__rosidl_typesupport_introspection_c.h\n'}
[21.564051] (asurt_msgs) StdoutLine: {'line': b'-- Installing: /home/ayasx9/FSAI26/FSAI25_perception/fs-system-26/Perception/ros2_ws/asurt_msgs/install/asurt_msgs/include/asurt_msgs/asurt_msgs/msg/detail/bounding_boxes__rosidl_typesupport_introspection_c.h\n'}
[21.564243] (asurt_msgs) StdoutLine: {'line': b'-- Installing: /home/ayasx9/FSAI26/FSAI25_perception/fs-system-26/Perception/ros2_ws/asurt_msgs/install/asurt_msgs/include/asurt_msgs/asurt_msgs/msg/detail/roadstate__type_support.c\n'}
[21.564522] (asurt_msgs) StdoutLine: {'line': b'-- Installing: /home/ayasx9/FSAI26/FSAI25_perception/fs-system-26/Perception/ros2_ws/asurt_msgs/install/asurt_msgs/include/asurt_msgs/asurt_msgs/msg/detail/landmark_array__rosidl_typesupport_introspection_c.h\n'}
[21.564636] (asurt_msgs) StdoutLine: {'line': b'-- Installing: /home/ayasx9/FSAI26/FSAI25_perception/fs-system-26/Perception/ros2_ws/asurt_msgs/install/asurt_msgs/include/asurt_msgs/asurt_msgs/msg/detail/bounding_box__type_support.c\n'}
[21.564756] (asurt_msgs) StdoutLine: {'line': b'-- Installing: /home/ayasx9/FSAI26/FSAI25_perception/fs-system-26/Perception/ros2_ws/asurt_msgs/install/asurt_msgs/include/asurt_msgs/asurt_msgs/msg/detail/cone_img__rosidl_typesupport_introspection_c.h\n'}
[21.564931] (asurt_msgs) StdoutLine: {'line': b'-- Installing: /home/ayasx9/FSAI26/FSAI25_perception/fs-system-26/Perception/ros2_ws/asurt_msgs/install/asurt_msgs/include/asurt_msgs/asurt_msgs/msg/detail/roadstate__rosidl_typesupport_introspection_c.h\n'}
[21.565092] (asurt_msgs) StdoutLine: {'line': b'-- Installing: /home/ayasx9/FSAI26/FSAI25_perception/fs-system-26/Perception/ros2_ws/asurt_msgs/install/asurt_msgs/include/asurt_msgs/asurt_msgs/msg/detail/landmark__type_support.c\n'}
[21.565205] (asurt_msgs) StdoutLine: {'line': b'-- Installing: /home/ayasx9/FSAI26/FSAI25_perception/fs-system-26/Perception/ros2_ws/asurt_msgs/install/asurt_msgs/include/asurt_msgs/asurt_msgs/msg/detail/cone_img__type_support.c\n'}
[21.565310] (asurt_msgs) StdoutLine: {'line': b'-- Installing: /home/ayasx9/FSAI26/FSAI25_perception/fs-system-26/Perception/ros2_ws/asurt_msgs/install/asurt_msgs/include/asurt_msgs/asurt_msgs/msg/detail/key_points__rosidl_typesupport_introspection_c.h\n'}
[21.565474] (asurt_msgs) StdoutLine: {'line': b'-- Installing: /home/ayasx9/FSAI26/FSAI25_perception/fs-system-26/Perception/ros2_ws/asurt_msgs/install/asurt_msgs/include/asurt_msgs/asurt_msgs/msg/detail/cloud_info__rosidl_typesupport_introspection_c.h\n'}
[21.565586] (asurt_msgs) StdoutLine: {'line': b'-- Installing: /home/ayasx9/FSAI26/FSAI25_perception/fs-system-26/Perception/ros2_ws/asurt_msgs/install/asurt_msgs/include/asurt_msgs/asurt_msgs/msg/detail/cone_img_array__type_support.c\n'}
[21.565699] (asurt_msgs) StdoutLine: {'line': b'-- Installing: /home/ayasx9/FSAI26/FSAI25_perception/fs-system-26/Perception/ros2_ws/asurt_msgs/install/asurt_msgs/include/asurt_msgs/asurt_msgs/msg/detail/node_status__rosidl_typesupport_introspection_c.h\n'}
[21.565942] (asurt_msgs) StdoutLine: {'line': b'-- Installing: /home/ayasx9/FSAI26/FSAI25_perception/fs-system-26/Perception/ros2_ws/asurt_msgs/install/asurt_msgs/include/asurt_msgs/asurt_msgs/msg/rosidl_typesupport_introspection_c__visibility_control.h\n'}
[21.566068] (asurt_msgs) StdoutLine: {'line': b'-- Installing: /home/ayasx9/FSAI26/FSAI25_perception/fs-system-26/Perception/ros2_ws/asurt_msgs/install/asurt_msgs/lib/libasurt_msgs__rosidl_typesupport_introspection_c.so\n'}
[21.566166] (asurt_msgs) StdoutLine: {'line': b'-- Set runtime path of "/home/ayasx9/FSAI26/FSAI25_perception/fs-system-26/Perception/ros2_ws/asurt_msgs/install/asurt_msgs/lib/libasurt_msgs__rosidl_typesupport_introspection_c.so" to ""\n'}
[21.566239] (asurt_msgs) StdoutLine: {'line': b'-- Installing: /home/ayasx9/FSAI26/FSAI25_perception/fs-system-26/Perception/ros2_ws/asurt_msgs/install/asurt_msgs/lib/libasurt_msgs__rosidl_typesupport_c.so\n'}
[21.566407] (asurt_msgs) StdoutLine: {'line': b'-- Set runtime path of "/home/ayasx9/FSAI26/FSAI25_perception/fs-system-26/Perception/ros2_ws/asurt_msgs/install/asurt_msgs/lib/libasurt_msgs__rosidl_typesupport_c.so" to ""\n'}
[21.566525] (asurt_msgs) StdoutLine: {'line': b'-- Up-to-date: /home/ayasx9/FSAI26/FSAI25_perception/fs-system-26/Perception/ros2_ws/asurt_msgs/install/asurt_msgs/include/asurt_msgs/asurt_msgs\n'}
[21.566645] (asurt_msgs) StdoutLine: {'line': b'-- Up-to-date: /home/ayasx9/FSAI26/FSAI25_perception/fs-system-26/Perception/ros2_ws/asurt_msgs/install/asurt_msgs/include/asurt_msgs/asurt_msgs/msg\n'}
[21.566826] (asurt_msgs) StdoutLine: {'line': b'-- Up-to-date: /home/ayasx9/FSAI26/FSAI25_perception/fs-system-26/Perception/ros2_ws/asurt_msgs/install/asurt_msgs/include/asurt_msgs/asurt_msgs/msg/detail\n'}
[21.567089] (asurt_msgs) StdoutLine: {'line': b'-- Installing: /home/ayasx9/FSAI26/FSAI25_perception/fs-system-26/Perception/ros2_ws/asurt_msgs/install/asurt_msgs/include/asurt_msgs/asurt_msgs/msg/detail/landmark_array__type_support.cpp\n'}
[21.567249] (asurt_msgs) StdoutLine: {'line': b'-- Installing: /home/ayasx9/FSAI26/FSAI25_perception/fs-system-26/Perception/ros2_ws/asurt_msgs/install/asurt_msgs/include/asurt_msgs/asurt_msgs/msg/detail/cone_img__type_support.cpp\n'}
[21.567408] (asurt_msgs) StdoutLine: {'line': b'-- Installing: /home/ayasx9/FSAI26/FSAI25_perception/fs-system-26/Perception/ros2_ws/asurt_msgs/install/asurt_msgs/include/asurt_msgs/asurt_msgs/msg/detail/bounding_boxes__type_support.cpp\n'}
[21.567537] (asurt_msgs) StdoutLine: {'line': b'-- Installing: /home/ayasx9/FSAI26/FSAI25_perception/fs-system-26/Perception/ros2_ws/asurt_msgs/install/asurt_msgs/include/asurt_msgs/asurt_msgs/msg/detail/key_points__type_support.cpp\n'}
[21.567619] (asurt_msgs) StdoutLine: {'line': b'-- Installing: /home/ayasx9/FSAI26/FSAI25_perception/fs-system-26/Perception/ros2_ws/asurt_msgs/install/asurt_msgs/include/asurt_msgs/asurt_msgs/msg/detail/node_status__rosidl_typesupport_introspection_cpp.hpp\n'}
[21.567721] (asurt_msgs) StdoutLine: {'line': b'-- Installing: /home/ayasx9/FSAI26/FSAI25_perception/fs-system-26/Perception/ros2_ws/asurt_msgs/install/asurt_msgs/include/asurt_msgs/asurt_msgs/msg/detail/key_points__rosidl_typesupport_introspection_cpp.hpp\n'}
[21.567833] (asurt_msgs) StdoutLine: {'line': b'-- Installing: /home/ayasx9/FSAI26/FSAI25_perception/fs-system-26/Perception/ros2_ws/asurt_msgs/install/asurt_msgs/include/asurt_msgs/asurt_msgs/msg/detail/cloud_info__type_support.cpp\n'}
[21.568012] (asurt_msgs) StdoutLine: {'line': b'-- Installing: /home/ayasx9/FSAI26/FSAI25_perception/fs-system-26/Perception/ros2_ws/asurt_msgs/install/asurt_msgs/include/asurt_msgs/asurt_msgs/msg/detail/cone_img__rosidl_typesupport_introspection_cpp.hpp\n'}
[21.568152] (asurt_msgs) StdoutLine: {'line': b'-- Installing: /home/ayasx9/FSAI26/FSAI25_perception/fs-system-26/Perception/ros2_ws/asurt_msgs/install/asurt_msgs/include/asurt_msgs/asurt_msgs/msg/detail/roadstate__type_support.cpp\n'}
[21.568269] (asurt_msgs) StdoutLine: {'line': b'-- Installing: /home/ayasx9/FSAI26/FSAI25_perception/fs-system-26/Perception/ros2_ws/asurt_msgs/install/asurt_msgs/include/asurt_msgs/asurt_msgs/msg/detail/landmark__rosidl_typesupport_introspection_cpp.hpp\n'}
[21.568511] (asurt_msgs) StdoutLine: {'line': b'-- Installing: /home/ayasx9/FSAI26/FSAI25_perception/fs-system-26/Perception/ros2_ws/asurt_msgs/install/asurt_msgs/include/asurt_msgs/asurt_msgs/msg/detail/cone_img_array__rosidl_typesupport_introspection_cpp.hpp\n'}
[21.568570] (asurt_msgs) StdoutLine: {'line': b'-- Installing: /home/ayasx9/FSAI26/FSAI25_perception/fs-system-26/Perception/ros2_ws/asurt_msgs/install/asurt_msgs/include/asurt_msgs/asurt_msgs/msg/detail/bounding_box__rosidl_typesupport_introspection_cpp.hpp\n'}
[21.568685] (asurt_msgs) StdoutLine: {'line': b'-- Installing: /home/ayasx9/FSAI26/FSAI25_perception/fs-system-26/Perception/ros2_ws/asurt_msgs/install/asurt_msgs/include/asurt_msgs/asurt_msgs/msg/detail/landmark_array__rosidl_typesupport_introspection_cpp.hpp\n'}
[21.568735] (asurt_msgs) StdoutLine: {'line': b'-- Installing: /home/ayasx9/FSAI26/FSAI25_perception/fs-system-26/Perception/ros2_ws/asurt_msgs/install/asurt_msgs/include/asurt_msgs/asurt_msgs/msg/detail/bounding_boxes__rosidl_typesupport_introspection_cpp.hpp\n'}
[21.568777] (asurt_msgs) StdoutLine: {'line': b'-- Installing: /home/ayasx9/FSAI26/FSAI25_perception/fs-system-26/Perception/ros2_ws/asurt_msgs/install/asurt_msgs/include/asurt_msgs/asurt_msgs/msg/detail/cloud_info__rosidl_typesupport_introspection_cpp.hpp\n'}
[21.568820] (asurt_msgs) StdoutLine: {'line': b'-- Installing: /home/ayasx9/FSAI26/FSAI25_perception/fs-system-26/Perception/ros2_ws/asurt_msgs/install/asurt_msgs/include/asurt_msgs/asurt_msgs/msg/detail/bounding_box__type_support.cpp\n'}
[21.568863] (asurt_msgs) StdoutLine: {'line': b'-- Installing: /home/ayasx9/FSAI26/FSAI25_perception/fs-system-26/Perception/ros2_ws/asurt_msgs/install/asurt_msgs/include/asurt_msgs/asurt_msgs/msg/detail/landmark__type_support.cpp\n'}
[21.568903] (asurt_msgs) StdoutLine: {'line': b'-- Installing: /home/ayasx9/FSAI26/FSAI25_perception/fs-system-26/Perception/ros2_ws/asurt_msgs/install/asurt_msgs/include/asurt_msgs/asurt_msgs/msg/detail/roadstate__rosidl_typesupport_introspection_cpp.hpp\n'}
[21.568947] (asurt_msgs) StdoutLine: {'line': b'-- Installing: /home/ayasx9/FSAI26/FSAI25_perception/fs-system-26/Perception/ros2_ws/asurt_msgs/install/asurt_msgs/include/asurt_msgs/asurt_msgs/msg/detail/cone_img_array__type_support.cpp\n'}
[21.568992] (asurt_msgs) StdoutLine: {'line': b'-- Installing: /home/ayasx9/FSAI26/FSAI25_perception/fs-system-26/Perception/ros2_ws/asurt_msgs/install/asurt_msgs/include/asurt_msgs/asurt_msgs/msg/detail/node_status__type_support.cpp\n'}
[21.569032] (asurt_msgs) StdoutLine: {'line': b'-- Installing: /home/ayasx9/FSAI26/FSAI25_perception/fs-system-26/Perception/ros2_ws/asurt_msgs/install/asurt_msgs/lib/libasurt_msgs__rosidl_typesupport_introspection_cpp.so\n'}
[21.569180] (asurt_msgs) StdoutLine: {'line': b'-- Set runtime path of "/home/ayasx9/FSAI26/FSAI25_perception/fs-system-26/Perception/ros2_ws/asurt_msgs/install/asurt_msgs/lib/libasurt_msgs__rosidl_typesupport_introspection_cpp.so" to ""\n'}
[21.569430] (asurt_msgs) StdoutLine: {'line': b'-- Installing: /home/ayasx9/FSAI26/FSAI25_perception/fs-system-26/Perception/ros2_ws/asurt_msgs/install/asurt_msgs/lib/libasurt_msgs__rosidl_typesupport_cpp.so\n'}
[21.569651] (asurt_msgs) StdoutLine: {'line': b'-- Set runtime path of "/home/ayasx9/FSAI26/FSAI25_perception/fs-system-26/Perception/ros2_ws/asurt_msgs/install/asurt_msgs/lib/libasurt_msgs__rosidl_typesupport_cpp.so" to ""\n'}
[21.569733] (asurt_msgs) StdoutLine: {'line': b'-- Installing: /home/ayasx9/FSAI26/FSAI25_perception/fs-system-26/Perception/ros2_ws/asurt_msgs/install/asurt_msgs/share/asurt_msgs/environment/pythonpath.sh\n'}
[21.569934] (asurt_msgs) StdoutLine: {'line': b'-- Installing: /home/ayasx9/FSAI26/FSAI25_perception/fs-system-26/Perception/ros2_ws/asurt_msgs/install/asurt_msgs/share/asurt_msgs/environment/pythonpath.dsv\n'}
[21.570117] (asurt_msgs) StdoutLine: {'line': b'-- Installing: /home/ayasx9/FSAI26/FSAI25_perception/fs-system-26/Perception/ros2_ws/asurt_msgs/install/asurt_msgs/local/lib/python3.10/dist-packages/asurt_msgs-2.0.0-py3.10.egg-info\n'}
[21.571108] (asurt_msgs) StdoutLine: {'line': b'-- Installing: /home/ayasx9/FSAI26/FSAI25_perception/fs-system-26/Perception/ros2_ws/asurt_msgs/install/asurt_msgs/local/lib/python3.10/dist-packages/asurt_msgs-2.0.0-py3.10.egg-info/SOURCES.txt\n'}
[21.571192] (asurt_msgs) StdoutLine: {'line': b'-- Installing: /home/ayasx9/FSAI26/FSAI25_perception/fs-system-26/Perception/ros2_ws/asurt_msgs/install/asurt_msgs/local/lib/python3.10/dist-packages/asurt_msgs-2.0.0-py3.10.egg-info/PKG-INFO\n'}
[21.571381] (asurt_msgs) StdoutLine: {'line': b'-- Installing: /home/ayasx9/FSAI26/FSAI25_perception/fs-system-26/Perception/ros2_ws/asurt_msgs/install/asurt_msgs/local/lib/python3.10/dist-packages/asurt_msgs-2.0.0-py3.10.egg-info/top_level.txt\n'}
[21.571552] (asurt_msgs) StdoutLine: {'line': b'-- Installing: /home/ayasx9/FSAI26/FSAI25_perception/fs-system-26/Perception/ros2_ws/asurt_msgs/install/asurt_msgs/local/lib/python3.10/dist-packages/asurt_msgs-2.0.0-py3.10.egg-info/dependency_links.txt\n'}
[21.571736] (asurt_msgs) StdoutLine: {'line': b'-- Installing: /home/ayasx9/FSAI26/FSAI25_perception/fs-system-26/Perception/ros2_ws/asurt_msgs/install/asurt_msgs/local/lib/python3.10/dist-packages/asurt_msgs\n'}
[21.571920] (asurt_msgs) StdoutLine: {'line': b'-- Installing: /home/ayasx9/FSAI26/FSAI25_perception/fs-system-26/Perception/ros2_ws/asurt_msgs/install/asurt_msgs/local/lib/python3.10/dist-packages/asurt_msgs/asurt_msgs_s__rosidl_typesupport_c.cpython-310-x86_64-linux-gnu.so\n'}
[21.572077] (asurt_msgs) StdoutLine: {'line': b'-- Installing: /home/ayasx9/FSAI26/FSAI25_perception/fs-system-26/Perception/ros2_ws/asurt_msgs/install/asurt_msgs/local/lib/python3.10/dist-packages/asurt_msgs/libasurt_msgs__rosidl_generator_py.so\n'}
[21.572238] (asurt_msgs) StdoutLine: {'line': b'-- Installing: /home/ayasx9/FSAI26/FSAI25_perception/fs-system-26/Perception/ros2_ws/asurt_msgs/install/asurt_msgs/local/lib/python3.10/dist-packages/asurt_msgs/_asurt_msgs_s.ep.rosidl_typesupport_fastrtps_c.c\n'}
[21.572427] (asurt_msgs) StdoutLine: {'line': b'-- Installing: /home/ayasx9/FSAI26/FSAI25_perception/fs-system-26/Perception/ros2_ws/asurt_msgs/install/asurt_msgs/local/lib/python3.10/dist-packages/asurt_msgs/__init__.py\n'}
[21.572636] (asurt_msgs) StdoutLine: {'line': b'-- Installing: /home/ayasx9/FSAI26/FSAI25_perception/fs-system-26/Perception/ros2_ws/asurt_msgs/install/asurt_msgs/local/lib/python3.10/dist-packages/asurt_msgs/asurt_msgs_s__rosidl_typesupport_introspection_c.cpython-310-x86_64-linux-gnu.so\n'}
[21.572709] (asurt_msgs) StdoutLine: {'line': b'-- Installing: /home/ayasx9/FSAI26/FSAI25_perception/fs-system-26/Perception/ros2_ws/asurt_msgs/install/asurt_msgs/local/lib/python3.10/dist-packages/asurt_msgs/asurt_msgs_s__rosidl_typesupport_fastrtps_c.cpython-310-x86_64-linux-gnu.so\n'}
[21.572899] (asurt_msgs) StdoutLine: {'line': b'-- Installing: /home/ayasx9/FSAI26/FSAI25_perception/fs-system-26/Perception/ros2_ws/asurt_msgs/install/asurt_msgs/local/lib/python3.10/dist-packages/asurt_msgs/msg\n'}
[21.573040] (asurt_msgs) StdoutLine: {'line': b'-- Installing: /home/ayasx9/FSAI26/FSAI25_perception/fs-system-26/Perception/ros2_ws/asurt_msgs/install/asurt_msgs/local/lib/python3.10/dist-packages/asurt_msgs/msg/_landmark.py\n'}
[21.573215] (asurt_msgs) StdoutLine: {'line': b'-- Installing: /home/ayasx9/FSAI26/FSAI25_perception/fs-system-26/Perception/ros2_ws/asurt_msgs/install/asurt_msgs/local/lib/python3.10/dist-packages/asurt_msgs/msg/_bounding_boxes_s.c\n'}
[21.573432] (asurt_msgs) StdoutLine: {'line': b'-- Installing: /home/ayasx9/FSAI26/FSAI25_perception/fs-system-26/Perception/ros2_ws/asurt_msgs/install/asurt_msgs/local/lib/python3.10/dist-packages/asurt_msgs/msg/_roadstate_s.c\n'}
[21.573649] (asurt_msgs) StdoutLine: {'line': b'-- Installing: /home/ayasx9/FSAI26/FSAI25_perception/fs-system-26/Perception/ros2_ws/asurt_msgs/install/asurt_msgs/local/lib/python3.10/dist-packages/asurt_msgs/msg/_cloud_info_s.c\n'}
[21.573776] (asurt_msgs) StdoutLine: {'line': b'-- Installing: /home/ayasx9/FSAI26/FSAI25_perception/fs-system-26/Perception/ros2_ws/asurt_msgs/install/asurt_msgs/local/lib/python3.10/dist-packages/asurt_msgs/msg/_bounding_box.py\n'}
[21.573908] (asurt_msgs) StdoutLine: {'line': b'-- Installing: /home/ayasx9/FSAI26/FSAI25_perception/fs-system-26/Perception/ros2_ws/asurt_msgs/install/asurt_msgs/local/lib/python3.10/dist-packages/asurt_msgs/msg/_cone_img_array_s.c\n'}
[21.574144] (asurt_msgs) StdoutLine: {'line': b'-- Installing: /home/ayasx9/FSAI26/FSAI25_perception/fs-system-26/Perception/ros2_ws/asurt_msgs/install/asurt_msgs/local/lib/python3.10/dist-packages/asurt_msgs/msg/_bounding_boxes.py\n'}
[21.574217] (asurt_msgs) StdoutLine: {'line': b'-- Installing: /home/ayasx9/FSAI26/FSAI25_perception/fs-system-26/Perception/ros2_ws/asurt_msgs/install/asurt_msgs/local/lib/python3.10/dist-packages/asurt_msgs/msg/_key_points_s.c\n'}
[21.574273] (asurt_msgs) StdoutLine: {'line': b'-- Installing: /home/ayasx9/FSAI26/FSAI25_perception/fs-system-26/Perception/ros2_ws/asurt_msgs/install/asurt_msgs/local/lib/python3.10/dist-packages/asurt_msgs/msg/__init__.py\n'}
[21.574379] (asurt_msgs) StdoutLine: {'line': b'-- Installing: /home/ayasx9/FSAI26/FSAI25_perception/fs-system-26/Perception/ros2_ws/asurt_msgs/install/asurt_msgs/local/lib/python3.10/dist-packages/asurt_msgs/msg/_cone_img.py\n'}
[21.574494] (asurt_msgs) StdoutLine: {'line': b'-- Installing: /home/ayasx9/FSAI26/FSAI25_perception/fs-system-26/Perception/ros2_ws/asurt_msgs/install/asurt_msgs/local/lib/python3.10/dist-packages/asurt_msgs/msg/_cloud_info.py\n'}
[21.574667] (asurt_msgs) StdoutLine: {'line': b'-- Installing: /home/ayasx9/FSAI26/FSAI25_perception/fs-system-26/Perception/ros2_ws/asurt_msgs/install/asurt_msgs/local/lib/python3.10/dist-packages/asurt_msgs/msg/_landmark_array_s.c\n'}
[21.574745] (asurt_msgs) StdoutLine: {'line': b'-- Installing: /home/ayasx9/FSAI26/FSAI25_perception/fs-system-26/Perception/ros2_ws/asurt_msgs/install/asurt_msgs/local/lib/python3.10/dist-packages/asurt_msgs/msg/_key_points.py\n'}
[21.574867] (asurt_msgs) StdoutLine: {'line': b'-- Installing: /home/ayasx9/FSAI26/FSAI25_perception/fs-system-26/Perception/ros2_ws/asurt_msgs/install/asurt_msgs/local/lib/python3.10/dist-packages/asurt_msgs/msg/_cone_img_array.py\n'}
[21.575086] (asurt_msgs) StdoutLine: {'line': b'-- Installing: /home/ayasx9/FSAI26/FSAI25_perception/fs-system-26/Perception/ros2_ws/asurt_msgs/install/asurt_msgs/local/lib/python3.10/dist-packages/asurt_msgs/msg/_landmark_s.c\n'}
[21.575212] (asurt_msgs) StdoutLine: {'line': b'-- Installing: /home/ayasx9/FSAI26/FSAI25_perception/fs-system-26/Perception/ros2_ws/asurt_msgs/install/asurt_msgs/local/lib/python3.10/dist-packages/asurt_msgs/msg/_bounding_box_s.c\n'}
[21.575345] (asurt_msgs) StdoutLine: {'line': b'-- Installing: /home/ayasx9/FSAI26/FSAI25_perception/fs-system-26/Perception/ros2_ws/asurt_msgs/install/asurt_msgs/local/lib/python3.10/dist-packages/asurt_msgs/msg/_cone_img_s.c\n'}
[21.575540] (asurt_msgs) StdoutLine: {'line': b'-- Installing: /home/ayasx9/FSAI26/FSAI25_perception/fs-system-26/Perception/ros2_ws/asurt_msgs/install/asurt_msgs/local/lib/python3.10/dist-packages/asurt_msgs/msg/_landmark_array.py\n'}
[21.575686] (asurt_msgs) StdoutLine: {'line': b'-- Installing: /home/ayasx9/FSAI26/FSAI25_perception/fs-system-26/Perception/ros2_ws/asurt_msgs/install/asurt_msgs/local/lib/python3.10/dist-packages/asurt_msgs/msg/_node_status_s.c\n'}
[21.575828] (asurt_msgs) StdoutLine: {'line': b'-- Installing: /home/ayasx9/FSAI26/FSAI25_perception/fs-system-26/Perception/ros2_ws/asurt_msgs/install/asurt_msgs/local/lib/python3.10/dist-packages/asurt_msgs/msg/_roadstate.py\n'}
[21.575956] (asurt_msgs) StdoutLine: {'line': b'-- Installing: /home/ayasx9/FSAI26/FSAI25_perception/fs-system-26/Perception/ros2_ws/asurt_msgs/install/asurt_msgs/local/lib/python3.10/dist-packages/asurt_msgs/msg/_node_status.py\n'}
[21.576137] (asurt_msgs) StdoutLine: {'line': b'-- Installing: /home/ayasx9/FSAI26/FSAI25_perception/fs-system-26/Perception/ros2_ws/asurt_msgs/install/asurt_msgs/local/lib/python3.10/dist-packages/asurt_msgs/_asurt_msgs_s.ep.rosidl_typesupport_c.c\n'}
[21.576200] (asurt_msgs) StdoutLine: {'line': b'-- Installing: /home/ayasx9/FSAI26/FSAI25_perception/fs-system-26/Perception/ros2_ws/asurt_msgs/install/asurt_msgs/local/lib/python3.10/dist-packages/asurt_msgs/_asurt_msgs_s.ep.rosidl_typesupport_introspection_c.c\n'}
[21.613292] (asurt_msgs) StdoutLine: {'line': b"Listing '/home/ayasx9/FSAI26/FSAI25_perception/fs-system-26/Perception/ros2_ws/asurt_msgs/install/asurt_msgs/local/lib/python3.10/dist-packages/asurt_msgs'...\n"}
[21.613544] (asurt_msgs) StdoutLine: {'line': b"Compiling '/home/ayasx9/FSAI26/FSAI25_perception/fs-system-26/Perception/ros2_ws/asurt_msgs/install/asurt_msgs/local/lib/python3.10/dist-packages/asurt_msgs/__init__.py'...\n"}
[21.613608] (asurt_msgs) StdoutLine: {'line': b"Listing '/home/ayasx9/FSAI26/FSAI25_perception/fs-system-26/Perception/ros2_ws/asurt_msgs/install/asurt_msgs/local/lib/python3.10/dist-packages/asurt_msgs/msg'...\n"}
[21.613646] (asurt_msgs) StdoutLine: {'line': b"Compiling '/home/ayasx9/FSAI26/FSAI25_perception/fs-system-26/Perception/ros2_ws/asurt_msgs/install/asurt_msgs/local/lib/python3.10/dist-packages/asurt_msgs/msg/__init__.py'...\n"}
[21.613680] (asurt_msgs) StdoutLine: {'line': b"Compiling '/home/ayasx9/FSAI26/FSAI25_perception/fs-system-26/Perception/ros2_ws/asurt_msgs/install/asurt_msgs/local/lib/python3.10/dist-packages/asurt_msgs/msg/_bounding_box.py'...\n"}
[21.613714] (asurt_msgs) StdoutLine: {'line': b"Compiling '/home/ayasx9/FSAI26/FSAI25_perception/fs-system-26/Perception/ros2_ws/asurt_msgs/install/asurt_msgs/local/lib/python3.10/dist-packages/asurt_msgs/msg/_bounding_boxes.py'...\n"}
[21.613747] (asurt_msgs) StdoutLine: {'line': b"Compiling '/home/ayasx9/FSAI26/FSAI25_perception/fs-system-26/Perception/ros2_ws/asurt_msgs/install/asurt_msgs/local/lib/python3.10/dist-packages/asurt_msgs/msg/_cloud_info.py'...\n"}
[21.613780] (asurt_msgs) StdoutLine: {'line': b"Compiling '/home/ayasx9/FSAI26/FSAI25_perception/fs-system-26/Perception/ros2_ws/asurt_msgs/install/asurt_msgs/local/lib/python3.10/dist-packages/asurt_msgs/msg/_cone_img.py'...\n"}
[21.613821] (asurt_msgs) StdoutLine: {'line': b"Compiling '/home/ayasx9/FSAI26/FSAI25_perception/fs-system-26/Perception/ros2_ws/asurt_msgs/install/asurt_msgs/local/lib/python3.10/dist-packages/asurt_msgs/msg/_cone_img_array.py'...\n"}
[21.613869] (asurt_msgs) StdoutLine: {'line': b"Compiling '/home/ayasx9/FSAI26/FSAI25_perception/fs-system-26/Perception/ros2_ws/asurt_msgs/install/asurt_msgs/local/lib/python3.10/dist-packages/asurt_msgs/msg/_key_points.py'...\n"}
[21.613919] (asurt_msgs) StdoutLine: {'line': b"Compiling '/home/ayasx9/FSAI26/FSAI25_perception/fs-system-26/Perception/ros2_ws/asurt_msgs/install/asurt_msgs/local/lib/python3.10/dist-packages/asurt_msgs/msg/_landmark.py'...\n"}
[21.613956] (asurt_msgs) StdoutLine: {'line': b"Compiling '/home/ayasx9/FSAI26/FSAI25_perception/fs-system-26/Perception/ros2_ws/asurt_msgs/install/asurt_msgs/local/lib/python3.10/dist-packages/asurt_msgs/msg/_landmark_array.py'...\n"}
[21.613992] (asurt_msgs) StdoutLine: {'line': b"Compiling '/home/ayasx9/FSAI26/FSAI25_perception/fs-system-26/Perception/ros2_ws/asurt_msgs/install/asurt_msgs/local/lib/python3.10/dist-packages/asurt_msgs/msg/_node_status.py'...\n"}
[21.614027] (asurt_msgs) StdoutLine: {'line': b"Compiling '/home/ayasx9/FSAI26/FSAI25_perception/fs-system-26/Perception/ros2_ws/asurt_msgs/install/asurt_msgs/local/lib/python3.10/dist-packages/asurt_msgs/msg/_roadstate.py'...\n"}
[21.617853] (asurt_msgs) StdoutLine: {'line': b'-- Installing: /home/ayasx9/FSAI26/FSAI25_perception/fs-system-26/Perception/ros2_ws/asurt_msgs/install/asurt_msgs/local/lib/python3.10/dist-packages/asurt_msgs/asurt_msgs_s__rosidl_typesupport_fastrtps_c.cpython-310-x86_64-linux-gnu.so\n'}
[21.618105] (asurt_msgs) StdoutLine: {'line': b'-- Set runtime path of "/home/ayasx9/FSAI26/FSAI25_perception/fs-system-26/Perception/ros2_ws/asurt_msgs/install/asurt_msgs/local/lib/python3.10/dist-packages/asurt_msgs/asurt_msgs_s__rosidl_typesupport_fastrtps_c.cpython-310-x86_64-linux-gnu.so" to ""\n'}
[21.618309] (asurt_msgs) StdoutLine: {'line': b'-- Installing: /home/ayasx9/FSAI26/FSAI25_perception/fs-system-26/Perception/ros2_ws/asurt_msgs/install/asurt_msgs/local/lib/python3.10/dist-packages/asurt_msgs/asurt_msgs_s__rosidl_typesupport_introspection_c.cpython-310-x86_64-linux-gnu.so\n'}
[21.618616] (asurt_msgs) StdoutLine: {'line': b'-- Set runtime path of "/home/ayasx9/FSAI26/FSAI25_perception/fs-system-26/Perception/ros2_ws/asurt_msgs/install/asurt_msgs/local/lib/python3.10/dist-packages/asurt_msgs/asurt_msgs_s__rosidl_typesupport_introspection_c.cpython-310-x86_64-linux-gnu.so" to ""\n'}
[21.618779] (asurt_msgs) StdoutLine: {'line': b'-- Installing: /home/ayasx9/FSAI26/FSAI25_perception/fs-system-26/Perception/ros2_ws/asurt_msgs/install/asurt_msgs/local/lib/python3.10/dist-packages/asurt_msgs/asurt_msgs_s__rosidl_typesupport_c.cpython-310-x86_64-linux-gnu.so\n'}
[21.619152] (asurt_msgs) StdoutLine: {'line': b'-- Set runtime path of "/home/ayasx9/FSAI26/FSAI25_perception/fs-system-26/Perception/ros2_ws/asurt_msgs/install/asurt_msgs/local/lib/python3.10/dist-packages/asurt_msgs/asurt_msgs_s__rosidl_typesupport_c.cpython-310-x86_64-linux-gnu.so" to ""\n'}
[21.619218] (asurt_msgs) StdoutLine: {'line': b'-- Installing: /home/ayasx9/FSAI26/FSAI25_perception/fs-system-26/Perception/ros2_ws/asurt_msgs/install/asurt_msgs/lib/libasurt_msgs__rosidl_generator_py.so\n'}
[21.619469] (asurt_msgs) StdoutLine: {'line': b'-- Set runtime path of "/home/ayasx9/FSAI26/FSAI25_perception/fs-system-26/Perception/ros2_ws/asurt_msgs/install/asurt_msgs/lib/libasurt_msgs__rosidl_generator_py.so" to ""\n'}
[21.619884] (asurt_msgs) StdoutLine: {'line': b'-- Installing: /home/ayasx9/FSAI26/FSAI25_perception/fs-system-26/Perception/ros2_ws/asurt_msgs/install/asurt_msgs/share/asurt_msgs/msg/Landmark.idl\n'}
[21.620065] (asurt_msgs) StdoutLine: {'line': b'-- Installing: /home/ayasx9/FSAI26/FSAI25_perception/fs-system-26/Perception/ros2_ws/asurt_msgs/install/asurt_msgs/share/asurt_msgs/msg/LandmarkArray.idl\n'}
[21.620287] (asurt_msgs) StdoutLine: {'line': b'-- Installing: /home/ayasx9/FSAI26/FSAI25_perception/fs-system-26/Perception/ros2_ws/asurt_msgs/install/asurt_msgs/share/asurt_msgs/msg/NodeStatus.idl\n'}
[21.620423] (asurt_msgs) StdoutLine: {'line': b'-- Installing: /home/ayasx9/FSAI26/FSAI25_perception/fs-system-26/Perception/ros2_ws/asurt_msgs/install/asurt_msgs/share/asurt_msgs/msg/Roadstate.idl\n'}
[21.620601] (asurt_msgs) StdoutLine: {'line': b'-- Installing: /home/ayasx9/FSAI26/FSAI25_perception/fs-system-26/Perception/ros2_ws/asurt_msgs/install/asurt_msgs/share/asurt_msgs/msg/CloudInfo.idl\n'}
[21.620773] (asurt_msgs) StdoutLine: {'line': b'-- Installing: /home/ayasx9/FSAI26/FSAI25_perception/fs-system-26/Perception/ros2_ws/asurt_msgs/install/asurt_msgs/share/asurt_msgs/msg/BoundingBox.idl\n'}
[21.620892] (asurt_msgs) StdoutLine: {'line': b'-- Installing: /home/ayasx9/FSAI26/FSAI25_perception/fs-system-26/Perception/ros2_ws/asurt_msgs/install/asurt_msgs/share/asurt_msgs/msg/BoundingBoxes.idl\n'}
[21.621056] (asurt_msgs) StdoutLine: {'line': b'-- Installing: /home/ayasx9/FSAI26/FSAI25_perception/fs-system-26/Perception/ros2_ws/asurt_msgs/install/asurt_msgs/share/asurt_msgs/msg/ConeImg.idl\n'}
[21.621220] (asurt_msgs) StdoutLine: {'line': b'-- Installing: /home/ayasx9/FSAI26/FSAI25_perception/fs-system-26/Perception/ros2_ws/asurt_msgs/install/asurt_msgs/share/asurt_msgs/msg/ConeImgArray.idl\n'}
[21.621362] (asurt_msgs) StdoutLine: {'line': b'-- Installing: /home/ayasx9/FSAI26/FSAI25_perception/fs-system-26/Perception/ros2_ws/asurt_msgs/install/asurt_msgs/share/asurt_msgs/msg/KeyPoints.idl\n'}
[21.621527] (asurt_msgs) StdoutLine: {'line': b'-- Installing: /home/ayasx9/FSAI26/FSAI25_perception/fs-system-26/Perception/ros2_ws/asurt_msgs/install/asurt_msgs/share/asurt_msgs/msg/Landmark.msg\n'}
[21.621669] (asurt_msgs) StdoutLine: {'line': b'-- Installing: /home/ayasx9/FSAI26/FSAI25_perception/fs-system-26/Perception/ros2_ws/asurt_msgs/install/asurt_msgs/share/asurt_msgs/msg/LandmarkArray.msg\n'}
[21.621873] (asurt_msgs) StdoutLine: {'line': b'-- Installing: /home/ayasx9/FSAI26/FSAI25_perception/fs-system-26/Perception/ros2_ws/asurt_msgs/install/asurt_msgs/share/asurt_msgs/msg/NodeStatus.msg\n'}
[21.622003] (asurt_msgs) StdoutLine: {'line': b'-- Installing: /home/ayasx9/FSAI26/FSAI25_perception/fs-system-26/Perception/ros2_ws/asurt_msgs/install/asurt_msgs/share/asurt_msgs/msg/Roadstate.msg\n'}
[21.622126] (asurt_msgs) StdoutLine: {'line': b'-- Installing: /home/ayasx9/FSAI26/FSAI25_perception/fs-system-26/Perception/ros2_ws/asurt_msgs/install/asurt_msgs/share/asurt_msgs/msg/CloudInfo.msg\n'}
[21.622304] (asurt_msgs) StdoutLine: {'line': b'-- Installing: /home/ayasx9/FSAI26/FSAI25_perception/fs-system-26/Perception/ros2_ws/asurt_msgs/install/asurt_msgs/share/asurt_msgs/msg/BoundingBox.msg\n'}
[21.622494] (asurt_msgs) StdoutLine: {'line': b'-- Installing: /home/ayasx9/FSAI26/FSAI25_perception/fs-system-26/Perception/ros2_ws/asurt_msgs/install/asurt_msgs/share/asurt_msgs/msg/BoundingBoxes.msg\n'}
[21.622620] (asurt_msgs) StdoutLine: {'line': b'-- Installing: /home/ayasx9/FSAI26/FSAI25_perception/fs-system-26/Perception/ros2_ws/asurt_msgs/install/asurt_msgs/share/asurt_msgs/msg/ConeImg.msg\n'}
[21.622763] (asurt_msgs) StdoutLine: {'line': b'-- Installing: /home/ayasx9/FSAI26/FSAI25_perception/fs-system-26/Perception/ros2_ws/asurt_msgs/install/asurt_msgs/share/asurt_msgs/msg/ConeImgArray.msg\n'}
[21.623152] (asurt_msgs) StdoutLine: {'line': b'-- Installing: /home/ayasx9/FSAI26/FSAI25_perception/fs-system-26/Perception/ros2_ws/asurt_msgs/install/asurt_msgs/share/asurt_msgs/msg/KeyPoints.msg\n'}
[21.623475] (asurt_msgs) StdoutLine: {'line': b'-- Installing: /home/ayasx9/FSAI26/FSAI25_perception/fs-system-26/Perception/ros2_ws/asurt_msgs/install/asurt_msgs/share/ament_index/resource_index/package_run_dependencies/asurt_msgs\n'}
[21.623852] (asurt_msgs) StdoutLine: {'line': b'-- Installing: /home/ayasx9/FSAI26/FSAI25_perception/fs-system-26/Perception/ros2_ws/asurt_msgs/install/asurt_msgs/share/ament_index/resource_index/parent_prefix_path/asurt_msgs\n'}
[21.624057] (asurt_msgs) StdoutLine: {'line': b'-- Installing: /home/ayasx9/FSAI26/FSAI25_perception/fs-system-26/Perception/ros2_ws/asurt_msgs/install/asurt_msgs/share/asurt_msgs/environment/ament_prefix_path.sh\n'}
[21.624251] (asurt_msgs) StdoutLine: {'line': b'-- Installing: /home/ayasx9/FSAI26/FSAI25_perception/fs-system-26/Perception/ros2_ws/asurt_msgs/install/asurt_msgs/share/asurt_msgs/environment/ament_prefix_path.dsv\n'}
[21.624392] (asurt_msgs) StdoutLine: {'line': b'-- Installing: /home/ayasx9/FSAI26/FSAI25_perception/fs-system-26/Perception/ros2_ws/asurt_msgs/install/asurt_msgs/share/asurt_msgs/environment/path.sh\n'}
[21.624567] (asurt_msgs) StdoutLine: {'line': b'-- Installing: /home/ayasx9/FSAI26/FSAI25_perception/fs-system-26/Perception/ros2_ws/asurt_msgs/install/asurt_msgs/share/asurt_msgs/environment/path.dsv\n'}
[21.624762] (asurt_msgs) StdoutLine: {'line': b'-- Installing: /home/ayasx9/FSAI26/FSAI25_perception/fs-system-26/Perception/ros2_ws/asurt_msgs/install/asurt_msgs/share/asurt_msgs/local_setup.bash\n'}
[21.625094] (asurt_msgs) StdoutLine: {'line': b'-- Installing: /home/ayasx9/FSAI26/FSAI25_perception/fs-system-26/Perception/ros2_ws/asurt_msgs/install/asurt_msgs/share/asurt_msgs/local_setup.sh\n'}
[21.625348] (asurt_msgs) StdoutLine: {'line': b'-- Installing: /home/ayasx9/FSAI26/FSAI25_perception/fs-system-26/Perception/ros2_ws/asurt_msgs/install/asurt_msgs/share/asurt_msgs/local_setup.zsh\n'}
[21.625526] (asurt_msgs) StdoutLine: {'line': b'-- Installing: /home/ayasx9/FSAI26/FSAI25_perception/fs-system-26/Perception/ros2_ws/asurt_msgs/install/asurt_msgs/share/asurt_msgs/local_setup.dsv\n'}
[21.625764] (asurt_msgs) StdoutLine: {'line': b'-- Installing: /home/ayasx9/FSAI26/FSAI25_perception/fs-system-26/Perception/ros2_ws/asurt_msgs/install/asurt_msgs/share/asurt_msgs/package.dsv\n'}
[21.626213] (asurt_msgs) StdoutLine: {'line': b'-- Installing: /home/ayasx9/FSAI26/FSAI25_perception/fs-system-26/Perception/ros2_ws/asurt_msgs/install/asurt_msgs/share/ament_index/resource_index/packages/asurt_msgs\n'}
[21.626919] (asurt_msgs) StdoutLine: {'line': b'-- Installing: /home/ayasx9/FSAI26/FSAI25_perception/fs-system-26/Perception/ros2_ws/asurt_msgs/install/asurt_msgs/share/asurt_msgs/cmake/export_asurt_msgs__rosidl_generator_cExport.cmake\n'}
[21.627260] (asurt_msgs) StdoutLine: {'line': b'-- Installing: /home/ayasx9/FSAI26/FSAI25_perception/fs-system-26/Perception/ros2_ws/asurt_msgs/install/asurt_msgs/share/asurt_msgs/cmake/export_asurt_msgs__rosidl_generator_cExport-noconfig.cmake\n'}
[21.627490] (asurt_msgs) StdoutLine: {'line': b'-- Installing: /home/ayasx9/FSAI26/FSAI25_perception/fs-system-26/Perception/ros2_ws/asurt_msgs/install/asurt_msgs/share/asurt_msgs/cmake/export_asurt_msgs__rosidl_typesupport_fastrtps_cExport.cmake\n'}
[21.627812] (asurt_msgs) StdoutLine: {'line': b'-- Installing: /home/ayasx9/FSAI26/FSAI25_perception/fs-system-26/Perception/ros2_ws/asurt_msgs/install/asurt_msgs/share/asurt_msgs/cmake/export_asurt_msgs__rosidl_typesupport_fastrtps_cExport-noconfig.cmake\n'}
[21.628165] (asurt_msgs) StdoutLine: {'line': b'-- Installing: /home/ayasx9/FSAI26/FSAI25_perception/fs-system-26/Perception/ros2_ws/asurt_msgs/install/asurt_msgs/share/asurt_msgs/cmake/export_asurt_msgs__rosidl_generator_cppExport.cmake\n'}
[21.628445] (asurt_msgs) StdoutLine: {'line': b'-- Installing: /home/ayasx9/FSAI26/FSAI25_perception/fs-system-26/Perception/ros2_ws/asurt_msgs/install/asurt_msgs/share/asurt_msgs/cmake/export_asurt_msgs__rosidl_typesupport_fastrtps_cppExport.cmake\n'}
[21.628931] (asurt_msgs) StdoutLine: {'line': b'-- Installing: /home/ayasx9/FSAI26/FSAI25_perception/fs-system-26/Perception/ros2_ws/asurt_msgs/install/asurt_msgs/share/asurt_msgs/cmake/export_asurt_msgs__rosidl_typesupport_fastrtps_cppExport-noconfig.cmake\n'}
[21.629321] (asurt_msgs) StdoutLine: {'line': b'-- Installing: /home/ayasx9/FSAI26/FSAI25_perception/fs-system-26/Perception/ros2_ws/asurt_msgs/install/asurt_msgs/share/asurt_msgs/cmake/asurt_msgs__rosidl_typesupport_introspection_cExport.cmake\n'}
[21.629627] (asurt_msgs) StdoutLine: {'line': b'-- Installing: /home/ayasx9/FSAI26/FSAI25_perception/fs-system-26/Perception/ros2_ws/asurt_msgs/install/asurt_msgs/share/asurt_msgs/cmake/asurt_msgs__rosidl_typesupport_introspection_cExport-noconfig.cmake\n'}
[21.629942] (asurt_msgs) StdoutLine: {'line': b'-- Installing: /home/ayasx9/FSAI26/FSAI25_perception/fs-system-26/Perception/ros2_ws/asurt_msgs/install/asurt_msgs/share/asurt_msgs/cmake/asurt_msgs__rosidl_typesupport_cExport.cmake\n'}
[21.630120] (asurt_msgs) StdoutLine: {'line': b'-- Installing: /home/ayasx9/FSAI26/FSAI25_perception/fs-system-26/Perception/ros2_ws/asurt_msgs/install/asurt_msgs/share/asurt_msgs/cmake/asurt_msgs__rosidl_typesupport_cExport-noconfig.cmake\n'}
[21.630619] (asurt_msgs) StdoutLine: {'line': b'-- Installing: /home/ayasx9/FSAI26/FSAI25_perception/fs-system-26/Perception/ros2_ws/asurt_msgs/install/asurt_msgs/share/asurt_msgs/cmake/asurt_msgs__rosidl_typesupport_introspection_cppExport.cmake\n'}
[21.630989] (asurt_msgs) StdoutLine: {'line': b'-- Installing: /home/ayasx9/FSAI26/FSAI25_perception/fs-system-26/Perception/ros2_ws/asurt_msgs/install/asurt_msgs/share/asurt_msgs/cmake/asurt_msgs__rosidl_typesupport_introspection_cppExport-noconfig.cmake\n'}
[21.631216] (asurt_msgs) StdoutLine: {'line': b'-- Installing: /home/ayasx9/FSAI26/FSAI25_perception/fs-system-26/Perception/ros2_ws/asurt_msgs/install/asurt_msgs/share/asurt_msgs/cmake/asurt_msgs__rosidl_typesupport_cppExport.cmake\n'}
[21.631557] (asurt_msgs) StdoutLine: {'line': b'-- Installing: /home/ayasx9/FSAI26/FSAI25_perception/fs-system-26/Perception/ros2_ws/asurt_msgs/install/asurt_msgs/share/asurt_msgs/cmake/asurt_msgs__rosidl_typesupport_cppExport-noconfig.cmake\n'}
[21.631929] (asurt_msgs) StdoutLine: {'line': b'-- Installing: /home/ayasx9/FSAI26/FSAI25_perception/fs-system-26/Perception/ros2_ws/asurt_msgs/install/asurt_msgs/share/asurt_msgs/cmake/export_asurt_msgs__rosidl_generator_pyExport.cmake\n'}
[21.632371] (asurt_msgs) StdoutLine: {'line': b'-- Installing: /home/ayasx9/FSAI26/FSAI25_perception/fs-system-26/Perception/ros2_ws/asurt_msgs/install/asurt_msgs/share/asurt_msgs/cmake/export_asurt_msgs__rosidl_generator_pyExport-noconfig.cmake\n'}
[21.632863] (asurt_msgs) StdoutLine: {'line': b'-- Installing: /home/ayasx9/FSAI26/FSAI25_perception/fs-system-26/Perception/ros2_ws/asurt_msgs/install/asurt_msgs/share/asurt_msgs/cmake/rosidl_cmake-extras.cmake\n'}
[21.633205] (asurt_msgs) StdoutLine: {'line': b'-- Installing: /home/ayasx9/FSAI26/FSAI25_perception/fs-system-26/Perception/ros2_ws/asurt_msgs/install/asurt_msgs/share/asurt_msgs/cmake/ament_cmake_export_dependencies-extras.cmake\n'}
[21.633500] (asurt_msgs) StdoutLine: {'line': b'-- Installing: /home/ayasx9/FSAI26/FSAI25_perception/fs-system-26/Perception/ros2_ws/asurt_msgs/install/asurt_msgs/share/asurt_msgs/cmake/ament_cmake_export_include_directories-extras.cmake\n'}
[21.633959] (asurt_msgs) StdoutLine: {'line': b'-- Installing: /home/ayasx9/FSAI26/FSAI25_perception/fs-system-26/Perception/ros2_ws/asurt_msgs/install/asurt_msgs/share/asurt_msgs/cmake/ament_cmake_export_libraries-extras.cmake\n'}
[21.634904] (asurt_msgs) StdoutLine: {'line': b'-- Installing: /home/ayasx9/FSAI26/FSAI25_perception/fs-system-26/Perception/ros2_ws/asurt_msgs/install/asurt_msgs/share/asurt_msgs/cmake/ament_cmake_export_targets-extras.cmake\n'}
[21.635220] (asurt_msgs) StdoutLine: {'line': b'-- Installing: /home/ayasx9/FSAI26/FSAI25_perception/fs-system-26/Perception/ros2_ws/asurt_msgs/install/asurt_msgs/share/asurt_msgs/cmake/rosidl_cmake_export_typesupport_targets-extras.cmake\n'}
[21.635411] (asurt_msgs) StdoutLine: {'line': b'-- Installing: /home/ayasx9/FSAI26/FSAI25_perception/fs-system-26/Perception/ros2_ws/asurt_msgs/install/asurt_msgs/share/asurt_msgs/cmake/rosidl_cmake_export_typesupport_libraries-extras.cmake\n'}
[21.635624] (asurt_msgs) StdoutLine: {'line': b'-- Installing: /home/ayasx9/FSAI26/FSAI25_perception/fs-system-26/Perception/ros2_ws/asurt_msgs/install/asurt_msgs/share/asurt_msgs/cmake/asurt_msgsConfig.cmake\n'}
[21.635755] (asurt_msgs) StdoutLine: {'line': b'-- Installing: /home/ayasx9/FSAI26/FSAI25_perception/fs-system-26/Perception/ros2_ws/asurt_msgs/install/asurt_msgs/share/asurt_msgs/cmake/asurt_msgsConfig-version.cmake\n'}
[21.635901] (asurt_msgs) StdoutLine: {'line': b'-- Installing: /home/ayasx9/FSAI26/FSAI25_perception/fs-system-26/Perception/ros2_ws/asurt_msgs/install/asurt_msgs/share/asurt_msgs/package.xml\n'}
[21.638742] (asurt_msgs) CommandEnded: {'returncode': 0}
[21.658595] (-) TimerEvent: {}
[21.664320] (asurt_msgs) JobEnded: {'identifier': 'asurt_msgs', 'rc': 0}
[21.665511] (-) EventReactorShutdown: {}
