[0.281s] [34mcolcon[0m [1;30mDEBUG[0m [32mCommand line arguments: ['/usr/bin/colcon', 'build', '--symlink-install', '--packages-select', 'perception_zed_pkg'][0m
[0.281s] [34mcolcon[0m [1;30mDEBUG[0m [32mParsed command line arguments: Namespace(log_base=None, log_level=None, verb_name='build', build_base='build', install_base='install', merge_install=False, symlink_install=True, test_result_base=None, continue_on_error=False, executor='parallel', parallel_workers=12, event_handlers=None, ignore_user_meta=False, metas=['./colcon.meta'], base_paths=['.'], packages_ignore=None, packages_ignore_regex=None, paths=None, packages_up_to=None, packages_up_to_regex=None, packages_above=None, packages_above_and_dependencies=None, packages_above_depth=None, packages_select_by_dep=None, packages_skip_by_dep=None, packages_skip_up_to=None, packages_select_build_failed=False, packages_skip_build_finished=False, packages_select_test_failures=False, packages_skip_test_passed=False, packages_select=['perception_zed_pkg'], packages_skip=None, packages_select_regex=None, packages_skip_regex=None, packages_start=None, packages_end=None, allow_overriding=[], cmake_args=None, cmake_target=None, cmake_target_skip_unavailable=False, cmake_clean_cache=False, cmake_clean_first=False, cmake_force_configure=False, ament_cmake_args=None, catkin_cmake_args=None, catkin_skip_building_tests=False, verb_parser=<colcon_defaults.argument_parser.defaults.DefaultArgumentsDecorator object at 0x755edd510b50>, verb_extension=<colcon_core.verb.build.BuildVerb object at 0x755edd510640>, main=<bound method BuildVerb.main of <colcon_core.verb.build.BuildVerb object at 0x755edd510640>>)[0m
[0.371s] [34mcolcon.colcon_core.package_discovery[0m [1;30mLevel 1[0m discover_packages(colcon_meta) check parameters
[0.371s] [34mcolcon.colcon_core.package_discovery[0m [1;30mLevel 1[0m discover_packages(recursive) check parameters
[0.371s] [34mcolcon.colcon_core.package_discovery[0m [1;30mLevel 1[0m discover_packages(ignore) check parameters
[0.371s] [34mcolcon.colcon_core.package_discovery[0m [1;30mLevel 1[0m discover_packages(path) check parameters
[0.371s] [34mcolcon.colcon_core.package_discovery[0m [1;30mLevel 1[0m discover_packages(colcon_meta) discover
[0.371s] [34mcolcon.colcon_core.package_discovery[0m [1;30mLevel 1[0m discover_packages(recursive) discover
[0.371s] [34mcolcon.colcon_core.package_discovery[0m [1;30mINFO[0m Crawling recursively for packages in '/home/ayasx9/FSAI26/perception_deep_logging/ros2_ws'
[0.371s] [34mcolcon.colcon_core.package_identification[0m [1;30mLevel 1[0m _identify(.) by extensions ['ignore', 'ignore_ament_install']
[0.371s] [34mcolcon.colcon_core.package_identification[0m [1;30mLevel 1[0m _identify(.) by extension 'ignore'
[0.371s] [34mcolcon.colcon_core.package_identification[0m [1;30mLevel 1[0m _identify(.) by extension 'ignore_ament_install'
[0.372s] [34mcolcon.colcon_core.package_identification[0m [1;30mLevel 1[0m _identify(.) by extensions ['colcon_pkg']
[0.372s] [34mcolcon.colcon_core.package_identification[0m [1;30mLevel 1[0m _identify(.) by extension 'colcon_pkg'
[0.372s] [34mcolcon.colcon_core.package_identification[0m [1;30mLevel 1[0m _identify(.) by extensions ['colcon_meta']
[0.372s] [34mcolcon.colcon_core.package_identification[0m [1;30mLevel 1[0m _identify(.) by extension 'colcon_meta'
[0.372s] [34mcolcon.colcon_core.package_identification[0m [1;30mLevel 1[0m _identify(.) by extensions ['ros']
[0.372s] [34mcolcon.colcon_core.package_identification[0m [1;30mLevel 1[0m _identify(.) by extension 'ros'
[0.394s] [34mcolcon.colcon_core.package_identification[0m [1;30mLevel 1[0m _identify(.) by extensions ['cmake', 'python']
[0.395s] [34mcolcon.colcon_core.package_identification[0m [1;30mLevel 1[0m _identify(.) by extension 'cmake'
[0.395s] [34mcolcon.colcon_core.package_identification[0m [1;30mLevel 1[0m _identify(.) by extension 'python'
[0.395s] [34mcolcon.colcon_core.package_identification[0m [1;30mLevel 1[0m _identify(.) by extensions ['python_setup_py']
[0.395s] [34mcolcon.colcon_core.package_identification[0m [1;30mLevel 1[0m _identify(.) by extension 'python_setup_py'
[0.395s] [34mcolcon.colcon_core.package_identification[0m [1;30mLevel 1[0m _identify(build) by extensions ['ignore', 'ignore_ament_install']
[0.395s] [34mcolcon.colcon_core.package_identification[0m [1;30mLevel 1[0m _identify(build) by extension 'ignore'
[0.395s] [34mcolcon.colcon_core.package_identification[0m [1;30mLevel 1[0m _identify(build) ignored
[0.395s] [34mcolcon.colcon_core.package_identification[0m [1;30mLevel 1[0m _identify(install) by extensions ['ignore', 'ignore_ament_install']
[0.395s] [34mcolcon.colcon_core.package_identification[0m [1;30mLevel 1[0m _identify(install) by extension 'ignore'
[0.395s] [34mcolcon.colcon_core.package_identification[0m [1;30mLevel 1[0m _identify(install) ignored
[0.395s] [34mcolcon.colcon_core.package_identification[0m [1;30mLevel 1[0m _identify(log) by extensions ['ignore', 'ignore_ament_install']
[0.395s] [34mcolcon.colcon_core.package_identification[0m [1;30mLevel 1[0m _identify(log) by extension 'ignore'
[0.395s] [34mcolcon.colcon_core.package_identification[0m [1;30mLevel 1[0m _identify(log) ignored
[0.395s] [34mcolcon.colcon_core.package_identification[0m [1;30mLevel 1[0m _identify(logging_debug) by extensions ['ignore', 'ignore_ament_install']
[0.395s] [34mcolcon.colcon_core.package_identification[0m [1;30mLevel 1[0m _identify(logging_debug) by extension 'ignore'
[0.395s] [34mcolcon.colcon_core.package_identification[0m [1;30mLevel 1[0m _identify(logging_debug) by extension 'ignore_ament_install'
[0.395s] [34mcolcon.colcon_core.package_identification[0m [1;30mLevel 1[0m _identify(logging_debug) by extensions ['colcon_pkg']
[0.395s] [34mcolcon.colcon_core.package_identification[0m [1;30mLevel 1[0m _identify(logging_debug) by extension 'colcon_pkg'
[0.395s] [34mcolcon.colcon_core.package_identification[0m [1;30mLevel 1[0m _identify(logging_debug) by extensions ['colcon_meta']
[0.395s] [34mcolcon.colcon_core.package_identification[0m [1;30mLevel 1[0m _identify(logging_debug) by extension 'colcon_meta'
[0.395s] [34mcolcon.colcon_core.package_identification[0m [1;30mLevel 1[0m _identify(logging_debug) by extensions ['ros']
[0.395s] [34mcolcon.colcon_core.package_identification[0m [1;30mLevel 1[0m _identify(logging_debug) by extension 'ros'
[0.396s] [34mcolcon.colcon_core.package_identification[0m [1;30mLevel 1[0m _identify(logging_debug) by extensions ['cmake', 'python']
[0.396s] [34mcolcon.colcon_core.package_identification[0m [1;30mLevel 1[0m _identify(logging_debug) by extension 'cmake'
[0.396s] [34mcolcon.colcon_core.package_identification[0m [1;30mLevel 1[0m _identify(logging_debug) by extension 'python'
[0.396s] [34mcolcon.colcon_core.package_identification[0m [1;30mLevel 1[0m _identify(logging_debug) by extensions ['python_setup_py']
[0.396s] [34mcolcon.colcon_core.package_identification[0m [1;30mLevel 1[0m _identify(logging_debug) by extension 'python_setup_py'
[0.396s] [34mcolcon.colcon_core.package_identification[0m [1;30mLevel 1[0m _identify(src) by extensions ['ignore', 'ignore_ament_install']
[0.396s] [34mcolcon.colcon_core.package_identification[0m [1;30mLevel 1[0m _identify(src) by extension 'ignore'
[0.396s] [34mcolcon.colcon_core.package_identification[0m [1;30mLevel 1[0m _identify(src) by extension 'ignore_ament_install'
[0.396s] [34mcolcon.colcon_core.package_identification[0m [1;30mLevel 1[0m _identify(src) by extensions ['colcon_pkg']
[0.396s] [34mcolcon.colcon_core.package_identification[0m [1;30mLevel 1[0m _identify(src) by extension 'colcon_pkg'
[0.396s] [34mcolcon.colcon_core.package_identification[0m [1;30mLevel 1[0m _identify(src) by extensions ['colcon_meta']
[0.396s] [34mcolcon.colcon_core.package_identification[0m [1;30mLevel 1[0m _identify(src) by extension 'colcon_meta'
[0.396s] [34mcolcon.colcon_core.package_identification[0m [1;30mLevel 1[0m _identify(src) by extensions ['ros']
[0.396s] [34mcolcon.colcon_core.package_identification[0m [1;30mLevel 1[0m _identify(src) by extension 'ros'
[0.396s] [34mcolcon.colcon_core.package_identification[0m [1;30mLevel 1[0m _identify(src) by extensions ['cmake', 'python']
[0.396s] [34mcolcon.colcon_core.package_identification[0m [1;30mLevel 1[0m _identify(src) by extension 'cmake'
[0.396s] [34mcolcon.colcon_core.package_identification[0m [1;30mLevel 1[0m _identify(src) by extension 'python'
[0.396s] [34mcolcon.colcon_core.package_identification[0m [1;30mLevel 1[0m _identify(src) by extensions ['python_setup_py']
[0.396s] [34mcolcon.colcon_core.package_identification[0m [1;30mLevel 1[0m _identify(src) by extension 'python_setup_py'
[0.396s] [34mcolcon.colcon_core.package_identification[0m [1;30mLevel 1[0m _identify(src/asurt_msgs) by extensions ['ignore', 'ignore_ament_install']
[0.396s] [34mcolcon.colcon_core.package_identification[0m [1;30mLevel 1[0m _identify(src/asurt_msgs) by extension 'ignore'
[0.396s] [34mcolcon.colcon_core.package_identification[0m [1;30mLevel 1[0m _identify(src/asurt_msgs) by extension 'ignore_ament_install'
[0.396s] [34mcolcon.colcon_core.package_identification[0m [1;30mLevel 1[0m _identify(src/asurt_msgs) by extensions ['colcon_pkg']
[0.396s] [34mcolcon.colcon_core.package_identification[0m [1;30mLevel 1[0m _identify(src/asurt_msgs) by extension 'colcon_pkg'
[0.396s] [34mcolcon.colcon_core.package_identification[0m [1;30mLevel 1[0m _identify(src/asurt_msgs) by extensions ['colcon_meta']
[0.396s] [34mcolcon.colcon_core.package_identification[0m [1;30mLevel 1[0m _identify(src/asurt_msgs) by extension 'colcon_meta'
[0.396s] [34mcolcon.colcon_core.package_identification[0m [1;30mLevel 1[0m _identify(src/asurt_msgs) by extensions ['ros']
[0.396s] [34mcolcon.colcon_core.package_identification[0m [1;30mLevel 1[0m _identify(src/asurt_msgs) by extension 'ros'
[0.398s] [34mcolcon.colcon_core.package_identification[0m [1;30mDEBUG[0m [32mPackage 'src/asurt_msgs' with type 'ros.ament_cmake' and name 'asurt_msgs'[0m
[0.398s] [34mcolcon.colcon_core.package_identification[0m [1;30mLevel 1[0m _identify(src/logging_system) by extensions ['ignore', 'ignore_ament_install']
[0.398s] [34mcolcon.colcon_core.package_identification[0m [1;30mLevel 1[0m _identify(src/logging_system) by extension 'ignore'
[0.398s] [34mcolcon.colcon_core.package_identification[0m [1;30mLevel 1[0m _identify(src/logging_system) by extension 'ignore_ament_install'
[0.398s] [34mcolcon.colcon_core.package_identification[0m [1;30mLevel 1[0m _identify(src/logging_system) by extensions ['colcon_pkg']
[0.398s] [34mcolcon.colcon_core.package_identification[0m [1;30mLevel 1[0m _identify(src/logging_system) by extension 'colcon_pkg'
[0.398s] [34mcolcon.colcon_core.package_identification[0m [1;30mLevel 1[0m _identify(src/logging_system) by extensions ['colcon_meta']
[0.398s] [34mcolcon.colcon_core.package_identification[0m [1;30mLevel 1[0m _identify(src/logging_system) by extension 'colcon_meta'
[0.398s] [34mcolcon.colcon_core.package_identification[0m [1;30mLevel 1[0m _identify(src/logging_system) by extensions ['ros']
[0.398s] [34mcolcon.colcon_core.package_identification[0m [1;30mLevel 1[0m _identify(src/logging_system) by extension 'ros'
[0.399s] [34mcolcon.colcon_core.package_identification[0m [1;30mDEBUG[0m [32mPackage 'src/logging_system' with type 'ros.ament_python' and name 'logging_system'[0m
[0.399s] [34mcolcon.colcon_core.package_identification[0m [1;30mLevel 1[0m _identify(src/perception_zed_pkg) by extensions ['ignore', 'ignore_ament_install']
[0.399s] [34mcolcon.colcon_core.package_identification[0m [1;30mLevel 1[0m _identify(src/perception_zed_pkg) by extension 'ignore'
[0.399s] [34mcolcon.colcon_core.package_identification[0m [1;30mLevel 1[0m _identify(src/perception_zed_pkg) by extension 'ignore_ament_install'
[0.399s] [34mcolcon.colcon_core.package_identification[0m [1;30mLevel 1[0m _identify(src/perception_zed_pkg) by extensions ['colcon_pkg']
[0.399s] [34mcolcon.colcon_core.package_identification[0m [1;30mLevel 1[0m _identify(src/perception_zed_pkg) by extension 'colcon_pkg'
[0.399s] [34mcolcon.colcon_core.package_identification[0m [1;30mLevel 1[0m _identify(src/perception_zed_pkg) by extensions ['colcon_meta']
[0.399s] [34mcolcon.colcon_core.package_identification[0m [1;30mLevel 1[0m _identify(src/perception_zed_pkg) by extension 'colcon_meta'
[0.399s] [34mcolcon.colcon_core.package_identification[0m [1;30mLevel 1[0m _identify(src/perception_zed_pkg) by extensions ['ros']
[0.399s] [34mcolcon.colcon_core.package_identification[0m [1;30mLevel 1[0m _identify(src/perception_zed_pkg) by extension 'ros'
[0.400s] [34mcolcon.colcon_core.package_identification[0m [1;30mDEBUG[0m [32mPackage 'src/perception_zed_pkg' with type 'ros.ament_python' and name 'perception_zed_pkg'[0m
[0.400s] [34mcolcon.colcon_core.package_identification[0m [1;30mLevel 1[0m _identify(src/planning_centerline_calc_MIX) by extensions ['ignore', 'ignore_ament_install']
[0.400s] [34mcolcon.colcon_core.package_identification[0m [1;30mLevel 1[0m _identify(src/planning_centerline_calc_MIX) by extension 'ignore'
[0.400s] [34mcolcon.colcon_core.package_identification[0m [1;30mLevel 1[0m _identify(src/planning_centerline_calc_MIX) by extension 'ignore_ament_install'
[0.400s] [34mcolcon.colcon_core.package_identification[0m [1;30mLevel 1[0m _identify(src/planning_centerline_calc_MIX) by extensions ['colcon_pkg']
[0.400s] [34mcolcon.colcon_core.package_identification[0m [1;30mLevel 1[0m _identify(src/planning_centerline_calc_MIX) by extension 'colcon_pkg'
[0.400s] [34mcolcon.colcon_core.package_identification[0m [1;30mLevel 1[0m _identify(src/planning_centerline_calc_MIX) by extensions ['colcon_meta']
[0.400s] [34mcolcon.colcon_core.package_identification[0m [1;30mLevel 1[0m _identify(src/planning_centerline_calc_MIX) by extension 'colcon_meta'
[0.400s] [34mcolcon.colcon_core.package_identification[0m [1;30mLevel 1[0m _identify(src/planning_centerline_calc_MIX) by extensions ['ros']
[0.400s] [34mcolcon.colcon_core.package_identification[0m [1;30mLevel 1[0m _identify(src/planning_centerline_calc_MIX) by extension 'ros'
[0.400s] [34mcolcon.colcon_core.package_identification[0m [1;30mDEBUG[0m [32mPackage 'src/planning_centerline_calc_MIX' with type 'ros.ament_python' and name 'planning_centerline_calc'[0m
[0.400s] [34mcolcon.colcon_core.package_identification[0m [1;30mLevel 1[0m _identify(src/planning_deep_learning) by extensions ['ignore', 'ignore_ament_install']
[0.401s] [34mcolcon.colcon_core.package_identification[0m [1;30mLevel 1[0m _identify(src/planning_deep_learning) by extension 'ignore'
[0.401s] [34mcolcon.colcon_core.package_identification[0m [1;30mLevel 1[0m _identify(src/planning_deep_learning) by extension 'ignore_ament_install'
[0.401s] [34mcolcon.colcon_core.package_identification[0m [1;30mLevel 1[0m _identify(src/planning_deep_learning) by extensions ['colcon_pkg']
[0.401s] [34mcolcon.colcon_core.package_identification[0m [1;30mLevel 1[0m _identify(src/planning_deep_learning) by extension 'colcon_pkg'
[0.401s] [34mcolcon.colcon_core.package_identification[0m [1;30mLevel 1[0m _identify(src/planning_deep_learning) by extensions ['colcon_meta']
[0.401s] [34mcolcon.colcon_core.package_identification[0m [1;30mLevel 1[0m _identify(src/planning_deep_learning) by extension 'colcon_meta'
[0.401s] [34mcolcon.colcon_core.package_identification[0m [1;30mLevel 1[0m _identify(src/planning_deep_learning) by extensions ['ros']
[0.401s] [34mcolcon.colcon_core.package_identification[0m [1;30mLevel 1[0m _identify(src/planning_deep_learning) by extension 'ros'
[0.401s] [34mcolcon.colcon_core.package_identification[0m [1;30mDEBUG[0m [32mPackage 'src/planning_deep_learning' with type 'ros.ament_python' and name 'planning_deep_learning'[0m
[0.401s] [34mcolcon.colcon_core.package_identification[0m [1;30mLevel 1[0m _identify(src/tf_helper) by extensions ['ignore', 'ignore_ament_install']
[0.401s] [34mcolcon.colcon_core.package_identification[0m [1;30mLevel 1[0m _identify(src/tf_helper) by extension 'ignore'
[0.401s] [34mcolcon.colcon_core.package_identification[0m [1;30mLevel 1[0m _identify(src/tf_helper) by extension 'ignore_ament_install'
[0.401s] [34mcolcon.colcon_core.package_identification[0m [1;30mLevel 1[0m _identify(src/tf_helper) by extensions ['colcon_pkg']
[0.401s] [34mcolcon.colcon_core.package_identification[0m [1;30mLevel 1[0m _identify(src/tf_helper) by extension 'colcon_pkg'
[0.401s] [34mcolcon.colcon_core.package_identification[0m [1;30mLevel 1[0m _identify(src/tf_helper) by extensions ['colcon_meta']
[0.401s] [34mcolcon.colcon_core.package_identification[0m [1;30mLevel 1[0m _identify(src/tf_helper) by extension 'colcon_meta'
[0.401s] [34mcolcon.colcon_core.package_identification[0m [1;30mLevel 1[0m _identify(src/tf_helper) by extensions ['ros']
[0.402s] [34mcolcon.colcon_core.package_identification[0m [1;30mLevel 1[0m _identify(src/tf_helper) by extension 'ros'
[0.402s] [34mcolcon.colcon_core.package_identification[0m [1;30mDEBUG[0m [32mPackage 'src/tf_helper' with type 'ros.ament_python' and name 'tf_helper'[0m
[0.402s] [34mcolcon.colcon_core.package_identification[0m [1;30mLevel 1[0m _identify(src/zed-ros2-examples) by extensions ['ignore', 'ignore_ament_install']
[0.402s] [34mcolcon.colcon_core.package_identification[0m [1;30mLevel 1[0m _identify(src/zed-ros2-examples) by extension 'ignore'
[0.402s] [34mcolcon.colcon_core.package_identification[0m [1;30mLevel 1[0m _identify(src/zed-ros2-examples) by extension 'ignore_ament_install'
[0.402s] [34mcolcon.colcon_core.package_identification[0m [1;30mLevel 1[0m _identify(src/zed-ros2-examples) by extensions ['colcon_pkg']
[0.402s] [34mcolcon.colcon_core.package_identification[0m [1;30mLevel 1[0m _identify(src/zed-ros2-examples) by extension 'colcon_pkg'
[0.402s] [34mcolcon.colcon_core.package_identification[0m [1;30mLevel 1[0m _identify(src/zed-ros2-examples) by extensions ['colcon_meta']
[0.402s] [34mcolcon.colcon_core.package_identification[0m [1;30mLevel 1[0m _identify(src/zed-ros2-examples) by extension 'colcon_meta'
[0.402s] [34mcolcon.colcon_core.package_identification[0m [1;30mLevel 1[0m _identify(src/zed-ros2-examples) by extensions ['ros']
[0.402s] [34mcolcon.colcon_core.package_identification[0m [1;30mLevel 1[0m _identify(src/zed-ros2-examples) by extension 'ros'
[0.403s] [34mcolcon.colcon_core.package_identification[0m [1;30mLevel 1[0m _identify(src/zed-ros2-examples) by extensions ['cmake', 'python']
[0.403s] [34mcolcon.colcon_core.package_identification[0m [1;30mLevel 1[0m _identify(src/zed-ros2-examples) by extension 'cmake'
[0.403s] [34mcolcon.colcon_core.package_identification[0m [1;30mLevel 1[0m _identify(src/zed-ros2-examples) by extension 'python'
[0.403s] [34mcolcon.colcon_core.package_identification[0m [1;30mLevel 1[0m _identify(src/zed-ros2-examples) by extensions ['python_setup_py']
[0.403s] [34mcolcon.colcon_core.package_identification[0m [1;30mLevel 1[0m _identify(src/zed-ros2-examples) by extension 'python_setup_py'
[0.403s] [34mcolcon.colcon_core.package_identification[0m [1;30mLevel 1[0m _identify(src/zed-ros2-examples/examples) by extensions ['ignore', 'ignore_ament_install']
[0.403s] [34mcolcon.colcon_core.package_identification[0m [1;30mLevel 1[0m _identify(src/zed-ros2-examples/examples) by extension 'ignore'
[0.403s] [34mcolcon.colcon_core.package_identification[0m [1;30mLevel 1[0m _identify(src/zed-ros2-examples/examples) by extension 'ignore_ament_install'
[0.403s] [34mcolcon.colcon_core.package_identification[0m [1;30mLevel 1[0m _identify(src/zed-ros2-examples/examples) by extensions ['colcon_pkg']
[0.403s] [34mcolcon.colcon_core.package_identification[0m [1;30mLevel 1[0m _identify(src/zed-ros2-examples/examples) by extension 'colcon_pkg'
[0.403s] [34mcolcon.colcon_core.package_identification[0m [1;30mLevel 1[0m _identify(src/zed-ros2-examples/examples) by extensions ['colcon_meta']
[0.403s] [34mcolcon.colcon_core.package_identification[0m [1;30mLevel 1[0m _identify(src/zed-ros2-examples/examples) by extension 'colcon_meta'
[0.403s] [34mcolcon.colcon_core.package_identification[0m [1;30mLevel 1[0m _identify(src/zed-ros2-examples/examples) by extensions ['ros']
[0.403s] [34mcolcon.colcon_core.package_identification[0m [1;30mLevel 1[0m _identify(src/zed-ros2-examples/examples) by extension 'ros'
[0.403s] [34mcolcon.colcon_core.package_identification[0m [1;30mLevel 1[0m _identify(src/zed-ros2-examples/examples) by extensions ['cmake', 'python']
[0.403s] [34mcolcon.colcon_core.package_identification[0m [1;30mLevel 1[0m _identify(src/zed-ros2-examples/examples) by extension 'cmake'
[0.403s] [34mcolcon.colcon_core.package_identification[0m [1;30mLevel 1[0m _identify(src/zed-ros2-examples/examples) by extension 'python'
[0.403s] [34mcolcon.colcon_core.package_identification[0m [1;30mLevel 1[0m _identify(src/zed-ros2-examples/examples) by extensions ['python_setup_py']
[0.403s] [34mcolcon.colcon_core.package_identification[0m [1;30mLevel 1[0m _identify(src/zed-ros2-examples/examples) by extension 'python_setup_py'
[0.403s] [34mcolcon.colcon_core.package_identification[0m [1;30mLevel 1[0m _identify(src/zed-ros2-examples/examples/zed_aruco_localization) by extensions ['ignore', 'ignore_ament_install']
[0.403s] [34mcolcon.colcon_core.package_identification[0m [1;30mLevel 1[0m _identify(src/zed-ros2-examples/examples/zed_aruco_localization) by extension 'ignore'
[0.403s] [34mcolcon.colcon_core.package_identification[0m [1;30mLevel 1[0m _identify(src/zed-ros2-examples/examples/zed_aruco_localization) by extension 'ignore_ament_install'
[0.403s] [34mcolcon.colcon_core.package_identification[0m [1;30mLevel 1[0m _identify(src/zed-ros2-examples/examples/zed_aruco_localization) by extensions ['colcon_pkg']
[0.403s] [34mcolcon.colcon_core.package_identification[0m [1;30mLevel 1[0m _identify(src/zed-ros2-examples/examples/zed_aruco_localization) by extension 'colcon_pkg'
[0.404s] [34mcolcon.colcon_core.package_identification[0m [1;30mLevel 1[0m _identify(src/zed-ros2-examples/examples/zed_aruco_localization) by extensions ['colcon_meta']
[0.404s] [34mcolcon.colcon_core.package_identification[0m [1;30mLevel 1[0m _identify(src/zed-ros2-examples/examples/zed_aruco_localization) by extension 'colcon_meta'
[0.404s] [34mcolcon.colcon_core.package_identification[0m [1;30mLevel 1[0m _identify(src/zed-ros2-examples/examples/zed_aruco_localization) by extensions ['ros']
[0.404s] [34mcolcon.colcon_core.package_identification[0m [1;30mLevel 1[0m _identify(src/zed-ros2-examples/examples/zed_aruco_localization) by extension 'ros'
[0.404s] [34mcolcon.colcon_core.package_identification[0m [1;30mDEBUG[0m [32mPackage 'src/zed-ros2-examples/examples/zed_aruco_localization' with type 'ros.ament_cmake' and name 'zed_aruco_localization'[0m
[0.404s] [34mcolcon.colcon_core.package_identification[0m [1;30mLevel 1[0m _identify(src/zed-ros2-examples/examples/zed_depth_to_laserscan) by extensions ['ignore', 'ignore_ament_install']
[0.404s] [34mcolcon.colcon_core.package_identification[0m [1;30mLevel 1[0m _identify(src/zed-ros2-examples/examples/zed_depth_to_laserscan) by extension 'ignore'
[0.404s] [34mcolcon.colcon_core.package_identification[0m [1;30mLevel 1[0m _identify(src/zed-ros2-examples/examples/zed_depth_to_laserscan) by extension 'ignore_ament_install'
[0.404s] [34mcolcon.colcon_core.package_identification[0m [1;30mLevel 1[0m _identify(src/zed-ros2-examples/examples/zed_depth_to_laserscan) by extensions ['colcon_pkg']
[0.404s] [34mcolcon.colcon_core.package_identification[0m [1;30mLevel 1[0m _identify(src/zed-ros2-examples/examples/zed_depth_to_laserscan) by extension 'colcon_pkg'
[0.404s] [34mcolcon.colcon_core.package_identification[0m [1;30mLevel 1[0m _identify(src/zed-ros2-examples/examples/zed_depth_to_laserscan) by extensions ['colcon_meta']
[0.404s] [34mcolcon.colcon_core.package_identification[0m [1;30mLevel 1[0m _identify(src/zed-ros2-examples/examples/zed_depth_to_laserscan) by extension 'colcon_meta'
[0.405s] [34mcolcon.colcon_core.package_identification[0m [1;30mLevel 1[0m _identify(src/zed-ros2-examples/examples/zed_depth_to_laserscan) by extensions ['ros']
[0.405s] [34mcolcon.colcon_core.package_identification[0m [1;30mLevel 1[0m _identify(src/zed-ros2-examples/examples/zed_depth_to_laserscan) by extension 'ros'
[0.405s] [34mcolcon.colcon_core.package_identification[0m [1;30mDEBUG[0m [32mPackage 'src/zed-ros2-examples/examples/zed_depth_to_laserscan' with type 'ros.ament_cmake' and name 'zed_depth_to_laserscan'[0m
[0.405s] [34mcolcon.colcon_core.package_identification[0m [1;30mLevel 1[0m _identify(src/zed-ros2-examples/images) by extensions ['ignore', 'ignore_ament_install']
[0.405s] [34mcolcon.colcon_core.package_identification[0m [1;30mLevel 1[0m _identify(src/zed-ros2-examples/images) by extension 'ignore'
[0.405s] [34mcolcon.colcon_core.package_identification[0m [1;30mLevel 1[0m _identify(src/zed-ros2-examples/images) by extension 'ignore_ament_install'
[0.405s] [34mcolcon.colcon_core.package_identification[0m [1;30mLevel 1[0m _identify(src/zed-ros2-examples/images) by extensions ['colcon_pkg']
[0.405s] [34mcolcon.colcon_core.package_identification[0m [1;30mLevel 1[0m _identify(src/zed-ros2-examples/images) by extension 'colcon_pkg'
[0.405s] [34mcolcon.colcon_core.package_identification[0m [1;30mLevel 1[0m _identify(src/zed-ros2-examples/images) by extensions ['colcon_meta']
[0.405s] [34mcolcon.colcon_core.package_identification[0m [1;30mLevel 1[0m _identify(src/zed-ros2-examples/images) by extension 'colcon_meta'
[0.405s] [34mcolcon.colcon_core.package_identification[0m [1;30mLevel 1[0m _identify(src/zed-ros2-examples/images) by extensions ['ros']
[0.405s] [34mcolcon.colcon_core.package_identification[0m [1;30mLevel 1[0m _identify(src/zed-ros2-examples/images) by extension 'ros'
[0.405s] [34mcolcon.colcon_core.package_identification[0m [1;30mLevel 1[0m _identify(src/zed-ros2-examples/images) by extensions ['cmake', 'python']
[0.405s] [34mcolcon.colcon_core.package_identification[0m [1;30mLevel 1[0m _identify(src/zed-ros2-examples/images) by extension 'cmake'
[0.406s] [34mcolcon.colcon_core.package_identification[0m [1;30mLevel 1[0m _identify(src/zed-ros2-examples/images) by extension 'python'
[0.406s] [34mcolcon.colcon_core.package_identification[0m [1;30mLevel 1[0m _identify(src/zed-ros2-examples/images) by extensions ['python_setup_py']
[0.406s] [34mcolcon.colcon_core.package_identification[0m [1;30mLevel 1[0m _identify(src/zed-ros2-examples/images) by extension 'python_setup_py'
[0.406s] [34mcolcon.colcon_core.package_identification[0m [1;30mLevel 1[0m _identify(src/zed-ros2-examples/isaac_ros) by extensions ['ignore', 'ignore_ament_install']
[0.406s] [34mcolcon.colcon_core.package_identification[0m [1;30mLevel 1[0m _identify(src/zed-ros2-examples/isaac_ros) by extension 'ignore'
[0.406s] [34mcolcon.colcon_core.package_identification[0m [1;30mLevel 1[0m _identify(src/zed-ros2-examples/isaac_ros) by extension 'ignore_ament_install'
[0.406s] [34mcolcon.colcon_core.package_identification[0m [1;30mLevel 1[0m _identify(src/zed-ros2-examples/isaac_ros) by extensions ['colcon_pkg']
[0.406s] [34mcolcon.colcon_core.package_identification[0m [1;30mLevel 1[0m _identify(src/zed-ros2-examples/isaac_ros) by extension 'colcon_pkg'
[0.406s] [34mcolcon.colcon_core.package_identification[0m [1;30mLevel 1[0m _identify(src/zed-ros2-examples/isaac_ros) by extensions ['colcon_meta']
[0.406s] [34mcolcon.colcon_core.package_identification[0m [1;30mLevel 1[0m _identify(src/zed-ros2-examples/isaac_ros) by extension 'colcon_meta'
[0.406s] [34mcolcon.colcon_core.package_identification[0m [1;30mLevel 1[0m _identify(src/zed-ros2-examples/isaac_ros) by extensions ['ros']
[0.406s] [34mcolcon.colcon_core.package_identification[0m [1;30mLevel 1[0m _identify(src/zed-ros2-examples/isaac_ros) by extension 'ros'
[0.406s] [34mcolcon.colcon_core.package_identification[0m [1;30mLevel 1[0m _identify(src/zed-ros2-examples/isaac_ros) by extensions ['cmake', 'python']
[0.406s] [34mcolcon.colcon_core.package_identification[0m [1;30mLevel 1[0m _identify(src/zed-ros2-examples/isaac_ros) by extension 'cmake'
[0.406s] [34mcolcon.colcon_core.package_identification[0m [1;30mLevel 1[0m _identify(src/zed-ros2-examples/isaac_ros) by extension 'python'
[0.406s] [34mcolcon.colcon_core.package_identification[0m [1;30mLevel 1[0m _identify(src/zed-ros2-examples/isaac_ros) by extensions ['python_setup_py']
[0.406s] [34mcolcon.colcon_core.package_identification[0m [1;30mLevel 1[0m _identify(src/zed-ros2-examples/isaac_ros) by extension 'python_setup_py'
[0.406s] [34mcolcon.colcon_core.package_identification[0m [1;30mLevel 1[0m _identify(src/zed-ros2-examples/isaac_ros/zed_isaac_ros_april_tag) by extensions ['ignore', 'ignore_ament_install']
[0.406s] [34mcolcon.colcon_core.package_identification[0m [1;30mLevel 1[0m _identify(src/zed-ros2-examples/isaac_ros/zed_isaac_ros_april_tag) by extension 'ignore'
[0.406s] [34mcolcon.colcon_core.package_identification[0m [1;30mLevel 1[0m _identify(src/zed-ros2-examples/isaac_ros/zed_isaac_ros_april_tag) by extension 'ignore_ament_install'
[0.406s] [34mcolcon.colcon_core.package_identification[0m [1;30mLevel 1[0m _identify(src/zed-ros2-examples/isaac_ros/zed_isaac_ros_april_tag) by extensions ['colcon_pkg']
[0.406s] [34mcolcon.colcon_core.package_identification[0m [1;30mLevel 1[0m _identify(src/zed-ros2-examples/isaac_ros/zed_isaac_ros_april_tag) by extension 'colcon_pkg'
[0.406s] [34mcolcon.colcon_core.package_identification[0m [1;30mLevel 1[0m _identify(src/zed-ros2-examples/isaac_ros/zed_isaac_ros_april_tag) by extensions ['colcon_meta']
[0.406s] [34mcolcon.colcon_core.package_identification[0m [1;30mLevel 1[0m _identify(src/zed-ros2-examples/isaac_ros/zed_isaac_ros_april_tag) by extension 'colcon_meta'
[0.406s] [34mcolcon.colcon_core.package_identification[0m [1;30mLevel 1[0m _identify(src/zed-ros2-examples/isaac_ros/zed_isaac_ros_april_tag) by extensions ['ros']
[0.407s] [34mcolcon.colcon_core.package_identification[0m [1;30mLevel 1[0m _identify(src/zed-ros2-examples/isaac_ros/zed_isaac_ros_april_tag) by extension 'ros'
[0.407s] [34mcolcon.colcon_core.package_identification[0m [1;30mDEBUG[0m [32mPackage 'src/zed-ros2-examples/isaac_ros/zed_isaac_ros_april_tag' with type 'ros.ament_cmake' and name 'zed_isaac_ros_april_tag'[0m
[0.407s] [34mcolcon.colcon_core.package_identification[0m [1;30mLevel 1[0m _identify(src/zed-ros2-examples/isaac_ros/zed_isaac_ros_multi_camera) by extensions ['ignore', 'ignore_ament_install']
[0.407s] [34mcolcon.colcon_core.package_identification[0m [1;30mLevel 1[0m _identify(src/zed-ros2-examples/isaac_ros/zed_isaac_ros_multi_camera) by extension 'ignore'
[0.407s] [34mcolcon.colcon_core.package_identification[0m [1;30mLevel 1[0m _identify(src/zed-ros2-examples/isaac_ros/zed_isaac_ros_multi_camera) by extension 'ignore_ament_install'
[0.407s] [34mcolcon.colcon_core.package_identification[0m [1;30mLevel 1[0m _identify(src/zed-ros2-examples/isaac_ros/zed_isaac_ros_multi_camera) by extensions ['colcon_pkg']
[0.407s] [34mcolcon.colcon_core.package_identification[0m [1;30mLevel 1[0m _identify(src/zed-ros2-examples/isaac_ros/zed_isaac_ros_multi_camera) by extension 'colcon_pkg'
[0.407s] [34mcolcon.colcon_core.package_identification[0m [1;30mLevel 1[0m _identify(src/zed-ros2-examples/isaac_ros/zed_isaac_ros_multi_camera) by extensions ['colcon_meta']
[0.407s] [34mcolcon.colcon_core.package_identification[0m [1;30mLevel 1[0m _identify(src/zed-ros2-examples/isaac_ros/zed_isaac_ros_multi_camera) by extension 'colcon_meta'
[0.407s] [34mcolcon.colcon_core.package_identification[0m [1;30mLevel 1[0m _identify(src/zed-ros2-examples/isaac_ros/zed_isaac_ros_multi_camera) by extensions ['ros']
[0.407s] [34mcolcon.colcon_core.package_identification[0m [1;30mLevel 1[0m _identify(src/zed-ros2-examples/isaac_ros/zed_isaac_ros_multi_camera) by extension 'ros'
[0.408s] [34mcolcon.colcon_core.package_identification[0m [1;30mDEBUG[0m [32mPackage 'src/zed-ros2-examples/isaac_ros/zed_isaac_ros_multi_camera' with type 'ros.ament_cmake' and name 'zed_isaac_ros_multi_camera'[0m
[0.408s] [34mcolcon.colcon_core.package_identification[0m [1;30mLevel 1[0m _identify(src/zed-ros2-examples/isaac_ros/zed_isaac_ros_nitros_sub) by extensions ['ignore', 'ignore_ament_install']
[0.408s] [34mcolcon.colcon_core.package_identification[0m [1;30mLevel 1[0m _identify(src/zed-ros2-examples/isaac_ros/zed_isaac_ros_nitros_sub) by extension 'ignore'
[0.408s] [34mcolcon.colcon_core.package_identification[0m [1;30mLevel 1[0m _identify(src/zed-ros2-examples/isaac_ros/zed_isaac_ros_nitros_sub) by extension 'ignore_ament_install'
[0.408s] [34mcolcon.colcon_core.package_identification[0m [1;30mLevel 1[0m _identify(src/zed-ros2-examples/isaac_ros/zed_isaac_ros_nitros_sub) by extensions ['colcon_pkg']
[0.408s] [34mcolcon.colcon_core.package_identification[0m [1;30mLevel 1[0m _identify(src/zed-ros2-examples/isaac_ros/zed_isaac_ros_nitros_sub) by extension 'colcon_pkg'
[0.408s] [34mcolcon.colcon_core.package_identification[0m [1;30mLevel 1[0m _identify(src/zed-ros2-examples/isaac_ros/zed_isaac_ros_nitros_sub) by extensions ['colcon_meta']
[0.408s] [34mcolcon.colcon_core.package_identification[0m [1;30mLevel 1[0m _identify(src/zed-ros2-examples/isaac_ros/zed_isaac_ros_nitros_sub) by extension 'colcon_meta'
[0.408s] [34mcolcon.colcon_core.package_identification[0m [1;30mLevel 1[0m _identify(src/zed-ros2-examples/isaac_ros/zed_isaac_ros_nitros_sub) by extensions ['ros']
[0.408s] [34mcolcon.colcon_core.package_identification[0m [1;30mLevel 1[0m _identify(src/zed-ros2-examples/isaac_ros/zed_isaac_ros_nitros_sub) by extension 'ros'
[0.408s] [34mcolcon.colcon_core.package_identification[0m [1;30mDEBUG[0m [32mPackage 'src/zed-ros2-examples/isaac_ros/zed_isaac_ros_nitros_sub' with type 'ros.ament_cmake' and name 'zed_isaac_ros_nitros_sub'[0m
[0.409s] [34mcolcon.colcon_core.package_identification[0m [1;30mLevel 1[0m _identify(src/zed-ros2-examples/rviz-plugin-zed-od) by extensions ['ignore', 'ignore_ament_install']
[0.409s] [34mcolcon.colcon_core.package_identification[0m [1;30mLevel 1[0m _identify(src/zed-ros2-examples/rviz-plugin-zed-od) by extension 'ignore'
[0.409s] [34mcolcon.colcon_core.package_identification[0m [1;30mLevel 1[0m _identify(src/zed-ros2-examples/rviz-plugin-zed-od) by extension 'ignore_ament_install'
[0.409s] [34mcolcon.colcon_core.package_identification[0m [1;30mLevel 1[0m _identify(src/zed-ros2-examples/rviz-plugin-zed-od) by extensions ['colcon_pkg']
[0.409s] [34mcolcon.colcon_core.package_identification[0m [1;30mLevel 1[0m _identify(src/zed-ros2-examples/rviz-plugin-zed-od) by extension 'colcon_pkg'
[0.409s] [34mcolcon.colcon_core.package_identification[0m [1;30mLevel 1[0m _identify(src/zed-ros2-examples/rviz-plugin-zed-od) by extensions ['colcon_meta']
[0.409s] [34mcolcon.colcon_core.package_identification[0m [1;30mLevel 1[0m _identify(src/zed-ros2-examples/rviz-plugin-zed-od) by extension 'colcon_meta'
[0.409s] [34mcolcon.colcon_core.package_identification[0m [1;30mLevel 1[0m _identify(src/zed-ros2-examples/rviz-plugin-zed-od) by extensions ['ros']
[0.409s] [34mcolcon.colcon_core.package_identification[0m [1;30mLevel 1[0m _identify(src/zed-ros2-examples/rviz-plugin-zed-od) by extension 'ros'
[0.409s] [34mcolcon.colcon_core.package_identification[0m [1;30mDEBUG[0m [32mPackage 'src/zed-ros2-examples/rviz-plugin-zed-od' with type 'ros.ament_cmake' and name 'rviz_plugin_zed_od'[0m
[0.409s] [34mcolcon.colcon_core.package_identification[0m [1;30mLevel 1[0m _identify(src/zed-ros2-examples/tools) by extensions ['ignore', 'ignore_ament_install']
[0.409s] [34mcolcon.colcon_core.package_identification[0m [1;30mLevel 1[0m _identify(src/zed-ros2-examples/tools) by extension 'ignore'
[0.409s] [34mcolcon.colcon_core.package_identification[0m [1;30mLevel 1[0m _identify(src/zed-ros2-examples/tools) by extension 'ignore_ament_install'
[0.409s] [34mcolcon.colcon_core.package_identification[0m [1;30mLevel 1[0m _identify(src/zed-ros2-examples/tools) by extensions ['colcon_pkg']
[0.409s] [34mcolcon.colcon_core.package_identification[0m [1;30mLevel 1[0m _identify(src/zed-ros2-examples/tools) by extension 'colcon_pkg'
[0.410s] [34mcolcon.colcon_core.package_identification[0m [1;30mLevel 1[0m _identify(src/zed-ros2-examples/tools) by extensions ['colcon_meta']
[0.410s] [34mcolcon.colcon_core.package_identification[0m [1;30mLevel 1[0m _identify(src/zed-ros2-examples/tools) by extension 'colcon_meta'
[0.410s] [34mcolcon.colcon_core.package_identification[0m [1;30mLevel 1[0m _identify(src/zed-ros2-examples/tools) by extensions ['ros']
[0.410s] [34mcolcon.colcon_core.package_identification[0m [1;30mLevel 1[0m _identify(src/zed-ros2-examples/tools) by extension 'ros'
[0.410s] [34mcolcon.colcon_core.package_identification[0m [1;30mLevel 1[0m _identify(src/zed-ros2-examples/tools) by extensions ['cmake', 'python']
[0.410s] [34mcolcon.colcon_core.package_identification[0m [1;30mLevel 1[0m _identify(src/zed-ros2-examples/tools) by extension 'cmake'
[0.410s] [34mcolcon.colcon_core.package_identification[0m [1;30mLevel 1[0m _identify(src/zed-ros2-examples/tools) by extension 'python'
[0.410s] [34mcolcon.colcon_core.package_identification[0m [1;30mLevel 1[0m _identify(src/zed-ros2-examples/tools) by extensions ['python_setup_py']
[0.410s] [34mcolcon.colcon_core.package_identification[0m [1;30mLevel 1[0m _identify(src/zed-ros2-examples/tools) by extension 'python_setup_py'
[0.410s] [34mcolcon.colcon_core.package_identification[0m [1;30mLevel 1[0m _identify(src/zed-ros2-examples/tools/zed_benchmark) by extensions ['ignore', 'ignore_ament_install']
[0.410s] [34mcolcon.colcon_core.package_identification[0m [1;30mLevel 1[0m _identify(src/zed-ros2-examples/tools/zed_benchmark) by extension 'ignore'
[0.410s] [34mcolcon.colcon_core.package_identification[0m [1;30mLevel 1[0m _identify(src/zed-ros2-examples/tools/zed_benchmark) by extension 'ignore_ament_install'
[0.410s] [34mcolcon.colcon_core.package_identification[0m [1;30mLevel 1[0m _identify(src/zed-ros2-examples/tools/zed_benchmark) by extensions ['colcon_pkg']
[0.410s] [34mcolcon.colcon_core.package_identification[0m [1;30mLevel 1[0m _identify(src/zed-ros2-examples/tools/zed_benchmark) by extension 'colcon_pkg'
[0.410s] [34mcolcon.colcon_core.package_identification[0m [1;30mLevel 1[0m _identify(src/zed-ros2-examples/tools/zed_benchmark) by extensions ['colcon_meta']
[0.410s] [34mcolcon.colcon_core.package_identification[0m [1;30mLevel 1[0m _identify(src/zed-ros2-examples/tools/zed_benchmark) by extension 'colcon_meta'
[0.410s] [34mcolcon.colcon_core.package_identification[0m [1;30mLevel 1[0m _identify(src/zed-ros2-examples/tools/zed_benchmark) by extensions ['ros']
[0.410s] [34mcolcon.colcon_core.package_identification[0m [1;30mLevel 1[0m _identify(src/zed-ros2-examples/tools/zed_benchmark) by extension 'ros'
[0.411s] [34mcolcon.colcon_core.package_identification[0m [1;30mDEBUG[0m [32mPackage 'src/zed-ros2-examples/tools/zed_benchmark' with type 'ros.ament_cmake' and name 'zed_topic_benchmark'[0m
[0.411s] [34mcolcon.colcon_core.package_identification[0m [1;30mLevel 1[0m _identify(src/zed-ros2-examples/tools/zed_benchmark_component) by extensions ['ignore', 'ignore_ament_install']
[0.411s] [34mcolcon.colcon_core.package_identification[0m [1;30mLevel 1[0m _identify(src/zed-ros2-examples/tools/zed_benchmark_component) by extension 'ignore'
[0.411s] [34mcolcon.colcon_core.package_identification[0m [1;30mLevel 1[0m _identify(src/zed-ros2-examples/tools/zed_benchmark_component) by extension 'ignore_ament_install'
[0.411s] [34mcolcon.colcon_core.package_identification[0m [1;30mLevel 1[0m _identify(src/zed-ros2-examples/tools/zed_benchmark_component) by extensions ['colcon_pkg']
[0.411s] [34mcolcon.colcon_core.package_identification[0m [1;30mLevel 1[0m _identify(src/zed-ros2-examples/tools/zed_benchmark_component) by extension 'colcon_pkg'
[0.411s] [34mcolcon.colcon_core.package_identification[0m [1;30mLevel 1[0m _identify(src/zed-ros2-examples/tools/zed_benchmark_component) by extensions ['colcon_meta']
[0.411s] [34mcolcon.colcon_core.package_identification[0m [1;30mLevel 1[0m _identify(src/zed-ros2-examples/tools/zed_benchmark_component) by extension 'colcon_meta'
[0.411s] [34mcolcon.colcon_core.package_identification[0m [1;30mLevel 1[0m _identify(src/zed-ros2-examples/tools/zed_benchmark_component) by extensions ['ros']
[0.411s] [34mcolcon.colcon_core.package_identification[0m [1;30mLevel 1[0m _identify(src/zed-ros2-examples/tools/zed_benchmark_component) by extension 'ros'
[0.411s] [34mcolcon.colcon_core.package_identification[0m [1;30mDEBUG[0m [32mPackage 'src/zed-ros2-examples/tools/zed_benchmark_component' with type 'ros.ament_cmake' and name 'zed_topic_benchmark_component'[0m
[0.411s] [34mcolcon.colcon_core.package_identification[0m [1;30mLevel 1[0m _identify(src/zed-ros2-examples/tools/zed_benchmark_interfaces) by extensions ['ignore', 'ignore_ament_install']
[0.411s] [34mcolcon.colcon_core.package_identification[0m [1;30mLevel 1[0m _identify(src/zed-ros2-examples/tools/zed_benchmark_interfaces) by extension 'ignore'
[0.412s] [34mcolcon.colcon_core.package_identification[0m [1;30mLevel 1[0m _identify(src/zed-ros2-examples/tools/zed_benchmark_interfaces) by extension 'ignore_ament_install'
[0.412s] [34mcolcon.colcon_core.package_identification[0m [1;30mLevel 1[0m _identify(src/zed-ros2-examples/tools/zed_benchmark_interfaces) by extensions ['colcon_pkg']
[0.412s] [34mcolcon.colcon_core.package_identification[0m [1;30mLevel 1[0m _identify(src/zed-ros2-examples/tools/zed_benchmark_interfaces) by extension 'colcon_pkg'
[0.412s] [34mcolcon.colcon_core.package_identification[0m [1;30mLevel 1[0m _identify(src/zed-ros2-examples/tools/zed_benchmark_interfaces) by extensions ['colcon_meta']
[0.412s] [34mcolcon.colcon_core.package_identification[0m [1;30mLevel 1[0m _identify(src/zed-ros2-examples/tools/zed_benchmark_interfaces) by extension 'colcon_meta'
[0.412s] [34mcolcon.colcon_core.package_identification[0m [1;30mLevel 1[0m _identify(src/zed-ros2-examples/tools/zed_benchmark_interfaces) by extensions ['ros']
[0.412s] [34mcolcon.colcon_core.package_identification[0m [1;30mLevel 1[0m _identify(src/zed-ros2-examples/tools/zed_benchmark_interfaces) by extension 'ros'
[0.412s] [34mcolcon.colcon_core.package_identification[0m [1;30mDEBUG[0m [32mPackage 'src/zed-ros2-examples/tools/zed_benchmark_interfaces' with type 'ros.ament_cmake' and name 'zed_topic_benchmark_interfaces'[0m
[0.412s] [34mcolcon.colcon_core.package_identification[0m [1;30mLevel 1[0m _identify(src/zed-ros2-examples/tutorials) by extensions ['ignore', 'ignore_ament_install']
[0.412s] [34mcolcon.colcon_core.package_identification[0m [1;30mLevel 1[0m _identify(src/zed-ros2-examples/tutorials) by extension 'ignore'
[0.412s] [34mcolcon.colcon_core.package_identification[0m [1;30mLevel 1[0m _identify(src/zed-ros2-examples/tutorials) by extension 'ignore_ament_install'
[0.412s] [34mcolcon.colcon_core.package_identification[0m [1;30mLevel 1[0m _identify(src/zed-ros2-examples/tutorials) by extensions ['colcon_pkg']
[0.412s] [34mcolcon.colcon_core.package_identification[0m [1;30mLevel 1[0m _identify(src/zed-ros2-examples/tutorials) by extension 'colcon_pkg'
[0.412s] [34mcolcon.colcon_core.package_identification[0m [1;30mLevel 1[0m _identify(src/zed-ros2-examples/tutorials) by extensions ['colcon_meta']
[0.412s] [34mcolcon.colcon_core.package_identification[0m [1;30mLevel 1[0m _identify(src/zed-ros2-examples/tutorials) by extension 'colcon_meta'
[0.412s] [34mcolcon.colcon_core.package_identification[0m [1;30mLevel 1[0m _identify(src/zed-ros2-examples/tutorials) by extensions ['ros']
[0.412s] [34mcolcon.colcon_core.package_identification[0m [1;30mLevel 1[0m _identify(src/zed-ros2-examples/tutorials) by extension 'ros'
[0.412s] [34mcolcon.colcon_core.package_identification[0m [1;30mLevel 1[0m _identify(src/zed-ros2-examples/tutorials) by extensions ['cmake', 'python']
[0.413s] [34mcolcon.colcon_core.package_identification[0m [1;30mLevel 1[0m _identify(src/zed-ros2-examples/tutorials) by extension 'cmake'
[0.413s] [34mcolcon.colcon_core.package_identification[0m [1;30mLevel 1[0m _identify(src/zed-ros2-examples/tutorials) by extension 'python'
[0.413s] [34mcolcon.colcon_core.package_identification[0m [1;30mLevel 1[0m _identify(src/zed-ros2-examples/tutorials) by extensions ['python_setup_py']
[0.413s] [34mcolcon.colcon_core.package_identification[0m [1;30mLevel 1[0m _identify(src/zed-ros2-examples/tutorials) by extension 'python_setup_py'
[0.413s] [34mcolcon.colcon_core.package_identification[0m [1;30mLevel 1[0m _identify(src/zed-ros2-examples/tutorials/zed_depth_tutorial) by extensions ['ignore', 'ignore_ament_install']
[0.413s] [34mcolcon.colcon_core.package_identification[0m [1;30mLevel 1[0m _identify(src/zed-ros2-examples/tutorials/zed_depth_tutorial) by extension 'ignore'
[0.413s] [34mcolcon.colcon_core.package_identification[0m [1;30mLevel 1[0m _identify(src/zed-ros2-examples/tutorials/zed_depth_tutorial) by extension 'ignore_ament_install'
[0.413s] [34mcolcon.colcon_core.package_identification[0m [1;30mLevel 1[0m _identify(src/zed-ros2-examples/tutorials/zed_depth_tutorial) by extensions ['colcon_pkg']
[0.413s] [34mcolcon.colcon_core.package_identification[0m [1;30mLevel 1[0m _identify(src/zed-ros2-examples/tutorials/zed_depth_tutorial) by extension 'colcon_pkg'
[0.413s] [34mcolcon.colcon_core.package_identification[0m [1;30mLevel 1[0m _identify(src/zed-ros2-examples/tutorials/zed_depth_tutorial) by extensions ['colcon_meta']
[0.413s] [34mcolcon.colcon_core.package_identification[0m [1;30mLevel 1[0m _identify(src/zed-ros2-examples/tutorials/zed_depth_tutorial) by extension 'colcon_meta'
[0.413s] [34mcolcon.colcon_core.package_identification[0m [1;30mLevel 1[0m _identify(src/zed-ros2-examples/tutorials/zed_depth_tutorial) by extensions ['ros']
[0.413s] [34mcolcon.colcon_core.package_identification[0m [1;30mLevel 1[0m _identify(src/zed-ros2-examples/tutorials/zed_depth_tutorial) by extension 'ros'
[0.413s] [34mcolcon.colcon_core.package_identification[0m [1;30mDEBUG[0m [32mPackage 'src/zed-ros2-examples/tutorials/zed_depth_tutorial' with type 'ros.ament_cmake' and name 'zed_tutorial_depth'[0m
[0.413s] [34mcolcon.colcon_core.package_identification[0m [1;30mLevel 1[0m _identify(src/zed-ros2-examples/tutorials/zed_ipc) by extensions ['ignore', 'ignore_ament_install']
[0.413s] [34mcolcon.colcon_core.package_identification[0m [1;30mLevel 1[0m _identify(src/zed-ros2-examples/tutorials/zed_ipc) by extension 'ignore'
[0.414s] [34mcolcon.colcon_core.package_identification[0m [1;30mLevel 1[0m _identify(src/zed-ros2-examples/tutorials/zed_ipc) by extension 'ignore_ament_install'
[0.414s] [34mcolcon.colcon_core.package_identification[0m [1;30mLevel 1[0m _identify(src/zed-ros2-examples/tutorials/zed_ipc) by extensions ['colcon_pkg']
[0.414s] [34mcolcon.colcon_core.package_identification[0m [1;30mLevel 1[0m _identify(src/zed-ros2-examples/tutorials/zed_ipc) by extension 'colcon_pkg'
[0.414s] [34mcolcon.colcon_core.package_identification[0m [1;30mLevel 1[0m _identify(src/zed-ros2-examples/tutorials/zed_ipc) by extensions ['colcon_meta']
[0.414s] [34mcolcon.colcon_core.package_identification[0m [1;30mLevel 1[0m _identify(src/zed-ros2-examples/tutorials/zed_ipc) by extension 'colcon_meta'
[0.414s] [34mcolcon.colcon_core.package_identification[0m [1;30mLevel 1[0m _identify(src/zed-ros2-examples/tutorials/zed_ipc) by extensions ['ros']
[0.414s] [34mcolcon.colcon_core.package_identification[0m [1;30mLevel 1[0m _identify(src/zed-ros2-examples/tutorials/zed_ipc) by extension 'ros'
[0.414s] [34mcolcon.colcon_core.package_identification[0m [1;30mDEBUG[0m [32mPackage 'src/zed-ros2-examples/tutorials/zed_ipc' with type 'ros.ament_cmake' and name 'zed_ipc'[0m
[0.414s] [34mcolcon.colcon_core.package_identification[0m [1;30mLevel 1[0m _identify(src/zed-ros2-examples/tutorials/zed_multi_camera) by extensions ['ignore', 'ignore_ament_install']
[0.414s] [34mcolcon.colcon_core.package_identification[0m [1;30mLevel 1[0m _identify(src/zed-ros2-examples/tutorials/zed_multi_camera) by extension 'ignore'
[0.414s] [34mcolcon.colcon_core.package_identification[0m [1;30mLevel 1[0m _identify(src/zed-ros2-examples/tutorials/zed_multi_camera) by extension 'ignore_ament_install'
[0.414s] [34mcolcon.colcon_core.package_identification[0m [1;30mLevel 1[0m _identify(src/zed-ros2-examples/tutorials/zed_multi_camera) by extensions ['colcon_pkg']
[0.414s] [34mcolcon.colcon_core.package_identification[0m [1;30mLevel 1[0m _identify(src/zed-ros2-examples/tutorials/zed_multi_camera) by extension 'colcon_pkg'
[0.414s] [34mcolcon.colcon_core.package_identification[0m [1;30mLevel 1[0m _identify(src/zed-ros2-examples/tutorials/zed_multi_camera) by extensions ['colcon_meta']
[0.414s] [34mcolcon.colcon_core.package_identification[0m [1;30mLevel 1[0m _identify(src/zed-ros2-examples/tutorials/zed_multi_camera) by extension 'colcon_meta'
[0.414s] [34mcolcon.colcon_core.package_identification[0m [1;30mLevel 1[0m _identify(src/zed-ros2-examples/tutorials/zed_multi_camera) by extensions ['ros']
[0.415s] [34mcolcon.colcon_core.package_identification[0m [1;30mLevel 1[0m _identify(src/zed-ros2-examples/tutorials/zed_multi_camera) by extension 'ros'
[0.415s] [34mcolcon.colcon_core.package_identification[0m [1;30mDEBUG[0m [32mPackage 'src/zed-ros2-examples/tutorials/zed_multi_camera' with type 'ros.ament_cmake' and name 'zed_multi_camera'[0m
[0.415s] [34mcolcon.colcon_core.package_identification[0m [1;30mLevel 1[0m _identify(src/zed-ros2-examples/tutorials/zed_pose_tutorial) by extensions ['ignore', 'ignore_ament_install']
[0.415s] [34mcolcon.colcon_core.package_identification[0m [1;30mLevel 1[0m _identify(src/zed-ros2-examples/tutorials/zed_pose_tutorial) by extension 'ignore'
[0.415s] [34mcolcon.colcon_core.package_identification[0m [1;30mLevel 1[0m _identify(src/zed-ros2-examples/tutorials/zed_pose_tutorial) by extension 'ignore_ament_install'
[0.415s] [34mcolcon.colcon_core.package_identification[0m [1;30mLevel 1[0m _identify(src/zed-ros2-examples/tutorials/zed_pose_tutorial) by extensions ['colcon_pkg']
[0.415s] [34mcolcon.colcon_core.package_identification[0m [1;30mLevel 1[0m _identify(src/zed-ros2-examples/tutorials/zed_pose_tutorial) by extension 'colcon_pkg'
[0.415s] [34mcolcon.colcon_core.package_identification[0m [1;30mLevel 1[0m _identify(src/zed-ros2-examples/tutorials/zed_pose_tutorial) by extensions ['colcon_meta']
[0.415s] [34mcolcon.colcon_core.package_identification[0m [1;30mLevel 1[0m _identify(src/zed-ros2-examples/tutorials/zed_pose_tutorial) by extension 'colcon_meta'
[0.415s] [34mcolcon.colcon_core.package_identification[0m [1;30mLevel 1[0m _identify(src/zed-ros2-examples/tutorials/zed_pose_tutorial) by extensions ['ros']
[0.415s] [34mcolcon.colcon_core.package_identification[0m [1;30mLevel 1[0m _identify(src/zed-ros2-examples/tutorials/zed_pose_tutorial) by extension 'ros'
[0.416s] [34mcolcon.colcon_core.package_identification[0m [1;30mDEBUG[0m [32mPackage 'src/zed-ros2-examples/tutorials/zed_pose_tutorial' with type 'ros.ament_cmake' and name 'zed_tutorial_pos_tracking'[0m
[0.416s] [34mcolcon.colcon_core.package_identification[0m [1;30mLevel 1[0m _identify(src/zed-ros2-examples/tutorials/zed_rgb_convert) by extensions ['ignore', 'ignore_ament_install']
[0.416s] [34mcolcon.colcon_core.package_identification[0m [1;30mLevel 1[0m _identify(src/zed-ros2-examples/tutorials/zed_rgb_convert) by extension 'ignore'
[0.416s] [34mcolcon.colcon_core.package_identification[0m [1;30mLevel 1[0m _identify(src/zed-ros2-examples/tutorials/zed_rgb_convert) by extension 'ignore_ament_install'
[0.416s] [34mcolcon.colcon_core.package_identification[0m [1;30mLevel 1[0m _identify(src/zed-ros2-examples/tutorials/zed_rgb_convert) by extensions ['colcon_pkg']
[0.416s] [34mcolcon.colcon_core.package_identification[0m [1;30mLevel 1[0m _identify(src/zed-ros2-examples/tutorials/zed_rgb_convert) by extension 'colcon_pkg'
[0.416s] [34mcolcon.colcon_core.package_identification[0m [1;30mLevel 1[0m _identify(src/zed-ros2-examples/tutorials/zed_rgb_convert) by extensions ['colcon_meta']
[0.417s] [34mcolcon.colcon_core.package_identification[0m [1;30mLevel 1[0m _identify(src/zed-ros2-examples/tutorials/zed_rgb_convert) by extension 'colcon_meta'
[0.417s] [34mcolcon.colcon_core.package_identification[0m [1;30mLevel 1[0m _identify(src/zed-ros2-examples/tutorials/zed_rgb_convert) by extensions ['ros']
[0.417s] [34mcolcon.colcon_core.package_identification[0m [1;30mLevel 1[0m _identify(src/zed-ros2-examples/tutorials/zed_rgb_convert) by extension 'ros'
[0.417s] [34mcolcon.colcon_core.package_identification[0m [1;30mDEBUG[0m [32mPackage 'src/zed-ros2-examples/tutorials/zed_rgb_convert' with type 'ros.ament_cmake' and name 'zed_rgb_convert'[0m
[0.417s] [34mcolcon.colcon_core.package_identification[0m [1;30mLevel 1[0m _identify(src/zed-ros2-examples/tutorials/zed_robot_integration) by extensions ['ignore', 'ignore_ament_install']
[0.417s] [34mcolcon.colcon_core.package_identification[0m [1;30mLevel 1[0m _identify(src/zed-ros2-examples/tutorials/zed_robot_integration) by extension 'ignore'
[0.417s] [34mcolcon.colcon_core.package_identification[0m [1;30mLevel 1[0m _identify(src/zed-ros2-examples/tutorials/zed_robot_integration) by extension 'ignore_ament_install'
[0.417s] [34mcolcon.colcon_core.package_identification[0m [1;30mLevel 1[0m _identify(src/zed-ros2-examples/tutorials/zed_robot_integration) by extensions ['colcon_pkg']
[0.417s] [34mcolcon.colcon_core.package_identification[0m [1;30mLevel 1[0m _identify(src/zed-ros2-examples/tutorials/zed_robot_integration) by extension 'colcon_pkg'
[0.417s] [34mcolcon.colcon_core.package_identification[0m [1;30mLevel 1[0m _identify(src/zed-ros2-examples/tutorials/zed_robot_integration) by extensions ['colcon_meta']
[0.417s] [34mcolcon.colcon_core.package_identification[0m [1;30mLevel 1[0m _identify(src/zed-ros2-examples/tutorials/zed_robot_integration) by extension 'colcon_meta'
[0.417s] [34mcolcon.colcon_core.package_identification[0m [1;30mLevel 1[0m _identify(src/zed-ros2-examples/tutorials/zed_robot_integration) by extensions ['ros']
[0.417s] [34mcolcon.colcon_core.package_identification[0m [1;30mLevel 1[0m _identify(src/zed-ros2-examples/tutorials/zed_robot_integration) by extension 'ros'
[0.418s] [34mcolcon.colcon_core.package_identification[0m [1;30mDEBUG[0m [32mPackage 'src/zed-ros2-examples/tutorials/zed_robot_integration' with type 'ros.ament_cmake' and name 'zed_robot_integration'[0m
[0.418s] [34mcolcon.colcon_core.package_identification[0m [1;30mLevel 1[0m _identify(src/zed-ros2-examples/tutorials/zed_video_tutorial) by extensions ['ignore', 'ignore_ament_install']
[0.418s] [34mcolcon.colcon_core.package_identification[0m [1;30mLevel 1[0m _identify(src/zed-ros2-examples/tutorials/zed_video_tutorial) by extension 'ignore'
[0.418s] [34mcolcon.colcon_core.package_identification[0m [1;30mLevel 1[0m _identify(src/zed-ros2-examples/tutorials/zed_video_tutorial) by extension 'ignore_ament_install'
[0.418s] [34mcolcon.colcon_core.package_identification[0m [1;30mLevel 1[0m _identify(src/zed-ros2-examples/tutorials/zed_video_tutorial) by extensions ['colcon_pkg']
[0.418s] [34mcolcon.colcon_core.package_identification[0m [1;30mLevel 1[0m _identify(src/zed-ros2-examples/tutorials/zed_video_tutorial) by extension 'colcon_pkg'
[0.418s] [34mcolcon.colcon_core.package_identification[0m [1;30mLevel 1[0m _identify(src/zed-ros2-examples/tutorials/zed_video_tutorial) by extensions ['colcon_meta']
[0.418s] [34mcolcon.colcon_core.package_identification[0m [1;30mLevel 1[0m _identify(src/zed-ros2-examples/tutorials/zed_video_tutorial) by extension 'colcon_meta'
[0.418s] [34mcolcon.colcon_core.package_identification[0m [1;30mLevel 1[0m _identify(src/zed-ros2-examples/tutorials/zed_video_tutorial) by extensions ['ros']
[0.418s] [34mcolcon.colcon_core.package_identification[0m [1;30mLevel 1[0m _identify(src/zed-ros2-examples/tutorials/zed_video_tutorial) by extension 'ros'
[0.418s] [34mcolcon.colcon_core.package_identification[0m [1;30mDEBUG[0m [32mPackage 'src/zed-ros2-examples/tutorials/zed_video_tutorial' with type 'ros.ament_cmake' and name 'zed_tutorial_video'[0m
[0.418s] [34mcolcon.colcon_core.package_identification[0m [1;30mLevel 1[0m _identify(src/zed-ros2-examples/zed_display_foxglove) by extensions ['ignore', 'ignore_ament_install']
[0.419s] [34mcolcon.colcon_core.package_identification[0m [1;30mLevel 1[0m _identify(src/zed-ros2-examples/zed_display_foxglove) by extension 'ignore'
[0.419s] [34mcolcon.colcon_core.package_identification[0m [1;30mLevel 1[0m _identify(src/zed-ros2-examples/zed_display_foxglove) by extension 'ignore_ament_install'
[0.419s] [34mcolcon.colcon_core.package_identification[0m [1;30mLevel 1[0m _identify(src/zed-ros2-examples/zed_display_foxglove) by extensions ['colcon_pkg']
[0.419s] [34mcolcon.colcon_core.package_identification[0m [1;30mLevel 1[0m _identify(src/zed-ros2-examples/zed_display_foxglove) by extension 'colcon_pkg'
[0.419s] [34mcolcon.colcon_core.package_identification[0m [1;30mLevel 1[0m _identify(src/zed-ros2-examples/zed_display_foxglove) by extensions ['colcon_meta']
[0.419s] [34mcolcon.colcon_core.package_identification[0m [1;30mLevel 1[0m _identify(src/zed-ros2-examples/zed_display_foxglove) by extension 'colcon_meta'
[0.419s] [34mcolcon.colcon_core.package_identification[0m [1;30mLevel 1[0m _identify(src/zed-ros2-examples/zed_display_foxglove) by extensions ['ros']
[0.419s] [34mcolcon.colcon_core.package_identification[0m [1;30mLevel 1[0m _identify(src/zed-ros2-examples/zed_display_foxglove) by extension 'ros'
[0.419s] [34mcolcon.colcon_core.package_identification[0m [1;30mLevel 1[0m _identify(src/zed-ros2-examples/zed_display_foxglove) by extensions ['cmake', 'python']
[0.419s] [34mcolcon.colcon_core.package_identification[0m [1;30mLevel 1[0m _identify(src/zed-ros2-examples/zed_display_foxglove) by extension 'cmake'
[0.419s] [34mcolcon.colcon_core.package_identification[0m [1;30mLevel 1[0m _identify(src/zed-ros2-examples/zed_display_foxglove) by extension 'python'
[0.419s] [34mcolcon.colcon_core.package_identification[0m [1;30mLevel 1[0m _identify(src/zed-ros2-examples/zed_display_foxglove) by extensions ['python_setup_py']
[0.419s] [34mcolcon.colcon_core.package_identification[0m [1;30mLevel 1[0m _identify(src/zed-ros2-examples/zed_display_foxglove) by extension 'python_setup_py'
[0.419s] [34mcolcon.colcon_core.package_identification[0m [1;30mLevel 1[0m _identify(src/zed-ros2-examples/zed_display_foxglove/images) by extensions ['ignore', 'ignore_ament_install']
[0.419s] [34mcolcon.colcon_core.package_identification[0m [1;30mLevel 1[0m _identify(src/zed-ros2-examples/zed_display_foxglove/images) by extension 'ignore'
[0.419s] [34mcolcon.colcon_core.package_identification[0m [1;30mLevel 1[0m _identify(src/zed-ros2-examples/zed_display_foxglove/images) by extension 'ignore_ament_install'
[0.419s] [34mcolcon.colcon_core.package_identification[0m [1;30mLevel 1[0m _identify(src/zed-ros2-examples/zed_display_foxglove/images) by extensions ['colcon_pkg']
[0.419s] [34mcolcon.colcon_core.package_identification[0m [1;30mLevel 1[0m _identify(src/zed-ros2-examples/zed_display_foxglove/images) by extension 'colcon_pkg'
[0.419s] [34mcolcon.colcon_core.package_identification[0m [1;30mLevel 1[0m _identify(src/zed-ros2-examples/zed_display_foxglove/images) by extensions ['colcon_meta']
[0.419s] [34mcolcon.colcon_core.package_identification[0m [1;30mLevel 1[0m _identify(src/zed-ros2-examples/zed_display_foxglove/images) by extension 'colcon_meta'
[0.419s] [34mcolcon.colcon_core.package_identification[0m [1;30mLevel 1[0m _identify(src/zed-ros2-examples/zed_display_foxglove/images) by extensions ['ros']
[0.419s] [34mcolcon.colcon_core.package_identification[0m [1;30mLevel 1[0m _identify(src/zed-ros2-examples/zed_display_foxglove/images) by extension 'ros'
[0.419s] [34mcolcon.colcon_core.package_identification[0m [1;30mLevel 1[0m _identify(src/zed-ros2-examples/zed_display_foxglove/images) by extensions ['cmake', 'python']
[0.419s] [34mcolcon.colcon_core.package_identification[0m [1;30mLevel 1[0m _identify(src/zed-ros2-examples/zed_display_foxglove/images) by extension 'cmake'
[0.419s] [34mcolcon.colcon_core.package_identification[0m [1;30mLevel 1[0m _identify(src/zed-ros2-examples/zed_display_foxglove/images) by extension 'python'
[0.419s] [34mcolcon.colcon_core.package_identification[0m [1;30mLevel 1[0m _identify(src/zed-ros2-examples/zed_display_foxglove/images) by extensions ['python_setup_py']
[0.419s] [34mcolcon.colcon_core.package_identification[0m [1;30mLevel 1[0m _identify(src/zed-ros2-examples/zed_display_foxglove/images) by extension 'python_setup_py'
[0.419s] [34mcolcon.colcon_core.package_identification[0m [1;30mLevel 1[0m _identify(src/zed-ros2-examples/zed_display_foxglove/layouts) by extensions ['ignore', 'ignore_ament_install']
[0.419s] [34mcolcon.colcon_core.package_identification[0m [1;30mLevel 1[0m _identify(src/zed-ros2-examples/zed_display_foxglove/layouts) by extension 'ignore'
[0.419s] [34mcolcon.colcon_core.package_identification[0m [1;30mLevel 1[0m _identify(src/zed-ros2-examples/zed_display_foxglove/layouts) by extension 'ignore_ament_install'
[0.419s] [34mcolcon.colcon_core.package_identification[0m [1;30mLevel 1[0m _identify(src/zed-ros2-examples/zed_display_foxglove/layouts) by extensions ['colcon_pkg']
[0.419s] [34mcolcon.colcon_core.package_identification[0m [1;30mLevel 1[0m _identify(src/zed-ros2-examples/zed_display_foxglove/layouts) by extension 'colcon_pkg'
[0.420s] [34mcolcon.colcon_core.package_identification[0m [1;30mLevel 1[0m _identify(src/zed-ros2-examples/zed_display_foxglove/layouts) by extensions ['colcon_meta']
[0.420s] [34mcolcon.colcon_core.package_identification[0m [1;30mLevel 1[0m _identify(src/zed-ros2-examples/zed_display_foxglove/layouts) by extension 'colcon_meta'
[0.420s] [34mcolcon.colcon_core.package_identification[0m [1;30mLevel 1[0m _identify(src/zed-ros2-examples/zed_display_foxglove/layouts) by extensions ['ros']
[0.420s] [34mcolcon.colcon_core.package_identification[0m [1;30mLevel 1[0m _identify(src/zed-ros2-examples/zed_display_foxglove/layouts) by extension 'ros'
[0.420s] [34mcolcon.colcon_core.package_identification[0m [1;30mLevel 1[0m _identify(src/zed-ros2-examples/zed_display_foxglove/layouts) by extensions ['cmake', 'python']
[0.420s] [34mcolcon.colcon_core.package_identification[0m [1;30mLevel 1[0m _identify(src/zed-ros2-examples/zed_display_foxglove/layouts) by extension 'cmake'
[0.420s] [34mcolcon.colcon_core.package_identification[0m [1;30mLevel 1[0m _identify(src/zed-ros2-examples/zed_display_foxglove/layouts) by extension 'python'
[0.420s] [34mcolcon.colcon_core.package_identification[0m [1;30mLevel 1[0m _identify(src/zed-ros2-examples/zed_display_foxglove/layouts) by extensions ['python_setup_py']
[0.420s] [34mcolcon.colcon_core.package_identification[0m [1;30mLevel 1[0m _identify(src/zed-ros2-examples/zed_display_foxglove/layouts) by extension 'python_setup_py'
[0.420s] [34mcolcon.colcon_core.package_identification[0m [1;30mLevel 1[0m _identify(src/zed-ros2-examples/zed_display_rviz2) by extensions ['ignore', 'ignore_ament_install']
[0.420s] [34mcolcon.colcon_core.package_identification[0m [1;30mLevel 1[0m _identify(src/zed-ros2-examples/zed_display_rviz2) by extension 'ignore'
[0.420s] [34mcolcon.colcon_core.package_identification[0m [1;30mLevel 1[0m _identify(src/zed-ros2-examples/zed_display_rviz2) by extension 'ignore_ament_install'
[0.420s] [34mcolcon.colcon_core.package_identification[0m [1;30mLevel 1[0m _identify(src/zed-ros2-examples/zed_display_rviz2) by extensions ['colcon_pkg']
[0.420s] [34mcolcon.colcon_core.package_identification[0m [1;30mLevel 1[0m _identify(src/zed-ros2-examples/zed_display_rviz2) by extension 'colcon_pkg'
[0.420s] [34mcolcon.colcon_core.package_identification[0m [1;30mLevel 1[0m _identify(src/zed-ros2-examples/zed_display_rviz2) by extensions ['colcon_meta']
[0.420s] [34mcolcon.colcon_core.package_identification[0m [1;30mLevel 1[0m _identify(src/zed-ros2-examples/zed_display_rviz2) by extension 'colcon_meta'
[0.420s] [34mcolcon.colcon_core.package_identification[0m [1;30mLevel 1[0m _identify(src/zed-ros2-examples/zed_display_rviz2) by extensions ['ros']
[0.420s] [34mcolcon.colcon_core.package_identification[0m [1;30mLevel 1[0m _identify(src/zed-ros2-examples/zed_display_rviz2) by extension 'ros'
[0.420s] [34mcolcon.colcon_core.package_identification[0m [1;30mDEBUG[0m [32mPackage 'src/zed-ros2-examples/zed_display_rviz2' with type 'ros.ament_cmake' and name 'zed_display_rviz2'[0m
[0.420s] [34mcolcon.colcon_core.package_identification[0m [1;30mLevel 1[0m _identify(src/zed-ros2-wrapper) by extensions ['ignore', 'ignore_ament_install']
[0.420s] [34mcolcon.colcon_core.package_identification[0m [1;30mLevel 1[0m _identify(src/zed-ros2-wrapper) by extension 'ignore'
[0.421s] [34mcolcon.colcon_core.package_identification[0m [1;30mLevel 1[0m _identify(src/zed-ros2-wrapper) by extension 'ignore_ament_install'
[0.421s] [34mcolcon.colcon_core.package_identification[0m [1;30mLevel 1[0m _identify(src/zed-ros2-wrapper) by extensions ['colcon_pkg']
[0.421s] [34mcolcon.colcon_core.package_identification[0m [1;30mLevel 1[0m _identify(src/zed-ros2-wrapper) by extension 'colcon_pkg'
[0.421s] [34mcolcon.colcon_core.package_identification[0m [1;30mLevel 1[0m _identify(src/zed-ros2-wrapper) by extensions ['colcon_meta']
[0.421s] [34mcolcon.colcon_core.package_identification[0m [1;30mLevel 1[0m _identify(src/zed-ros2-wrapper) by extension 'colcon_meta'
[0.421s] [34mcolcon.colcon_core.package_identification[0m [1;30mLevel 1[0m _identify(src/zed-ros2-wrapper) by extensions ['ros']
[0.421s] [34mcolcon.colcon_core.package_identification[0m [1;30mLevel 1[0m _identify(src/zed-ros2-wrapper) by extension 'ros'
[0.421s] [34mcolcon.colcon_core.package_identification[0m [1;30mLevel 1[0m _identify(src/zed-ros2-wrapper) by extensions ['cmake', 'python']
[0.421s] [34mcolcon.colcon_core.package_identification[0m [1;30mLevel 1[0m _identify(src/zed-ros2-wrapper) by extension 'cmake'
[0.421s] [34mcolcon.colcon_core.package_identification[0m [1;30mLevel 1[0m _identify(src/zed-ros2-wrapper) by extension 'python'
[0.421s] [34mcolcon.colcon_core.package_identification[0m [1;30mLevel 1[0m _identify(src/zed-ros2-wrapper) by extensions ['python_setup_py']
[0.421s] [34mcolcon.colcon_core.package_identification[0m [1;30mLevel 1[0m _identify(src/zed-ros2-wrapper) by extension 'python_setup_py'
[0.421s] [34mcolcon.colcon_core.package_identification[0m [1;30mLevel 1[0m _identify(src/zed-ros2-wrapper/docker) by extensions ['ignore', 'ignore_ament_install']
[0.421s] [34mcolcon.colcon_core.package_identification[0m [1;30mLevel 1[0m _identify(src/zed-ros2-wrapper/docker) by extension 'ignore'
[0.421s] [34mcolcon.colcon_core.package_identification[0m [1;30mLevel 1[0m _identify(src/zed-ros2-wrapper/docker) by extension 'ignore_ament_install'
[0.421s] [34mcolcon.colcon_core.package_identification[0m [1;30mLevel 1[0m _identify(src/zed-ros2-wrapper/docker) by extensions ['colcon_pkg']
[0.421s] [34mcolcon.colcon_core.package_identification[0m [1;30mLevel 1[0m _identify(src/zed-ros2-wrapper/docker) by extension 'colcon_pkg'
[0.421s] [34mcolcon.colcon_core.package_identification[0m [1;30mLevel 1[0m _identify(src/zed-ros2-wrapper/docker) by extensions ['colcon_meta']
[0.421s] [34mcolcon.colcon_core.package_identification[0m [1;30mLevel 1[0m _identify(src/zed-ros2-wrapper/docker) by extension 'colcon_meta'
[0.421s] [34mcolcon.colcon_core.package_identification[0m [1;30mLevel 1[0m _identify(src/zed-ros2-wrapper/docker) by extensions ['ros']
[0.421s] [34mcolcon.colcon_core.package_identification[0m [1;30mLevel 1[0m _identify(src/zed-ros2-wrapper/docker) by extension 'ros'
[0.421s] [34mcolcon.colcon_core.package_identification[0m [1;30mLevel 1[0m _identify(src/zed-ros2-wrapper/docker) by extensions ['cmake', 'python']
[0.421s] [34mcolcon.colcon_core.package_identification[0m [1;30mLevel 1[0m _identify(src/zed-ros2-wrapper/docker) by extension 'cmake'
[0.421s] [34mcolcon.colcon_core.package_identification[0m [1;30mLevel 1[0m _identify(src/zed-ros2-wrapper/docker) by extension 'python'
[0.421s] [34mcolcon.colcon_core.package_identification[0m [1;30mLevel 1[0m _identify(src/zed-ros2-wrapper/docker) by extensions ['python_setup_py']
[0.421s] [34mcolcon.colcon_core.package_identification[0m [1;30mLevel 1[0m _identify(src/zed-ros2-wrapper/docker) by extension 'python_setup_py'
[0.421s] [34mcolcon.colcon_core.package_identification[0m [1;30mLevel 1[0m _identify(src/zed-ros2-wrapper/images) by extensions ['ignore', 'ignore_ament_install']
[0.421s] [34mcolcon.colcon_core.package_identification[0m [1;30mLevel 1[0m _identify(src/zed-ros2-wrapper/images) by extension 'ignore'
[0.421s] [34mcolcon.colcon_core.package_identification[0m [1;30mLevel 1[0m _identify(src/zed-ros2-wrapper/images) by extension 'ignore_ament_install'
[0.421s] [34mcolcon.colcon_core.package_identification[0m [1;30mLevel 1[0m _identify(src/zed-ros2-wrapper/images) by extensions ['colcon_pkg']
[0.421s] [34mcolcon.colcon_core.package_identification[0m [1;30mLevel 1[0m _identify(src/zed-ros2-wrapper/images) by extension 'colcon_pkg'
[0.421s] [34mcolcon.colcon_core.package_identification[0m [1;30mLevel 1[0m _identify(src/zed-ros2-wrapper/images) by extensions ['colcon_meta']
[0.421s] [34mcolcon.colcon_core.package_identification[0m [1;30mLevel 1[0m _identify(src/zed-ros2-wrapper/images) by extension 'colcon_meta'
[0.421s] [34mcolcon.colcon_core.package_identification[0m [1;30mLevel 1[0m _identify(src/zed-ros2-wrapper/images) by extensions ['ros']
[0.421s] [34mcolcon.colcon_core.package_identification[0m [1;30mLevel 1[0m _identify(src/zed-ros2-wrapper/images) by extension 'ros'
[0.422s] [34mcolcon.colcon_core.package_identification[0m [1;30mLevel 1[0m _identify(src/zed-ros2-wrapper/images) by extensions ['cmake', 'python']
[0.422s] [34mcolcon.colcon_core.package_identification[0m [1;30mLevel 1[0m _identify(src/zed-ros2-wrapper/images) by extension 'cmake'
[0.422s] [34mcolcon.colcon_core.package_identification[0m [1;30mLevel 1[0m _identify(src/zed-ros2-wrapper/images) by extension 'python'
[0.422s] [34mcolcon.colcon_core.package_identification[0m [1;30mLevel 1[0m _identify(src/zed-ros2-wrapper/images) by extensions ['python_setup_py']
[0.422s] [34mcolcon.colcon_core.package_identification[0m [1;30mLevel 1[0m _identify(src/zed-ros2-wrapper/images) by extension 'python_setup_py'
[0.422s] [34mcolcon.colcon_core.package_identification[0m [1;30mLevel 1[0m _identify(src/zed-ros2-wrapper/zed_components) by extensions ['ignore', 'ignore_ament_install']
[0.422s] [34mcolcon.colcon_core.package_identification[0m [1;30mLevel 1[0m _identify(src/zed-ros2-wrapper/zed_components) by extension 'ignore'
[0.422s] [34mcolcon.colcon_core.package_identification[0m [1;30mLevel 1[0m _identify(src/zed-ros2-wrapper/zed_components) by extension 'ignore_ament_install'
[0.422s] [34mcolcon.colcon_core.package_identification[0m [1;30mLevel 1[0m _identify(src/zed-ros2-wrapper/zed_components) by extensions ['colcon_pkg']
[0.422s] [34mcolcon.colcon_core.package_identification[0m [1;30mLevel 1[0m _identify(src/zed-ros2-wrapper/zed_components) by extension 'colcon_pkg'
[0.422s] [34mcolcon.colcon_core.package_identification[0m [1;30mLevel 1[0m _identify(src/zed-ros2-wrapper/zed_components) by extensions ['colcon_meta']
[0.422s] [34mcolcon.colcon_core.package_identification[0m [1;30mLevel 1[0m _identify(src/zed-ros2-wrapper/zed_components) by extension 'colcon_meta'
[0.422s] [34mcolcon.colcon_core.package_identification[0m [1;30mLevel 1[0m _identify(src/zed-ros2-wrapper/zed_components) by extensions ['ros']
[0.422s] [34mcolcon.colcon_core.package_identification[0m [1;30mLevel 1[0m _identify(src/zed-ros2-wrapper/zed_components) by extension 'ros'
[0.422s] [34mcolcon.colcon_core.package_identification[0m [1;30mDEBUG[0m [32mPackage 'src/zed-ros2-wrapper/zed_components' with type 'ros.ament_cmake' and name 'zed_components'[0m
[0.423s] [34mcolcon.colcon_core.package_identification[0m [1;30mLevel 1[0m _identify(src/zed-ros2-wrapper/zed_ros2) by extensions ['ignore', 'ignore_ament_install']
[0.423s] [34mcolcon.colcon_core.package_identification[0m [1;30mLevel 1[0m _identify(src/zed-ros2-wrapper/zed_ros2) by extension 'ignore'
[0.423s] [34mcolcon.colcon_core.package_identification[0m [1;30mLevel 1[0m _identify(src/zed-ros2-wrapper/zed_ros2) by extension 'ignore_ament_install'
[0.423s] [34mcolcon.colcon_core.package_identification[0m [1;30mLevel 1[0m _identify(src/zed-ros2-wrapper/zed_ros2) by extensions ['colcon_pkg']
[0.423s] [34mcolcon.colcon_core.package_identification[0m [1;30mLevel 1[0m _identify(src/zed-ros2-wrapper/zed_ros2) by extension 'colcon_pkg'
[0.423s] [34mcolcon.colcon_core.package_identification[0m [1;30mLevel 1[0m _identify(src/zed-ros2-wrapper/zed_ros2) by extensions ['colcon_meta']
[0.423s] [34mcolcon.colcon_core.package_identification[0m [1;30mLevel 1[0m _identify(src/zed-ros2-wrapper/zed_ros2) by extension 'colcon_meta'
[0.423s] [34mcolcon.colcon_core.package_identification[0m [1;30mLevel 1[0m _identify(src/zed-ros2-wrapper/zed_ros2) by extensions ['ros']
[0.423s] [34mcolcon.colcon_core.package_identification[0m [1;30mLevel 1[0m _identify(src/zed-ros2-wrapper/zed_ros2) by extension 'ros'
[0.423s] [34mcolcon.colcon_core.package_identification[0m [1;30mDEBUG[0m [32mPackage 'src/zed-ros2-wrapper/zed_ros2' with type 'ros.ament_cmake' and name 'zed_ros2'[0m
[0.423s] [34mcolcon.colcon_core.package_identification[0m [1;30mLevel 1[0m _identify(src/zed-ros2-wrapper/zed_wrapper) by extensions ['ignore', 'ignore_ament_install']
[0.423s] [34mcolcon.colcon_core.package_identification[0m [1;30mLevel 1[0m _identify(src/zed-ros2-wrapper/zed_wrapper) by extension 'ignore'
[0.423s] [34mcolcon.colcon_core.package_identification[0m [1;30mLevel 1[0m _identify(src/zed-ros2-wrapper/zed_wrapper) by extension 'ignore_ament_install'
[0.423s] [34mcolcon.colcon_core.package_identification[0m [1;30mLevel 1[0m _identify(src/zed-ros2-wrapper/zed_wrapper) by extensions ['colcon_pkg']
[0.423s] [34mcolcon.colcon_core.package_identification[0m [1;30mLevel 1[0m _identify(src/zed-ros2-wrapper/zed_wrapper) by extension 'colcon_pkg'
[0.423s] [34mcolcon.colcon_core.package_identification[0m [1;30mLevel 1[0m _identify(src/zed-ros2-wrapper/zed_wrapper) by extensions ['colcon_meta']
[0.423s] [34mcolcon.colcon_core.package_identification[0m [1;30mLevel 1[0m _identify(src/zed-ros2-wrapper/zed_wrapper) by extension 'colcon_meta'
[0.424s] [34mcolcon.colcon_core.package_identification[0m [1;30mLevel 1[0m _identify(src/zed-ros2-wrapper/zed_wrapper) by extensions ['ros']
[0.424s] [34mcolcon.colcon_core.package_identification[0m [1;30mLevel 1[0m _identify(src/zed-ros2-wrapper/zed_wrapper) by extension 'ros'
[0.424s] [34mcolcon.colcon_core.package_identification[0m [1;30mDEBUG[0m [32mPackage 'src/zed-ros2-wrapper/zed_wrapper' with type 'ros.ament_cmake' and name 'zed_wrapper'[0m
[0.424s] [34mcolcon.colcon_core.package_identification[0m [1;30mLevel 1[0m _identify(testing) by extensions ['ignore', 'ignore_ament_install']
[0.424s] [34mcolcon.colcon_core.package_identification[0m [1;30mLevel 1[0m _identify(testing) by extension 'ignore'
[0.424s] [34mcolcon.colcon_core.package_identification[0m [1;30mLevel 1[0m _identify(testing) by extension 'ignore_ament_install'
[0.424s] [34mcolcon.colcon_core.package_identification[0m [1;30mLevel 1[0m _identify(testing) by extensions ['colcon_pkg']
[0.424s] [34mcolcon.colcon_core.package_identification[0m [1;30mLevel 1[0m _identify(testing) by extension 'colcon_pkg'
[0.424s] [34mcolcon.colcon_core.package_identification[0m [1;30mLevel 1[0m _identify(testing) by extensions ['colcon_meta']
[0.424s] [34mcolcon.colcon_core.package_identification[0m [1;30mLevel 1[0m _identify(testing) by extension 'colcon_meta'
[0.424s] [34mcolcon.colcon_core.package_identification[0m [1;30mLevel 1[0m _identify(testing) by extensions ['ros']
[0.424s] [34mcolcon.colcon_core.package_identification[0m [1;30mLevel 1[0m _identify(testing) by extension 'ros'
[0.424s] [34mcolcon.colcon_core.package_identification[0m [1;30mLevel 1[0m _identify(testing) by extensions ['cmake', 'python']
[0.424s] [34mcolcon.colcon_core.package_identification[0m [1;30mLevel 1[0m _identify(testing) by extension 'cmake'
[0.425s] [34mcolcon.colcon_core.package_identification[0m [1;30mLevel 1[0m _identify(testing) by extension 'python'
[0.425s] [34mcolcon.colcon_core.package_identification[0m [1;30mLevel 1[0m _identify(testing) by extensions ['python_setup_py']
[0.425s] [34mcolcon.colcon_core.package_identification[0m [1;30mLevel 1[0m _identify(testing) by extension 'python_setup_py'
[0.425s] [34mcolcon.colcon_core.package_identification[0m [1;30mLevel 1[0m _identify(testing/rosbag2_2026_04_29-15_37_00) by extensions ['ignore', 'ignore_ament_install']
[0.425s] [34mcolcon.colcon_core.package_identification[0m [1;30mLevel 1[0m _identify(testing/rosbag2_2026_04_29-15_37_00) by extension 'ignore'
[0.425s] [34mcolcon.colcon_core.package_identification[0m [1;30mLevel 1[0m _identify(testing/rosbag2_2026_04_29-15_37_00) by extension 'ignore_ament_install'
[0.425s] [34mcolcon.colcon_core.package_identification[0m [1;30mLevel 1[0m _identify(testing/rosbag2_2026_04_29-15_37_00) by extensions ['colcon_pkg']
[0.425s] [34mcolcon.colcon_core.package_identification[0m [1;30mLevel 1[0m _identify(testing/rosbag2_2026_04_29-15_37_00) by extension 'colcon_pkg'
[0.425s] [34mcolcon.colcon_core.package_identification[0m [1;30mLevel 1[0m _identify(testing/rosbag2_2026_04_29-15_37_00) by extensions ['colcon_meta']
[0.425s] [34mcolcon.colcon_core.package_identification[0m [1;30mLevel 1[0m _identify(testing/rosbag2_2026_04_29-15_37_00) by extension 'colcon_meta'
[0.425s] [34mcolcon.colcon_core.package_identification[0m [1;30mLevel 1[0m _identify(testing/rosbag2_2026_04_29-15_37_00) by extensions ['ros']
[0.425s] [34mcolcon.colcon_core.package_identification[0m [1;30mLevel 1[0m _identify(testing/rosbag2_2026_04_29-15_37_00) by extension 'ros'
[0.425s] [34mcolcon.colcon_core.package_identification[0m [1;30mLevel 1[0m _identify(testing/rosbag2_2026_04_29-15_37_00) by extensions ['cmake', 'python']
[0.425s] [34mcolcon.colcon_core.package_identification[0m [1;30mLevel 1[0m _identify(testing/rosbag2_2026_04_29-15_37_00) by extension 'cmake'
[0.425s] [34mcolcon.colcon_core.package_identification[0m [1;30mLevel 1[0m _identify(testing/rosbag2_2026_04_29-15_37_00) by extension 'python'
[0.425s] [34mcolcon.colcon_core.package_identification[0m [1;30mLevel 1[0m _identify(testing/rosbag2_2026_04_29-15_37_00) by extensions ['python_setup_py']
[0.425s] [34mcolcon.colcon_core.package_identification[0m [1;30mLevel 1[0m _identify(testing/rosbag2_2026_04_29-15_37_00) by extension 'python_setup_py'
[0.425s] [34mcolcon.colcon_core.package_identification[0m [1;30mLevel 1[0m _identify(testing/rosbag2_2026_04_29-15_40_41) by extensions ['ignore', 'ignore_ament_install']
[0.425s] [34mcolcon.colcon_core.package_identification[0m [1;30mLevel 1[0m _identify(testing/rosbag2_2026_04_29-15_40_41) by extension 'ignore'
[0.425s] [34mcolcon.colcon_core.package_identification[0m [1;30mLevel 1[0m _identify(testing/rosbag2_2026_04_29-15_40_41) by extension 'ignore_ament_install'
[0.425s] [34mcolcon.colcon_core.package_identification[0m [1;30mLevel 1[0m _identify(testing/rosbag2_2026_04_29-15_40_41) by extensions ['colcon_pkg']
[0.425s] [34mcolcon.colcon_core.package_identification[0m [1;30mLevel 1[0m _identify(testing/rosbag2_2026_04_29-15_40_41) by extension 'colcon_pkg'
[0.425s] [34mcolcon.colcon_core.package_identification[0m [1;30mLevel 1[0m _identify(testing/rosbag2_2026_04_29-15_40_41) by extensions ['colcon_meta']
[0.425s] [34mcolcon.colcon_core.package_identification[0m [1;30mLevel 1[0m _identify(testing/rosbag2_2026_04_29-15_40_41) by extension 'colcon_meta'
[0.425s] [34mcolcon.colcon_core.package_identification[0m [1;30mLevel 1[0m _identify(testing/rosbag2_2026_04_29-15_40_41) by extensions ['ros']
[0.425s] [34mcolcon.colcon_core.package_identification[0m [1;30mLevel 1[0m _identify(testing/rosbag2_2026_04_29-15_40_41) by extension 'ros'
[0.425s] [34mcolcon.colcon_core.package_identification[0m [1;30mLevel 1[0m _identify(testing/rosbag2_2026_04_29-15_40_41) by extensions ['cmake', 'python']
[0.425s] [34mcolcon.colcon_core.package_identification[0m [1;30mLevel 1[0m _identify(testing/rosbag2_2026_04_29-15_40_41) by extension 'cmake'
[0.425s] [34mcolcon.colcon_core.package_identification[0m [1;30mLevel 1[0m _identify(testing/rosbag2_2026_04_29-15_40_41) by extension 'python'
[0.425s] [34mcolcon.colcon_core.package_identification[0m [1;30mLevel 1[0m _identify(testing/rosbag2_2026_04_29-15_40_41) by extensions ['python_setup_py']
[0.425s] [34mcolcon.colcon_core.package_identification[0m [1;30mLevel 1[0m _identify(testing/rosbag2_2026_04_29-15_40_41) by extension 'python_setup_py'
[0.425s] [34mcolcon.colcon_core.package_discovery[0m [1;30mLevel 1[0m discover_packages(recursive) using defaults
[0.426s] [34mcolcon.colcon_core.package_discovery[0m [1;30mLevel 1[0m discover_packages(ignore) discover
[0.426s] [34mcolcon.colcon_core.package_discovery[0m [1;30mLevel 1[0m discover_packages(ignore) using defaults
[0.426s] [34mcolcon.colcon_core.package_discovery[0m [1;30mLevel 1[0m discover_packages(path) discover
[0.426s] [34mcolcon.colcon_core.package_discovery[0m [1;30mLevel 1[0m discover_packages(path) using defaults
[0.443s] [34mcolcon.colcon_core.package_selection[0m [1;30mINFO[0m Skipping not selected package 'asurt_msgs' in 'src/asurt_msgs'
[0.443s] [34mcolcon.colcon_core.package_selection[0m [1;30mINFO[0m Skipping not selected package 'rviz_plugin_zed_od' in 'src/zed-ros2-examples/rviz-plugin-zed-od'
[0.443s] [34mcolcon.colcon_core.package_selection[0m [1;30mINFO[0m Skipping not selected package 'zed_components' in 'src/zed-ros2-wrapper/zed_components'
[0.443s] [34mcolcon.colcon_core.package_selection[0m [1;30mINFO[0m Skipping not selected package 'zed_topic_benchmark_interfaces' in 'src/zed-ros2-examples/tools/zed_benchmark_interfaces'
[0.443s] [34mcolcon.colcon_core.package_selection[0m [1;30mINFO[0m Skipping not selected package 'zed_tutorial_depth' in 'src/zed-ros2-examples/tutorials/zed_depth_tutorial'
[0.443s] [34mcolcon.colcon_core.package_selection[0m [1;30mINFO[0m Skipping not selected package 'zed_tutorial_pos_tracking' in 'src/zed-ros2-examples/tutorials/zed_pose_tutorial'
[0.443s] [34mcolcon.colcon_core.package_selection[0m [1;30mINFO[0m Skipping not selected package 'zed_tutorial_video' in 'src/zed-ros2-examples/tutorials/zed_video_tutorial'
[0.443s] [34mcolcon.colcon_core.package_selection[0m [1;30mINFO[0m Skipping not selected package 'logging_system' in 'src/logging_system'
[0.443s] [34mcolcon.colcon_core.package_selection[0m [1;30mINFO[0m Skipping not selected package 'tf_helper' in 'src/tf_helper'
[0.443s] [34mcolcon.colcon_core.package_selection[0m [1;30mINFO[0m Skipping not selected package 'zed_aruco_localization' in 'src/zed-ros2-examples/examples/zed_aruco_localization'
[0.443s] [34mcolcon.colcon_core.package_selection[0m [1;30mINFO[0m Skipping not selected package 'zed_isaac_ros_nitros_sub' in 'src/zed-ros2-examples/isaac_ros/zed_isaac_ros_nitros_sub'
[0.443s] [34mcolcon.colcon_core.package_selection[0m [1;30mINFO[0m Skipping not selected package 'zed_rgb_convert' in 'src/zed-ros2-examples/tutorials/zed_rgb_convert'
[0.443s] [34mcolcon.colcon_core.package_selection[0m [1;30mINFO[0m Skipping not selected package 'zed_topic_benchmark_component' in 'src/zed-ros2-examples/tools/zed_benchmark_component'
[0.443s] [34mcolcon.colcon_core.package_selection[0m [1;30mINFO[0m Skipping not selected package 'zed_wrapper' in 'src/zed-ros2-wrapper/zed_wrapper'
[0.443s] [34mcolcon.colcon_core.package_selection[0m [1;30mINFO[0m Skipping not selected package 'planning_centerline_calc' in 'src/planning_centerline_calc_MIX'
[0.443s] [34mcolcon.colcon_core.package_selection[0m [1;30mINFO[0m Skipping not selected package 'planning_deep_learning' in 'src/planning_deep_learning'
[0.443s] [34mcolcon.colcon_core.package_selection[0m [1;30mINFO[0m Skipping not selected package 'zed_depth_to_laserscan' in 'src/zed-ros2-examples/examples/zed_depth_to_laserscan'
[0.443s] [34mcolcon.colcon_core.package_selection[0m [1;30mINFO[0m Skipping not selected package 'zed_display_rviz2' in 'src/zed-ros2-examples/zed_display_rviz2'
[0.443s] [34mcolcon.colcon_core.package_selection[0m [1;30mINFO[0m Skipping not selected package 'zed_isaac_ros_april_tag' in 'src/zed-ros2-examples/isaac_ros/zed_isaac_ros_april_tag'
[0.443s] [34mcolcon.colcon_core.package_selection[0m [1;30mINFO[0m Skipping not selected package 'zed_isaac_ros_multi_camera' in 'src/zed-ros2-examples/isaac_ros/zed_isaac_ros_multi_camera'
[0.443s] [34mcolcon.colcon_core.package_selection[0m [1;30mINFO[0m Skipping not selected package 'zed_multi_camera' in 'src/zed-ros2-examples/tutorials/zed_multi_camera'
[0.443s] [34mcolcon.colcon_core.package_selection[0m [1;30mINFO[0m Skipping not selected package 'zed_robot_integration' in 'src/zed-ros2-examples/tutorials/zed_robot_integration'
[0.443s] [34mcolcon.colcon_core.package_selection[0m [1;30mINFO[0m Skipping not selected package 'zed_ros2' in 'src/zed-ros2-wrapper/zed_ros2'
[0.443s] [34mcolcon.colcon_core.package_selection[0m [1;30mINFO[0m Skipping not selected package 'zed_topic_benchmark' in 'src/zed-ros2-examples/tools/zed_benchmark'
[0.443s] [34mcolcon.colcon_core.package_selection[0m [1;30mINFO[0m Skipping not selected package 'zed_ipc' in 'src/zed-ros2-examples/tutorials/zed_ipc'
[0.444s] [34mcolcon.colcon_core.package_discovery[0m [1;30mLevel 1[0m discover_packages(prefix_path) check parameters
[0.444s] [34mcolcon.colcon_core.package_discovery[0m [1;30mLevel 1[0m discover_packages(prefix_path) discover
[0.446s] [34mcolcon.colcon_installed_package_information.package_discovery[0m [1;30mDEBUG[0m [32mFound 6 installed packages in /home/ayasx9/FSAI26/perception_deep_logging/ros2_ws/install[0m
[0.446s] [34mcolcon.colcon_installed_package_information.package_discovery[0m [1;30mDEBUG[0m [32mFound 2 installed packages in /home/ayasx9/arl_workshop/turtle_proj1/install[0m
[0.447s] [34mcolcon.colcon_installed_package_information.package_discovery[0m [1;30mDEBUG[0m [32mFound 1 installed packages in /home/ayasx9/ros2_proj1/install[0m
[0.447s] [34mcolcon.colcon_installed_package_information.package_discovery[0m [1;30mDEBUG[0m [32mFound 270 installed packages in /opt/ros/humble[0m
[0.448s] [34mcolcon.colcon_core.package_discovery[0m [1;30mLevel 1[0m discover_packages(prefix_path) using defaults
[0.467s] [34mcolcon.colcon_core.verb[0m [1;30mLevel 5[0m set package 'perception_zed_pkg' build argument 'cmake_args' from command line to 'None'
[0.467s] [34mcolcon.colcon_core.verb[0m [1;30mLevel 5[0m set package 'perception_zed_pkg' build argument 'cmake_target' from command line to 'None'
[0.468s] [34mcolcon.colcon_core.verb[0m [1;30mLevel 5[0m set package 'perception_zed_pkg' build argument 'cmake_target_skip_unavailable' from command line to 'False'
[0.468s] [34mcolcon.colcon_core.verb[0m [1;30mLevel 5[0m set package 'perception_zed_pkg' build argument 'cmake_clean_cache' from command line to 'False'
[0.468s] [34mcolcon.colcon_core.verb[0m [1;30mLevel 5[0m set package 'perception_zed_pkg' build argument 'cmake_clean_first' from command line to 'False'
[0.468s] [34mcolcon.colcon_core.verb[0m [1;30mLevel 5[0m set package 'perception_zed_pkg' build argument 'cmake_force_configure' from command line to 'False'
[0.468s] [34mcolcon.colcon_core.verb[0m [1;30mLevel 5[0m set package 'perception_zed_pkg' build argument 'ament_cmake_args' from command line to 'None'
[0.468s] [34mcolcon.colcon_core.verb[0m [1;30mLevel 5[0m set package 'perception_zed_pkg' build argument 'catkin_cmake_args' from command line to 'None'
[0.468s] [34mcolcon.colcon_core.verb[0m [1;30mLevel 5[0m set package 'perception_zed_pkg' build argument 'catkin_skip_building_tests' from command line to 'False'
[0.468s] [34mcolcon.colcon_core.verb[0m [1;30mDEBUG[0m [32mBuilding package 'perception_zed_pkg' with the following arguments: {'ament_cmake_args': None, 'build_base': '/home/ayasx9/FSAI26/perception_deep_logging/ros2_ws/build/perception_zed_pkg', 'catkin_cmake_args': None, 'catkin_skip_building_tests': False, 'cmake_args': None, 'cmake_clean_cache': False, 'cmake_clean_first': False, 'cmake_force_configure': False, 'cmake_target': None, 'cmake_target_skip_unavailable': False, 'install_base': '/home/ayasx9/FSAI26/perception_deep_logging/ros2_ws/install/perception_zed_pkg', 'merge_install': False, 'path': '/home/ayasx9/FSAI26/perception_deep_logging/ros2_ws/src/perception_zed_pkg', 'symlink_install': True, 'test_result_base': None}[0m
[0.468s] [34mcolcon.colcon_core.executor[0m [1;30mINFO[0m Executing jobs using 'parallel' executor
[0.468s] [34mcolcon.colcon_parallel_executor.executor.parallel[0m [1;30mDEBUG[0m [32mrun_until_complete[0m
[0.469s] [34mcolcon.colcon_ros.task.ament_python.build[0m [1;30mINFO[0m Building ROS package in '/home/ayasx9/FSAI26/perception_deep_logging/ros2_ws/src/perception_zed_pkg' with build type 'ament_python'
[0.469s] [34mcolcon.colcon_core.shell[0m [1;30mLevel 1[0m create_environment_hook('perception_zed_pkg', 'ament_prefix_path')
[0.473s] [34mcolcon.colcon_core.plugin_system[0m [1;30mINFO[0m Skipping extension 'colcon_core.shell.bat': Not used on non-Windows systems
[0.473s] [34mcolcon.colcon_core.shell[0m [1;30mINFO[0m Creating environment hook '/home/ayasx9/FSAI26/perception_deep_logging/ros2_ws/install/perception_zed_pkg/share/perception_zed_pkg/hook/ament_prefix_path.ps1'
[0.474s] [34mcolcon.colcon_core.shell[0m [1;30mINFO[0m Creating environment descriptor '/home/ayasx9/FSAI26/perception_deep_logging/ros2_ws/install/perception_zed_pkg/share/perception_zed_pkg/hook/ament_prefix_path.dsv'
[0.475s] [34mcolcon.colcon_core.shell[0m [1;30mINFO[0m Creating environment hook '/home/ayasx9/FSAI26/perception_deep_logging/ros2_ws/install/perception_zed_pkg/share/perception_zed_pkg/hook/ament_prefix_path.sh'
[0.475s] [34mcolcon.colcon_core.shell[0m [1;30mINFO[0m Skip shell extension 'powershell' for command environment: Not usable outside of PowerShell
[0.475s] [34mcolcon.colcon_core.shell[0m [1;30mDEBUG[0m [32mSkip shell extension 'dsv' for command environment[0m
[0.623s] [34mcolcon.colcon_core.task.python.build[0m [1;30mINFO[0m Building Python package in '/home/ayasx9/FSAI26/perception_deep_logging/ros2_ws/src/perception_zed_pkg'
[0.624s] [34mcolcon.colcon_core.shell[0m [1;30mINFO[0m Skip shell extension 'powershell' for command environment: Not usable outside of PowerShell
[0.624s] [34mcolcon.colcon_core.shell[0m [1;30mDEBUG[0m [32mSkip shell extension 'dsv' for command environment[0m
[0.945s] [34mcolcon.colcon_core.event_handler.log_command[0m [1;30mDEBUG[0m [32mInvoking command in '/home/ayasx9/FSAI26/perception_deep_logging/ros2_ws/build/perception_zed_pkg': PYTHONPATH=/home/ayasx9/FSAI26/perception_deep_logging/ros2_ws/build/perception_zed_pkg/prefix_override:/usr/lib/python3/dist-packages/colcon_core/task/python/colcon_distutils_commands:/home/ayasx9/FSAI26/perception_deep_logging/ros2_ws/install/perception_zed_pkg/lib/python3.10/site-packages:${PYTHONPATH} /usr/bin/python3 -W ignore:setup.py install is deprecated -W ignore:easy_install command is deprecated setup.py develop --editable --build-directory /home/ayasx9/FSAI26/perception_deep_logging/ros2_ws/build/perception_zed_pkg/build --no-deps symlink_data[0m
[1.243s] [34mcolcon.colcon_core.shell[0m [1;30mLevel 1[0m create_environment_hook('perception_zed_pkg', 'pythonpath_develop')
[1.243s] [34mcolcon.colcon_core.shell[0m [1;30mINFO[0m Creating environment hook '/home/ayasx9/FSAI26/perception_deep_logging/ros2_ws/build/perception_zed_pkg/share/perception_zed_pkg/hook/pythonpath_develop.ps1'
[1.243s] [34mcolcon.colcon_core.event_handler.log_command[0m [1;30mDEBUG[0m [32mInvoked command in '/home/ayasx9/FSAI26/perception_deep_logging/ros2_ws/build/perception_zed_pkg' returned '0': PYTHONPATH=/home/ayasx9/FSAI26/perception_deep_logging/ros2_ws/build/perception_zed_pkg/prefix_override:/usr/lib/python3/dist-packages/colcon_core/task/python/colcon_distutils_commands:/home/ayasx9/FSAI26/perception_deep_logging/ros2_ws/install/perception_zed_pkg/lib/python3.10/site-packages:${PYTHONPATH} /usr/bin/python3 -W ignore:setup.py install is deprecated -W ignore:easy_install command is deprecated setup.py develop --editable --build-directory /home/ayasx9/FSAI26/perception_deep_logging/ros2_ws/build/perception_zed_pkg/build --no-deps symlink_data[0m
[1.244s] [34mcolcon.colcon_core.shell[0m [1;30mINFO[0m Creating environment descriptor '/home/ayasx9/FSAI26/perception_deep_logging/ros2_ws/build/perception_zed_pkg/share/perception_zed_pkg/hook/pythonpath_develop.dsv'
[1.244s] [34mcolcon.colcon_core.shell[0m [1;30mINFO[0m Creating environment hook '/home/ayasx9/FSAI26/perception_deep_logging/ros2_ws/build/perception_zed_pkg/share/perception_zed_pkg/hook/pythonpath_develop.sh'
[1.248s] [34mcolcon.colcon_core.environment[0m [1;30mLevel 1[0m checking '/home/ayasx9/FSAI26/perception_deep_logging/ros2_ws/install/perception_zed_pkg' for CMake module files
[1.248s] [34mcolcon.colcon_core.environment[0m [1;30mLevel 1[0m checking '/home/ayasx9/FSAI26/perception_deep_logging/ros2_ws/install/perception_zed_pkg' for CMake config files
[1.248s] [34mcolcon.colcon_core.environment[0m [1;30mLevel 1[0m checking '/home/ayasx9/FSAI26/perception_deep_logging/ros2_ws/install/perception_zed_pkg/lib'
[1.248s] [34mcolcon.colcon_core.environment[0m [1;30mLevel 1[0m checking '/home/ayasx9/FSAI26/perception_deep_logging/ros2_ws/install/perception_zed_pkg/bin'
[1.248s] [34mcolcon.colcon_core.environment[0m [1;30mLevel 1[0m checking '/home/ayasx9/FSAI26/perception_deep_logging/ros2_ws/install/perception_zed_pkg/lib/pkgconfig/perception_zed_pkg.pc'
[1.249s] [34mcolcon.colcon_core.environment[0m [1;30mLevel 1[0m checking '/home/ayasx9/FSAI26/perception_deep_logging/ros2_ws/install/perception_zed_pkg/lib/python3.10/site-packages'
[1.249s] [34mcolcon.colcon_core.shell[0m [1;30mLevel 1[0m create_environment_hook('perception_zed_pkg', 'pythonpath')
[1.249s] [34mcolcon.colcon_core.shell[0m [1;30mINFO[0m Creating environment hook '/home/ayasx9/FSAI26/perception_deep_logging/ros2_ws/install/perception_zed_pkg/share/perception_zed_pkg/hook/pythonpath.ps1'
[1.249s] [34mcolcon.colcon_core.shell[0m [1;30mINFO[0m Creating environment descriptor '/home/ayasx9/FSAI26/perception_deep_logging/ros2_ws/install/perception_zed_pkg/share/perception_zed_pkg/hook/pythonpath.dsv'
[1.249s] [34mcolcon.colcon_core.shell[0m [1;30mINFO[0m Creating environment hook '/home/ayasx9/FSAI26/perception_deep_logging/ros2_ws/install/perception_zed_pkg/share/perception_zed_pkg/hook/pythonpath.sh'
[1.250s] [34mcolcon.colcon_core.environment[0m [1;30mLevel 1[0m checking '/home/ayasx9/FSAI26/perception_deep_logging/ros2_ws/install/perception_zed_pkg/bin'
[1.250s] [34mcolcon.colcon_core.environment[0m [1;30mLevel 1[0m create_environment_scripts_only(perception_zed_pkg)
[1.250s] [34mcolcon.colcon_core.shell[0m [1;30mINFO[0m Creating package script '/home/ayasx9/FSAI26/perception_deep_logging/ros2_ws/install/perception_zed_pkg/share/perception_zed_pkg/package.ps1'
[1.251s] [34mcolcon.colcon_core.shell[0m [1;30mINFO[0m Creating package descriptor '/home/ayasx9/FSAI26/perception_deep_logging/ros2_ws/install/perception_zed_pkg/share/perception_zed_pkg/package.dsv'
[1.251s] [34mcolcon.colcon_core.shell[0m [1;30mINFO[0m Creating package script '/home/ayasx9/FSAI26/perception_deep_logging/ros2_ws/install/perception_zed_pkg/share/perception_zed_pkg/package.sh'
[1.252s] [34mcolcon.colcon_core.shell[0m [1;30mINFO[0m Creating package script '/home/ayasx9/FSAI26/perception_deep_logging/ros2_ws/install/perception_zed_pkg/share/perception_zed_pkg/package.bash'
[1.252s] [34mcolcon.colcon_core.shell[0m [1;30mINFO[0m Creating package script '/home/ayasx9/FSAI26/perception_deep_logging/ros2_ws/install/perception_zed_pkg/share/perception_zed_pkg/package.zsh'
[1.253s] [34mcolcon.colcon_core.environment[0m [1;30mLevel 1[0m create_file_with_runtime_dependencies(/home/ayasx9/FSAI26/perception_deep_logging/ros2_ws/install/perception_zed_pkg/share/colcon-core/packages/perception_zed_pkg)
[1.253s] [34mcolcon.colcon_parallel_executor.executor.parallel[0m [1;30mDEBUG[0m [32mclosing loop[0m
[1.253s] [34mcolcon.colcon_parallel_executor.executor.parallel[0m [1;30mDEBUG[0m [32mloop closed[0m
[1.254s] [34mcolcon.colcon_parallel_executor.executor.parallel[0m [1;30mDEBUG[0m [32mrun_until_complete finished with '0'[0m
[1.254s] [34mcolcon.colcon_core.event_reactor[0m [1;30mDEBUG[0m [32mjoining thread[0m
[1.360s] [34mcolcon.colcon_core.plugin_system[0m [1;30mINFO[0m Skipping extension 'colcon_notification.desktop_notification.notify_send': Could not find 'notify-send'
[1.360s] [34mcolcon.colcon_core.plugin_system[0m [1;30mINFO[0m Skipping extension 'colcon_notification.desktop_notification.terminal_notifier': Not used on non-Darwin systems
[1.361s] [34mcolcon.colcon_core.plugin_system[0m [1;30mINFO[0m Skipping extension 'colcon_notification.desktop_notification.win32': Not used on non-Windows systems
[1.361s] [34mcolcon.colcon_notification.desktop_notification[0m [1;30mINFO[0m Sending desktop notification using 'notify2'
[1.363s] [34mcolcon.colcon_notification.desktop_notification.notify2[0m [1;30mDEBUG[0m [32mFailed to initialize notify2: org.freedesktop.DBus.Error.ServiceUnknown: The name org.freedesktop.Notifications was not provided by any .service files[0m
[1.363s] [34mcolcon.colcon_core.event_reactor[0m [1;30mDEBUG[0m [32mjoined thread[0m
[1.363s] [34mcolcon.colcon_core.shell[0m [1;30mINFO[0m Creating prefix script '/home/ayasx9/FSAI26/perception_deep_logging/ros2_ws/install/local_setup.ps1'
[1.365s] [34mcolcon.colcon_core.shell[0m [1;30mINFO[0m Creating prefix util module '/home/ayasx9/FSAI26/perception_deep_logging/ros2_ws/install/_local_setup_util_ps1.py'
[1.367s] [34mcolcon.colcon_core.shell[0m [1;30mINFO[0m Creating prefix chain script '/home/ayasx9/FSAI26/perception_deep_logging/ros2_ws/install/setup.ps1'
[1.368s] [34mcolcon.colcon_core.shell[0m [1;30mINFO[0m Creating prefix script '/home/ayasx9/FSAI26/perception_deep_logging/ros2_ws/install/local_setup.sh'
[1.369s] [34mcolcon.colcon_core.shell[0m [1;30mINFO[0m Creating prefix util module '/home/ayasx9/FSAI26/perception_deep_logging/ros2_ws/install/_local_setup_util_sh.py'
[1.369s] [34mcolcon.colcon_core.shell[0m [1;30mINFO[0m Creating prefix chain script '/home/ayasx9/FSAI26/perception_deep_logging/ros2_ws/install/setup.sh'
[1.371s] [34mcolcon.colcon_core.shell[0m [1;30mINFO[0m Creating prefix script '/home/ayasx9/FSAI26/perception_deep_logging/ros2_ws/install/local_setup.bash'
[1.371s] [34mcolcon.colcon_core.shell[0m [1;30mINFO[0m Creating prefix chain script '/home/ayasx9/FSAI26/perception_deep_logging/ros2_ws/install/setup.bash'
[1.372s] [34mcolcon.colcon_core.shell[0m [1;30mINFO[0m Creating prefix script '/home/ayasx9/FSAI26/perception_deep_logging/ros2_ws/install/local_setup.zsh'
[1.373s] [34mcolcon.colcon_core.shell[0m [1;30mINFO[0m Creating prefix chain script '/home/ayasx9/FSAI26/perception_deep_logging/ros2_ws/install/setup.zsh'
